page,eng,twi
10,a fishing net,àsaù
10,a dance,asaú
10,to write,kyerẹu
10,to tear,tẹu
10,to pursue,tiu
10,politeness,opou
10,sesaw,sesa
10,fotow,foto
10,susuw,susu
10,ahõsepew,ahõsepe
10,titiriw,titiri
10,to dance,sau
10,to plant,tẹu
10,to tear,tẽu
10,to polish,pou (hõ)
10,to throw,tõ ky.
10,to bear fruit,sõ (aba)
11,oil,ṅuo
11,a name,ediṅ
11,a road,okwaṅ
11,a toucan,oṅwám
11,a slave,onyǎ
11,a hat,ekyẹ
11,a shady tree,gyedua
11,the order,òhyé
11,the border,ohyé
11,a meeting,úhyiam
11,the world,eẇiase
11,the shade,oṅẇini
11,the name of the second capital of Asante,Dwabin
11,the name of the second capital of Asante,Juabin
11,the name of the second capital of Asante,Dẇabéṅ
13,Asen,Asen
13,Akyem,Akyém
13,Akuapem,Akuapém
13,Akwam,Akwàm
13,Akwamu,Akwàmú
13,Fante,Fànté
13,Akan,Akán
13,Elmina,Edĕnă
13,Cape Coast,Eguã
13,Cape Coast,Oguã
13,Anamaboe,Qnōmăbó
13,Abora,A'bórà
13,Akumfi,Akūmfí
13,Agyimako,Agyímakõ
13,Gomoa,Gomõá
13,Agona,Agonã
13,Denkyira,Dánkyira
13,Tshiforo,Tshu-foro
13,Tofel,Tofel
13,Wasa,Wasá
13,Ahanta,Ahanta
13,Twi,Twi
13,Tshi,Tshi
13,Asante,Asante
13,Apa,Apá
13,Simpa,Simpã
13,Sanya,Sãnyã
13,Apam,Apam
13,Winnebah,Winnebah
13,Seniah,Seniah
13,Date,Date
13,Kyerepong,Kyerepong
14,that tree,dua no
14,a tree,dua bi
14,some tree,dua bi
14,a true witness,nokware dansefo
14,trustworthy,onokwafo
15,tell,kã..kyerɛ
15,try,kã..fwɛ
15,try,sọ..fwɛ
15,sympathise,hũ mã..
15,sympathise,te mã..
15,lengthen,mã..kyɛ
15,lengthen,mã..ware
15,tremble,hõ popo
15,covet,ani bere
15,covet,kọn dọ
15,chastise,kã anim
15,chastise,twẽ asõ
15,chastise,tua ka
15,check,siu kwan
15,check,siu ano
15,check,bɛre ano ase
16,he never goes there,óŋkó ho da
16,he leaps over a ditch,ohuru tra ọkã
16,he lives in the bush,ote wuram'
16,he goes into the bush,oko wuram'
16,he flees into the bush,oguãn ko wuram'
16,he goes from the ship into a boat,ofi hyén mu si bonto mu
17,snare,afiri
17,serve,sõm
17,faint,tọ piti
17,bata,di
17,to be healthy,hõ ye
17,to be valuable,nea ehõ ye nã
18,The Holy Bible,Anyamesɛm
18,The Holy Bible,Kyerɛw Kronkron
18,The New Testament,Apãmfoforo
18,A Dictionary English-Tshi (Asante),
18,Dr. Barth's Bible Stories,Anyamesɛm mu Abasɛm
18,Bible Stories for Little Children,Anyamesɛm mu nsɛmma mã mmótafowa
18,Liturgy and Hymns,Asɔre nè Nùwom
18,Tunes to the Hymnbook,
18,"Catechism, Bible Passages and Prayers",Asũasɛm nè Asɔresɛm
18,The Doctrines of Christian Religion,Kristofo Nyamesom hɔ Kyerɛ
19,Standard Reading Books for Vernacular Schools,Twi Keṅkaṅ Ṅhōma
19,A Grammar of the Tshi (Asante) and Fante Language,
19,A Short Handbook of Bible Knowledge,Anyamesem mu Kwaṅkyerefo
19,Pilgrim's Progress,Kristoni Akwantu
19,Man's Heart,Onipa Kōma
19,Stories from General History,Wiase Abasem
19,Traveller's Companion,Okwantufo Hōkāfo
19,Tshi Proverbs,3680 Mmebusem
19,Rules of the Basel Mission Churches on the Goldcoast,Basel Asempaterefo-asafo Amammuisem
19,A Dictionary of the Asante and Fante Language called Tshi,
19,Hymnbook with Tunes for Abstainers,Anidaho-Ṅṅwom
19,"Christian Messenger, a monthly paper in the Tshi Language",
20,biribi,brb.
20,something,s. th.
20,anase,a.s.
20,or,or
20,nè ade,n.a.
20,etc.,etc.
21,A,bi
21,A,biakõ
21,aback,akyiri
21,abandon,gyae
21,abandon,gyau
21,abandon,gyã mu
21,abandon,pa
21,abandon,yi..mã
21,abandon,gyã .kyene
21,abase,bĕre ase
21,abase,boto
21,abash,gu anim ase
21,abash,hye aniwu
21,abash,kum aniwu
21,abash,fere
21,abash,ani wu
21,abate,te..so
21,abate,hũaṅ so
21,abate,mã ebo so hũaṅ
21,abate,dwo
21,abate,gyae
21,abate,..so twĕ
21,abbey,ṅkokoradaṅ
21,abbey,ṅkokora-asoredaṅ
21,abbreviate,twa so
21,abbreviate,-tiã
21,abdicate,gyae
21,abdicate,gyae di
21,abdicate,akyidi
21,abdicate,tu nehõ so
21,abdomen,ayaase
21,abdomen,yam
21,abdomen,yafu-nu(m)
21,abduce,tew (ko)
21,abduce,twĕ..ko
21,aberrant,fõm (kwaṅ)
21,aberrant,fi..kyini
21,abet,pĩa
21,abet,hye deṅ
21,abet,hye ṅkuraṅ
21,abhor,kyi (kokõko)
21,abhor,taṅ
21,abhor,kyi anim
21,abhorrence,okyi
21,abhorrence,otãṅ
21,abhorrent,nea wokyi
21,abhorrent,akyide
21,abhorrent,wohyira(no) ànó pà
21,abide,trã
21,abide,te
21,abide,gyina mu
21,abide,kura mu
21,abide,di akyiri
21,ability,tumi
21,ability,nyansã
21,ability,nimdee
21,ability,tipa
21,ability,adwempa
21,abject,huhu
21,abject,ohuhuni
21,abject,funu
21,abject,mfra
21,abjection,ahuhusem
21,abjection,akoabaṅ
21,abjection,obĕre a woabĕre obi ase
21,abjure,dentaṅkãpa
21,abjure,gyae
21,abjure,gyau
21,abjure,wae
21,able,tumi
21,able,nsa sõ (so)
21,able,wo ahõgdeṅ
21,able,hõ ye deṅ
21,able,nim (yo)
21,ableness,tumi
21,ableness,ahõgdeṅ
21,ablution,odwira
21,ablution,ahõdwira
21,ablution,aguare
21,ablution,hohoro
21,abnegate,saṅ
21,abnegate,pa akyiri
21,abnegation,ahõpakyi
21,abnegation,òpó
21,abnegation,odaṅtoho
21,abnegation,ahõtuso
21,aboard,ehyeṅ mu
21,abode,trãbere
21,abode,trãbea
21,abode,F. tĕnãbew
21,abode,ofi
21,abode,odaṅ
21,abode,otũ
21,abode,dabere
21,abode,dabe
21,abolish,gu
21,abolish,tue (mmãra)
21,abolish,mã ..ye kwa
21,abolition,ogu
21,abolition,obãra
21,abolition,(mmãra)tue
21,abominable,tantaṅ
21,abominable,(nea) ehõ ye taṅ
21,abominable,ehõ ye ṅwini
21,abominable,wokyi
22,abominate,kyi
22,abominate,taṅ
22,abomination,atantanne
22,abomination,akyide
22,abomination,abusudé
22,aboriginal,tetede
22,aboriginal,adekaṅ
22,abortion,opoṅ
22,abort,poṅ
22,abound,do
22,abound,dōsō
22,abound,boro so
22,abound,buso
22,abound,ka
22,abound,tā
22,about,ehō
22,about,beṅ
22,about,ebeye(se)
22,about,bābi (beabi)
22,about,mmeammea
22,about,mmā or afā ṅhĩnā
22,about,twa hō hyia
22,about,bo hō dantabaṅ
22,above,(e)so
22,above,osoro
22,above,atifĩ
22,above,(e)ti so
22,above,akyiri
22,above,kyeṅ
22,above,boro
22,above,ebram so
22,above,mmramso
22,above,ne titiri no
22,abridge,twa so
22,abridge,tiā
22,abridge,kyereu tiā mu
22,abreast,sā so
22,abreast,odi mè ntente só
22,abreast,nyèresó
22,abridgment,(ne)tiām
22,abridgment,tiātwa
22,abridgment,opōnohyem
22,abroad,adi
22,abroad,adiwo
22,abroad,wuram
22,abroad,amanṅone
22,to go abroad,ko amaṅ bi so
22,to go abroad,dom
22,abrupt,nea entoa so
22,abruption,toa a entoa
22,abruption,ntetemu
22,abruption,mpapaemu
22,abruption,ṅwamu
22,abruption,ṅwatamu
22,abruptly,mpofirim
22,abruptly,mpaase
22,to do s.th.,patu (ye brb.)
22,abscess,akisikuru
22,abscess,Ak. pompo
22,abscond,hinta
22,abscond,twẽ nehō
22,abscond,gǔaṅ
22,absence,"in his-, bere a onni ho"
22,absence,n'akyi
22,absence,"of mind, anisòtèré"
22,absent,"to be-, nni ho"
22,absent,fi adi (perf.)
22,absolute,nea obi ntwa hō baṅ
22,absolute,eso kwaṅ ṅko
22,he has power,owo tumi a obi nsi no kwaṅ
22,he has power,oṅhye mmāra bi ase
22,absolution,bemmu
22,absolution,bone fafiri (kā)
22,absolutism,tumidi a obi nni mu ano
22,absolutism,anidaṅ nni mu
22,absolutism,sé mã eṅsā
22,absolve,bu bem
22,absolve,de.. firi
22,absolve,de.. kye
22,absolve,yi.. fim
22,absolve,pass. di bem
22,absorb,mene
22,absorb,memmene
22,absorb,pass. mēm
22,absorb,wo
22,absorb,do mpumpuṅase
22,absorption,ofëu
22,absorption,mēm
22,absorption,nea eṅōm or etwẽ brb. mu nsu
22,abstain,tua nehō
22,abstain,bu ani gu so
22,abstain,yi nehō fi hō
22,abstain from food,bua da
22,abstainer,ghōtuafo
22,abstainer,odetuafo
22,abstainer,anidahoni
22,abstainer,nsā- or tātuafo
22,abstemious,"abstinent, a. he is-"
22,abstemious,watua nehō (nsā n.a.)
22,abstemious,n'ani da ho
22,abstinence,ahōtua
22,abstinence,anidaho
22,abstract,yi mu
22,abstruse,nea emu nteu
22,abstruse,emu ye kusū
22,absurd,nea enni ase
22,absurd,adwene nni mu
23,absurdity,asɛm a enni ase
23,absurdity,ɛmfata
23,absurdity,nkwaseasɛm
23,abundance,mmoroso
23,abundance,mmuso
23,abundance,ofó
23,abundant,to be -
23,abundant,dōsō
23,abundant,bu so
23,abundant,fofó
23,abuse,sɛe
23,abuse,hura hō
23,abuse,nyãfĩ
23,abuse,yau
23,abuse,oyau
23,abuse,Ak. oye
23,abuse,n. ḅrb. hō adeye bone
23,abut,bo ohye
23,abut,to fuhye
23,abutment,ohye
23,abutment,ofuhye
23,abyss,obuṅ kūroṅkūroṅ
23,abyss,okū
23,accede (to),kã hō
23,accede (to),pene
23,accelerate,ye ntem
23,accent,enẽ so-mã
23,accent,nsiase
23,accent,kasagyirae
23,accept,gye
23,accept,pene
23,acceptable,to be -
23,acceptable,fata se wogye
23,acceptable,so ani
23,acceptance,ogye
23,acceptance,ogye nè anisọ
23,access,okwaṅ
23,access,hō kwaṅ
23,access,anim-
23,access,ṅkyeṅ -
23,accessory,nea ɛbata hō
23,accessory,ɛkã hō
23,accident,asǐane
23,accident,apatiriatom
23,accident,biribi (aye no)
23,acclamation,obagye
23,acclamation,ayeyi huro
23,acclamation,osébo
23,acclimate,sɛ bābi agye obi or nehō akokwa bābi
23,accommodate,mã efata
23,accommodate,mã esɛ so pe
23,accompany,gya
23,accompany,bọ anaṅ
23,accompany,kã hō
23,accompany,nè obi kọ
23,accompany,nam
23,accompany,"on the way, gyã.. kwaṅ"
23,accomplice,hōkãfo
23,accomplice,boafo
23,accomplice,mpraprafo
23,accomplish,wie
23,accomplish,ye
23,accord,mã e-nè no kã
23,accord,efata so
23,accord,esɛ so
23,accord,biakōye
23,accord,anodi
23,accordance,mfataso
23,according,so
23,according,sɛ
23,according,senea .. te no
23,according,tesɛ
23,account,bu
23,account,bu akōntã
23,account,bu ano
23,account,kã asɛm
23,account,akōntã
23,account,akōntābu
23,account,it is of no -
23,account,enyé biribi
23,account,on what -
23,account,edeṅ ntia?
23,account,dekōde a enti..
23,account,on that -
23,account,eno nti(a)
23,account,full -
23,account,asɛm mũ ṅhǐnā
23,Accra,see Akra
23,accumulate,bọ kū
23,accumulate,boa ano fōre
23,accumulate,"riches, hye (ade) da so"
23,accuracy,pepeye
23,accuracy,nsǐye
23,accurate,fefɛfe
23,accurate,pe
23,accurate,pepe
23,accurate,pepēpe
23,accurate,nsǐm'
23,accurate,nsǐye mu
23,accurse,dome
23,accurse,bọ dua
23,accurse,hye nseɛ
23,accurse,hye domamfiri
23,accusation,mmotosó
23,accusation,ntwátoso
23,accusation,osusukã
23,accuse,bọ ṅkūro
23,accuse,yi nteṅ
23,accuse,tō .. sō
23,accuse,tōtō ano
23,accuse,falsely
23,accuse,ṅkūrobọ
23,accuse,atenyi
23,accuse,anotōtō
23,accuser,ṅkūrobọfo
23,accuser,ofatwafo
23,accuser,onotōtōfo
24,"accustomed, to be",tā yẹ
24,"accustomed, to be",ka
24,"accustomed, to be",brb. akokwa obi
24,"accustomed, to be",ka (obi họ)
24,"accustomed, to be",obi ahũ
24,"accustomed, to be",nim
24,"accustomed, to be",anyã brb. nyẹe
24,"accustomed, to be",(obi) tā kọ họ
24,"ache, v.",beṅ
24,"ache, v.",pae
24,"ache, v.",tutu
24,"ache, v.",yẹya
24,"ache, v.",kadwẹ̄dwẹ̄
24,"ache, n.",eyau
24,"ache, n.",tooth-ọkékau
24,"ache, n.",Ak. okaka
24,"ache, n.",head-tirim keka
24,"ache, n.",atibeṅ
24,"ache, n.",atipae
24,"ache, n.","aching in the bones, atútù"
24,"ache, n.",Ak. atútuo
24,"achieve, v.",yẹ
24,"achieve, v.",nyã
24,"achieve, v.",wie
24,"acid, a.",nyĩnyãnyĩnyã
24,"acid, a.",yereyereu
24,"acid, a.",yèrèdẹdẹ
24,"acid, v.",nyàṅ
24,"acid, v.",nyane
24,"acid, v.",kau
24,"acid, v.",pae
24,"acid, v.",nsã no apae
24,"acid, v.",akau
24,"acknowledge, v.",hũ
24,"acknowledge, v.",bu
24,"acknowledge, v.",pene
24,"acknowledge, v.",gye tom'
24,"acknowledge, v.",paem' kã
24,"acknowledge, v.",da ase
24,"acknowledge, v.",gye so
24,"acknowledgment, n.",okã
24,"acknowledgment, n.",aseda
24,"acquaint, v.",mã..hũ
24,"acquaint, v.",kyerẹ
24,"acquaint, v.",kã..kyerẹ
24,"acquaint, v.",yi..kyerẹ
24,"acquaint, v.",mã asõ te
24,"acquaint, v.",yi asitiu
24,"acquaintance, n.",ománni
24,"acquaintance, n.",oyọṅkõ
24,"acquiesce, v.",pene(so)
24,"acquiesce, v.",mã okwaṅ
24,"acquire, v.",nyã
24,"acquire, v.",nsa kã
24,"acquisition, n.",adenyã
24,"acquit, v.",bu..bem
24,"acquit, v.",gyã
24,"acquit, v.",yi
24,"acrid, a.",hyerehyere
24,"acrimony, n.",anioṅye deṅye
24,"acropolis, n.",abaṅ(kese) a ẹwẹṅ kũro or asase bi
24,"across, ad. prp.",nea wọde abea (mu)
24,"across, v.",twa
24,"across, v.",twam'
24,"act, v.","yẹ (ade, -biribi)"
24,"act, v.",di..
24,"act, v.",bọ bāra
24,"act, v.",bu bāra
24,"act, v.",bu maṅ
24,"act, v.",sũa obi
24,"act, n.",adeye
24,"act, n.",nneyẹe
24,"act, n.","premeditated-, oboaye"
24,"action, n.",adeye
24,"action, n.",ọkõ
24,"action, n.",kọpeṅ
24,"active, a.",kàmkam
24,"active, a.",wéwé
24,"activity, n.",nsĩyẹ
24,"activity, n.",anẽm
24,"activity, n.",ahọghareyo
24,"actor, n.",nea oyẹ brb.
24,"actor, n.",odeyefo
24,"actor, n.",gũasodeyefo
24,"actor, n.",asafo(anim) dwontofo
24,"actually, ad.",ampa
24,"actually, ad.",nokwarem
24,"actually, ad.",ewom' se
24,"actually, ad.",wommoa se
24,"actuate, v.",pĩa
24,"actuate, v.",kã
24,"acute, a.",denneṅ
24,"acute, a.",nea emu yẹ deṅ
24,"adapt, v.",(se) brb. fata brb.
24,"adapt, v.",brb. nẹ brb. bọ so
24,"adapt, v.",nea ẹ-nẹ no kọ so
24,"add, v.",bọ so
24,"add, v.",kã họ
24,"add, v.",to so
24,"add, v.",to mu
24,"add, v.",gũ so
24,"add, v.",gũ mu
24,"add, v.",si so
24,"add, v.",hye mu
24,"add, v.",tĩa
24,"add, v.",pũa so
24,"addict, v.",de..mã
24,"addition, n.",ṅkekãhẹ
24,"addition, n.",mfakãhọ
24,"addition, n.",(in buying) ntoso
24,"addition, n.",mpũa-
24,"addition, n.",ṅṅu-
25,additional,nea (wọḍe) kã hō
25,additional,ẹbata hō
25,address,kã (asẹm) kyerẹ
25,address,kyere sẹ wọmfa ṅkọmã obi
25,address,kọ (obi) anim kobisa
25,address,mãnã
25,address,siesie
25,address,okwaṅkyerẹ
25,address,ọkã
25,address,adesẹre
25,address,abãrabu (manners)
25,adequate,nea esẹ
25,adequate,efata
25,adequate,esọ
25,adequate,"edu (hō, so)"
25,adhere,fãm hō
25,adhere,kã hō
25,adhere,kã bọm
25,adhere,bata hō
25,adhere,kura mu
25,adhere,bọ hō
25,adherent,nea efãm hō
25,adherent,ẹkã hō
25,adhesion,ẹhō-fãm
25,adjacent,nea ẹbẹṅ hō
25,adjacent,ẹḍa hō
25,adject,de.. kã hō
25,adjective,diṅ mu kyerẹkyere asẹm
25,adjoin,de.. kã hō
25,adjoin,de.. bọm
25,adjoin,kọḍọm
25,adjoin,bata
25,adjoin,bẹṅ hō
25,adjoin,bọ hye
25,adjourn,bọọr de.. to hō
25,adjourn,tu hyeḍa
25,adjudge,bu ntẹṅ
25,adjudge,daṅ.. mã
25,adjure,kã ntam gu so
25,adjure,mã ntam
25,adjure,yi ntam mã
25,adjure,kã
25,adjust,yẹ.. akwaṅso-akwaṅso
25,adjust,siesie.. pẹ
25,adjust,pata
25,adjust,sesẹu
25,adjust,tẹẹ
25,adjust,atẹẹ pẹ
25,adjust,wọ ano-wọ ano
25,adjustment,nsiesiei
25,adjustment,ṅhyehyẹe
25,adjustment,nsesẹe
25,adjutant,(asrāfo dibea)
25,adjutant,osafo-heṅkūmã
25,adjutant,osafohemma
25,adjutor,ọboáfọ
25,adjutor,ọsọmfo
25,administer,de.. mã
25,administer,sọm
25,administration,(ẹhō) adeyẹ
25,administration,adwumaye
25,administration,ọmaṅsofẹ(fo)
25,administrator,nea wọḍe(awun-nyade) ahyẹ ne nsa ase
25,administrator,ọmaṅpanyiṅ
25,admirable,nea ẹyẹ ṅwọṅwã
25,admirable,ahōbō
25,admirable,krabẹfwẹ
25,admiral,akōhyeṅ mu sáhene
25,admiral,akōhyeṅ so safohempanyiṅ
25,admiration,aṅwọṅwãḍe
25,admiration,aṅwọṅwãsẹm
25,admiration,ahōḍwiride
25,admire,kamfo
25,admire,"they - it, eyẹ wọṅ ṅwọṅwã"
25,admit,mã ọkwaṅ
25,admit,mã ṅkyeṅ kwaṅ
25,admit,gye.. tom
25,admit,de.. hyẹm
25,admittance,akwaṅmã
25,admittance,"I found no -, mannyã (mu) kwaṅ"
25,admix,de.. fra mu
25,admixture,ade bi mu mfrafrae
25,admonish,tu.. fo
25,admonish,kasa kyerẹ
25,admonisher,ọfotufo
25,admonisher,ọkasakyerẹfo
25,admonisher,kokọbófo
25,admonition,afotu
25,admonition,ọkasakyerẹ
25,admonition,kokọbó
25,ado,gyegyēgye
25,ado,hōye
25,ado,kitikitiye
25,adolescence,mmẹrantebere
25,adolescence,mmabābere
25,adopt,fa.. yẹ oba
25,adopt,fa.. to (n'abu-sũafo) mu
25,adopt,fa.. hyẹ (ne mma) mu
25,adoption,abagye
25,adoption,(ogye a wọgye obi ba de yẹ wọṅ aṅkasa ba)
25,adore,fwẹ.. naṅase
25,adore,koto
25,adore,sọre
25,adore,koto sọre
26,adoration,okotosore
26,adorn,hyehye
26,adorn,keka(hõ)
26,adorn,wura
26,adornment,gude
26,adornment,ahyehyeḍe
26,adown,famfam
26,adown,ase pẽ
26,adroitly,nyansãm
26,adroitness,kradoye
26,adulation,nnyigye
26,adulation,nnefedeḍe
26,adult,opanyiṅ
26,adulterate,bo aguamãṅ
26,adulterate,fa oyere
26,adulterate,wia
26,adulterate,sesã
26,adulterate,sakra
26,adulterate,fra mu
26,adulterer,oyerefafo
26,adulterer,owareseefo
26,adulterer,mmãpefo
26,adulteress,obãguamãṅ
26,adulteress,aguamãṅ
26,adulteress,owareseefo
26,adultery,aguamãmmo
26,adultery,awaresee
26,adultery,agobone
26,adultery,ayefare
26,adultery,Ak. ayefare
26,adust,nea ahye dweṅ
26,adust,ado kõ
26,advance,mã
26,advance,ko anim
26,advance,ko so
26,advance,tu ntẽṅ
26,advance-guard,twafo
26,advance-guard,abennegyefo
26,advance-guard,abennefo
26,advance,ṅkoso
26,advance,adefiri
26,advance,mekofiri ho ade
26,advantage,mfaso
26,advent,ba
26,advent,ṅkyeṅ-ba
26,advent,kwaṅfwe bere
26,adventure,asiane
26,adventurer,obadueduefo
26,adverb,ṅkasae mu kyerefo
26,adversary,otamfo
26,adversary,osidifo
26,adversity,ohĩa
26,adversity,amane
26,adversity,amanehunu
26,adversity,mmusu
26,adversity,abeu
26,advert,dweṅ
26,advert,susu hõ
26,advert,bo diṅ
26,advertise,mãnã
26,advertise,kãra
26,advertise,yi obi asitiu
26,advertise,mã hũ
26,advice,agyina(tu)
26,advice,efo
26,advice,afotu
26,advice,nyansãhye
26,advice,kasanyansã
26,advise,tu agyina
26,advise,tu fo
26,advise,hye nyansã
26,advise,kasa kyere
26,advise,susu hõ
26,adviser,ofotufo
26,adviser,ogyinatufó
26,adviser,okasakyerefo
26,adviser,nyansãkyerefo
26,advocate,odimãfo
26,advocate,okyigyinafo
26,advocate,okasagyefo
26,adze,òsósọ
26,adze,aseṅ
26,adze,akǔmá
26,aeronaut,wimhyèṅmuni
26,aerostation,wimtuko
26,aerostation,mframahyeṅtu
26,afar,akyirikyiri
26,afar,nohọnohọ
26,afar,nsreṅso
26,affair,adwuma
26,affair,ḍwuma
26,affair,asem
26,affair,nneyee
26,affect,ye (obi brb.)
26,affect,kã
26,affect,nyaṅ
26,affect,pe
26,affect,ye kyere
26,affectation,oḍotraso
26,affectation,nyâtwom
26,affection,odo
26,affection,ope
26,affection,adge
26,affection,mmoḍeṅbo
26,affiance,gye aware
26,affiance,mã aware
27,affidavit,ntam
27,affidavit,ntaṅkã
27,affiliate,fa ye oba
27,affiliate,gye to
27,affiliate,feku hi mu
27,affiliation,abagye
27,affiliation,adoption
27,affirm,foa..nsemmoa
27,affirm,kã se ete sa
27,affirmation,nsemmoafoa
27,affirmation,asem soduasi
27,affirmation,gyinaesi
27,affirmation,asemso gyinae
27,affix,de..bo mu
27,affix,de..fãm hō
27,afflict,hau
27,afflict,de..to amane mu
27,afflict,ho were
27,afflicted,hū amane
27,affliction,amanehunu
27,affliction,ohau
27,affliction,awereho
27,affliction,efóná (F.)
27,affliction,eyéa (As.)
27,affliction,ahōdwiri
27,affluence,mmoroso
27,affluence,tāmudi
27,afford,mã
27,afford,yi mã
27,affray,ntokwa
27,affray,okō
27,affright,ehū
27,affright,ahūde
27,affright,ahūyide
27,affront,twa mpoa
27,affront,ye mpī
27,afloat,ten nsu ani
27,afoot,nam (ne) nan mu
27,afore,anim
27,afore,kaṅ
27,afore,ansã na
27,afraid,suro
27,afraid,ye hū
27,afraid,kōmatu
27,afraid,bom
27,afraid,yi..hū
27,afresh,foforo
27,afresh,bio (biem)
27,Africa,Abibirim
27,African,Obibini
27,African,A-fo
27,after,akyi
27,after,so
27,after,di akyiri
27,after,se..te no
27,after,(ne) ṅhīnā akyi (no)
27,after,eno akyi (no)
27,after,nna bi akyi
27,after,mmere bi-
27,afternoon,betwabere
27,afternoon,mfaretubere
27,afternoon,aṅwummere
27,afterwards,akyiri(no)
27,afterwards,eno akyi
27,afterwards,eno ansã na
27,again,bio
27,again,saṅkyiri bio
27,again,saṅ(ye)
27,again,tī mu
27,against,tia
27,against,hye
27,against,gu..so
27,against,hyia
27,against,n. hō
27,against,so
27,against,ntenteṅso
27,age,mfe a (obi) di
27,age,mfedi
27,age,ikwakorābere
27,age,mmerewa-
27,agent,yemāfo
27,agent,dimāfo
27,agent,oyefo
27,aggress,toa
27,aggress,tua
27,aggress,peatutu
27,aggress,twa mpoa
27,aggressor,otuafo
27,aggressor,otutupefo
27,aggressor,okotwěběrefo
27,aggrieve,hau
27,aggrieve,ho were
27,aggrieve,yi abufu
27,agileness,ahōghare
27,agileness,hareye
27,agileness,ntemye
27,agitate,woso
27,agitate,poso
27,agitate,fono mu
27,agitate,hwanyaṅ
27,agitate,tane ani
27,agitate,huru bo
27,ago,akye
27,ago,dabidabi
27,ago,dedadeda
27,ago,enyé nne
27,ago,akye kakra
27,ago,afenia
27,Agona,Agonã
27,Agona,Nsabã
27,Agona,Agonãni
27,Agona,-fo
27,agonise,gyam
27,agonise,pere
27,agony,ogyam
27,agony,opére
27,agree,mã okwaṅ
27,agree,penue
27,agree,pe
27,agree,di ano
27,agree,ye adweṅkoro
27,agree,-nokoro
27,agree,kã bo
27,agree,bom'
27,agree,ye biakō
27,agree,fata
27,agree,di mmāra
27,agree,o-nè no kã = wokã
27,agree,o-nè me ṅkã = yeṅkã
27,agreeable,de
27,agreeable,deu
27,agreeable,fata
27,agreeable,se wopene
27,agreeable,ye..fe
27,agreeable,so..ani
28,agreeableness,oḍeụ
28,agreeableness,mfataso
28,agreeableness,aniso
28,agreeably,pe
28,agreeably,pepe
28,agreement,anodi
28,agreement,bodi
28,agreement,apã
28,agriculture,aḍou
28,agriculture,kuaye
28,agriculture,akúá
28,aground,ase
28,aground,pò ase
28,ague,atiridii awo(w)a egu nnipa so
28,aid,gya
28,aid,boa
28,aid,di boa
28,aid,ye.. abia
28,ail,ye ya
28,ail,ye
28,aim,botae
28,aim,tirimbo
28,aimless,entu botae
28,aimless,ennigyinae
28,air,mframa
28,air,mfere
28,air,wim
28,air,ahuṅmu
28,airing,mfaregye
28,Akem,Akyém
28,Akraman,Okranni
28,Akuapem-man,Okuapenni
28,Akwamu,Akwam
28,alacrity,ahọohare
28,alarm,bo ẇi
28,alarm,bum
28,alarm,tu bo
28,alarm,yi hũ
28,alarm,ẇibo
28,alarm,bumbo
28,alarm,akọmatu
28,alarm,abotu
28,alarm,ahọpopo
28,albino,ofiri
28,album,mfonini hyehyebea
28,album,wurabea ṅhọma
28,alcohol,nsã (biara) mu ahọodeṅ
28,alcohol,hoṅhom (a ẹbọ)
28,alderman,omaṅ-panyiṅ
28,ale,bọrofo-ahai
28,alert,kàmkam
28,alert,ẇéẇé
28,algebra,akọntā a wọḍe (ṅhọma) ṅkyereụe na ebu
28,alias,anase
28,alias,diṅ (foforo) a ẹbata diṅ pa hō
28,alien,ohoho
28,alien,omamfrani
28,alight,duru
28,alight,sĩāṅ
28,alight,si
28,alike,pe
28,alike,pe-
28,alike,pepẽpe
28,alike,sāara
28,aliment,aduaṅ
28,aliment,akọṅhăma
28,aliquot,akọntā bi a wọḍe kye-kye akọntā bi mu pepẽpe
29,alive,anikãṅ
29,alive,animono
29,all,ṅhĩnã
29,all,ra
29,all,na
29,Allah,ṅkrãmofo
29,Allah,Nyame
29,Allah,diṅ
29,allege,kã
29,allege,kura mu
29,allege,foaṅemmoa
29,allegory,ntotohõ
29,allegory,sem
29,alley,okwamferene
29,alley,akwámma
29,alley,okwaṅ a nnua sisi n'afãnu
29,alliance,apãm
29,alliance,nṅoboadi
29,alliance,hĩafwẽdi
29,alliance,mmóadi
29,alliance,hõfãm
29,alliance,biakõye
29,alliance,nokorodi
29,alliance,ṅkãbom
29,alligate,kyekye
29,alligate,bom
29,alligator,odéṅkyem
29,alligator,asuboa
29,allot,kye
29,allot,mã
29,allotment,kyefã
29,allow,mã okwaṅ
29,allow,pene
29,allowance,okwaṅ
29,allowance,okwaṅmã
29,monthly-allowance,asranne
29,alloy,mfraframu a wode fra sika n a mu gu
29,allude,de
29,allude,kae
29,allure,gyigye
29,allure,dãdã
29,ally,kyekye bom
29,ally,apãm mu
29,ally,gye adom
29,ally,dommoafo
29,ally,yoṅkõboafo
29,almanac,nnabu
29,almanac,nnakaṅ ṅhõma
29,almighty,nneema ṅhĩnã so
29,almighty,tumfo
29,almighty,twẽaduampoṅ
29,almost,aka kūmā
29,almost,kokūmā
29,almost,aka ketewa
29,almost,ekame'aye
29,alms,ayeyede
29,alms,mmoborohunude
29,alms-house,mmoborohunufi
29,alms-house,ahĩafodaṅ
29,alms-house,odõmfi
29,aloes,áloë
29,aloft,kõṅkõroṅ
29,aloft,tenteṅ
29,aloft,nea eware
29,aloft,emã nehõ so
29,alone,ṅkõ
29,alone,ara
29,alone,ṅkutō
29,alone,koro
29,along,hõ
29,along,ano
29,along,ano ano
29,along,fahõ fahõ
29,along-all,ede reko yi ṅhĩnã
29,along-all,esã so reko yi
29,along-side,ṅkyeṅmu
29,along-side,ntenteṅmu
29,along-with,obi nè bi bọ anaṅ nante
29,along-go,fi(ri)m'ani ṣo fi! fi họ fi!
29,along-of you,efi wo ara
29,along-of you,esĩane wo ntia!
29,along-come,běra! duom!
29,aloof,akyiri
29,aloof,nsreṅso
29,aloof,táṅmù
29,aloud,denneṅ
29,aloud,okasa
29,aloud,gyegye
29,aloud,oye
29,alp,bepọ tenteṅ bi a sukyerema akata so
29,already,dedau
29,already,dàda
29,already,sesẹ
29,already-he is come,wanyã aba
29,already-he is come,waba dedau
29,also,nso
29,also,nanso
29,also,sãara
29,also,bi
29,altar,aforemuka
29,altar,Aw.Adidipoṅ
29,alter,sakra
29,alter,sesã
29,alter,daṅ
29,alter-road,hĩma kwaṅ
29,alternately,di adannaṅ ye
29,alternately,di nonnyigyé
29,alternately,wokyekye mu
29,although,ete sã
29,although,eye sã de
29,although,nanso
30,altitude,kɔrɔŋ
30,altitude,sorokɔ
30,altitude,ten-ten(yɛ)
30,altogether,korā
30,altogether,korakora
30,altogether,brubru
30,altogether,twɛ̃m (twɔ̃m)
30,always,dā
30,always,yi
30,always,dā-
30,always,dabā
30,always,tē
30,always,dāpem
30,amalgam,agude bi mfrafrae
30,amass,boa ano ku
30,amass,bɔ no tɔu
30,amass,hɔre
30,amass,dɔre
30,amaze,yɛ ŋwɔŋwã
30,amaze,mã ani so yɛ yã
30,amaze,yɛ ahɔbɔ (F.)
30,amaze,hɔ yerau
30,ambassador,ɔbɔfɔ
30,ambassador,opomafɔ
30,amber,etɔŋ
30,amber,akomfohéné
30,ambition,ahupɔ
30,ambition,pɛsɛueŋkɔnyã
30,ambition,ahɔkyerɛ
30,ambulance,ayarefo nè apirafo sákó
30,ambulance,teasɛnam
30,ambulation,nante
30,ambulation,pase
30,ambulation,pasa
30,"ambuscade, ambush",ɔtɛu
30,"ambuscade, ambush",F. antɛu
30,"ambuscade, ambush",bū
30,amen,nokwarem
30,amen,ɛwom ampa
30,amen,ényɛ sa
30,amen,émmɛra sa
30,amend,yɛ foforo
30,amend,yiye
30,amend,tua ka
30,amend,hyɛ or si anaṅmu
30,amendment,nnaṅmu
30,amendment,nsakramu
30,"amid, amidst",mu
30,"amid, amidst",ntam
30,"amid, amidst",mfinimfini
30,amiss,bone
30,amiss,to - fɔ̃m
30,amiss,fɔ̃m so
30,amiss,tɔ̃
30,ammonia,kắwú
30,ammunition,akɔ̃de
30,ammunition,korabo nè atuduru
30,amnesty,mfɔ̃mso fafiri
30,amnesty,awerefiri
30,"among, amongst",mu
30,"among, amongst",ntam
30,"among, amongst",v.wɔ
30,"among, amongst",di or fra mu
30,"among, amongst",phr.odi mu bi
30,amount,nea ano kodu
30,amount,-ano pem
30,amount,bu .. ano kɔpem
30,amount,-n.anobu
30,amount,ano (ne) dodo
30,amply,bebɛrɛ
30,amply,pī
30,amply,kɛse
30,amply,kokūrɔ
30,amply,tɛtɛrɛ
30,amulet,sumãṅ
30,amulet,asumãmmá
30,amuse,gye ani
30,amuse,yɛ anigye
30,amuse,yɛ fe
30,amuse,tutu agoru
30,amusement,anigyede
30,amusement,afɛfɛde
30,amusement,agode
30,amusement,"arrange an-, tutu agoru"
30,analogise,sese
30,analogise,sesee
30,analogy,nsɛso
30,analogy,nsususo
30,analogy,úfɛ̃wɛso
30,analyse,kyerɛkyerɛ or pāpaemu sansi
30,ananas,abɔrɔbɛ
30,anarchy,sakasaka(yɛ)
30,anarchy,ùkwa-mãmfoyɛ
30,anatomy,(funu or) nipadua mu pɛpɛe hɔ nimdee
30,ancestors,nãnanom
30,anchor,sɛkyɛ
30,anchor,-v. tɔ sɛkyɛ
30,ancients,tetefo
30,and,nè
30,and,ɛnè
30,and,na
30,and,enna
30,anecdote,abasɛmtiã
30,anecdote,nsɛnsimmã
30,anew,foforo
30,anew,bio
30,angel,ɔbɔfɔ
30,angel,osorobɔfɔ
30,angel,Onyame bɔfo
30,angel,Ony. somafo
30,anger,abufu
30,anger,abɔghye
30,anger,abohuru
30,anger,anibere
30,anger,awereho
30,anger,v. fu bo
30,anger,huru bo
30,anger,yi abufu
30,anger,hyɛ anibere
30,anger,ho wɛre
31,angle,ehin
31,angle,darewa
31,angle,darewa
31,acute,hiṅ a emu nnā
31,acute,se hiṅ pa
31,obtuse,hiṅ a emu dā
31,obtuse,tra hiṅ pa
31,right,hiṅ pa
31,angry,abufu
31,angry,bofu
31,angry,ani bere
31,angry,bo afu ahye me
31,anguish,ohau
31,anguish,eyau
31,anguish,ahohĩa
31,anguish,ahomete
31,anguish,anikrakra
31,anguish,tóyam(bó)
31,anguish,nyennyaṅ
31,anguish,nyennyeṅ(bo)
31,animadvert,hũ
31,animadvert,dweṅ hō
31,animadvert,de ani to..so
31,animadvert,kā..anim
31,animal,aboa
31,animal,oteasefo
31,animal,aboabáṅ
31,animate,mã ṅkwā
31,animate,hye baniṅha
31,animate,kānyaṅ
31,animosity,anibere
31,animosity,ahĩ
31,ankle,naṅñwēā
31,ankle,naṅpo
31,annals,abasem a edidi so or eba wosowoso
31,annex,de
31,annex,fa or gye .. kā hō
31,annihilate,gu
31,annihilate,see
31,annihilate,tue
31,annihilate,yi
31,annihilation,ogu
31,annihilation,osee
31,annihilation,ntorease
31,anniversary,afedi
31,anniversary,afekae
31,anniversary,odwĩra
31,annotation,ṅkyerekyeremu
31,annotation,ṅkyerease
31,announce,kā..kyere
31,announce,pae(mu)
31,annoy,hau
31,annoy,yi .. abufu
31,annoy,horaṅ bo
31,annoy,huru bo
31,annual,afe dā
31,annual,dā afe
31,annual,dā afrihyia
31,annul,gu
31,annul,see
31,annul,tue
31,annul,yi
31,annul,mã eye hunu
31,annul,kwa
31,annulet,kāwa
31,annulet,nsateā mu kā
31,annulet,petea
31,annulet,toṅkokā
31,annunciate,kā..kyere
31,annunciate,kāra
31,annunciate,se ṅkāra
31,annunciate,bo kasee
31,annumerate,de akōntā bi kā akōntā bi hō
31,anoint,sra (ṅṅo)
31,anomaly,abiraye
31,anomaly,nea nehō ade nè adōmaṅkāmāboḍe biara bo abira
31,another,obi
31,another,ebi
31,another,foforo
31,another,bābi
31,another,da bi
31,another,dakyĕ(bi)
31,answer,bua
31,answer,gye so
31,answer,tua ano
31,answer,mmuae
31,answer,nnyeso
31,answer,ntuaano
31,ant,ṅkraṅ
31,ant,mfòṭé
31,ant,ohahini
31,ant,ntétéa
31,ant,akwabáṅ
31,ant,patákáu
31,ant,beṭekau
31,ant,ahohoṭ
31,ant,mméreboa
31,ant,ṅkūmiá
31,ant,siu
31,ant,mfotesie
31,ant,nteteadupo
31,antagonism,apereperedi
31,antagonism,akayo
31,antagonism,niṅkunutwĕ
31,antagonism,kora
31,antagonist,odeperefo
31,antagonist,oŵerefó
31,antagonist,akayofo
31,antagonist,akāmekamdifo
31,antecessor,nea obi abedi n'anaṅ mu
31,antelope,odabó (aberé)
31,antelope,obóbiri
31,antelope,owansaṅ
31,antelope,ofròté
31,antelope,otwĕ
31,antelope,eŵi(o)
31,antelope,okwáḍu
31,antelope,adoá
31,antelope,tōrom
31,anthropology,nipadua (su nè baṅ) hō nimdee
31,anticipate,di kaṅ fa
31,anticipate,twa ano
31,anticipate,te sie
31,anticipate,mate masie
32,antidote,aduru a wode tu bore
32,antique,nea akye
32,antique,adi nna
32,antique,dedau
32,antiquity,tete-bere
32,antiquity,atetede
32,antithesis,abirasem
32,antithesis,asidisem
32,anus,to
32,anus,trùmú
32,anvil,otòmmó
32,anxiety,See anguish
32,anxious,hō pere
32,anxious,pere hō
32,anxious,bọ mmọdeṅ
32,anxious,di hō dadweṅ
32,any,biara
32,any,ṅhīnā
32,any,"body, obiara"
32,any,how (disorderly) sesàsesa
32,any,basab-
32,any,"at-rate, edaṅ deṅ ara a..."
32,any,"thing, ebiara"
32,any,biribiara
32,any,"where, bābiara"
32,any,in neg. sentences nowhere
32,apart,ofā bābi
32,apart,afā
32,apart,ṅkyeṅ
32,apart,eson
32,apart,ṅkō..ṅkō
32,apartment,odaṅ
32,apartment,pia
32,apathy,aniha
32,apathy,akwadwero
32,apathy,sipirīye
32,ape,akyeneboa
32,ape,kòntromfī
32,ape,akóṅsọṅ
32,ape,eku
32,ape,kwágyàdú
32,ape,odúàhyeṅ
32,ape,Ak. efoo
32,ape,asibé
32,ape,kārā
32,ape,ọkwakú
32,ape,osūā (afwéṅhèmá)
32,ape,bóàpéà
32,ape,ọbĕṅ
32,ape,adópĕ (F)
32,ape,abóatia
32,apex,atifī
32,apex,ntentennōa
32,apex,soro pa ara
32,apex,mpampam
32,aphorism,asentiā a nseṅnodo wom'
32,apologise,kasa mā...
32,apologise,yi ano
32,apologise,pa kye
32,apologise,to tafrakye
32,apology,anoyi
32,apology,kyepa
32,apology,tafrakye
32,apology,nsaṅano
32,apology,aperesem
32,apostate,okyirisaṅfo
32,apostate,nea wapa (ne) gyidi
32,apostatise,pa..gyidi or feku
32,apostatise,bọ kọ
32,apostle,osomafo
32,apostle,ọbofo
32,apothecary,oduyẹfo
32,apothecary,frafo
32,apothecary,toṅfo
32,appal,yi hū
32,appal,ahī
32,apparatus,adwinnade ahoro
32,apparatus,nneẹmahoro a wode kyereky-nneẹma mu
32,apparel,atade
32,apparel,adurade
32,apparel,otām
32,apparel,ntama
32,apparel,ṅkatahō
32,apparent,nea wohū
32,apparent,ani tuae
32,apparent,eda hō or aẅia so
32,apparition,osámaṅ
32,apparition,pl. a-fo
32,apparition,otofo
32,apparition,vision ani-so-ade
32,appeal,asẹm a woadi na wosaṅ pẹ mu or nū mu di no foforo
32,appeal,de asẹm kọdaṅ
32,appeal,saṅ pẹ or nū asẹm a woadi mu bio
32,appear,fi
32,appear,befi
32,appear,pue
32,appear,fi adi
32,appear,yi (nehō) adi (kyere)
32,appear,da adi
32,appear,yẹ (sẹ)
32,appearance,hō
32,appearance,ani
32,appease,dẅo ani
32,appease,tā bo
32,appease,tẅa bo to yam
32,appease,pata
32,append,bata hō
32,append,kā-
32,append,fām-
32,appendix,mmatahō
32,appendix,ṅkekāhō
32,appertain,fa hō brb.
32,appertain,wọ
32,appertain,wọmu
32,appertain,yẹ obi de
33,appetite,ọkọm
33,appetite,akọnnọ
33,appetite,ayamteu
33,appetite (to lose the-),ano akum
33,appetite (to lose the-),ano asĩãm
33,appetite (recover his-),n'anom ate
33,applaud,huro
33,applaud,yi ayẹ
33,applaud,gye ba
33,applaud,gye kŭrúm
33,applaud,pene so
33,apple,aduaba
33,apple,akutuguâ
33,apple (of the eye),kurutiayisi
33,application,adesẹrẹ
33,application,adebisa (ṅhọma)
33,apply,de..yẹ
33,apply,de..to so
33,apply,tã so
33,apply,tare so
33,apply,tua(mako)
33,apply,sẹre..ho brb.
33,apply (care in doing s. th.),si ṅkétèkrákye
33,appoint,si
33,appoint,hyẹ
33,appoint,tu
33,appoint,yi
33,appoint,yi or hyẹ to họ
33,appointment,ọpau
33,appointment,oyi
33,appointment,dibea
33,appointment,dib- kyerẹ
33,appointment,adwuma
33,appreciate,bu kẹse
33,appreciate,yi ayẹ
33,appreciation,obu (a wobu brb. or obi)
33,appreciation,ayeyi
33,apprehend,so mu
33,apprehend,kyere
33,apprehend,tintim
33,apprehend (by mind),hũ mu
33,apprehend (by mind),susu
33,apprehend (mistrust),"dweṅ hō bọne, suro"
33,apprentice,osũani
33,apprentice,adwĩnsũani
33,apprentice,nea wọde no akọ adwuma bi sũa
33,approach,twi ba or bẹṅ
33,approach,bẹṅkye
33,approach,piṅkye
33,approach,pini
33,approach,deda akwaṅ
33,approbate,pene
33,approbate,-so
33,approbation,opene
33,approbation,mpeneso
33,approve,pẹ
33,approve,pene
33,approve,kamfo
33,approve,yi ayẹ
33,approve (confirm),si so dua
33,approve (confirm),hyẹ mu deṅ
33,approve (confirm),mã .. tĩm
33,approvement,mpeneso
33,approvement,eso- duasi
33,approximate,(mã) ẹbẹṅ or piṅkyẹ hō
33,apron,mpopahō
33,apron,nsẹṅanim
33,apron,ṅkataanim
33,apt,fata
33,aquarium,afwẹetare(ampatawa n. a. wọm)
33,aqueduct,nsukã(a wọahye da to)
33,Arab,Krãmo
33,Arab,Arabini
33,Arab (pl.),-fo
33,arbiter,ọsennifo
33,arbiter,ọtemmufo
33,arbitrator,ọsentwãmfo
33,arbitrator,ọtemmufo
33,"arc, arch",kontoṅkŭrọwi fã a ẹsoa brb.
33,archer,bẹmma- or agyaṅtofo
33,archer,takurafo
33,architect,ọdaṅsifo
33,architect,adaṅsi hō nyansãkyerẹfo
33,archness,anitee
33,archness,anifere
33,arctic,nea ẹda bẹnkum korã
33,arctic,asase a ẹda --
33,ardent,hyehyé
33,ardent,hyerebahy-
33,ardent,deṅ
33,arduous,nea ẹkọrọṅ
33,arduous,ne foro yẹ ahomete
33,arduous,denneṅ
33,area,asase dabea nsusui
33,area,asase- siṅ a woyẹ so brb.
33,arena,kwasafo or asafo gobea
33,arena,asase siṅ bi
33,argue,yiyi ateṅ
33,argue,kasa asem bi hō
33,argue (dispute),di anobãbáé
33,argument,ase (kyere)
33,argument (debate),asẹmnyiyiano
33,argument (debate),anobãbaedi
34,arid,késē
34,arid,wósē
34,arid,wósew-
34,arid,wésē
34,arid,wésew-
34,aright,tẽ
34,aright,trẽnẽ
34,aright,(ne) kwaṅso
34,arise,sọre
34,arise,soso
34,arise,ba
34,arise,fi
34,arise,pue
34,arithmetic,akõntābu
34,ark,adaka
34,ark,hyeṅ
34,arm,nsa
34,arm,basa
34,arm,abaw(F)
34,arm,abommá
34,arm,mmọtoam
34,arm,basa-kòkóm
34,arm,mĩa
34,arm,hyehye
34,arm,mã akõde
34,arm,kọ amĩa mu
34,arm,bọ ntoa
34,armadillo,ẹpra
34,armadillo,a-
34,armadillo,ọprā
34,armadillo,m-
34,armadillo,aprawa
34,armour,akõde
34,armour,ntoa
34,armour,akõdekurafo
34,armour,ntoaṣẽfo
34,arms,akõde
34,arms,amĩade
34,army,ẹḍom
34,army,asafo
34,army,nsrafoku
34,aromatic,nea eyi hũã
34,aromatic,hũãmhũãm
34,aromatic,Ak. fẅãmfẅ-
34,around,hõ
34,around,hõ hyia
34,around,kọntọṅkrọṅ
34,arouse,nyaṅ
34,arouse,Ak.nyáne
34,arouse,kânyaṅ
34,arrange,siesie
34,arrange,sesẹu
34,arrange,hyehye
34,arrangement,nsiesiei
34,arrangement,nsesẹe
34,arrangement,ṅhyehyeẹ
34,array,siesie
34,array,toto
34,array,hyehye
34,array,gyina-gyina
34,array,tẅa mpasũa
34,arrect,kyérebeṅṅ
34,arrect,tǒrodō
34,arrect,(ye) ọworobẽṅ
34,arrest,kyere
34,arrest,bọ duam'
34,arrest,sĩañka
34,arrive,du
34,arrive,du hõ
34,arrive,sõ
34,arrogance,ahantaṅ
34,arrogance,ahõkyerẹ
34,arrogance,ahupọ
34,arrogance,apesẹmadi
34,arrogance,di bamé
34,arrogance,-bamṣẹm
34,arrogance,-adehyesẹm
34,arrogate,gye brb.
34,arrogate,anuọḍeṅ
34,arrogate,ntintinanim so
34,arrogation,ntintinanim
34,arrogation,anuọḍeṅ
34,arrogation,bamḍi
34,arrow,agyaṅ
34,arrow,-dua
34,arrow,ebẹṅ
34,arrow,bẹmma
34,arrow,-duā
34,arrow,tō agyaṅ
34,arrow,bẹmma
34,arsenal,akõde-korabea
34,arsenal,ak-fi
34,art,nyansã
34,art,adẅinni
34,art,aniteẹ
34,artery,ntini a ẹhome
34,artery,mogya
34,artery,akọsaṅ ntini
34,artery,ntini home
34,artery,pere
34,artful,onyansãfo
34,artful,onitefo
34,article,ade
34,article,nneẹma-
34,article,agẅade
34,article,gyidi
34,article,-kãṣẹm
34,article,emọm
34,article,di ahyẹm
34,article,hyẹ hõ mmăra
34,article,mọm
34,article,hyẹ adẅuma mu
34,article,osũani sẹ
34,artifice,nyansã
34,artifice,aniteẹ
34,artifice,nnãdã
34,artifice,nsisi
34,artificer,odẅumfo
34,artificer,a-
34,artillerist,oprẹmtofo
34,artillery,aprẹmku
34,artist,odẅiṅkyerẹfo
34,artist,mfoniniyefo
34,as,sẹ
34,as,te sẹ
34,as,sẹnea
34,as,nna dodo a..
34,as,dodo a..
34,as,mpẹṅ dodo a..
34,as,tọ me ũkõ a
35,ascarides,ṅkoṅkomi
35,ascend,foro
35,ascend,ko osoro
35,ascension,osoroko
35,ascent,oforo
35,ascent,ko
35,ascertain,hũ mu nokware
35,ascertain,mã emu da ho
35,ascribe,bu mã
35,"ashamed, to be",ani wu
35,"ashamed, to be",tõ
35,"ashamed, to be",anim gu ase
35,"ashamed, to be",fere
35,"ashamed, to make",hye
35,"ashamed, to make",kum
35,"ashamed, to make",aniwu
35,"ashamed, to make",gu anim ase
35,"ashamed, to make",sopa
35,"ashamed, to make",bo ahohora
35,ashes,nsõ
35,ashes,gyarensõ
35,ashes,ṅkyéremma
35,ashore,mpoano
35,ashy,nsõnsõ
35,aside,ṅkyeṅ
35,aside,hõ
35,aside,"§ 208, 3"
35,aside,ofã
35,"aside, to go",mãṅ
35,ask,bisa
35,ask,sěre
35,ask (inquire),pẽ mu
35,"asleep, to be",da
35,"asleep, he is",wada
35,"aslope, to be",soṅ
35,"aslope, to be",odaṅ no soṅ
35,asp,ahurutoa
35,aspect,ani
35,aspect,senea ete
35,aspect,wi mu
35,asperse,petẽ (gu so)
35,asperse (fig.),ye osusukã
35,asperse (fig.),ntwatoso
35,asperse (fig.),mmotoso
35,aspersion,opetẽ
35,aspersion (fig.),osusukã
35,aspersion (fig.),botirimkã
35,aspersion (fig.),mmotoso
35,aspersion (fig.),ntwatoso
35,aspersion (fig.),nsekubo
35,aspersion (fig.),anotõ
35,asphalt,amã
35,asphalt,amãbo
35,aspirant,nea ofwẽfwẽ adwuma
35,aspirant,dibea
35,aspiration (of air),ohome(gye)
35,aspiration (fig.),anigyina
35,aspiration (fig.),ntòkoso
35,aspiring,nea ofwẽfwẽ brb. kese
35,aspiring,ade kese fwẽfwẽ
35,asquint,akyewakyé
35,ass,afũrum
35,assail,toa
35,assail,tua
35,assail,tõ
35,assail,hye so
35,assail,gu so
35,assail,twi pũa
35,assail,pũap-
35,assail,pe.. atutu
35,assail,totore
35,assassinate,diawu(ṅkontompo so)
35,assassinate,teu
35,assassinate,nam ase kum
35,assay,so.. fwẽ
35,assemble,boa ano
35,assemble,hyia
35,assemble,hyia mu
35,assemble,bo gũa
35,assembly,nhyiam
35,assembly,gũabo
35,assembly,bagũa
35,assent,pene
35,assent,mpenesó
35,assert,kã
35,assert,si so dua
35,assert,foa nsemmoa
35,assets,ade a esõ ka bi tua
35,assiduity,mmodeṅbo
35,assiduity,nsĩ
35,assiduity,anẽm
35,assiduous,nea oye nsĩ
35,assiduous,mmodeṅso
35,assiduous,obisadeṅ
35,assign,yi
35,assign,yi.. mã
35,assimilate,brb. nè brb. se
35,assimilate,or guam
35,assist,boa
35,assist,di boa
35,assist,gya
35,assist,gye
35,assist,so mu
35,assist,gyina akyi
35,assistance,oboa
35,assistance,sisiso
35,assistance,ogye
35,assistance,(so) abia
35,assistance,"§ 131, 2"
35,assistant,oboafo
35,assistant,okyigyinafo
35,associate,bo
35,associate,bom'
35,associate,si kòso
35,association,asafo
35,association,feku
35,association,kòsosí
35,assort,kyekye brb.mu ahoroah-
35,assort,baebae
35,assort,or bõebõe mu akuaku
35,assuage,(mã)ano dwo
35,assuage,bẽre ano ase
35,assume,gye
35,assume,ye se..
35,assume,pene (se ewom)
35,assume,gye brb. anuoḍeṅ
35,assume,nyãtwom
35,assume,or aporiso
35,assume (a robe),hye
36,assure,foa nsemmoa
36,assure,si so dua
36,astern,hyeṅ-to
36,asthma,tētē
36,asthma,ntèhyé
36,"astonished, to be-",ani so or asõm ye yā
36,"astonished, to be-",hõ dẅiri
36,"astonished, to be-",abọ no nyoṅṅo F. = eye no ṅwoṅwã
36,astonishment,ahõbõ
36,astonishment,ahõdẅiri
36,astonishment,ṅwoṅwã
36,astonishment,As. ṅwãṅwã
36,"astray, to go-",yera
36,"astray, to go-",tõ or fõm kwaṅ
36,"astray, to go-",hāra
36,"astride, to stand-",si apoṅkoṅáṅ
36,astringe,dẅom'
36,astringe,mĩa bọm'
36,astronomy,nsoroma hõ nimdeẹ
36,astronomy,nsoromasẹm
36,astute,oniferefo
36,astute,onitefo
36,asylum,gũaṅkobea
36,asylum,gũaṅdobea
36,at,hõ
36,at,so
36,at,mu
36,at,ṅkyeṅ
36,at,ano
36,at -once,prẹkõ
36,at -once,-pẹ
36,athwart,mmeamu
36,atlas,nsase horo hõ mfoninikũ
36,atmosphere,ẅi
36,atmosphere,ẅim
36,atmosphere,ahuṅmu
36,atom,ade kétekete
36,atom,-dúkud-
36,atom,-miawami-
36,atone,pata
36,atone,hyẹ anaṅmu
36,atonement,mpátá
36,atonement,ṅhyeanaṅmu
36,atrocity,atirimodenne
36,atrocity,adẅemmone a ẹye hũ
36,attach,kã .. bọ hõ
36,attach,kã hõ
36,attach,bata
36,attach,fãm
36,attack,toa
36,attack,tua
36,attack,tõ hye or- gu so
36,attack,fẅe so
36,attack,bọ ani
36,attack,bare
36,attain,nyã
36,attain,du hõ
36,attain,nsa kã
36,attain,usa sõ so
36,attempt,sọ or ye .. fẅe
36,attempt,kã .. fẅe
36,attempt,kekare (n'anim)
36,attempt,bọ hõ mmọdeṅ
36,attend,bu
36,attend,dẅeṅ hõ
36,attend,or so
36,attend,fẅe
36,attend,trã hõ
36,attend,tie frẹ
36,attend,sõm
36,attend (to a hunter),di .. agyau = di ọbọfó
36,attendant,nea odi obi anaṅ ase or akyi
36,attendant,ọkã 'bi hõ
36,attendant,ọsomfo
36,attendant,ọhõkãfo
36,attendant (Chief's-),gyaaseni
36,attendant (Chief's-),aheṅkwã
36,attention,asõyẹ
36,attention,! mónyẹ asõ!
36,"attentive, to be-",tie
36,"attentive, to be-",ye or ẅeụ asõ
36,attentively,komm
36,attest,di adanse
36,"attest, call for-",hye ad
36,attire,hyẹ atade
36,attire,hyehye
36,attire,fura
36,attire,wura
36,attitude,gyinabea
36,attitude (also fig.),gyinabea
36,attract,brb
36,attract,tẅe or frẹ brb. ba
36,attribute,su
36,attribute,mmãraṅ
36,attribute,dibea sẹṅkyerẹne
36,attribute,de diṅ or mmãraṅ bọ
36,attribute,mã
36,auction,awuọsõṅ-tọṅ
36,audacity,anuọdeṅ
36,"audacity, deeds of-",anuọdénné
36,audience,asõyẹ
36,audience,otie
36,audience,atiefoku
36,aught,biribi
36,aught,biribiara
36,aught,fẅe
36,augment,ba gu mu
36,aunt,eṅã or agya nuabea
36,aunt,"eṅã (kũmã, -kakra)"
36,aunt,ọsewa
36,auricle,asõkorã
36,aurora,aṅopa ẅia or haṅṅ
36,aurora,animbãbae
36,austere,nea oyẹ deṅ
37,author,oyɛfo
37,author,okyerɛufo
37,author,ofarebae
37,authorise,mã (hõ) kwaṅ
37,authorise,hyɛdeṅ
37,authorise,mã tumi
37,authorise,to mmati
37,authority,tumi
37,authority,ɛsodi
37,autocracy,tumi a ɛde nehõ or edi ne ti mũ
37,autocracy,tumi koro
37,autocracy,a ebi nni akyiri
37,autocrat,oheṅkɛse
37,autocrat,opumpuni
37,autonomy,tumi a ɛde nehõ or ɛsõ ne koṅ
37,autumn,tẅabere
37,autumn,adommere
37,autumn,ofupe
37,autumn,obɛnsã
37,avail,di
37,avail,boa
37,avail,yɛ or wo mfaso
37,avail,yɛ brb.
37,avail,mã..ko so
37,avalanche,sukyerɛma atoato (a emuni gu boṅ mu)
37,avarice,pepee
37,avarice,anibere
37,avarice,amimdi
37,avarice,pɛseṅkõnyã
37,avarice,ṅkyɛkyɛ
37,avenge,to ẅere
37,avenge,di-
37,average,kã hõ kyekyɛ mu pepepe
37,average,ṅkekãhõ or mfakãhõ a wo-asaṅ akyekyɛ mu pepepe
37,avert,yi fi hõ
37,avert,sĩaṅka
37,avert,kwae
37,avert,daṅ
37,avidity,adifude
37,avidity,pɛ
37,avidity,anibere
37,avoid,gũaṅ
37,avoid,nyã okwaṅ fi mu
37,avoid,kwae
37,avoid,kwati
37,avoid,yi akwa
37,avow,kã faṅṅ
37,avow,paem' kã
37,await,tẅeṅ
37,await,fẅe okwaṅ
37,await,dẅeṅ hõ
37,awake,nyãṅ
37,awake,nyane
37,awaken,nyãṅ
37,awaken,nyane
37,aware,nim
37,aware,kari
37,aware,ani wo so
37,away,ko
37,away,kyene
37,away,gu
37,away,fi ho
37,away,to be-
37,away,nni ho
37,away,far-
37,away,akyiriky-
37,awe,fɛre
37,awe,osuro
37,aweary,nea wabere
37,aweary,ahau
37,aweary,sĩãmõ
37,awful,nea eyɛ fɛre
37,awful,eyɛ hũ
37,awful,ahũde
37,awhile,da or bere bi
37,awhile,prãṅṅ
37,awhile,kakra
37,awkward,nea ne su nye fɛ
37,awkward,tantaṅ
37,awkward,aboboṅkuku
37,awl,fitii
37,awl,fitié
37,awning,ṅkataso
37,awning,aběrannã
37,ax,abonuá
37,ax,atẅapó
37,ax,akũmã
37,axe,abonuá
37,axe,atẅapó
37,axe,akũmã
37,axle,teaseɛnamnaṅ(ntẅahõnaṅ) usa
37,axle-tree,teaseɛnamnaṅ(ntẅahõnaṅ) usa
37,ay,ɛhɛ
37,ay,ẅie
37,babble,toatoa nsɛm
37,babble,kasa aniham
37,babble,kõrodok-
37,babbler,okasafo
37,babbler,n'ano kũrokũro
37,babbler,yɛ brámmram
37,babbler,bǐrebǐre
37,babe,akokoã
37,baby,akokoã
37,baboon,boapea
37,bacchanalian,osã-nõmfo
37,bacchanalian,bofo
37,bacchanalian,dẅeam
37,bachelor,aběrante sigyafo
37,bachelor,ohõkwafo
37,back,gyina..akyi
37,back,wau
38,back,akyi
38,back,akyiri
38,hump-,afũ
38,to lie on the-,da ayannya
38,-side,sisiakyi
38,backbite,tẅiri
38,backbite,bọ or di nseku
38,backbite,tõ sõ
38,backbiter,otẅirifo
38,backbiter,osekufo
38,backbiter,okóntomponi
38,backbone,akyidompe
38,backslider,okyirisaṅfo
38,backslider,nea wapa gyidi
38,backward,akyiri
38,backward,ṅkyiriṅky-
38,bacon,prakonãm a woahye no ṅkyene
38,bad,bọne
38,bad,mũmọ
38,bad,tantaṅ
38,bad,..fọ
38,badge,agyirae
38,badge,nsõ
38,baffle,di hũammọ
38,bag,kotoku
38,bag,atẅẽa
38,bag,bọtowa
38,(of grass) bag,tekrekyi
38,baggage,nneɛma
38,baggage,nnosoa
38,bailiff,sãmãnã hõ bọfo
38,bait,darewa
38,bait,yi nãm
38,(feed) bait,mã aduaṅ
38,(fig.) bait,hau
38,(fig.) bait,yi..tui
38,(fig.) bait,gyigye
38,bait,(darewa ano) nãm
38,(freshm.) bait,akwaṅsoduaṅ
38,(fodder) bait,sare
38,(fodder) bait,apoṅkoha
38,(fig.) bait,bradato
38,(fig.) bait,nnãdã
38,(fig.) bait,ogyigyefẅiremmá
38,bake,tõ
38,bake,tõtõ
38,bake,kye
38,baker,abodõtõfo
38,balance,nseṅia
38,balance,kari
38,-an account,bu akapěrέ
38,-a debt,bu..teu
38,bald,nea apa
38,-on the body,hõpae
38,-on the head,tipae
38,baldness,tipae
38,baldness,hõpae
38,bale,agẅadesoa
38,-v.,kyekye ag-
38,ball,aboba
38,ball,korabo
38,ball,ade korokorowa
38,ball,tou
38,balloon,ahuṅmuhyeṅ
38,balsam,aduhũãm
38,balsam,ofẅãnnua
38,bamboo,mprampṷro
38,banana,kwadu
38,-cluster,kw. duru
38,band,hãma
38,band,bẽnã(Ak.)
38,band,bamma
38,band,ntammab-
38,band,abotiri
38,(company) band,asafo feku
38,(music.) band,agofomma
38,bandit,odẅotẅafo
38,bandit,okwaṅmukãfo
38,bane,bọre
38,bane,awuduru
38,(fig.) bane,osee
38,(fig.) bane,mmusu
38,banish,pam
38,banish,tu
38,bank,(of river) asukoṅ
38,bank,nsuãno
38,bank,asuboṅteṅ-ãno
38,(exchange) bank,sikakorae
38,(exchange) bank,sikasesãe
38,banker,sikasesãfo
38,banker,-femfo
38,banker,-korafo
38,bankrupt,nea gẅa abọ no
38,bankrupt,afẅe no fam
38,bankrupt,wagu asu agẅadim
38,banner,ofraṅkã
38,banquet,aponto
38,banquet,adidi
38,"bans, proclaiming of the-",aware pae
38,"bans, proclaiming of the-",so bọ
38,baptism,asubọ
38,bar,dua
38,(bolt) bar,korokoro
38,(fig.) bar,abeu
38,(fence) bar,pampim
38,(fence) bar,baṅ
38,(inn) bar,ahọhodaṅ
38,(of lawyers) bar,akasagyefokú
38,-of iron,adabaṅ
38,-of lead,abodabáṅ
40,battue,atwẽ
40,battue,bo
40,battue,ko a
40,battue,atwẽfó
40,battue,homofo
40,battue,boabo
40,battue,tabaṅfo né woṅ a woṅ ko at
40,bawl,kasa denneṅ
40,bawl,bom
40,bay,doṅnoṅ
40,bay,băraka
40,bay,epo-faka
40,bayonet,boṅowóṅò
40,bazaar,egũa(so)
40,be,ue
40,be,ye
40,be,wo
40,be,di (neg.)
40,be,te
40,be,si
40,be,da
40,be,gu
40,be,nam
40,beach,mpoãno
40,beach,nsuãno
40,bead,ahene (afwẽnéẹ)
40,bead,bótá
40,bead,boḍóm
40,bead,néṅkyènema
40,bead,ahenewá
40,bead,amaṅkwátía
40,bead,púka
40,bead,boṅhoṅ
40,bead,baṅkám
40,bead,teteasó
40,beadle,dawurubofo
40,beadle,asoṛedaṅmu somfo
40,beadle,sămãnã bofo
40,beak,anõma ano
40,beam,mpuraṅ
40,beam,nsẹmsodua
40,bean,asẹ
40,bean,asẹdua
40,bean,asẹ-tẽú
40,bean,nsetĩã
40,bean,nsenséṅkùá
40,bean,akítè-rekũ
40,bean,àpateram
40,bean,asaahensã
40,bean,asehũãm
40,bean,átwẽ
40,bean,ẹkyĩ
40,bean,aboboe
40,bear,sisi
40,bear,nsoromasoṅ
40,bear,so
40,bear,soa
40,bear,sẽ
40,bear,kura
40,bear,turu
40,bear,sõ(aba)
40,bear,wo
40,bear,mĩa ani
40,bear,di yare no
40,bear,mafa me tirim
40,beard,bogyese
40,beard,anodaso
40,bearer,odesoáni
40,bearer,ad--fo
40,bearer,o-soafo
40,bearing,yobea
40,beast,aboa
40,beast,aboawa
40,beast,akekàbóa
40,beat,bo
40,beat,boro
40,beat,fwe
40,beat,kã
40,beat,yàṅ (akyene)
40,beat,yi dom
40,beat,kã gu
40,beat,di ṅkõnim
40,beau,ohofwĩni
40,beau,a--fo
40,beau,wewé
40,beautiful,fe
40,beautiful,fefẹ
40,beautiful,osó
40,beautiful,kámã
40,beauty,ahõofe
40,beauty,bere
40,because,efise
40,because,esĩane sẹ
40,because,nti
40,becalm,ďwuďwo
40,becalm,ye komm
40,beckon,nyãmá
40,beckon,bo..ba
40,beckon,obábo
40,become,ye
40,become,daṅ
40,become,nyiṅ
40,become,fata
40,become,ko..yiye
40,become,bo akorá
40,become,aberewá
40,bed,kẹte
40,bed,mpa
40,bed,nnae
40,bed,osukã
40,bed,osuboṅ
40,bed,kófí
40,bed,odaso
40,bed,dabere
40,bed,dabekyiri
40,bed,pia
40,bed,mpadua
40,bed,mpatiá
40,bed,nnabere
40,bed,mpasokobere
40,bed,adu nna so
40,bedew,petẽ so
40,bedew,gugu- nsu
40,bedew,fou
40,bedrop,gugu or petẽ so
40,bedrop,nsu
40,bedrop,aduru n. a.
40,bee,odowa
40,bee,nn-
40,beef,nantwĩnãm
40,beer,bǒrofo-ahai
40,beetle,tantakumã
40,beetle,amãṅkú
40,beetle,kukrubínsiṅ
40,beetle,téféré
40,beetle,atwăkúrudu
40,beetle,adwobótoku
40,beetle,obá
40,beetle,atẽ
40,beetle,asikásiká
40,beetle,asãmanadwo
41,befall,ba
41,befall,mu
41,befall,so
41,befall,sĩane
41,befall,ye
41,before,anim
41,before,anim-fãm
41,before,twa ano
41,before,di kan
41,before,anim
41,before,kan
41,before,no
41,before,ansã na
41,befriend,ye (obi)yiye
41,befriend,fa adamfo
41,befriend,me nè no fa oyoŋkõ
41,beg,sẽre
41,beg,sẽres
41,beg,bisá
41,beg,pakye
41,beg,hũa (aduaŋ)
41,beg,"pardon, pa kye"
41,beg,"your pardon, kose"
41,beg,tafrakye
41,beget,wo
41,beget,"of animals, foro"
41,beget,kã
41,beggar,ohũafo
41,beggar,osẽresẽrefo
41,beggar,ohĩani
41,beggar,a--fo
41,begin,fi ase
41,begin,fitĩ
41,begin,di kan ye
41,begin,hye ase
41,begin,bõe
41,begin,bo ade
41,begin,"anew, bo mmófóro"
41,begin,"to-trade, gye batá"
41,beginner,asefifo
41,beginner,odikaŋfo
41,beginner,mmoforobofo
41,beginning,ase
41,beginning,fi
41,beginning,fiti
41,beginning,hye
41,beginning,mfiase
41,beginning,mfitiase
41,beginning,nhye
41,beginning,mmo
41,beginning,"in the first, kan"
41,beginning,kaŋkyereky
41,begird,mĩa
41,begird,kyekyere
41,begird,boso
41,begird,mu
41,begone,ho
41,begone,fi ha
41,begone,fi me so
41,begone,ko
41,beguile,dãdã
41,beguile,sisi
41,beguilement,nsisi
41,beguilement,nnãdã
41,beguilement,amimdi
41,behalf,nti
41,behalf,obi or brb. hõ
41,behalf,do or mfaso nti
41,behalf,obi diù mu
41,behave,bo bāra
41,behave,bu
41,behave,bu maŋ
41,behave,ye
41,behave,di
41,behave,"proudly, di bam(e)"
41,behave,bo ṅkyekwākyēma
41,behaviour,bāra
41,behaviour,bărabaŋ
41,behaviour,abāra-bo
41,behaviour,abārabu
41,behaviour,amammui
41,behaviour,"good, obāra-pa"
41,behaviour,"bad, bǎrakyé"
41,behead,twa ti
41,behind,akyi
41,behind,akyiri
41,behold,fwe
41,behold,gye
41,behold,fwe
41,being,asetrã
41,being,ade
41,being,abode
41,belch,kesiu
41,beleaguer,tua kũro
41,beleaguer,to..mu
41,beleaguer,tua pratũ
41,beleaguer,cf. blockade
41,beleaguerer,nea otua..pratũ
41,beleaguerer,kũrotuafo
41,belfry,odoŋ aseñē
41,belief,gyidi
41,belier,oŋotõtõfo
41,believe,gye di
41,believe,gye tie
41,believe,susu
41,bell,odoŋ
41,bell,nnoŋnomma
41,bell,adomma
41,bellow,sũ
41,bellows,afa
41,belly,yam
41,belly,yafunu(m)
41,belong,brb. ye obi de
41,belong,wo obi
41,beloved,pa
41,beloved,odofo
41,beloved,nea wo-do no
41,below,ase
41,below,fam
41,belt,abomu
41,belt,aboso
41,belt,ṅkyekyeremu
41,bemire,gu..hõ fĩ
41,bemoan,di hõ ṅkommo
41,bemoan,were ho hõ
41,bemoan,sũ
41,bemoan,gyam
41,bench,agua
41,bench,mâñó
41,bench,sékyedua
41,bench,sétwěd
41,bend,kontoŋ
41,bend,kuntuŋ
41,bend,kyea
41,bend,kõm
41,bend,pono
41,bend,mõṅkyěm
42,beneath,ase
42,benediction,ṅhyira
42,benediction,aseda
42,benefactor,yiyeyefo
42,benefactor,oḍēfoo
42,benefactor,daasebere
42,benefactor,abisansuaamãnsã
42,benefactor,okúm`kóm
42,benefit,yiyeye
42,benefit,ayeye
42,benefit,papa
42,benefit,oḍōm
42,benefit,adepa
42,benefit,mfaso
42,benevolent,yam ye
42,benignity,ayamye
42,benignity,papaye
42,benumb,mã..kyēṅkyēṅ
42,bequeath,de samanse gyau mã...
42,bereave,fẅim
42,bereave,yi..ko
42,bereave,gye..nsam
42,"berg, of ice",nsukyeṅē bepo (aetā pò só)
42,berry,aduaba
42,berry,kafe
42,berry,asã
42,berry,obobe
42,beseech,sĕre
42,beseech,koto
42,beseech,"sĕre, pa kye"
42,beset,tua
42,beset,tẅa hō hyia
42,beset,hō si
42,beset,bo hō dantabaṅ
42,beset,kontoṅkrōṅ
42,beside,ṅkyeṅ
42,beside,akyi
42,beside,ṅkāmfŭa
42,beside,gyàbau
42,beside,saṅkyiri
42,beside,ásà
42,beside,sono
42,beside,nni mu
42,beside,mfra
42,beside,kā hō
42,besiege,(de dom) kā...hye mu
42,besiege,tẅa..hō hyia
42,besiege,tua..hyia
42,besmear,kwau
42,besmear,gu hō fì
42,besmear,kekā
42,besmear,sra
42,besmear,due
42,besmoke,ho (nàm)
42,besmoke,pūṅ
42,besmoke,pūnu
42,besom,ohŭãe
42,besom,oprae
42,besom,nsámă-nãpr-
42,bespeak,hye ase
42,bespeak,yi kyere
42,bestial,nea oye brb
42,bestial,se aboa or kwasea
42,bestial,oye nehō ṅwiniṅ-ẅini
42,bestir,kǎnyaṅ
42,bestir,hō
42,bestir,hwǎnyaṅ
42,bestir,mã naṅ so
42,bestir,kǎ wo hō
42,bestow,mã
42,bestow,kye
42,bestow,dōm
42,bestow,sie
42,bestrew,pĕ
42,bestrew,bo petĕ
42,bestrew,fẅete
42,bet,kyia
42,betime,ntem
42,betime,anopatutu
42,betime,ahema
42,bethink,susu
42,bethink,dẅene hō
42,bethink,kǎe..tirim
42,betray,kyere obi so kwaṅ
42,betray,yi adi
42,betray,yi mã
42,betray,pa akyi
42,betrothed,siyere
42,between,ntam
42,between,mu
42,beverage,nsã
42,beverage,anōnne
42,bewail,di..hō ṅkommo
42,bewail,sū
42,bewail,gyam
42,beware,fẅe yiye (brb. hō)
42,beware,da..hō so
42,beware,ẅeṅ
42,bewilder,tirim ye..kēsĕnénene
42,bewilder,asem tu fram obi
42,bewilder,bo birim
42,bewitch,ye or deu báyi
42,bewitch,kyere (kabere)
42,bewitch,tram
42,bewitch,trantram
42,beyond,nohọ
42,beyond,nohŏã
42,beyond,akyiri
42,beyond,tra
42,beyond,seṅ
42,beyond,bu so
43,bicycle,dadepoṅko
43,bicycle,aṅkōnam
43,bicycle,afiri
43,bid,hye
43,bid,kākyere
43,bid,hyia
43,bide,trã
43,bide,te
43,bide,ka họ
43,big,kesé
43,big,kòkŭrō
43,big,kàkrā
43,big,kàṅkrāṅ
43,big,sõ
43,bigamy,ayeredodo aware
43,bight,epo donnoṅ
43,bight,bāraka
43,bile,bore
43,bile,boṅwoma
43,bill,beak
43,bill,ṅkŭrobo ṅhọma
43,bill,adefirifo nè akáfó ṅh
43,bill,agŭade akōntā
43,bill of lading,hyeṅ agŭade so ṅh
43,bill of entry,agŭade hõ tō ṅh
43,bill of fare,nnuaṅhoro hõ ṅh
43,bill of fare,apónto ase
43,bill-hook,adare
43,bill-hook,aderẹ
43,billow,osorokye
43,bind,kyere
43,bind,kyekye
43,bind,kyekyere
43,bind,dwere
43,bind (with chains),gu ṅkoṅsoṅkoṅsoṅ
43,bind (tie animals),sã
43,bind (tie animals),mantam
43,biography,obi asetrãm or ṅkwã hõ asem
43,bird,anõma
43,bird,anōmā
43,bird,atuboa
43,bird,atakăraboa
43,bird-catcher,oṅomayifo
43,birth,awo
43,birth-day,awoda
43,birth-place,awobea
43,birth-place,fākõ a wowoo bi
43,birth-place,awoẽ
43,birthright,awo mu dibea
43,birthright,panyiṅ
43,biscuit,pânó
43,biscuit,asikrepânó
43,bisect,kye
43,bisect,bu mu
43,bisect,abieṅ
43,bisect,ḍwata mu
43,bisection,ṅkyemu
43,bisection,ṅwatam
43,bishop,osofopanyiṅ
43,bishop,sofwẹfo
43,bit,tromá
43,bit,atromá
43,bite,ka
43,bite,keka
43,bite,ka so
43,bitter,ṅwene
43,bitter,ṅwuṅ
43,bitter,ṅwene-ṅw-
43,bitter,ṅwoma-ṅw-
43,bitterness,ṅwene
43,bitterness (enmity),aka
43,bitterness (sadness),awẹreho
43,bitterness (cruelty),atirimodeṅ
43,black,tumm
43,black,tuntum
43,black,biri
43,blackboard,kyerẹupoṅ tuntum
43,blackguard,obufo
43,blackguard,búrùm
43,blacksmith,otòmfó
43,bladder,ḍwẹnsotoã
43,bladder,horónòa
43,bladder,dodoṅkú
43,blade (of knife),osekaṅfua
43,blade (of knife),ano
43,blame,bo ahohora
43,blame,bo..sõbo
43,blame,nūnu
43,blame,nŭrŭ
43,blame,kā anim
43,blame,de..to..so
43,blanch,mã..hoa
43,blanch,mã..yẹ fitā
43,blank,fwẽ nni so
43,blank,hunu
43,blank,mpãṅ
43,blank,fitā
43,blanket,kūntū
43,blanket,tām
43,blaspheme,kā (hõ) abususem
43,blaspheme,dome
43,blaspheme (fig.),bo dimmone
43,blaspheme (fig.),yau
43,blast,hye
43,blast,kisã
43,blast (fig.),see
43,"blast, blasting",ahum
43,"blast, blasting (drought)",ohõ
43,"blast, blasting (scent)",pãmpãṅ
43,blaze,deu
43,blaze,fram
44,blaze,ogyaframa
44,blaze,ogya a ede
44,blaze,eso
44,blaze,ehye framfram
44,bleach,hoa
44,bleach,daṅ fitā
44,bleach,"ed calico, krada"
44,bleach,ṅwera
44,bleed,sa
44,bleed,sesa
44,bleed,sŭaṅ
44,bleed,fi mogya
44,blemish,dɛm
44,blemish,ṅkekãe
44,blend,de..frafra
44,blend,di afuntumfra
44,bless,hyira
44,blessing,ṅhyira
44,blind,onifuraefo
44,blind,nea n'ani afira
44,blindfold,mŭa ani
44,blindness,anifurae
44,blindworm,osunsóṅ
44,blister,horónòa
44,blister,dodoṅkú
44,blister,ehyɛṅ
44,blister,mpumpunnyá
44,blister,ogya hye wo na ɛho bɔ horónoa a
44,blister,wose: abo mp.
44,blister,bɔ horónoa
44,blister,dodoṅkú
44,blister,mpumpunnyá
44,blister,air or soap bubble ehyɛṅ
44,block,dua
44,block,duasiṅ
44,block,dufokyé
44,block,dufua
44,block,"to put in-, bɔ .. duam"
44,block,bɔ .. pã
44,block (up),si kwaṅ
44,blockade,kŭrotuá
44,blockade,kŭro-ṅkãhyem
44,blockade,tua kŭro
44,blockade,siu ano
44,blockade,to ... mu
44,blockade,tua pratŭ
44,blockade,wotua obi pratŭ
44,blockade,i. e. obi wo daṅ mu na woakotoá no na onnyã kwaṅ mfa bãbi
44,blood,mogya
44,blood,bogya
44,blood,ṅkra
44,blood,káfò
44,blood,"thirsty, mogyape"
44,blood,"we are of the same-, me nè no di abogyafra"
44,bloodshed,mogyagu
44,bloodshed,awudi
44,bloodvessel,ntini
44,bloom,gu ṅfwireṅ
44,bloom,tu mpesee
44,bloom,fefe
44,blossom,ṅfwireṅ
44,blossom,mpesee
44,blot,kekã
44,blot,hura hɔ
44,blot,popa
44,blot,sensaṅ mu
44,blouse,kaba
44,blouse,kabasĕroto
44,blouse,mmã akoṅmutade
44,blow,hū
44,blow,huhū
44,blow,fita
44,blow,mframa bo
44,blow,mfare
44,blow,ahum tu
44,blow,hòmé
44,blow,hyeṅ
44,blow,torobéṅ-to
44,blow,abéṅ
44,blow,"the nose, hẽm fwenem"
44,bludgeon,asabā
44,bludgeon,apòríbā
44,blue,brū
44,blue,"dark-, bibiri"
44,blue,"light-, hoa"
44,blunder,tō
44,blunder,fõm so
44,blunt,kum ano
44,blunt,dwo-
44,blunt,bu-
44,bluntly,kwa
44,blush,anim bere
44,blush,anim gu ase
44,blush,ani wu or kã ase
44,boar,prako-nini
44,boar,batafo-
44,boar,ko-koté
44,boar,ebée
44,boar,"s tusk, batafósè"
44,board,fwɛ
44,board,mã .. aduaṅ
44,board,bɔ akoṅhãma
44,board,akwaṅhãma
44,board,tâbo
44,board,brête
44,board,mm-
44,boarder,nea woṅda aduaṅ mã no
44,boarder,wobo no akoṅhãma
44,boarding school,akoṅhãmabo-sŭabea
45,boast,hoahoa
45,boast,hyehye
45,boast,yi nehõ aye
45,boast,ye onopon
45,boastfulness,onoponhunu
45,boat,obonto
45,boat,okóró
45,boat,hyeṅ
45,boat,ahyemma
45,boat,batâdewa
45,boatman,okórófo
45,boatman,ohàrefo
45,boatman,okwámfó
45,body,hõ
45,body,ohõnam
45,body,nipadua
45,body,nipamũ
45,body (dead),amũ
45,body (dead),efunu
45,body (torso),akonsiṅ
45,body-guard,aṅkóbéá
45,bog,dontorí
45,bog,atekyé
45,bog,dèṅkyéd'
45,boil,horónoa
45,boil,pompó
45,boil,huru
45,boil,nõa
45,boiler,nea woṅõa brb. wom'
45,boiler,osèṅ
45,boiler,kuku
45,bold,ye nnam
45,bold,ani ye deṅ
45,bold,koko ye duru
45,bold,okatakyí
45,boldly,nnamso
45,boldly,mmarima-
45,boldly,akokobiri-
45,boldly,akakabéṅ-
45,boldness,nnam
45,boldness,anuodeṅ
45,boldness,akokobiri
45,boldness,akakabénsém
45,bolt,korokoro
45,bolt,atwẽsé
45,bolt (arrow),agyaṅ
45,bond,hãma
45,bond,ṅkoṅsòṅkóṅsoṅ
45,bond,mpokyere
45,bondage,akoaye
45,bondage,duam' nna
45,bondman,akoa
45,bondmaid,afãná
45,bondman/bondmaid (pawn),onyã
45,bondman/bondmaid (pawn),awowa
45,bone,dompé
45,bone,kasae
45,bone,ṅ-
45,bonfire,ṅkònimgya
45,bonfire,gyatanná
45,bonnet,ekye
45,bonnet,wá
45,book,ṅhõma
45,book,buku
45,book,brûkú
45,book-binder,ṅhõmapamfo
45,book-case,ṅh. wurabea
45,book-depôt,ṅh. gũadidaṅ
45,book-keeping,ṅkõntā ṅh. so fwẹ
45,book-printing,ṅh. tintim
45,book-seller,ṅh. toṅfo
45,boon,akyede
45,boon,adekyede
45,boot,asepatere tenteṅ
45,booty,asade
45,booty,afõde
45,border,ohye
45,border,tía
45,border,kũrotia
45,border,ano
45,border,bo fuhye
45,border,bo ohye
45,bore,fiti
45,borer,fitii
45,borer,fitie
45,borrow,fẽm
45,borrow,pe bosea
45,bosom,ebo
45,bosom,kokom
45,bosom,yam
45,botany,afifide
45,botany,ṅfwireṅ
45,botany,nnua n.a.
45,botany,hõ nimdee
45,botany,ehõ kyerekyere
45,both,woṅ bānu ṅhĩnā
45,both,n'abieṅ ṅh
45,bottle,tumpaṅ
45,bottle,toa
45,bottle,prentoa
45,bottle,abodeammo
45,bottle,fweaseammo
45,bottle,domfrâse
45,bottom,ase
45,bottom,fam
45,bottomless,nea ase atu
45,bottom (fig.),doṅkud-
45,bottom (fig.),kũroṅ-
45,bough,bã
45,bough,dubã
45,bough,duabasa
45,bound,bo hyebaṅ
45,bound,twa hye
45,bound (restrain),sĩaṅka
45,bound (leap),huru
45,boundary,ano
45,boundary,ohye
45,boundary,fuhye
45,boundary (of town),kũrotia
45,boundary (end),awiei
45,boundary-tree,ohyédua
47,breeches,tẅakoto
47,breeches,wono
47,breeches,ntẅontẅó
47,breed,wo
47,breed,do
47,breed,dodo
47,breed,yeṅ
47,breed,cease
47,breeding,tẅa awo
47,breed,mma
47,breed,asefo
47,breeze,mfare a etu bĕreō
47,brew,nṏa
47,brew,ye ahai
47,brew,nsã
47,bribe,adaṅmude
47,bribe,boā
47,bribe,mmoā
47,bribe,anadẅode
47,bribe,di or gye mmoā
47,bribe taking,mmoádí
47,brick,ntayā
47,brick-kiln,ntayā fṏnṏnṏ
47,bricklayer,obantoni
47,bricklayer,a-fo
47,bride,ayeforo
47,bride,siyere
47,bride-cake,ayeforohyiakao
47,bridegroom,ayeforokunu
47,bride-maid,aye-foro dansefo
47,bride-maid,abāwa
47,bridge,eṭẅéne
47,bridge,mpátá (a woakyere no asu bi so)
47,bridle,nnareka
47,bridle (gag),maniamfrẹ
47,brief,tiā
47,briefly,tiām
47,briefly,ntiantiam
47,brig,byeṅ a asi byeṅnnua abieṅ
47,brigade,asrāfo asafoku
47,brigand,odẅotẅafo
47,brigand,okwaṅmukāfo
47,bright,hănăhănă
47,bright,nyam
47,bright,hăṅṅ
47,bright,hyeṅṅ
47,bright,dàguā
47,bright,hoa
47,bright,nyinam
47,brightly,fràfrafra
47,brightly,fràmfram
47,brim,ano
47,brimful,măṭeṅṅ
47,bring,de(fa)..ba
47,bring,de..bĕre
47,bring,de..ko mã
47,bring forth,yi
47,bring forth,yi adi
47,bring (child),wo (ba)
47,bring (fruit),sõ (aba)
47,bring (fruit),ba (aduaṅ)
47,bring up,yeṅ
47,bring and keep alive,turu mma
47,brisk,ye ade kamkam
47,brisk,ẅeẅe
47,brisk,ntem
47,brisk,oharem
47,brisk,hõ ye hare or deṅ
47,bristle,prakoṅhẅĩ
47,brittle,peṅpeṅ
47,broad,tére
47,broad,tèterĕ
47,broad,tetereté
47,broad,hăhărã
47,broad,bàyā
47,broad,bayab'-
47,broad,tere
47,broil,akasakasa
47,broil,atútu
47,broil,di at-
47,broken,gõ
47,broken,siṅ
47,broken,nea abo
47,broken,abu
47,broken,apae
47,broker,opĕwadífó
47,broker,koṅkosifo
47,brokerage,mpĕwadi
47,brokerage,akatua or mfaso koṅkosi
47,bronchitis,menewayare
47,bronchitis,osáfo
47,brood,mma
47,brood,asefo
47,brood,bū aba (ṅkesua) so
47,brook,asu
47,brook,asuwa
47,brook,asuteṅ
47,broom,oprae
47,broom,ohŭãe
47,broom,nsamănã
47,brother,onua
47,brother,-barima
47,brother,eṅã or agya oba
47,brother-in-law,onua kunu
47,brother-in-law,oyere or okunu nuabarima
47,wife's brother,akontagye
47,brotherhood,onuayẹ
47,brow,ntóṅkã
47,brown,nnodoe
47,brown,nea adou
47,brown,kõ a ebiri
47,brown-red,kokõ
48,bruise,pira
48,bruise,pete
48,bruise,posa
48,bruise,bobo
48,bruise,bubu
48,brush,tu..hɔ
48,brush,twi (hɔ)
48,brush,tui
48,brush,tuié
48,brushwood,mmobā (mmabā)
48,brutal,tirim ye deṅ
48,brutal,to be-
48,brutal,bo .. atirimodeṅ
48,brutality,(mmoadeye)
48,brutality,atirimodeṅ
48,brutality,anibere
48,brutality,ahupɔ
48,brute,gyennyentwí
48,brute,hofwini
48,brute,pl. a-fo
48,brute,ohúhuni
48,brute,pl. a-fo
48,brute,aboa(baṅ)
48,brutish fellow,oṭotóbɔrɔfó
48,bubble,ahuru
48,bubble,horónoa
48,bubble,(air-) ehyeṅ
48,bucket,kàṅkyɛ́
48,bucket,kaṅkyɛsom
48,buckler,okyɛm
48,buckler,pl. a-
48,bud,(afifide) aniwa
48,bud,ńfwireṅ a ehãñe
48,bud,(ńkrũma no abɔ) kukudúdũ
48,bud,fifi aniwa
48,bud,gu ńfwireṅ
48,bud,bɔ pūpū or kukudúdũ (sɛ ńkrũma)
48,budget,kotoku
48,budget,omaṅ or fekusika (a wofwere) hɔ akɔntā
48,buffalo,eko(o)
48,bug,(bed-) mpáboa
48,bug,(stinking-) atē
48,bugbear,kakàé
48,build,si(daṅ)
48,build,"to (abaṅ, ofasu)"
48,build,kyekye (kũro)
48,builder,odaṅsifo
48,builder,odaṅkyeṅfo
48,building,odaṅ
48,building,(stone-) abaṅ
48,bulk,afefarem
48,bulk,kese
48,bulk,kokŭrokó
48,bulk,(lump) tou
48,bulk,(full sum) àkóteṅ
48,bull,nantwinini
48,bull,nantwisàé
48,bullock,(young) nantwĭforo
48,bullock,nantwinini
48,bullock,"hide of-, n-uṅhɔma"
48,bullet,korábó
48,bullet,àbóba
48,bullet,adarebó
48,bully,kasa bĭrébĭre
48,bully,ye gye-gyēgye
48,bulrush,mmeu
48,bulwark,asɛkyɛ
48,bulwark,akɔ̃pɛ̃pɛ̃
48,bulwark,aperee
48,bunch,boā
48,bunch,sĭau
48,bunch,kasĭa
48,bunch,(brode) duru
48,bunch,(hump) afũ
48,bundle,boā
48,bundle,efĭ
48,bundle,(of sticks) pamfĭ
48,bundle,"- of grass, safĭ"
48,bungle,ye brb
48,bungle,sakasaka
48,burden,adesoa
48,burden,pl. nnó-
48,burden,(fig.) ohau
48,burden,nhyeso
48,burden,-dé
48,burglar,(nea obu fa daṅ mu kowia ade)
48,burglar,owifo
48,burglar,okɔ̃roṅfo
48,burglar,a-desoatufo
48,burial,afunsie
48,burial,amŭsie
48,burial,"-ground, -place, anisie"
48,burial,asiei
48,burn,hye
48,burn,hyeu
48,burn,hyehye
48,burn,ohye ano twā
48,burnish,pou hɔ
48,burrow,hunu tokŭru
48,burst,pae
48,burst,teu
48,burst,sŭane
48,burst,bo pete
48,bury,sie (funu)
48,bury,kora (amŭ)
48,burying-place,anisiei
48,burying-place,asiei
48,bush,wura
48,bush,wuram
48,bush,ahabaṅ
48,bush,kwae (ase)
48,bush,(thicket) odoto
49,business,ďwuma
49,business,asem
49,buss,fe... ano
49,buss,mfeano
49,buss,anofee
49,bustle,gyegyĕgye
49,busy,nea oyẹ aďwuma pī
49,busy,nsa nna ho
49,but,na
49,but,nanso
49,but,na mmom
49,but,gye
49,but,ṅkõ
49,butcher,kum
49,butcher,di awu
49,butcher,nea okum nãm toṅ
49,butler,nsàhyẹfo
49,butler,adidifwẹfo
49,butt-end (of a gun),otubá
49,butter,butŭru
49,butterfly,afófántó
49,butterfly,odéfùfū
49,butterfly,gyahéne
49,butterfly,ṅkãni
49,butterfly,kọbọnsọ
49,butterfly,akukuá
49,butterfly,osófó
49,butterfly,nsoromma
49,butterfly,tumm nè hyeṅ
49,buttock,eto
49,buttock,nserekyiri
49,button,ṅkoropẹe
49,button,potw̆om
49,button,toto..mu
49,buy,tọ
49,buy,odetofo
49,buzz,ye hōnyŏh-
49,buzz,tu or tutu asu
49,by,ṅkyeṅ
49,by,hō
49,by,de (fa)
49,by,nam so
49,by,mu
49,by,ereṅkye
49,by,eye kakra a
49,by-law,mmăra mu ntaremu
49,by-law,adaṅyeṅ mmăra
49,by-name,mmăraṅ
49,by-name,nsàbĕraṅ
49,by-word,abẹbusẹm
49,by-word,akasabebui
49,Cabbage,efaṅ
49,Cabbage,ahabaṅ
49,Cabbage,ṅkontòmmèré
49,cabin,hyeṅmudaṅ
49,cabin,hyeṅmupia
49,cabinet,odammá
49,cabinet,pia
49,cabinet,oďwumfo
49,cable,sekyehãma
49,cable,ntampe
49,cable,ntampe hãma ṅkyerẹuē
49,caboceer,ohene
49,caboose,hyeṅ mukaase
49,cacao,kòkó
49,cache,hintabea
49,cackle,kwáne
49,cactus,akrâte
49,cactus,akitaẅifo
49,cadastre,asase horo ahye nè hō nsẹm ṅhōma
49,cadet,akwadā a (woateu no) kyere no srādi
49,cadet,okáàkyíre
49,cadet,apopayám
49,cadger,nea ote gŭaso or abọnteṅ toṅ ade
49,cage,anōma kyerẹṅkye
49,cage,anōmadaṅ
49,cage,bū
49,cage,pesú
49,cage,apokyerefo daṅ
49,caiman,odéṅkyẹm
49,cajole,dèféd -
49,cajole,hoahoa
49,cajole,to brada
49,cake,kao
49,cake,tetare
49,cake,ofãm
49,cake,ṅkyewa
49,calabash,kora
49,calabash,korā
49,calabash,apakyi
49,calabash,ap - wa
49,calamity,mmusu
49,calamity,amane
49,calamity,hunu
49,calamity,abu
49,calamity,asĭane
49,calamity,adesẹe
49,calamity,ahŏhĭa
49,calamity,asefẅe
50,calculate,bu..ano
50,calculate,bu..akɔ̃ntã
50,calculate,susu (brb. hɔ̃)
50,calculation,anobu
50,calculation,akɔ̃ntã
50,caldron,dadeseŋ
50,calender,abùnná ṅhõma
50,calf,nantwĩba
50,calf (of leg),nautu (naṅ akyi) fɔrɔ́tɔ́wa
50,calibre,otuo
50,calibre,ɔprɛm mu tokũru
50,calibre,ano or emu kwaṅ
50,calico,dùkudɔ́ṅ
50,calico,ṅwera
50,calico,mmóā
50,calico,kràdá n. a.
50,calif,krãmo hene or panyiṅ
50,caligraphy,kyerɛu fɛfɛ
50,caligraphy,frɛne
50,caligraphy,frɛṅkyɛmm
50,call,tɔ..diṅ
50,call,frɛ
50,call,bɔ diṅ
50,call,pae
50,call,boṅ
50,call,pɔṅ
50,call,hyia
50,"call (at, on, upon)",kofwɛ
50,"call (at, on, upon)",ba..akyi
50,call (jud.),bɔ kyɛame so
50,call,ɔfrɛ
50,call (bell),ɔdɔṅ
50,calling,adwuma
50,calling,d̃wumadi
50,callosity,kyékyé
50,callous,si kyekye
50,callous,ky. asi ne nsam
50,callous,ne nsam asisi aky
50,calm,diṅṅ
50,calm,komm
50,calm,krãnã(nã)
50,calmness,anidwɔ
50,calmness,ahɔ̃dwɔ
50,calmness,abodwɔ
50,calumniate,tɔ̃tɔ ano
50,calumniate,twĩri
50,calumniate,sopa
50,calumniate,bɔ or di..nseku
50,calumniation,anotɔ̃tɔ
50,calumniation,ntwĩri
50,calumniation,nsɔpa
50,calumniation,tɛkrɛmakãm
50,calumniation,ṅkontompo
50,calumniator,otwĩrifo
50,calumniator,osekufo
50,calumniator,ɔnotɔ̃tɔfo
50,calumniator,ɔbɔmãfo
50,camel,yoma
50,camp,nsra
50,camp,nsrabaṅ
50,camp,ɛdɔm
50,camp (ing bed),akwantu or nsrampa
50,campaign,ɔsa
50,campaign,ɔsatu
50,campaign (time of),nsramtrãbere
50,camwood,ɔd̃wene (ase a apɔrɔ aye kɔ̃)
50,can,tumi
50,can,nyã ahɔ̃deṅ
50,can,nim(yɔ)
50,canal,nsukã
50,canal,ɔboṅkã
50,canal (gutter),agyensu
50,canary-bird,kanãfo
50,cancel,twa..mu
50,cancer,kɔkoram
50,cancer,akisikuru a eyere hɔ̃nam mu bãbi
50,candidate,d̃wumadi (or dibea biara) fwɛfwɛfo
50,candidate,nea wahyɛu adwuma bim
50,candidate (for baptism),asubɔ kyerɛtiefo
50,candidate (for baptism),fwɛfwɛfo
50,candle,okanea
50,candle (stick),kaneadua
50,candour,nokware
50,cane,demere
50,cane (pipe),krãmeṅ
50,cane (stick),poma
50,cane (sugar),afwereu
50,cane (sugar),afwereɛ
50,canister,kâṅkyɛ
50,cannibal,nipanãmdifo
50,cannon,ɔprɛm
50,cannon (eer),ɔprɛmtofo
50,cannon (ball),prɛmmoba
50,canoe,ɔkórɔ́
50,canoe,ahyɛmma
50,canoe,obóntó
50,canoe (man),okwãmfó
51,canon,mmăra
51,canon,asusude
51,canon,osofo (kūnini)
51,cantonment,nsrafo atrãe
51,canvas,aŵere(e)
51,canvas,pòpo
51,canvas,abĕránnà'
51,cap,ekye
51,cap,ekyewá
51,capable,nea owo adwene or tumi a ode ye brb
51,Cape Coast,Oguã
51,Cape Coast,Eguã(F.)
51,capital,maṅkese
51,capital,aheṅkūro
51,capital,kūrokese
51,capital,dwetiri
51,capital,kūnini
51,capital,titiri
51,capitalist,nea wabo dwetiri
51,capitalist,odwetiani
51,capitalist,osikani
51,capsize,butú (kóró)
51,captain,osafohene
51,captain,opanyiṅ
51,captain,hyeṅ mu panyiṅ
51,captivate,fa dommum
51,captivate,di nyã
51,captive,dommum
51,captive,nn-
51,car,teaseenam (kūmā)
51,car,kudō
51,car,twĕ k
51,caravan,akwantemfo asafo
51,caravan,akwantukú
51,carbuncle,pompó
51,carbuncle,m-
51,carbuncle,pobiá
51,carcass,efunu
51,carcass,bófõ
51,carcass,afõ
51,carcass,abókă
51,card,ṅhōma a woto
51,card,krâtâ
51,card,wode kr
51,card,hyia obi adidí or ayeforo ase
51,card,to ṅhōma
51,card,ṅhōmasiebea
51,care,hau nehõ
51,care,kyee so
51,care,dweṅ ṅweṅ
51,care,dwene hō
51,care,fwe so
51,care,sore
51,care,di dadweṅ
51,care,adwenemhau
51,care,dadweṅ
51,care,ofwe
51,care,ṅfŵeso
51,care,fwe yiye
51,career,adeye
51,career,yebea
51,career,mmirikatu
51,career,akánsi
51,careful,tobe-
51,careful,fwe(so)yiye
51,careful,sore (nehõ)
51,careful,kyéá
51,careful,ofwe no ky or ne ky
51,careful,onfwe no ky
51,carefully,dèkedeke
51,carefulness,ahõsore
51,carelessness,anibiannaso
51,carelessness,asõbi-
51,carelessness,aniyiyi
51,carelessness,anísòheṅhaṅ
51,carelessness,ogyegu
51,caress,ye atū
51,caress,defedefe
51,caress,osrasra (agyinamoa) hō
51,cargo,hyeṅ mu ade
51,cargo,agǔade
51,caries,nnompe mu pōro
51,carnal,hōnam mu
51,carnal,so
51,carnal,ohōnám akóṅno
51,carnivorous,nea oŵe nãm
51,carol,anigyedŵom
51,carol,ayeyidŵ-
51,carol,akurodo (twĕ ak.)
51,carouse,nonnōm or bō nsà
51,carouse,ŵe mpáhyewa
51,carouse,osâbófó
51,carouse,sãdŵéám
51,carouse,sãdoi
51,carpenter,odŵumfo
51,carpenter,duadŵ-
51,carpenter,adŵinnaṅ
51,carpet,kūntū
51,carriage,teaseenam
51,carriage,ade-soa
51,carriage,abărabo
52,carrier,opāni
52,carrier,osoafo
52,carrier,opakaṅfo
52,carrier (oil),ogosoafo
52,carrier (hammock),ohamaṅkāfo
52,carry,fua
52,carry,kura
52,carry,so
52,carry,soa
52,carry (on back),turu
52,carry (on shoulders),bọ kọṅ hō
52,cart,teaseṅam kũmā
52,cart,kudó
52,cart (v.),trã teaseṅam mu
52,cart (v.),twê teas
52,cartwright,kudōyẹfo
52,cartwright,teaseṅamyefo
52,cartouch,ntoa
52,cartridge-box,ntoa
52,cartridge-belt,ọbarehyia
52,cartridge,aboba nè atuduru a wọde afra apoma (úhõma or yawa) toã bi mu
52,carve,gua
52,carve,pee
52,carve,seṅ
52,carve,sinseṅ
52,case,boha
52,case,adaka
52,case,wa
52,case,toa
52,case,toã
52,case (pillow-),nnurahõ
52,case (pillow-),wurabea
52,case (pillow-),hyehyebea
52,case (jud.),asẹm
52,cash,sika
52,cash,dwẹte
52,cash (ready-),sikamono
52,cash-book,sikamono hō akòntã ṅhõma
52,cash-book,akatua or asranne ṅh
52,cashew-nut,akyèa
52,cashier,sikakorafo
52,cashier,ọsannāni
52,cashier,ọfotogsāṅfo
52,cask,hâse
52,cask,pûmpã’
52,cask,opáṅkraṅ
52,cask,áṅkòrá’
52,cask (of gunpowder),okwádúm
52,cask (of gunpowder),atentenim
52,cask (of gunpowder),akótowa
52,casket,adakawa
52,cassada,ọbàṅkyé
52,cassava,ọbàṅkyé
52,cassava,kotob-
52,cast,tō
52,cast,fwe
52,cast (iron),gu (dade)
52,cast-away,tō kyene
52,cast-away,gu
52,cast-away,fwe-
52,cast-up a sum,bu..ano
52,caster,ọdegufo
52,castigate,fwe
52,castigate,twẽ asõ
52,castigate,kà anim
52,castigate,twï-
52,castle,abaṅ
52,castle,kẹse
52,castle,a eye deṅ
52,castor-oil plant,adedeṅkrũmā
52,castrate (of animals),sa
52,castrate (of animals),twa sae
52,castrate (of men),yi ayítòto
52,castrate (of men),á-fwèābo
52,casualty,asĩane
52,casualty,abeu
52,casualty,atọfo wu
52,cat,agyinamoa
52,cat,adamte
52,cat,osã
52,cat,fiebo̟fó
52,cat (wild-),aduatia
52,cat (wild-),óbáṅ
52,catamenia,bra(ye)
52,catamenia,asabu
52,catamenia,afikyiko
52,cataract,awóro
52,cataract,turudu ano
52,cataract (of the eye),eté
52,catarrh,opakum
52,catarrh (cough),owau
52,catch,kyere
52,catch,som’
52,catch,yi
52,catch,sou
52,catch (fire),so (ogya)
52,catechisation,asẹmmisa
52,catechisation,abisabisa asọre
52,catechism,asọresẹm hō usemmisa nè ne mmuae úhõma
52,category,adwẹne mu
52,category,úhyehyeẹ
52,cater,fwe
52,cater,mã aduan
52,caterer,ọfwẹfo
52,caterer,aduanmãfo
52,caterer,akwaṅhãmabo̟fo
52,cateress,ọbā-duanmãfo
52,cateress,adamfoã
52,caterpillar,osã
52,cathedral,asọredaṅ kẹse
53,"catholic, a.",mmā ṅhĩnā
53,"catholic, a.",ba-biara
53,"catholic, a.",katolikefo asafo
53,"catholic, n.",katolikeni
53,"cattle, n.",ofiemmoa
53,"cattle, n.",anantwietc
53,"cause, n.",ase
53,"cause, n.",asɛm
53,"cause, n.",gyaṅ-ara-gyaṅ
53,"cause, v.",ye
53,"cause, v.",mā
53,"causeway, n.",otempoṅ
53,"causeway, n.",apoṅko-kwaṅ
53,"caution, n.",ahõdaso
53,"caution, n.",ahõfwɛso
53,"caution, n.",akagyinamdi
53,"caution, n.",nyansāhyɛ
53,"caution, n.",aprayi
53,"caution, n.",kòkòbó
53,"caution, n.",afotu
53,"caution, v.",yi apra
53,"caution, v.",bọ kòkọ
53,"caution, v.",tu fo
53,"cautious, a.",ye bɛrɛõ
53,"cautious, a.",bọ nũeṅũe
53,"cautious, a.",obọ n-akokyere anõma
53,"cavalier, n.",opọṅkofo
53,"cavalier, n.",opọṅkoso-tefo
53,"cavalier, n.",okokodurufo
53,"cave, n.",obodaṅ
53,"cave, n.",amõa
53,"cave, n.",amănã
53,"cave, n.",obọṅ
53,"cave, n.",etū
53,"cave, n.",tokūru
53,"cavil, v.",gyigye ano
53,"Cayenne-pepper, n.",mako
53,"Cayenne-pepper, n.",ntóṅkó
53,"Cayenne-pepper, n.",nnyerā
53,"cease, v.",gyae
53,"cease, v.",twa
53,"cease, v.",apɛ
53,"cease, v.",mogya no atwa
53,"ceil, v.",sɛm so
53,"ceil, v.",sam so
53,"ceiling, n.",nsɛmso
53,"ceiling, n.",nsamso
53,"celebrate, v.",yi ayɛ
53,"celebrate, v.",di dapa
53,"celebrate, v.",daponna
53,"celebrate, v.",awoda
53,"celebrate, v.",hyɛ fã
53,"celebration, n.",ṅkamfo
53,"celebration, n.",nĩdi ṅhyiam
53,"celebration, n.",agŭasoyɛbea bi hõṅhy
53,"celestial, a.",nea ɛfa soroade hõ
53,"celestial, a.",osorofo
53,"cellar, n.",afiase
53,"cement, n.",sementi
53,"cement, n.",nsɛuɛ akádò
53,"cemetery, n.",asiei
53,"cemetery, n.",anisiei
53,"censer, n.",ohŭãmhye-toa
53,"censure, v.",yau
53,"censure, v.",nũnũ
53,"censure, v.",kã anim
53,"centiped, n.",asasewọ
53,"centiped, n.",sákasaka
53,"centre, n.",mfinimfini pa ara
53,"centurion, n.",asrafo-ha-mu-panyiṅ
53,"century, n.",mfe-ha
53,"ceremony, n.",omaṅ
53,"ceremony, n.",asafo
53,"ceremony, n.",feku bi gŭasodeyọ
53,"certain, a.",bi
53,"certain, a.",binom
53,"certain, a.",ewọm
53,"certain, a.",ete ampa
53,"certainly, ad.",ampa
53,"certainly, ad.",nokware
53,"certainly, ad.",pọtɛ̃
53,"certificate, n.",adansedi-ṅhọma
53,"certify, v.",di adanse
53,"certify, v.",kyerɛu adansedi ṅhọma
53,cessation in growth,apɛ
53,"cession, n.",yi-mã
53,"chafe, v.",huru bo
53,"chafe, v.",yi abufu
53,"chaff, n.",ntɛtɛwá
53,"chaff, n.",adehunu
53,"chagrin, n.",ahĩ
53,"chagrin, n.",abufu
53,"chagrin, n.",abofu
53,"chain, n.",ṅkòṅsoṅkóṅsoṅ
53,"chain, n.",apokyere
53,"chain, n.",ntwɛabaṅ
53,"chain, v.",bọ duam
53,"chain, v.",sã
53,"chain, v.",gu ṅkòṅsoṅkóṅsoṅ
53,"chain, v.",gu mpokyere
53,"chair, n.",agua
53,"chair, n.",abŭrogua
53,"chair, n.",akantaṅnua
53,"chair, n.",akoṅnŭa
53,"chairman, n.",opanyiṅ
53,"chairman, n.",opọṅtitrãfo
53,"chairman, n.",otitrãni
54,chalk,akádó
54,chalk,twộku
54,challenge,twa poa
54,challenge,potí
54,challenge,pũap-
54,challenge,porè ano
54,challenge,n'ano reto wo
54,challenge,mpoatwa
54,challenge,twere
54,chamber,pia
54,chamber,dabekyiri
54,chamber,pákusu
54,chamber,pumpunu
54,chamber-maid,pia mu abāwa
54,chamber-pot,dwẽsoku-ku
54,chamber-pot,kũrnwa
54,chamberlain,opiani
54,chamberlain,opiadifó
54,chameleon,obosomakete(re)
54,chameleon,afrihyiaboa
54,chamois,(Abŭrokyiri) bobiri
54,chamois,(a osẹ ewi) a ote sukyerema mmepo so
54,champion,okõfoni
54,champion,osabarima
54,champion,nea wakokwa ade biara
54,chance,asẹm a eba
54,chance,mpaso
54,chance,sésẹkwã
54,chance (good luck),sĩade
54,chance (good luck),asĩane
54,chance (opportunity),(hõ)kwań
54,chancellor of the Exchequer,sannã mu mańsoafo
54,chance,brb. ba
54,chance,hyia amane bi
54,chance,ani nni so na eba
54,chance,hyia ahyiakwa
54,chance,asĩane sĩane obi
54,change,sakra
54,change,sesã
54,change,dań
54,change of mind,tidane
54,channel,nsukã
54,channel,bońkã
54,channel of sea,pòkã
54,channel of sea,pòkwańtẽa
54,chant,edwom
54,chant,ińw.
54,chant (relig.),asoredwom
54,chapel,asredań
54,chapel,anyamedan
54,chapter,eti
54,chapter,atiri
54,chapter,ińhõma bi mu nsẹntitiri ńkyekyẹm
54,character,băra
54,character,abărabo
54,character,su nè bań
54,character (he has a bad-),ediń
54,character (he has a bad-),owo ti bone
54,characterise,kyerekyere obi su nè ne bań
54,charcoal,gyabiru
54,charge (care),ofwẹ
54,charge (care),nsahyede
54,charge (expenses),adefwerede
54,charge (price),ebóbo
54,charge (a price),bo bo
54,charge (a price),gye akatua
54,charge (enjoin),hye
54,charge (entrust),de .. hye nsa
54,charge (reproach),si .. anim
54,charge (phr.),mede m'asi n'anim
54,charity,odọ
54,charity,adọe
54,charity,odọm
54,charity,ayamye
54,charity,yiyeye
54,charity,ahiafo fwẹ
54,charm,sumań
54,charm,abayide
54,charm,kàbèré
54,charm,brb. sọ..ani ntraso
54,charm,dwẽnfá or kunyó (asumań) dwũdwo obi
54,charmer,osumańfo
54,charmer,obayifo
54,charmer,ayeń
54,charmer,obaninyeń
54,chart,krátá
54,chart,ińhõma
54,chart,mmeu
54,chase,ahayo
54,chase,battue
54,chase (fig.),di akyiri
54,chase (fig.),ti
54,chase (fig.),tā
54,chase (hunt),ye ha
54,chasm,okũ
54,chasm,amõa
54,chasm,amănã
54,chaste (to be-),dimũ
54,chaste (to be-),yekrońkroń
54,chastise,fwẹ
54,chastise,kã anim
54,chastise,twẽ asõ
54,chastise,tua ka
54,chat,kasa bírébíre
54,chat,ano ye kŭrók-
54,chat,kasàk'-
54,chat,bo sẹmọde
54,chat,ńkọmmọ
54,chat (box),ọkasafó
54,chat (box),obirebírefó
54,chat (box),anokŭrókŭro
55,cheap,nea ɛbo yɛ mmerɛ
55,cheap,aboméré
55,cheap,fō
55,cheap,fòfó
55,cheap,abosíri
55,cheapen,teu or hũaṅ brb. ne bo so
55,cheapen,pere so
55,cheat,di kusum
55,cheat,fa so
55,cheat,di amim
55,cheat,dãdã
55,cheat,sisi
55,cheat,gyigye
55,check,si(n) ano or kwaṅ
55,check,bɛre ano ase
55,check,ďwuďwɔ
55,check,hyɛ so
55,check,nsiano
55,check,akwansi
55,check,animkã
55,check,ntwi-anim
55,cheek,afono
55,cheerful,"to be-, ani gye or kã"
55,cheerful,nyã kōmapa
55,cheerful,hō sãṅ
55,cheerful,di ahurusi
55,cheerful,nyã ahomekã
55,cheese,kēsū
55,cheese-monger,kē-sūṭoṅfo
55,chemical analysis,adurumupē
55,chemist,nnuru or nneɛma horo mu fɛfɛfo
55,chemistry,abɔde horo mu a-tɛfɛ hō nimdeɛ or kyerɛkyerɛ
55,chemistry,kãfranyasã
55,cherish,yɛ atū
55,cherish,koko
55,cherish,kura
55,cherish,fwɛ
55,cherish,yeṅ
55,chest,(of body) bo
55,chest,koko
55,chest,(of press) adaka
55,chew,wɛ
55,chew,wɛsa
55,chew,wosa
55,chew,ka so
55,chicken,akokɔba
55,chide,yau
55,chide,twi anim
55,chide,kã-
55,chide,kasa
55,chiding,animkã
55,chiding,anítaneé
55,chief,ohene
55,chief,opanyiṅ
55,chief,odekŭro
55,chief,otitiri
55,chief,omaṅaniwa
55,chiefly,titiri
55,child,abofra
55,child,akokoā
55,child,àbótafowa
55,child,abasiriwá
55,child,oba
55,child,"squalling-, owɛnãfo"
55,child,"she is with-, o(n)yem"
55,child,wafa afuru
55,child,wabɔ duru
55,child,"-bed, -birth, n.awopa (so nna)"
55,child,awo
55,child,"-labour,awokɔ"
55,child,"last-of a mother, apopayám"
55,child,okáàkyire
55,childhood,mmofraase
55,childish,nea ɛwie mmofraasɛm
55,childish,-enni ase
55,childish,-ɛmfra asɛm
55,childish,-oyɛ akisiwá
55,childishness,mmofraasɛm
55,childishness,mmofra nsɛnnii
55,childishness,ṅkisiwaasɛm
55,childless,ɔboniṅ
55,childless,nea onni mma
55,childless,odi mmasigya
55,chill,awɔ(u)
55,chill,atiridii
55,chill,(shudder) mmaniṅwou
55,chill,awɔsɛ
55,chill,ayisɛ
55,chime,oḍoṅbɔ
55,chimney,oẅisikwaṅ
55,chimney,oẅisitokŭru
55,chimney,"lamp-, (kanea) nsiso"
55,chimpanzee,abóatia
55,chimpanzee,akóṅsoṅ
55,chin,àbogye
55,chintz,okraku
55,chintz,okrakofi (ntama bi)
55,chip,seṅ
55,chip,sinseṅ
55,chip,pee
55,chip,tẅitẅa hō
55,chip,asiṅasiṅ
55,chip,ntẅakae
55,chip,dua hō ṅẅāwaé
55,chip,nsinseneɛ
55,chisel,pee
55,chisel,pèwá
55,chlorosis,animhoa (oyare bi)
55,choice,nyiyimu
55,choice,emupau
55,choice,nea woayiyi
56,choke,kum
56,choke,dum
56,choke,tumi
56,choke,di so
56,choke,si kwaṅ
56,choke,si menewa
56,cholera,oṭwapewoawu
56,choose,pau(mu)
56,choose,yi
56,choose,yiyi mu
56,choose,fa
56,chop,twa
56,chop,ṭwitwa
56,chop,pae
56,chord,saṅkū-háṅ
56,chord,biakōye
56,chord,nsensaṅe
56,chorus,ṅṅwontofoku
56,chorus,ḍwom a asafo bom to
56,christen,bo asu
56,christen,to diṅ
56,christian,okristoni
56,christian,ogyidini
56,christian,nyamesomni
56,christianity,kristosōm
56,christmas,Kristo awoda
56,christmas,būronyā
56,chronicle,omaṅ or kūro or abusūa bi abakoṣem a wokyereu (ṣenea edidi so) to ho
56,chronology,nnabu or mmerebu hō nimdee or ṅkyereutoho
56,chrysalis,osá
56,chrysalis,abubum-mabā a ohye n'anwene mu
56,chuckle,bo aserehyehye
56,church,asoredaṅ
56,church,asorefi
56,church,Kristofo or asorefo asafo
56,church member,osafoni
56,churchyard,asiei
56,churchyard,anisiei
56,churn,poso nufusumā eyi butūru
56,cicatrice,ṭwā
56,cigar,tā a woabobou
56,cigar,sigáre
56,circle,kontoṅkroṅ
56,circle,dantabaṅ
56,circle,húṅkàre
56,circle,hàṅkrá
56,circuitous,twa hō hyia
56,circular,kontoṅkroṅ
56,circular,puru
56,circular,kurukuruwa
56,circular letter,ṅkyiniso-ṅhōma
56,circular letter,kyiṅhyia-ṅh
56,circulate,kyiṅ
56,circulate,kyini
56,circumcise,twa ṭwetia
56,circumference,dantabaṅ hō nsensaṅe
56,circumference,húṅkàre
56,circumspect,(ani) da nehō so
56,circumstance,asem
56,circumstance,ehō nṣem
56,cistern,abura
56,cistern,asubura
56,citadel,abaṅkese
56,citadel,abaṅ a eye deṅ (a eweṅ kūro no)
56,citizen,omaṅba
56,citron,abōraṅkā
56,citron,kawa
56,citron,aguarensra
56,city,kūrokese
56,city,kūropoṅ
56,civet-cat,okāṅkāṅ
56,civet-cat,okāṅkánne
56,civil service,omaṅsofwedwuma
56,civil war,omaṅkō
56,civil war,mansō
56,civil war,ofie-
56,civilisation,anitee
56,civilisation,opo(u)
56,civilisation,ammammui pa
56,civilise,te(u) ani
56,civilise,kyere agūasosémdi
56,civilise,pou
56,civilise,opou = onim agūasosemde yo
56,civilise,"he is -d, waběṅ"
56,claim,aseḍe bi gye
56,claim,brb.hōkwaṅ
56,claim,gye brb. fa
56,claim,gye or pere brb.
56,claim,bo..bo
56,claim,gye nea ese...
56,clamour,akasakása
56,clamour,gyegyēgye
56,clamp,epā
56,clamp,dade a wode mia brb. mu
56,clamp,wode twa ṅkyerewa
57,clamp,bo pã mu
57,clamp,mĩa mu
57,clandestine,nea woahinta
57,clandestine,wonam ase ye
57,clap,bo
57,clap,bom'
57,clap,bo nsam
57,clarify,te(u) mu
57,clarify,te(u) or pa ani
57,clarify,ye gyenenyeneṅ
57,clasp,so mu denneṅ
57,clasp,kyere
57,clasp (embrace),ye atū
57,clasp (embrace),bam
57,class,dibea
57,class,kū
57,class,feku
57,class,asafo
57,class,asũafoku
57,clatter,bom'
57,clatter,ye gyegyēgye
57,claw,tote
57,claw,aŵere
57,claw,boŵere
57,claw (crab-),okóṭo apĕre
57,clay,fa
57,clay,ḍote (nṅoṭee)
57,clay (gray-),eboo
57,clay (gray-),aṅwemmó
57,clay (brownish-),koṭofá
57,clay (red-),ntwǒmá
57,clay (white-),hyire
57,clay (yellowish),esáṅ
57,"clean, cleanse",te(u) or ṭwi (hō)
57,"clean, cleanse",ṭwiṭwi
57,"clean, cleanse",mã hō fi or te(u)
57,"clean, cleanse",pra pra
57,"clean, cleanse",hohoro hō
57,"clean, cleanse",mu
57,"clean-ly, cleanlily",fitá
57,"clean-ly, cleanlily",nea (ehō) afi
57,"clean-ly, cleanlily",korā
57,"clean-ly, cleanlily",korak-
57,"clean-ly, cleanlily",pepēpe
57,clear,te(u)
57,clear,te(u) mu
57,clear,mã mu te(u)
57,clear,ehyereṅ
57,clear,gye ani
57,clear (the bush),ḍou (ahabaṅ)
57,clear (make- the space for us),ayeremō
57,"clear (to be-, to -up)",wim ate
57,"clear (to be-, to -up)",osoro-
57,clear (fig.),emu ate
57,clear-ly,hãṅṅ
57,clear-ly,fãṅṅ
57,clear-ly,fē
57,clear-ly,péfē
57,clear-ly,kroṅkroṅ
57,cleave,pae
57,cleave,pae mu
57,cleave to,fãm hō
57,cleave to,bata -
57,cleave to,kã-
57,clergy,asofo asafo
57,clergy,woṅ a edi asofodibea ṅhǐnã
57,clergyman,osofo
57,clergyman,asempa hō somfo
57,clerk,agǔadi-somfo
57,clerk,boafo
57,clerk,kyereufo
57,clever,onimdefo
57,clever,obadwěmma
57,clever (pl. m-),waběṅ
57,click,bo
57,click,gyigye
57,click,tẽm'
57,client,nea obisa (mmǎranimfo ho) afotu
57,client,ode n'asem daṅ obi
57,client,odebisáfó
57,client (pl. a-),odebisáfó
57,client (ship),adaṅ
57,"client (phr. ṅkyeṅ a ote yi, enye osōm, na eye adaṅ)","ṅkyeṅ a ote yi, enye osōm, na eye adaṅ"
57,cliff,obo
57,cliff,obotaṅ
57,cliff,abósám
57,climate,(asase bi so mframa)
57,climate,dabeframa
57,climb,foro
57,climb (-er),hãma
57,clinch,so mu
57,clinch,bo mu
57,clinch (the fist),bo (kuturumǔa)
57,cling,fãm hō
57,cling,bata -
57,clip,twa so
57,clip,tiā
57,clip,kuku so
57,clip,ṭwiṭwa
57,clip,sesère (ne ti)
57,cloak,ṅṅuguso
57,cloak,ṅkatakoṅmu
57,cloak,ṅkatahō
57,clock,odoṅ
57,clock (bird),áfèráu
57,clock (bird),ògóò
57,clod,ḍote-ṭo(u)
57,clod,afábó
57,clog,si..kwaṅ
57,close,mǔa
57,close,to..mu
57,close,hini ano
57,close (end),wie
57,closely,(fwe) hǎ
57,"closely (gyen, v.)",pepé
57,closely,pepépepé
57,closely,pitipiti
57,closely,kétekete
57,closet,pia
57,closet,pákùsu
57,closet (privy),duadaṅ
57,closet (privy),duasē
58,cloth,ntama
58,cloth,otãm
58,cloth,kenté
58,clothe,hye atade
58,clothe,fura ntama
58,clothes,clothing
58,clothes,atade
58,clothes,nt-
58,clothes,atãm
58,clothes,ntama
58,clothes,adurade
58,cloud,osu (a amũna)
58,cloud,omunuṅkum
58,cloud,osuvisie
58,cloudiness,osoro ani a akata
58,cloudiness,osu a amũna
58,clover,akwamfãnú
58,clown,okuraaseni
58,clown,ṅk--fo
58,clown,ofumni
58,clown,a--fo
58,clown,nea ompoe
58,cloy,mẽ tra so
58,cloy,mẽ fù
58,cloy,do wũ
58,club,asabã
58,club,feku
58,club,asafo
58,clumsiness,kùntãṅṅ
58,clumsiness,kàntãṅṅ
58,clumsiness,kìṅkaṅṅ
58,clumsiness,kùntũṅṅ (-ye)
58,clumsy,nea enye fe
58,clumsy,tantaṅ
58,clumsy,biribibrb
58,clumsy,mũmọmũmọ
58,clumsy,nea oṅhũ brb. yo
58,cluster,asĩá
58,cluster,asĩau
58,cluster,oduru
58,cluster,kasĩa
58,cluster,brodeduru
58,cluster,kwadud. n. a.
58,cluster,bemũ
58,cluster,(fo)fore
58,cluster,ṅkráne ṅh. afofore so
58,clutch,so mu
58,clutch,mĩa
58,clutch,kura
58,clysterize,sa
58,clysterize,bo bentoa
58,clysterize,tua (màkó)
58,clyster-pipe,bentoa (hãma)
58,coach,teaseenam
58,coadjutor,oboafo
58,coadjutor,a-
58,coal,gya
58,coal,gyabiru
58,coal,gyabiru-ṅkőrőṅ
58,coal,àmã
58,coal,amãne
58,coalition,apãm
58,coalition,biakőye
58,coarse,piprī
58,coarse,wěwěrē
58,coarse,weserekā
58,coarse,wurikīrē
58,coarse,aŵere-aŵere
58,coast,mpoãno
58,coat,atade
58,coat,n-
58,coax,defedefe
58,cobbler,asepatere-mutãfo
58,cobweb,ananse-hũhũa
58,cobweb,-ntőntaṅ
58,cock,akokoṅini
58,cock,kãntamma
58,cock,otnokote
58,cockcrowing,akokobone
58,cockroach,téfére
58,cockroach,kakárakà
58,cockroach,ṅŵereŵerewa
58,coco,kókò
58,coco,amaṅkãní
58,coco,antwibo
58,cocoa-nut,kokosi
58,cocoa-nut,k. dua
58,cocoon,kónnore bũ
58,cocoon,hũhũa
58,cocoon,kótòkúsãabòbé-ghòmé ṅhòmé
58,code,mmãra-ṅhõma
58,codicil,samanse ṅkekãhõ
58,coerce,bo..hye
58,coerce,kã..hye mu
58,coerce,si..kwaṅ
58,coffee,kafe
58,coffee,twa k.
58,coffer,adaka
58,coffer,ṅhõma-ad-
58,coffin,funu-adaka
58,cogency,ahõdeṅ
58,cogency,tumi (di)
58,cogitation,adwene
58,cogitation,asem-dwen
58,cognition,ohũ a wohũ
58,cognition,ote a wote
58,cognition,nim
58,cohabit,ko (obã) hõ
58,cohabit,di
58,cohesion,mfõmfãmhõ
59,cohort,nsrafoku
59,coil,bobọ(u)
59,coil,ntampe
59,coin,dare
59,coin,siká(dare)
59,coin,dwẹte-bọnã
59,coincide,hyia
59,coincide,-mu
59,coincide,bọ mu pẹ
59,cola-nut,bẹsẹ-pa
59,cola-nut,-kyĩm
59,cola-nut,-hene
59,cola-nut,(wild) bẹsẹtọro
59,cold,oṅwĩni
59,cold,wiridudu
59,cold,fọnono
59,cold,awọ(u)
59,cold,(catarrh) ọpakum
59,cold,(indisposition) asorokã
59,collar,kọn mu dukū
59,collar,akyekyerekọnmu
59,collar-bone,kokom' dompe
59,colleague,yọṅkọ-dẅumayẹfo
59,collect,boa ano
59,collect,tase
59,collect,gye
59,collect,"gyigye (tō, sika)"
59,collect,daṅ (ka)
59,collection,ano(boa)bóá
59,collection,mmoaboano
59,collection,anoboade
59,collector,anoboafo
59,collector,tōgyefo
59,college,(assembly) ṅhyiam
59,college,(seminary) asũaekẹse
59,college,asọfosũafofi
59,collier,gyabirutufo
59,collier,gyab. ṅkőrọn tufo
59,collier,(coal ship) gyab. a-gũadihyeṅ
59,colliery,gyabiru-ṅkőrọn
59,collision,pem
59,collision,mpempemso
59,colloquy,ṅkọmmọ
59,colloquy,sẹmọdebọ
59,colon,osiperennu
59,colonel,osafohene
59,colonel,osafohempanyiṅ
59,colony,atubrafo
59,colony,atutrãfo kũro
59,colour,aduru
59,colour,ade bi ani horo a eyẹ tuntum
59,colour,fufu(fitã)
59,colour,edidi ntam sẹ nyaṅkọntọn mu de no: akasetuntum
59,colour,akasebibiri
59,colour,akasehoa
59,colour,ahabammono
59,colour,aṅkàhóno
59,colour,akutuhono
59,colour,mogya
59,colour,nsọ
59,colour,nnodoe
59,colour,apopobibiri
59,colour,dãmrãma n. a.
59,colours,ofraṅkã
59,colporteur,ṅhõma koṅkosifo
59,colporteur,ṅh. pẹwadifo
59,colt,"opọṅkoba, pl. a--mma"
59,column,"odum, pl. a-"
59,comb,afẹ
59,comb,"honey-, ewokyẹm"
59,comb,"snails'-, ṅwakyẹm"
59,comb,"cock's-, (akokọ) adám(e)"
59,comb,sẹreṅ
59,combat,kọ
59,combat,ọkọ
59,combat,akōdi
59,combine,kã..bọm
59,combine,kyere beresã
59,combination,mfakãhọ
59,combination,ṅkãbọhọ
59,combustion,ọhye
59,combustion,unyahyeé
59,come,ba
59,come,befi
59,come,du
59,come,twi ba
59,come,"-down, si (fam)"
59,come,duru
59,come,"-forth, fi"
59,come,fi mu
59,come,fi adi
59,come,pue
59,come,yi nehọ adi
59,come,"-off, fi"
59,come,te
59,come,teu
59,come,gyae
59,come,wie
59,comet,usoromatua-odua
59,comfort,kyekye..wẹre
59,comfort,tẅa bo to yam
59,comfort,(condole) mạ due
59,comfort,-hye-deṅ
59,comfort,-dárèkãñã
59,comfort,awẹrekyekye
59,comfort,awẹrebá
60,comforter,werekyekyefo
60,comforter,kyigyinafo
60,comma,nsaṅho
60,command,hye
60,command,kã kyere
60,command,fwe or di so
60,command,tẽetẽe
60,command,pĩa
60,command,pĩapĩa
60,command-ant,nsrafopanyiṅ
60,command-ant,opĩafo
60,commander,osafohene
60,commander,osahene
60,commandment,mmăra
60,commandment,asem
60,commandment,ahyede
60,commence,see begin
60,commend,yi..aye
60,commend,kamfo
60,commend,de hye..nsa
60,commentary,asekyere
60,commentary,ṅkyerease
60,commentary,ṅhoma
60,commentary,ṅkyerekyeremu
60,commerce,agũadi
60,commerce,bàtá
60,commerce,abatadi
60,commiseration,mmoborohunu
60,commiseration,timoboye
60,commissary,oboasomafo
60,commission,mmati
60,commission,de hye..nsa
60,commission,di gũa or adwuma mã-obi gye hõ akatua
60,commission,mmatito
60,commission,koṅkofo akatua or adwuma
60,commissioner,nea woato no mmati
60,commissioner,nea amrado ahye no omántam bi so
60,commissioner,nea odi gũa mã obi
60,commissioner,di mã-năgũa
60,commit,ye
60,commit,bo
60,commit,di
60,commit,de hye..nsa
60,committee,nea woaboa ayi woṅ
60,committee,aboayifo
60,committee,asempateredwuma mpanyimfo
60,committee,asempatereasafo tikese
60,commodity,agũade
60,commodity,mfaso
60,commodity,ehõ ade
60,commodity,ahõdwudwo
60,common,nea eka
60,common,abu so
60,common,kwasafode
60,common,nea wommu no yiye bi
60,common-person,apafwekwa
60,common-person,ohuhuni
60,commonwealth,omaṅ
60,commonwealth,kwàmaṅfo
60,commonwealth,kwàmaṅ-máṅ
60,commonwealth,kwasafo-máṅ
60,communicant,Awurade Adi-diasekofo
60,communicate,bo amane
60,communicate,kase
60,communicate,mã asõ te
60,communicate,kyereu
60,communicate,mãnã ṅhoma
60,communicate,di atomãnã
60,communicate,di nsáwoso
60,communicate,ko Awurade poṅ hõ
60,communication,amanebo
60,communication,kase
60,communication,asem (a woate)
60,communication,ṅhoma (a obi akyereu or atwere)
60,communion,ayoṅkõfa
60,communion,twakãdi
60,communion,asafo
60,communion,Awurade poṅ hõ ko
60,communion,Aw. adidi ase ba
60,communion,di twakã
60,communion,twáwe
60,communion,nsawoso
60,communism,kwasafodepe
60,community,kwàsafo
60,community,omaṅ
60,community,asàfo(fo)
60,compact,apàm
60,compact,anodi
60,companion,oyoṅkõ
60,companion,adamfo
60,companion,ohõkãfo
60,companion,afe
60,companion,mfefó
60,companion,tipeṅfó
60,companion,mpãmfó
60,companion,mpráprafo
60,companion,yānom
60,company,kū
60,company,feku
60,company,asafo
60,company,kū-tõ
60,company,míefo
60,company,okosofeku
60,company,ayoṅkõfa
60,compare,de (fa)..to hõ
60,compare,fwe so susu
61,comparison,nto(to)hɔ
61,comparison,mfá-tohɔ
61,compass,akyerɛkyerɛkwaŋ
61,compass,akyerekyerɛdabé
61,compass,fefare (hɔ)
61,compassion,mmɔborohunu
61,compassion,ahũmɔbɔ
61,compassion,ayamhyehye
61,compeer,tipeŋ
61,compeer,oyɔŋkɔ
61,compel,pĩa
61,compel,pũa
61,compel,sũm atiko
61,compel,hyɛ
61,compensate,si or hyɛ anaŋmu
61,compensate,tua ka
61,competence,nea obi tumi ano du
61,competence,tumi mũ
61,competence,asɛnní mu hye a wɔntra
61,competence,ehɔ sɔ̃ akwaŋkɔ
61,competition,akansi
61,competition,price for- akanside
61,compile,boa(boa)ano
61,compile,kã bɔm'
61,compile,"(-a book), (tase binom nsɛm de) ye or kyerɛu ũhɔma"
61,complacency,n.self- anisɔwohɔ
61,complain,kasa huhũhuhũ
61,complain,ṅwĩ-ṅwĩ
61,complain,bɔ ṅkɔmmo
61,complain,(jud.) bɔ ṅkũro
61,complaint,ṅkɔmmo
61,complaint,eyá
61,complaint,eyau
61,complaint,oyare
61,complaint,(jud.) ṅkũro
61,complaint,me nè no wɔ ṅk
61,complement,ṅkàhɔ
61,complement,ntaremu
61,complement,mfea(fea)hɔ
61,complete,wie
61,complete,-a (e)mũ
61,complete,dwɔ
61,complete,"-ly, ad. korã"
61,complete,fé
61,complete,dwɛ
61,complete,dwē
61,complete,kõmm
61,completion,õwie
61,completion,pe(sɛ)ye
61,completion,nea ehɔ nui asɛm
61,complexion,anim dua
61,complexion,-subaŋ
61,complexion,-tebea
61,complicate,brb. yɛ bisibasã
61,complicate,di afuntumfra
61,complicate,tõatõa mu
61,compliment,ṅkyia
61,compliment,tiriṅkwã (mã)
61,compliment,amo(mã)
61,compliment,ayeyi
61,compliment,"he bows his head, obɔ ne ti ase"
61,complot,apãm
61,complot,tirisopãm
61,comply,pene
61,comply,mã okwaŋ
61,compose,kã bɔm'
61,compose,hyehye
61,compose,boa ano
61,compose,siesie
61,compose,(write) kyerɛu
61,compose,(calm) mã obi yɛ komm
61,compose,(appease) pata
61,compose,tã bo
61,compose,twa bo tɔ yam
61,composed,"he is-, nehɔ adwɔ"
61,composed,ago (no)
61,composed,-akã
61,composed,-akã nehɔ
61,composed,-asã
61,composed,-sepe no
61,composed,-atɔ no
61,composer,dwoŋkyerɛufo
61,composer,nsɛmkyerɛufo
61,composition,okasa-nsiesiei
61,composition,-ũhyehyeɛ
61,composition,dwom or saŋkũ ũhyehyeɛ
61,composure,abodàm
61,composure,abodwɔ
61,composure,abotoyam
61,composure,ahɔ̃tɔ
61,compound,de..di afra
61,compound,de..bɔ mu
61,compound,de..sã
61,comprehend,(fig.) so mu
61,comprehend,hũ ano
61,comprehend,te ase
61,comprehend,hũ-
61,comprehend,nim
61,comprehend,(contain) kura
61,comprehend,di
61,comprehend,phr. edi ṅkorá du
61,compress,mĩa
61,compress,mã..kyere
61,compress,(embrace) yɛ atũ
61,comprise,(contain) kura
61,comprise,di
61,comprise,brb. wɔ mu
62,compulsory,ohyeso
62,compulsory,abĕrańso
62,compulsory,aporisò
62,compulsory,apŭapŭaso
62,computation,akŏntā
62,computation,bu
62,comrade,awę
62,comrade,oyońkõ
62,comrade,àdamfo
62,comrade,afę
62,comrade,ománni
62,comrade,osafoni
62,comrade,ohõkãfo
62,concave,nea ekŭrum
62,conceal,hinta
62,conceal,kora
62,conceal,kora so
62,conceal,siu so
62,conceal,bo ńkokorá
62,concealment,hintabea
62,concealment,ńkokorá
62,concede,pene
62,concede,mã hõ kwań
62,concede,to..kwań
62,conceit,kwātéé
62,conceit,ahõhoahoa
62,conceit,oye kw
62,conceive,yem
62,conceive,ninseŭ
62,conceive,hŭ
62,conceive,hŭ ano
62,conceive,te ase
62,conceive,susu
62,concentrate,kã boa ano fǎkõ
62,concentrate,kã bom mà epiu
62,conception,oyem
62,conception,oninseń
62,conception,ohŭ
62,conception,tirim agyina
62,conception,tirim asem
62,concern,asem
62,concern,nea efa hõ brb
62,concern,pem
62,concern,fa hõ brb
62,concern,epem me deń?
62,concern,efa mehõ?
62,concern,wofa hõ?
62,concern,eyi fa hõ brb
62,concert,adwontofo
62,concert,asǎńkù
62,concert,mmeń
62,concert,ntorobén'tohyenfo
62,concert,nhyiam
62,concert,ahyemudi
62,concession,odaŭmã
62,concession,hyirasomã
62,concession,ehõ kwań a obi uyã señ binom
62,conciliate,pata
62,conciliate,kã bom'
62,conciliation,mpáta
62,conciliation,ńkābom
62,conciliation,oyeakabom
62,conclude,wie
62,conclude,kum ano
62,conclude,twa to
62,conclude,di ano
62,conclude,hŭ
62,conclude,bu
62,conclude,susu
62,conclusion,awiei
62,conclusion,otwaprẹkõ
62,conclusion,anopem
62,conclusion,gyinae
62,concord,biakōyẹ
62,concord,apãm
62,concord,anodi
62,concordance,anyamesem ńh
62,concordance,nsentitiri so kwańkyerefo
62,concrete,de..fra
62,concrete,de..sãsã
62,concrete,bo brb to(u)
62,concubinage,mpǎnǎtwẽ
62,concubine,mpǎnǎ
62,concubine,oyefam
62,concupiscence,akonno
62,concupiscence,anibere
62,condemn,bu..fo
62,condemnation,afobu
62,condemnation,atemmu
62,condition,asetrã
62,condition,dibea
62,condition,su nè bań
62,condition,nnyinasosem
62,condole,mã due
62,condole,hyèdeń
62,condole,dárèkǎnǎ
62,condolence,due-mã
62,condolence,hyèdeń
62,condolence,dárèkǎnǎ
62,conduct,gya
62,conduct,kyere kwań
62,conduct,de..ko
62,conduct,de..ba
62,conduct,bo băra
62,conduct,bu mań
62,conduct,ye..
62,conduct,di
62,conduct,akwánnyá
62,conduct,akwáńkogyá
62,conduct,băra
62,conduct,abărabo
62,conduct,amamui
62,conduct,nsenii
63,conductor,ọkwaṅkyerefo
63,conductor,ọkwannyafo
63,conductor,ọfwefo
63,conductor,opan-yiṅ
63,conductor,mp-
63,cone of Indian corn,abŭrobetem
63,"cone (conic, conical)",sie a ase ye teterẹ na atifi reye fwirenfwiren
63,"confect, confection",asikere-pânó
63,"confect, confection",nṇokonnọkọ-ade
63,confederate,pãm
63,confederate,kọ apãm
63,confederate,mpãmfo
63,confederate,wọṅ a wọ-wọ obi afã
63,confederation,ṅkãbom-apãm
63,conference,agyinatu
63,conference,ṅhyiam
63,conference,amantam ṅhyiam
63,confess,kã
63,confess,pae mu kã
63,confess,se
63,confess,kã..kyere
63,confess,sebere mu
63,confession,bọnekã
63,confession,mpaemu-
63,confession,sebere-
63,confession,odwasi
63,confession,ẹhọfosi
63,confession,wiakyere
63,confide,tweri..
63,confide,de..họ to..so
63,confidence,ahọtoso
63,confidence,anidaso
63,confidence,nnam
63,confidence,gyidi
63,confident,..bo da..yam
63,confidential,ahọtoso mu
63,confidential,gyi di mu
63,confidential,atirimusem mu
63,confidential,onokwafo
63,confidential,nea wonim ne tirim
63,confidential,ṅhōma a wọde fwefwe atirimusem ahŭ or akyere
63,confine,kãme
63,confine,kã hyem
63,confine,to..mu
63,confine,bọ..hye
63,confine,to fuhye
63,confinement,ṅkãhyem
63,confinement,awo
63,confirm,foa nsemmoa
63,confirm,si so dua
63,confirm,hye deṅ
63,confirmation,deṅhye
63,confirmation,deṅhye yebea
63,confiscate,hyira so de gu ọmaṅ sika mu
63,confiscate,gye (obi) nsam ade
63,conflagration,ọhye
63,conflagration,nnyahyèé
63,conflict,ọkọ
63,conflict,akãmekãmdi
63,conflict,akōdi
63,conflict,kō
63,conflict,kasakása
63,conflict,perépère
63,conflict,di ntohyia
63,confluence,abọe
63,confluence,asubọe
63,confront,di abọanim
63,confront,bọ anim
63,confront,sĩaṅka
63,confront,yere kòko
63,confuse,ye sakasaka
63,confuse,bọ bum
63,confuse,tō
63,confuse,tane ani
63,confusedly,sakasaka
63,confusedly,kiti-kiti
63,confusion,ṣakasaka ye
63,confusion,basab-ye
63,confusion,anitaneé
63,confusion,n'ani atu atọ ne nsam
63,congeal,kyere
63,congeal,da
63,congeal,ṅṅo ada
63,conglomerate,bọbọ(u)
63,conglomerate,boa ano ku (korokorowa)
63,congratulate,mã amó
63,congregation,asafo
63,congregation,bagŭa
63,congregation,ṅhyiamfo
63,congregation,ofra bagŭam
63,congress,ṅhyiamkese
63,conjugation,ṅkasae mu daṅ nnaŭmu
63,conjuré,kã ntam gu..so
63,conjuré,mà ntam
64,conjure,goru bayi
64,conjure,yi ṅkonyã
64,conjure,di asumãrsem
64,conjure,kyere kàbéré
64,connect,de..kã hō
64,connect,kã..bọm
64,connect,kyekyere
64,connect,pam
64,connection,ṅkã-bọm
64,connection,ṅkãtoam
64,connection,nsāso
64,connection,beresā-kyere
64,connection (sexual),mpãnãtwẽ
64,conquer,kō fa
64,conquer,kō yi or kum dọm
64,conquer,di(ṅkō)nīm
64,conqueror,ṅkōnimdifo
64,conscience,ahōnim
64,conscience,tíboa
64,conscious,nim nehō
64,conscious,ne tirim
64,conscious,se ote
64,consciousness,ahōnim
64,consecrate,hyira so
64,consecrate,dwīra
64,consecrate,bue (asọredaṅ)ano
64,consecrate,mã..ye kroṅkroṅ
64,consent,opene
64,consent,mpenesó
64,consent,ogyepene
64,consent,kūrum
64,consent,pene
64,consent,ye nokoro
64,consequence,akyiade
64,consequence,esoade
64,consequence,nea efi mu ba
64,conserve,hye brb. ṅkyene
64,conserve,asíkere
64,conserve,aduru
64,conserve,nnoḳonnoko-wade
64,conserve,duaba mu nsu a woanōa mã api(u)
64,consider,fwẹ
64,consider,susu
64,consider,dwẹṅ
64,consider,bu
64,consider,tase (nsem) akyi
64,considerable,kese
64,considerable,bebērē
64,considerable,pīpa
64,considerable,sê
64,considerable,yiye
64,considerable,ara gyeṅ
64,consign,de mã or mānã obi
64,consign,daṅ mã obi
64,consignment,amãnãdé
64,consist,kura brb.
64,consist,brb. wọ brb. mu
64,consist (to fit upon),bọ so
64,consist (to fit upon),eye anteu
64,consolation,awẹrekyekye
64,consolation,awẹrébá
64,consolation (condolation),duemã
64,consolation (condolation),hyèdeṅmã
64,console,kyekye..wẹre
64,console,twa bo to yam
64,console (condole),mã due
64,console (condole),-hyèdeṅ
64,console (condole),dárèkãñá
64,consolidate,mã..ye deṅ
64,consolidate,mã..pi(u)
64,consolidate,kã..bọm
64,consonant,ṅkyereude a wonte ṅkã
64,consort,okunu
64,consort,oyere
64,consort,ohōkãfo
64,conspirator,tirisopãmfo
64,conspirator,kyeṅkubofo
64,conspire,kọ apãm
64,conspire,pãm..tiri so
64,conspire,bọ..so kyeṅku
64,constable,abaṅnipa
64,constable,polisini
64,constant,nea ẹye deṅ
64,constant,etim ho
64,constant,ani nsakra
64,constant (to be-),trã mu
64,constant (to be-),gyina mu
64,constantly,dā
64,constantly,F.dabā
64,constantly,dāpem
64,consternation,ehū
64,consternation,piribọ
64,consternation,ahōbō
64,consternation,ahōdwīri
64,consternation,abotu
64,consternation,akōmatu
64,consternation (to get into-),tirim ye kèserénene
64,constitution,esu
64,constitution,baṅ
64,constitution,subaṅ anisobea
64,constitution (politic.),omaṅyobea
64,constraint,ohye
64,constraint,ahōhyeso
64,construct,si
64,construct,bọ
64,construct,ṅwene
64,construct,ye
64,construct,siesie
64,construct,sese
65,construction,sibea
65,construction,sibere
65,consul,maŋpanyiŋ
65,consul,maŋfwefo
65,consul,nea ofwe ne maŋfo amanu'one
65,consult,bo gua
65,consult,tu or ko agyina
65,consult,bisa afotu
65,consult,ko adebisa
65,consultation,guabo
65,consultation,agyinatu
65,consultation,adebisa
65,consume,fwere
65,consume,see
65,consume,ma esa
65,consume,frannam
65,consume,hye
65,consume,mene
65,consume,di
65,consumption,ofwere
65,consumption,adefwere
65,consumption,koko or hututum yare bi
65,consumptive,nea esee
65,consumptive,nea oyare ne koko
65,contagion,nsan
65,contagion,nsan-yare
65,contain,kura
65,contain,gye
65,contain,di
65,contain,ahina yi di nsa susukora du
65,contamination,figu
65,contemn,di ho fe
65,contemn,bu animtia
65,contemn,abomfia
65,contemn,nyafi
65,contemplate,susu or dwen ho
65,contemplate,dwen tirim
65,contemporary,tipen
65,contemporary,bere so nipa
65,contempt,animtiabu
65,contempt,abomfiabu
65,contend,ko
65,contend,di akamekame
65,contend,pere ho
65,contend,di aperepere
65,contend,si kane
65,content,pene
65,content,ani so
65,content,bo adwo
65,contents,emu ade
65,contents,nea ewo mu
65,contest,oko
65,contest,akamekame
65,contest,aperepere
65,contest,akansi
65,contest,akyinnyegye
65,continent,asasepon
65,continent,asasetam
65,continual,da
65,continual,ba
65,continual,dayi
65,continual,dapem
65,continual,ara
65,continue,toa so
65,continue,kura mu ara
65,continue,da so
65,continue,ko
65,continue,tra mu
65,continue,twen
65,contraband,nwia ho guadi
65,contraband,nokuroguadi
65,contraband,ahintagua
65,contract,adiasie
65,contract,ohyetoho
65,contract,ahyemdi
65,contract,anodi
65,contract,apam
65,contract,ogohyease
65,contract,awaregye
65,contract,dwom ano
65,contract,di dwuma bi ano
65,contract,gye aware
65,contract,nwen
65,contract,bo ka
65,contradict,gyigye ano
65,contradict,yi
65,contradict,kasa tia
65,contrary,nea ebo abira
65,contrary,emfa ha nsi ha
65,contribute,yi to
65,contribute,di boa
65,contribute,ye mu bi
65,contribution,etoyi
65,contribution,apeato
65,contribution,amanne
65,contribution,nee
65,contribution,akwanne
65,contrition,ahonu
65,contrition,bone ho awergho
65,control,fwe mu
65,control,di so
65,control,fwe
65,contusion,opete
65,contusion,honam ho wotere
65,contusion,oworo
66,convalescence,ahõninnim
66,convalescence,ahõsaṅ
66,convene,hyia
66,convene,boa (woṅhõ) ano
66,convenience,mfatae
66,convenience,mfataso
66,convenience,pepeye
66,convenience,nea nehõ abae no
66,conversation,aseṅkã
66,conversation,semoḍebo
66,conversation,ṅkommo
66,conversation,obăra
66,conversation,abărabo or -bu
66,conversation,amammui
66,converse,bo semoḍe
66,converse,ṅkommo
66,converse,(di ṅk.)
66,conversion,adwěnsakra
66,conversion,ahõdaṅ
66,convert,sakra
66,convert,daṅ(..hõ)
66,convert,sakra wiesuo
66,convex,nea ekŭrúm a mfinimfini afũ
66,convict,nea woabu no fo
66,convict,odifo
66,convict,odeduani
66,convict,n neduafo
66,convict(of),kyere (obi ne bone)
66,convict(of),yi adi
66,convict(of),di (mmăratõ hõ) adanse
66,convict(of),bu fo
66,convince,yi (adi mã e)bo obi
66,convince,ano bo
66,convince,daṅ..ti (mã ohũ nokw.)
66,convince,mã..ti da
66,conviviality,aponto mu anigye
66,convoke,poṅ bagŭa
66,convoke,cf.convene
66,convoy,yidom (a efwẹ asade so)
66,convoy,akwannyafo
66,convulsion,abiribiri
66,cook,nõ
66,cook,di kùku
66,cook,adnaṅṅoafo
66,cook,sõdoni
66,cook,kùku
66,cool,oṅwini
66,cool,wiridudu
66,cool,dwo
66,cool,dwo wo ani
66,cooper,paṅkraṅyefo
66,cooper,kuperefo
66,co-ordinate,sĩãne
66,co-ordinate,se
66,co-ordinate,se so
66,coordination,wosowoso
66,coordination,ṅhye-hyee
66,coordination,ṅṅuamso
66,coordination,mmoso
66,copartner,ohõkãfo
66,copal,ehye
66,copal,ehyédùá
66,cope,ṅkatatiri
66,cope,kata so
66,cope,kuru
66,copper,kòberé
66,copper,kòbntwěe
66,copper,bõrõṅ
66,copra,kokosiadwe a woahata
66,copulative or conjunction,asem a ekã nsem bi bom
66,copse,ṅwura
66,copse,odoṭo
66,copse,akwaewa
66,copy,fwẹ so kyereu
66,copy,twere
66,coral,ahene(afwěnee)
66,coral,cf.bead
66,cord,hãma
66,cord,mfiriwa
66,cord,ntampe-hãma
66,cordage,hyeṅhãma
66,cordage,ntampe-hãma
66,cordial,obi nè bi ko nnákãránná
66,cordial,nè - bo ṅkesua taforo
66,cordial,onè no kã
66,core,kõma
66,core,emu pa ara
66,cork,ntuaano
66,cork,putisi(F.)
66,cork,tua or si ano
66,corn,awi
66,corn,abŭro
66,corn,kùkuradabi (of last year)
66,corn,popŏrokú (of present year)
66,corn,osĩãm
66,corn,kyekyeré
66,corn,bŭronaṅ
66,corner,kokoam
66,corner,twea
66,corner,tweatibo
67,cornet,abeṅ
67,cornet,abŏrọbeṅ
67,cornet,ọfraṅkākurafo
67,corporal,asrāfo-panyiṅ
67,corporation,asafoku
67,corporation,feku
67,corporation,ṅkābọm
67,corpse,efunu
67,corpse,amū
67,corpulence,ọhọnam keseye
67,corpulence,tọtọrọtoyé
67,corpulent,he is-
67,corpulent,ne hō tua ne hō
67,corpulent,waye kese
67,corpulent,tọtọrọtọ
67,correct,kā anim
67,correct,twẽ asō
67,correct,sese
67,correct,tēe so
67,correct,to be-
67,correct,etēe
67,correct,etené
67,correct,eko ntèṅ
67,correct,it is not-
67,correct,eṅko nt
67,correct,I find it-
67,correct,eko me nt
67,correct,etēe me
67,correct,aduaṅ or nsu yi ko me ntèṅ = eye me de
67,correction,ntēeso
67,correction,animkā
67,correction,mfomso yiyi or tase
67,correction,asōtwẽ
67,correctness,pepēpeye
67,correctness,ntēṅ
67,correctness,nsīye
67,correspond,se(so)
67,correspond,brb.hyia
67,correspond,di nsawọso
67,correspond,kyereu ṅhōma
67,correspondence,sèsó
67,correspondence,nokorodi
67,correspondence,biakōye
67,correspondence,ṅhōmakyereu(di)
67,corridor,apatá
67,corridor,abĕrannā
67,corroborate,foa nsemmoa
67,corroborate,hye deṅ
67,corroborate,si so dua
67,corrupt,see
67,corrupt,pọrọ
67,corrupt,sū
67,corrupt,mā anadwọde
67,corrupt,adaṅmude
67,corrupt,mā mmoā
67,cosmographer,wiase hō seṅkyereufo
67,cosmology,wiase hō nimdee
67,cosmos,wiase
67,cosmos,adebọ
67,cost,ebo
67,cost,tiade
67,cost,tika
67,cost,adefĕwerede
67,cost,ntodika
67,cost,abĕnne
67,cost,nea ewọ bo
67,cost,ebo wom
67,cost,ne bo ye deṅ
67,cost,wobu
67,costive,nea esi yam
67,costive,nea ne yam asi
67,cot,osése
67,cot,ọdamma
67,cotton,asáwá
67,cotton,asawa mfuturu
67,cotton,ntama
67,cotton,kenté
67,cotton,krada
67,couch,butu
67,couch,koto
67,couch,bū
67,couch,nnae
67,couch,mpa
67,couch,mpadùá
67,cough,ọwa(u)
67,cough,ṅkọṅkọṅ
67,cough,bọ or po wa(u)
67,council,gŭabọ
67,council,bagŭa(fo)
67,council,agyina(fo)
67,council,agŭasemfo
67,counsel,fo or agyina a woatu
67,counsel,atirimsem
67,counsel,pọ
67,counsel,nyansàhye
67,counsel,atempa
67,counsel,kasagyefo
67,count,kaṅ
67,count,keṅkaṅ
67,count,bu ano
67,count,akòntā
67,count,odehyepanyiṅ
67,count,odehyepanyiṅ yere or babea
67,countenance,anim
67,counterbalance,deṅ
67,counterbalance,bu..akapere
67,countless,nea enni ano
67,countless,wontumi ukaṅ
67,countless,bebĕrĕ pa
67,country,asase
67,country,ṅkurā
67,country,kŭro
67,country,amaṅsòfó
68,countryman,kŭroni
68,countryman,ománni
68,countryman (farmer),okuafo
68,countryman (farmer),okuraaseni
68,county,omaṅsiṅ
68,couple,ade abieṅ
68,couple,nnipa bānu
68,couple (married-),awarefo bānu
68,couple (married-),okunu nè ne yere
68,couple (married-),obarima nè obā
68,couple (of animals),onini nè obere
68,courage,unam
68,courage,anuodeṅ
68,courage,abọoduru
68,courage,mmọdeṅ
68,courage,mmọforo
68,course,okwaṅ
68,course,okwaṅ bi so fa
68,course,mmirikatu
68,course,akansi
68,course,akansibea
68,course (fig.),ṅkọso
68,course (fig.),kyerekyerebea
68,course (fig.),yebea
68,course (fig.),asetrā
68,court (yard),adiwo
68,court (yard),abaṅnua
68,court (yard),ahemfi
68,court (jud.),atemmubea
68,court (judges),atemmufo
68,court (keep a- day),di asennida
68,courteous,agŭasobá
68,courteous,ogŭaseṁni
68,courteous (polite),nea wapọ
68,courtesy,agŭaseṁ kasa or -déyo
68,courtesy,opọ(u)
68,courtier,ohene gyaaseni
68,courtier,aheṅkwā
68,courtier,ogŭaseṁni
68,courtier (pl.),a--fo
68,courtship,obi anim anuonyam fwefwē
68,cousin,onua
68,cousin,agya or eṅā ne nua ba
68,cousin,osewá = agya ue nua-bea oba
68,cove,èpo donnoṅ
68,covenant,apām
68,cover,kata so
68,cover,bua-
68,cover,butu-
68,cover,dura hò
68,cover,ṅkataso
68,cover,mmutusó
68,"cover (case, sheath)",nnurahõ
68,"cover (case, sheath)",boha
68,"cover (case, sheath)",kotoku
68,cover (of gunlock),katae
68,coverlet,odaso
68,coverlet,kŭntŭ
68,coverlet,bommó
68,coverlet (pl.),m-
68,covet,ani bere
68,covet,kọṅ dọ
68,covet,di akyiri
68,covet,ye pepẹe
68,covetous,ani bere
68,covetous,kọṅ dọ
68,covetous,di akyiri
68,covetous,ye pepẹe
68,covetousness,pepẹe
68,covetousness,ṅkyèkyĕ
68,covetousness,anibere
68,covetousness,akọnnọ
68,cow,nantwibere
68,coward,ohúfó
68,coward (ice),ehŭ
68,coward (ice),osuro
68,coward (hŭboā),hŭboā
68,cower,koto
68,cower (fig.),koko
68,cowherd,nantwìkàfo
68,cowherd,n -fwẹfo
68,cowry,niwa
68,cowry (pl.),ntrama
68,cowry (pl.),serewa
68,cowry (to use c. as coin),di utr.
68,cowry (to use c. as coin),di serewá
68,crab,okótó
68,crack,pae
68,crack,bọ
68,crack,bu
68,cradle,akokoā-mpa
68,craft,nyansā
68,craft,anitee
68,craft,adwĭnni
68,craft,dŭma
68,craft (vessel),hyeṅ kŭmā bi
68,crag,obotaṅ
68,crag (pl.),a-
68,crag,obo a etere na egyina họ kyerebeṅṅ
68,cramp,fem
68,cramp,kā..fe
68,cramp,kā..mĭa
68,cramp (to bar),si ano
68,cramp (to bar),kwaṅ
68,crane (mach.),adesomā afiri
68,crane (bird),anōma bi
68,crash,bọ
68,crash,bobọ
68,crash,petẹ
68,crash,dwere
68,crash,dwere
68,crater,ogyabepọ ano kŭ
68,crave,bisa
68,crave,sĕre
69,crawl,wea
69,crawl,nam ase
69,crazy,gyimi
69,crazy,tirim ka (no)
69,crazy,t.ye sakas
69,crazy,basab
69,crazy,tirim nye
69,crazy,ani so ka
69,creak,kasa
69,cream,nufusu ani srade
69,create,bo
69,create,ye
69,create,nwene
69,creator,obgadee
69,creator,odebofo
69,creator,obofo
69,creator,Qdomankama
69,creator,Borebore
69,creature,abode
69,creature,aboa
69,creature,aboawa
69,credit,gye..di
69,credit,de..ho to..so
69,credit,bo
69,credit,pe obi bosea
69,credit,de..fem
69,credit,gyidi
69,credit,dimpa
69,credit,bosea
69,credit,besea
69,credit,mefiri (no) ade
69,creditor,okafo
69,creditor,odefirifo
69,creditor,boasebofo
69,creed,gyidi
69,creed,kasem
69,creed,osom
69,creed,nyamesom
69,creep,wea
69,creep,twe(neho) ase
69,creep,tene
69,creep,nwa no atene ko
69,creep,tene fam
69,creep,hama
69,cremation,afunhye
69,crematory,fonono a wohye mu funu
69,crematory,afunhye-fonono
69,crest,dam(e)
69,crew,hyenmufo
69,crew,krufo
69,crib,mmoa aduannaka
69,crib,odaase
69,cricket,abebe
69,cricket,aketekere
69,cricket,kriket
69,crier,esen
69,crier,seneafo
69,crime,bone
69,crime,adebone
69,crime,asemmone
69,crime,amumoye
69,crime,anommane
69,crime,mmarato
69,crime,awudi
69,crime,mmusubo
69,crime,atratrasem
69,crime,senkyene
69,criminal,odeboneyefo
69,criminal,mmaratofo
69,criminal,owudifo
69,criminal,obusufo
69,cripple,apakye
69,cripple,obubuafo
69,cripple,afu
69,crisis,asem
69,crisis,oyare
69,crisis,a ayere katabann
69,crisis,emu aye den
69,crisis,ato apenten so
69,criticise,so fwe
69,criticise,fwe mu
69,criticise,fefe
69,criticise,tase
69,criticise,pepe
69,criticise,bu (ho) aten
69,crocodile,odenkyem
69,crocodile,asuboa
69,crooked,kontonkye
69,crooked,nea akonton
69,crooked,akyea
69,crooked,apahi
69,crooked,nkyeae
69,crooked,yeanhu ne ukyeae da
69,crop,aba
69,crop,mmotokroma
69,crop,mpo
69,cross,asendua
69,cross,mmeamudua
69,cross,twa (asu)
69,cross,twa mu
69,cross,bea mu
69,cross,beu
69,cross,pe asem mu
69,cross,ukurobo akyi san bisa
69,cross,nea ebea mu
69,cross,etwa
69,cross,oye bobone
69,cross,ne bo nye
69,cross,obufufafo
69,cross,bemma
69,cross,tadua
69,cross,owan kese
69,cross,sa
69,crossway,ukwanta
69,crossway,ukwantanan
69,crossing,ukwanta
69,crossing,abeu
69,crossness,mpi
69,crossness,ebo
69,crossness,abohuru
70,crow,kwákwãdàbí
70,crow,anéńé
70,crow-bar,dabáńká
70,crow-bar,akokobane
70,crow (of a cock),akokoboŋ
70,crow,boŋ
70,crow (fig.),hoahoa nehõ
70,crowd,asafo ŵũ
70,crowd,nnipaku
70,crowd,ṅkŭ-rofoku a wokyere so pitipiti
70,crowd,kyere so
70,crowd,boaboa..hõ ano pitip-
70,crowd,ye mãnyãm-
70,crowd,fòre
70,the table is -ed with books,ṅhõma afore poṅ no so
70,crown,abotiri
70,crown,aheńkye
70,triple-crown,abotisá
70,crown (of head),atifĩ
70,crown (of head),mpámpam
70,crucifixion,oseṅ
70,crucifixion,asẽndua mu bo
70,crucify,seṅ
70,crucify,bo asẽnduam
70,crucify,fãm mmeamudua hõ
70,cruel,to be- tirim or ani ye deṅ
70,cruelty,atirimodénne
70,crumb,mpõropõrówa
70,crumb,mfŭrofŭrowa
70,crumb,pokye
70,crumb,põropõro
70,crumb,fŭro
70,crumb,fŭrof-
70,crumble,pokye
70,crumble,põropõro
70,crumble,fŭro
70,crumble,fŭrof-
70,crumple,bobo
70,crumple,pompono
70,crumple,mõamõa (ano)
70,crumple,mõamõa ntama
70,crush,mìa
70,crush,kyĩ
70,crush,pete
70,crush,dŵere
70,crush,see
70,crust,hõno
70,crust,abõń
70,crust,abõná
70,crutch,apakye dua
70,crutch,poma
70,cry,sũ
70,cry,tẽem'
70,cry,bom'
70,cry,mã..nẽ so
70,cry-out,tram
70,cry-out,fre
70,crier,oŵeñãfó
70,crier,nnébófo
70,crystallise,da
70,crystallise,kyere
70,cubic,osikyisu
70,cubic,ade a ne baṅ se síkyì
70,cucumber,bõrofo-fere
70,cudgel,asabã
70,cudgel,abã
70,cue,dua
70,cue (of hair),mmesã
70,cue (of hair),púã
70,culpable,nea odi fo
70,culpable,--animkã
70,culprit,boneye fo
70,culprit,nea odi fo
70,cultivate,do(u)
70,cultivation,ado(u)
70,cultivation,akúá
70,cultivation,kua-dŵuma
70,cumber,ye..so duru
70,cumber,gye (asase) keṅteṅ so
70,cumber,si kwaṅ
70,cumulate,bo kū
70,cumulate,boa ano
70,cunning person,nea n'ani tee
70,cunning person,-oye anifere
70,cunning person (false p.),koṅkonsani
70,cup,kŭruwa
70,cup,pl. ṅ-
70,cup,kope
70,cup,sŭaṅ
70,cup,sa
70,cup,sesa
70,cup-glass,káṅkua
70,cup-glass,pl. ṅk-
70,cupidity,adifedepe
70,cupidity,anibere
70,curd,kyere
70,curdle,mã ekyere
70,cure,sa (yare)
70,cure,ye aduru
70,curious,to be- ..hõ hĩa obi na wafŵe
70,curious,ani so ye..yã
70,curl,pompono
70,curl,kyiṅkyìm
70,curl,-n.epó
70,curl,pl. a- or apoapo
70,current,ofŵéàm
70,current,nea aba or -ewo so
70,current,-ekyiṅkoba
70,curse,nnuabo
70,curse,nnome
70,curse,mmusu
70,curse,nsẽu
70,curse,nseẹ
70,curse,(F. mpae)
70,curse,bo dua
70,curse,dome
70,curse,hye nsee
70,curse (euph.),hyira
70,curse (by a fetish),bo..bosom
71,curtail,twa so
71,curtail,tia
71,curtain,mmọhọ
71,curtain,v. si mmọhọ
71,curve,kõntõṅ
71,curve,kọntọṅ
71,curve,kõm
71,curve,pono
71,cushion,sūmī
71,cushion,até
71,cushion (sew-),bu até
71,cushion (in the dress of women),atòfo
71,custody,duam' nna
71,custody,sofwẹ
71,custody,wẹṅ
71,custom,amánne
71,custom,atóremùadé
71,custom (duty),tō
71,custom (duty),akwanne
71,custom (funeral-),ayi
71,custom (funeral-),kọ ayi
71,custom (funeral-),ase
71,custom (-house),atōgyei
71,customer,ọdetọfo
71,customer,nea wo-nè no di gũa
71,cut,twa
71,cut,twitwa
71,cut (to),nnua
71,cut,seṅ
71,cut,sinseṅ
71,cut (brode),dwọ
71,cut (sare),tu
71,cut (into pieces),twitwa brb. nyakũ-nyakũ i.e. pásapasa
71,cut (up),gũa
71,cut (up),dwa
71,cut (up),kye
71,cutlass,ṅkrante
71,cutter,hyeṅ bi
71,cutter,duakoro
71,cutter (knife),adetwade
71,cutter (tooth),adọnteṅ-mu sĕ
71,cyclone,kyiṅhyiamframa
71,cyclone,anãnse apam
71,cyclone,gyampanturudu
71,cyclone,atwãfrede (As.)
71,cylinder,brb. ọkwaṅ dam' sẹ ọdorobeṅ
71,cylinder,ekura mprampŭró su
71,cymbal,(nsambọ-) nnáwúru
71,Dabble,fọ(u)
71,Dabble,dwira
71,Dabble,kekã
71,dagger,sépọ
71,dagger,phr. woawura no s-
71,daily,ad. dã
71,daily,yi
71,daily,dã
71,daily,dabã
71,daily,dã adekyẽe
71,daily,úhĩnã
71,dainty,to be-
71,dainty,n'anom yẹ no dẹ
71,dainties,nnọkẹnnọkọade
71,daintiness,anomdẹ
71,dairy,nufukyĭbea
71,dairy,butŭru-nè-kēsū-yẹ daṅ
71,dale,obọṅ
71,dale,pl. a-
71,dam,-up water
71,dam,siri
71,dam,si
71,dam,wau nsu ano
71,damage,dẹm
71,damage,adesẹ
71,damage,aboro
71,damage (compensation),adefwerede anaṅmuhye
71,damage,v. sẹ
71,damage,di..aboro
71,damaged,gō
71,damaged (to be-),di dẹm
71,damaged,dẹm wọ hō
71,damaged,asẹe
71,damask,damasi
71,damask,ågo
71,damn,bu..fọ
71,damn,dome
71,damn,bọ dua
71,damp,fọnọnono
71,damp,fọnọf-
71,damp,fọkyẽ
71,damp,fọsọ
71,damp,fọsof-
71,damp,foṅwini
71,damp,wù-suw-
71,damp,kùsuk-
71,damp,kusukûkû
71,damp,v.fọu
71,damsel,åbábá
71,damsel,pl. mm-
71,dance,v. sa
71,dance,sau
71,dance,tutu asá
71,dance,n. asá
71,dance,asáu
71,danger,asĭane
71,danger,amane
71,danger,ahọhĭa
71,dangerous,to be-
71,dangerous,emu yẹ hũ
71,dangle,bọ
71,dangle,seṅ hō (kwa)
71,dare,si bo
71,dare,pírim
71,dare,kate anim
71,dare,yẹ brb. koko so
71,dare,yẹ nnam
71,daring,nea n'ani yẹ deṅ
71,daring,ọyẹ nnam
71,daring,ne bo yẹ duru
71,daring,osi ne bo (yẹ brb.)
71,dark,tūmm
71,dark,tuntum
71,dark,kusū
71,dark,kabī
71,dark,kùntùṅṅ
71,dark,v. biri
71,dark,mũna (anim)
71,darken,to get dark
71,darken,ade sã
71,darken,esũm duru
71,darken,osoro
71,darken,wĭm
71,darken,osu
71,darken,anim mũna
71,darken,oẅia duru sũm
72,darkish,biri
72,darkness,esũm
72,darkness,emu a ente(u)
72,darling,doba
72,darn,tua ntokũru
72,dart,agyaṅ
72,dart,sepo
72,dart,peme
72,dart,peau
72,dart,agyaṅ
72,dart,hye
72,dart,gu
72,dash,dwira
72,dash,bo
72,dash,bobo
72,dash,bo
72,dash,gu
72,dash,ka
72,dash,gu
72,dash,hye aniwu
72,dash,kum aniwu
72,date,eda
72,date,ebere
72,date,hye
72,date,kyere
72,date,da
72,date,bere
72,date-tree,kyeresia
72,date-fruit,kyeresia aba
72,daub,sra (daṅ)
72,daub,due (sumaṅ)
72,daughter,oba
72,daughter,obábea (obábā)
72,daughter-in-law,obabarima yere
72,daunt,yihũ
72,daunt,tu bo
72,daunt,tu abasam
72,dawn,ahémã
72,dawn,dakyé
72,dawn,aṅopa hémã
72,day,eda
72,day,nna
72,day-light,adekyẽ
72,day-light,oẅia haṅ
72,day-light,aẅia-bere
72,today,ene
72,today,nne
72,day-break,ahémã
72,day-break,adekyẽ
72,day-break,animbaeb
72,day-break,bõeb
72,day-break,bue
72,dazzle,nyinam
72,dazzle,gyigye
72,dazzle,ye ani so nyinam-nyinam
72,deacon,osofoboafo
72,deacon,osofokũmã
72,dead,efunu
72,dead,nea wawu
72,dead,owufo
72,deadly,owuyare
72,deaf,ositifo
72,deafness,asiti
72,deafness,asõti(u)
72,deal,dodo
72,deal-board,tâbó
72,deal,kye(mã)
72,deal,di
72,deal-trade,di bata
72,deal-trade,di gũa
72,deal-trade,di mpẽwá
72,deal-rashly,di atrárasem
72,deal-violently,di akakabénsem
72,deal-violently,akokobirisem
72,deal-violently,aporisem
72,deal-I shall with him without mercy,me nè no bedi no bone
72,dealer,ogũadifo
72,dealer,obatani
72,dealer,opẽwadifo
72,dear,pa
72,dear-to be,ehõ hĩa
72,dear-to be,wobu no
72,dear-in price,ebo ye deṅ
72,dear-in price,woto no abogdeṅ
72,dearth,okom
72,death,owu
72,death-violent,opatuwu
72,death-violent,awusiṅ
72,death-violent,atofo wu
72,debar,si kwaṅ
72,debar,ano
72,debar-suspend,pem..ase
72,debase,bẽre ase
72,debase,mã eso hũaṅ
72,debate,di
72,debate,di asem
72,debauch,ahofẅibo
72,debauchee,ohofẅini
72,debauchee,osatofo
72,debility,mmereye
72,debility,ahõomere
72,debt,eka
72,debt-old,ṅka(da)dã
72,debt-for food,ntodika
72,debt-to run into or incur,bo ka
72,debt-to run into or incur,nyã
72,debt-to run into or incur,yi
72,debtor,okafoni
72,debtor,odefirifo
72,decade,edu
72,decay,põro
72,decay,see
72,decay,wu
72,decay-of plants & fig.,po
72,decay-of plants & fig.,kisã
72,decay-of plants & fig.,kagyau
72,decay-of plants & fig.,nyãm
72,decay-decline,so hũaṅ
72,decay-waste,ye pasã
72,decay-phr.,oyare akisã no
73,decease,owu
73,decease,asumaṅkyíriko
73,decease,ofimu
73,decease,wu
73,decease,fi mu
73,decease,daṅ nehɔ
73,decease,ka bābi
73,decease,gyau mu
73,decease,da n'asɔ̃m beṅkum so
73,deceit,usisi
73,deceit,nuādā
73,deceit,anidane
73,deceit,kusumdi
73,deceit,aniteɛ
73,deceive,gyigye
73,deceive,dādā
73,deceive,sisi
73,deceive,di kusum
73,decency,mfataso
73,decency,anisɔ
73,decency,ahɔ̃bɛrease
73,decency,ahɔ̃tee
73,decency,amanye
73,decency,amanyopá
73,deception,nnādā
73,deception,nsisi
73,deception,kusum
73,deception,di k
73,decide,bu nteṅ
73,decide,ateṅ
73,decimal,edu
73,decimal fraction,du ṅkyɛm mmubui
73,decision,ateṅ
73,decision,gyinae
73,decision,bɔ..tirim
73,declare,kā
73,declare,kyere
73,declare,pae mu kā
73,declension,diù mu nsakrae
73,declension,osɛe
73,declension,ntɛumu
73,declination,diù mu nsakrae
73,declination,osɛe
73,declination,opɔ̃rɔ
73,decline,bɛre ase
73,decline,kame
73,decline,so..hŭaṅ
73,decline,gyigya
73,decline,re sã
73,decline,re sεe
73,decline,wɔṅ nyamesom gyigyae
73,decorate,hyehye
73,decorate,kekã
73,decorate,wura
73,decrease,so hŭaṅ
73,decrease,re sã
73,decree,mmāra
73,decree,emɔ̃m
73,decree,ahyeɛde
73,decree,asɛm
73,dedicate,yi..mã
73,dedicate,de..mã
73,dedicate,bue..ano
73,dedicate,mɔ̃mã
73,dedicate,memã
73,deduct,te..so
73,deduct,tëu so
73,deduct,yi..fi mu
73,deduction,nteso
73,deduction,nyifim
73,deed,ade
73,deed,adeyɛ
73,deed,nneyɛe
73,deed,adwuma
73,deed,ṅṅ
73,deem,susu
73,deem,dwene
73,deem,sɛ ete
73,deem,bu
73,deep,dóṅkud-
73,deep,kŭroṅ-
73,deep,hó
73,deep,fè
73,deep,..mu dɔ
73,deer,ofrɔte
73,deer,a-
73,deer,cf.antelope
73,deface,sεe
73,deface,kum ani
73,defame,bɔ dimmɔne
73,defame,sεe diṅ
73,defame,bɔ ahohora
73,defame,sopa
73,defeat,kã gu
73,defeat,yi dɔm
73,defeat,kum-
73,defeat,pam
73,defeat,boro
73,defeat,pë wε
73,defeat,di ntwó
73,defeat,sǐaṅ
73,defeat,ṅkɔgu
73,defeat,ntwó
73,defeat,nsǐaṅ
73,defeat,ntwó no ẅiee nĭm
73,defeat,nsǐaṅ baa wɔṅ fãm
73,defect,dεm
73,defect,mfomso
73,defect,wɔm
73,defective,ehɔ̃ wɔ asɛm
73,defective,edi dεm
73,defence,ahɔpere
73,defence,anoyi
73,defence,akɔ̃pere
73,defence,hɔ nyansã
73,defend,pere
73,defend,gye
73,defend,tu
73,defend,yi..ano
73,defend,kasa mã
73,defendant,nea obi asãmãnã no
73,defendant,obi nè no wɔ ṅkŭro
73,defender,okɔ̃perefo
73,defender,oẅeṅfo
73,defender,okãmãfo
73,defender,odiperefo
73,defer,tu hye da
73,defer,bɔ to hɔ
73,defer,pokye
73,defer,woatu ahye da
73,defer,woabo asɛm no ato hɔ
73,deference,animfɛe
73,deference,obu
73,deference,fere
73,deference,ode n'ani too m'anim yee
74,deficient,ensɔ̃
74,deficient,ennɔ̃sɔ̃
74,deficient,ennu
74,deficient,edi dɛm
74,deficit,ɛka
74,deficit,akábɔ́
74,defile,gu hɔ̃ fĩ
74,defile,sɛe
74,defile,okwaṅ hĩhĩã
74,defile,mpɔ́tam
74,defile,afae
74,definite,nea ɛkyerɛ brb. mu potɛ̃ or fɛ̃
74,definite,nea wɔnnaṅ ani
74,definite,mmuae- or okãprɛkɔ̃
74,deform,sɛe
74,deform,mã.yɛ taṅ
74,defraud,sisi
74,defraud,dãdã
74,defraud,di kusum
74,defraud,di amim
74,defraud,aboro
74,defray,tua ka
74,defray,adefwerede
74,defunct,nea wawu
74,defunct,waka bãbi
74,defy,twa poa
74,defy,twitwa mpoa
74,defy,yɛ mpĩ
74,defy,te ahĩ
74,degenerate,tɔ apɛ̃
74,degenerate,di nsaṅase
74,degenerate,yɛ saṅkaase
74,degree,nnurui
74,degree,dibea
74,degree,ntwãhɔhyia ṅkyekyɛm 360 no mu biàkɔ̃
74,dejected,botɔ
74,dejected,hɔ̃ yera
74,dejected,hɔ̃ dwiri
74,dejected,yɛmmobɔmobɔ
74,dejected,yɛ fɔ̀tɔ̃
74,dejection,ahɔ́fɔm
74,delay,bɔ to hɔ
74,delay,tutu(ka)
74,delay,twɛntwɛṅ (ne naṅ) ase
74,delay,bɔ son-sòṅkú
74,delay,nam gyàbégyàbé
74,delay,mã e-kye
74,delay,mmotohó
74,delay,kyere
74,delicate,nea ɛyɛ (anom) dɛ
74,delicate,nea n'anom yɛ no dɛ
74,delicate,okɔkɔ ne-hɔ
74,delicate,odɔ̃m
74,delicious,nea ɛyɛ dɛ
74,delicious,ɛte de mu
74,delicious,aduaṅ yi kɔ (me) ntɛ̃
74,delight,anigye
74,delight,anikã
74,delight,kõmapa
74,delight,gye ani
74,delight,mã anikã
74,delight,bo tɔ yam
74,delight,ahɔ̃sepɛ
74,delinquent,odebɔneyefo
74,delirium,tirimkã
74,delirium,anisokã
74,deliver,de..mã
74,deliver,yi..mã
74,deliver,yi
74,deliver,gye
74,deliver,gye ṅkwã
74,deliver,kã
74,deliver,bɔ (kaseɛ)
74,deliverer,ogyefo
74,deliverer,agyeṅkwã
74,delude,sisi
74,delude,dãdã
74,delude,gyigye
74,delude,to brada
74,deluge,yiri
74,deluge,bɔ
74,deluge,nsuyiri
74,demagogue,omaṅ-asɔtufo
74,demand,bisa
74,demand,gye
74,demand,di ntomú
74,demand,ntesó
74,demand,daṅ..ka
74,demeanour,abãrabɔ
74,demeanour,abãrabu
74,demeanour,nneyee
74,democracy,kwasafomaṅ
74,democracy,kwà-maṅmaṅ
74,democracy,asafo a ɛnsɔm bi nnaṅ bi
74,democrat,kwamaṅmaṅpefo
74,demolish,buru
74,demolish,d̃wiri
74,demolish,bobɔ
74,demolish,bu
74,demon,daemone
74,demon,obosom
74,demon,sunsommone
74,demonstrate,yi kyerɛ
74,demonstrate,de asɛm (or brb.) kyerɛ asɛm (brb.) ase
74,demonstration,asekyerɛ
74,demonstration,adansedi
74,demoralisation,abãrabɔ-sɛe
74,demoralise,mã abãrabɔ pa or nseṅii pa saṅ ase
74,demoralise,hye...proɛ
74,demoralise,bɔ (dɔm) pemmó
74,den,obɔṅ
74,den,etũ
74,den,dabere
74,den,amɔa
74,den,amãṅã
74,den,obodaṅ
75,denial,osaṅ
75,denial,okame
75,denial,nsiuso
75,denial,akyipa
75,denial,nsaṅkyēe
75,denominate,to diṅ
75,denominate,bọ diṅ
75,denominate,frẹ
75,denomination,ediṅ
75,denomination,diṅto
75,denomination,asafo bi a awae atrā nehõ ase
75,denominator,diṅtofo
75,denominator,dimmofo
75,denote,kari
75,denote,kyerẹ
75,denounce,fa..twa
75,denounce,ofa-twafo
75,dense,kusū
75,dense,piprī
75,dense,pitipiti
75,dentist,esẽ mu yare safo
75,dentist,esẽ sesefo
75,deny,saṅ
75,deny,pa
75,deny,pa akyiri
75,deny,siu so
75,denying,nsaṅkyēe
75,denunciation,ofátwa
75,denunciation,anotõtõ
75,depart,fi..kọ
75,depart,sim'
75,depart,si kwaṅ so
75,depart,tu kwaṅ
75,depart,tu seqye
75,depart,wu
75,department,dwumadibea
75,department,nkyekyem
75,department,amantõ
75,departure,osímkò
75,departure,okárákò
75,departure,emufi
75,departure,owu
75,depend,de ani to..so
75,depend,dàṅ
75,depend,ani
75,deplore,sū
75,deplore,gyam obi
75,deplore,di..ṅkommo
75,depose,tu (agua) so
75,depose,di adanse
75,deposit,de..to họ
75,deposit,de brb. sie
75,deposit,..to ase
75,deposit,adekorade
75,deposit,brb. a wọamã asie
75,depot,akorae
75,depot,adekorabea
75,depress,mĩa so
75,depress,bẹre ase
75,depressed,fōtõ
75,depressed,wabotõ
75,depressed,nehõ afọm no
75,depressed,dwiri
75,depressed,yera
75,deprive,gye..nsam (ade)
75,depth,emudọ
75,depth,ebuṅ
75,derange,mã ye basab -
75,derange,sakas-
75,derange,ne tirim kã no
75,derange,ye basab -
75,derange,nye yiye
75,derange,n'ani so kã
75,deride,sere
75,deride,goru hõ
75,deride,di hõ fẹ
75,deride,di..perefwẹ
75,derision,oseré
75,derision,operefwẹ
75,derive,kyerẹ brb. ase fi
75,derive,toa brb. mmọro
75,descend,si
75,descend,si fam
75,descend,duru
75,descend,sĩàṅ
75,descend,ase fi
75,descendant,aseni
75,descent,awo
75,descent,asefi
75,describe,kã hõ asẹm
75,describe,de nsensane hye brb. nsõ
75,descry,hū
75,descry,sra
75,descry,sra kwaṅ
75,desert,tu
75,desert,gyau (obi)
75,desert,saṅ akyi
75,desert,bọ..kọ
75,desert,sãráha
75,desert,bọ..hõ aguã
75,desert,gũaṅ
75,desert,don
75,desert,gyā
75,desert,daù kyene
75,desert,twa abọrọdọ
75,desert,sarem
75,desert,sareso
75,desert,sare pradada
75,desert,aṅhwẽaso
75,desert,amamfọ
75,desert,akŭrofọ
75,deserter,ogŭaṅfo
75,deserter,obọrodoni
75,desertion,agŭaṅ
75,desertion,abọrọdọ
75,deserve,sẹ (akatua)
75,deserve,fata
75,deserve,di
75,deserve,odi or osẹ animkã
75,deserve,ofwẹ
75,design,to or bọ tirim
75,design,bọ tirimpo
75,desirable,to be-
75,desirable,ye akouno
75,desire,pe
75,desire,fwefwẹ
75,desire,di akyi(ri)
75,desire,ani bere
75,desire,fe
76,desist,gyae
76,desist,twa(to)
76,desist,"mutually fr. fighting, di ṅkōtetem"
76,desk,adesũafo kyereupoṅ
76,desolate,afō
76,desolate,ntū
76,desolate,amamfō
76,desolate,akwamfō
76,desolate,afitū
76,desolate,odantū
76,despair,kōma tu
76,despair,bo tu
76,despair,pa abau
76,despair,ahomete (traso)
76,despair,"to be in-, (wa)ye atobiā"
76,despatch,akwaṅhye
76,despatch,opatusoma
76,despatch,ṅkāra
76,desperate,"to be-, hō yera (no)"
76,desperate,home te
76,desperate,ye kitikiti
76,despise,bu..animtia
76,despise,bu..abomfiā
76,despise,pa
76,despise,hura hō
76,despise,to hō mpē
76,despot,nea odi tumi traso
76,despot,ohene sĕrántĕfoog or tirimoḍenfo
76,dessert,akyiriaduaṅ
76,dessert,aduaba a. s. nnoḳonnoḳoade
76,destinate,kyere (obi ne) ďwuma or dibea
76,destine,kyere (obi ne) ďwuma or dibea
76,destiny,anyāṅkōnné
76,destitution,ohīa
76,destitution,hìadi
76,destitution,ahō-kyere
76,destroy,see
76,destroy,bo
76,destroy,bobo
76,destroy,kum
76,destroy,ďwere
76,destroy,ďwere
76,destroy,ďwiri
76,destroy,buru
76,destroy,pass. hye
76,destroy,frannam
76,detail,nsem ṅkoreṅkore
76,detail,nsem mû
76,detail,ntentoa
76,detail,toa nteṅ
76,detail,kā mfũamfũa
76,detail,kā mà ewie du
76,detain,si kwaṅ
76,detain,saṅ
76,detain,sĭaṅka
76,detain,"I don't -you, meṅhye wo kyere"
76,detect,hù
76,detect,yi adi
76,detect,da gŭa
76,deteriorate,so hŭaṅ
76,deteriorate,gyigya
76,deteriorate,cf. decline
76,determine,bu nteṅ
76,determine,kā
76,determine,hye
76,determine,bo hye
76,determine,kyere kwaṅ
76,determine,tĕetĕe
76,determine,siesie
76,determine,finish ẅie
76,determine,resolve bo tirim
76,detest,taṅ
76,detest,kyi
76,detest,eye..taṅ
76,detest,eye..ṅwini or ṅwuṅ
76,detest,afono
76,detestable,akyide
76,detestable,atantánnue
76,dethrone,tu (agua) so
76,detriment,ḍem
76,detriment,adesee
76,detriment,àbóro
76,detriment,di ab
76,develop,yi so ṅkataso
76,develop,yi hō nnurahō
76,develop,sàṅ
76,develop,fig. yi adi
76,develop,mā eṅna adi
76,develop,eṅko so
76,deviate,māṅ (fi..)
76,deviate,fōm
76,deviate,kwaṅ
76,device,tirimbo
76,device,tirimpo
76,devise,ďweṅ
76,devise,susu..tirim
76,devise,bore hù
76,devise,tu aďwenem agyina
76,devil,obonsam
76,devil,pl. a-
76,devoid,"to be-, ye hunu"
76,devoid,nni
76,devote to,mōmā
76,devote to,mēmā
76,devoted (to),"to be, pe obi asem"
76,devoted (to),sōm (obi)
76,devotion,kroṅkroṅye
76,devotion,asore
76,devotion,mpaebo
76,devotion,self- ahōfamà
76,devour,mene
76,devour,didi fù
76,devour,fig. fẅere
76,devour,see
76,devout,nea owo Nyame hō aďwene
76,devout,oferé Ny. or nipa
76,dew,ebo
76,dew,ebou
76,dew,obósu
76,dew,akrokra
76,dew,v. obosu gu
76,dew,ebou to
76,dew,akroḳrá gu
78,dinner,aŵiadidi
78,dip,bọ mu
78,dip,dọ asukọ
78,diphthong,uné ṅkãe nta
78,diplomacy,amansem
78,diplomacy,di
78,diplomatist,omansẹmdifo
78,diplomatist,a
78,direct,nea ekọ tẽ
78,direct,pẹṅ so
78,direct,ekyerẹ brb
78,direct,edidi so
78,direct,tẽ
78,direct,tẽ so
78,direct,kyerẹ
78,direct,hye
78,direction,akwaṅkyerẹ
78,direction,kyerẹpẹṅ
78,direction,ntenteṅso
78,direction,adekyerẹde
78,direction,okyerẹkwaṅ so
78,director,eso difo
78,director,okwaṅkyerefo
78,director,opauyiṅ
78,director,mp
78,dirt,efĩ
78,dirt,ḍote
78,dirt,dontori
78,dirty,efĩ
78,dirty,pòtō
78,dirty,biriburō
78,dirty,búrum
78,dirty,tantaṅ
78,dirty,biri
78,disadvantage,adefŵere
78,disadvantage,ọbọ
78,disaffection,adọna
78,disaffection,fa ad
78,disagree,ano ṅkó bẹṅkorom
78,disagree,wonyé nokoro
78,disagree,ano ṅhyiá
78,disagree,esonsono
78,disagree,twẽ mansọ
78,disagreeable,nea emfata
78,disagreeable,emfra
78,disagreeable,enye
78,disagreeable,eṅkã sẽ
78,disallow,si ano
78,disallow,si kwaṅ
78,disallow,gu
78,disappear,yera
78,disappear,As.hãra
78,disappear,tom
78,disappoint,dãdã
78,disappoint,di.hũammo
78,disappoint,pẹ ŵe
78,disaster,amane
78,disaster,hunu
78,disaster,aŵereho
78,disaster,abu
78,disaster,asĩane
78,disaster,mmusu
78,disaster,ahyiakwa
78,disbelieve,gye akyinnye
78,disbelieve,kyim
78,disbelieve,nnyé nni
78,discern,hũ
78,discern,hũ mu
78,discern,bu ntẹṅ
78,discernment,ṅkyerease
78,discharge,yi agũade
78,discharge,bu bem
78,discharge,tuo
78,discharge,yẹ brb
78,discharge,di (dŵuma)
78,discharge,kãra
78,discharge,gyã okwaṅ
78,discharge,yi
78,discharge,tua ka
78,disciple,osũani or -fo
78,disciple,a-fo
78,discipline,(oyeṅ mu) nniso
78,discipline,ntẽeso
78,discipline,nsiesiei or ṅhyehyẹe pa
78,disclose,yi so
78,disclose,yi adi
78,disclose,pae mu
78,discomfit,kã
78,discomfit,bọ or pam (dọm) gu
78,discomfit,tu..abasam
78,discontented,odifudepẹ
78,discontinue,gyae (yọ)
78,discord,atutũ
78,discord,mansọ
78,discord,ṅworãm
78,discord,ṅŵanam
78,discord,twẽ ṅ
78,discover,yi so
78,discover,hũ
78,discover,tŵa .adafĩ
78,discover,kã
78,discovery,ade a woahũ no foforo
78,discovery,ahintasẹm bi mu hũ
78,discovery,asisẹm bi kã
78,discovery,adiyi
78,discovery,ahũtu
78,discourage,tu bọ
78,discourage,kōma
78,discourage,abasám
78,discourage,yi hũ
78,discourage,bo tu
78,discourage,kōma-
78,discourage,abasam-
78,discourage,pa abau
78,discouragement,akōmatu
78,discouragement,abasamtu
79,discourse,sɛmɔde
79,discourse,bo
79,discourse,ṅkommo
79,discourse,asɛm
79,discourse,asɛṅkã
79,disease,oyare
79,disease,asonokã
79,disease,ofɔe
79,disembark,tu (hyeṅ no mu agade) gu
79,disembark,si fam
79,disembark,mpoano
79,disengage,sãṅ
79,disengage,yi..fi mu
79,disfigure,sɛe ani (or anim)
79,disfigure,ye omúmó
79,disgrace,bo ahohora
79,disgrace,sopa
79,disgrace,hye aniwu
79,disgrace,gu anim ase
79,disgrace,bo..tútú
79,disgrace,ahohora
79,disgrace,nsopa
79,disgrace,aniwu
79,disgrace,animguase
79,disgrace,adapã
79,disgrace,nsiãm
79,disgrace,ṅkõgu
79,disguise,hinta
79,disguise,siu..hõ so
79,disguise,sakra ntade
79,disgust,(mã) ye taṅ
79,disgust,fono
79,disgust,mfɔnoē
79,disgust,amemmenemfɛ
79,dish,taforoboto
79,dish,asaṅka
79,dish,abeyeã
79,dishearten,tu bo
79,dishearten,kõma
79,dishearten,abasám
79,dishevel,pese (ṅhwĩ mu)
79,dishonest,twa ṅkontompo
79,dishonest,ye ṅkoṅkoṅsa
79,dishonest,di kusum
79,disinherit,kãme awunnyade
79,disinherit,ohye awunny
79,disinherit,ommã obi nuyã hõ samanse
79,disinter,tu..fi damõam
79,disjoin,pae mu
79,disjoin,tëu
79,disjoin,hũaṅ
79,dislike,mpe
79,dislike,mpene
79,dislike,kyi
79,dislike,taṅ
79,dislike,fa adonã
79,dislike,amemmenemfɛ
79,dislike,quã
79,dislike,otãṅ
79,dislike,okyi
79,dislocate,yi fi bābi
79,dislocate,twi..
79,dislocate,hũaṅ (naṅ)
79,dislodge,tu
79,dislodge,pam
79,dislodge,tu ko
79,dismay,tu bo
79,dismay,yi hũ
79,dismiss,pam
79,dismiss,tu
79,dismiss,gyã..kwaṅ
79,disobedience,asõgdeṅ
79,disobedience,asõwui
79,disobedient,kàsante
79,disobedient,nea oye asõgdeṅ or asõwui
79,disobey,ye asõgdeṅ
79,disobey,bu..so
79,disobey,obu ne nã asɛm so
79,disorder,sakasakaye
79,disorder,wibo
79,disorder,ammumm
79,disorder,hōye
79,disorder,anitaneé
79,disorder,mansõ
79,disorder,ahofwi
79,disorder,oyare
79,disorder,asonokã
79,disorder,asorokã
79,disorderly,bàsab
79,disorderly,bisibasã
79,disorderly,sàkas
79,disorderly,kitik
79,disorderly,wùsuw
79,dispatch,gya or hye kwaṅ
79,dispatch,mã wode ko
79,dispatch,soma
79,dispatch,kāra
79,dispatch,mãnã
79,dispatch,akwánnyá
79,dispatch,ṅkărã
79,dispel,bo..petẽ
79,dispel,gu
79,dispensary,ayarefofwedaṅ
79,dispensary,nnufraē
79,dispensatory,adufrasɛm ṅhõma
79,dispense,"kwae (mmāra, ntam)"
79,dispense,mã okwaṅ
79,dispense,yi..mu
79,dispense,mã or ye aduru
79,dispense,fra nnuru
79,dispense,eye ade a woṅkwae nto hɔ
79,disperse,petẽ
79,disperse,fwete
79,disperse,bo petẽ
79,disperse,ye bābādom
79,display,yi..kyere
79,display,tere mu
79,display,mã eda gũa
79,display,bo gũa
79,display,(e)hõ adiyi
79,display,ahõkyere
79,display,ah-sɛm
80,displeasure,àníbere
80,displeasure,adoṇã
80,displeasure,fa ad.
80,disposal,otuhye
80,disposal,hyirasomã
80,dispose of,tu
80,he has disp. of all his goods,watu n'agũade ṅh. ahye me nsa
80,dispossess,gye (obi) nsam ade
80,dispossess,tu
80,dispossess,poṅ
80,dispute,gye akyinnye
80,dispute,yiyi ano
80,dispute,bo ṅkũro
80,dispute,kasak-
80,dispute,hãm
80,dispute,akyinnyé
80,dispute,sem
80,dispute,akasásá
80,dispute,ohãm
80,dispute (jud.),ṅkũrobo
80,dispute (jud.),atenyi
80,set up a dispute,twa onokõ
80,he is a habitual disputer,óyè akyinnyé
80,disquiet,ha
80,disquiet,hau
80,disquiet,tane ani
80,disquiet,hwãṅyaṅ..mu
80,disregard,pa
80,disregard,te ahĩmmu
80,disregard,aninso
80,disregard,bo..so or di
80,disregard,so mpekua(sem)
80,disregard,nyã
80,disregard,apomafotó
80,disrespect,cf. disregard
80,disruption,mpãpaemu
80,dissatisfy,huru bo
80,dissatisfy,yi ahĩ
80,dissatisfy,enyé abodwo
80,dissemble,siu so
80,dissemble,ye nyãtwom
80,disseminate,petẽ
80,disseminate,gu
80,disseminate,dua(aba)
80,dissent,nye nokoro
80,dissent,ano ṅko beṅkorom'
80,dissolve,hõno
80,dissolve,nãṅ
80,dissolve,pae mu
80,dissolve,tue
80,dissolve (loosen),sãṅ
80,dissonant,nea eye wã
80,dissonant,--asõm-yéá
80,dissonant,--tua asõ
80,distance,ntam kwaṅ
80,distance,nt. pãṅ
80,distance,nt. pompaṅ
80,distance,--tãṅ
80,distant,usrẽnso
80,distant,akyiriky-
80,distant,aky
80,distant,noho
80,distaste,mfõnoe
80,distaste,ahĩ
80,distasteful,ye..nyàne
80,distasteful,nyàne-
80,distemper,asorokã
80,distemper,abofono
80,distemper (discord),mansõ
80,distil,soso kókó
80,distil,..so gu
80,distinctly,pe
80,distinctly,pepe
80,distinctly,kroṅkroṅ
80,distinctly,fẽ
80,distinctly,pefẽ
80,distinctly,ketẽ
80,distinguish,hũ mu
80,distinguish,yiyi-
80,distort,kyĩm
80,distort,hũaṅ
80,distort (wrest one's words),tutu obi asem ano sisi
80,distortion,ohũaṅ
80,distortion (fig.),asem abare
80,distortion (fig.),aseṅkontoṅkyẽ
80,distract,twẽ fi hõ
80,distract,tẽu mu
80,distract,hau
80,distract,hwãṅyaṅ
80,distract (ion of mind),anisòteré
80,distress,amane
80,distress,hunu
80,distress,ahõkyere
80,distress,ahõhĩa
80,distress,ohĩa
80,distress (to be in),hũ amane
80,distress (to be in),..hõ hĩa no
80,distress (to be in),ahĩa no
80,distress (to be in),..hõ kyere no
80,distress (to be in),..hõ yera no
80,distribute,kyekye
80,distribute,kye mu mà (obi)
80,district,omansiṅ
80,district,amántó
80,district's Church,amantam asafo
80,district's Synod,amant. ṅhyiam
80,district's Board,am. agyina
80,members of D. B.,am. agyinamufo
80,members of D. Syn.,am. ṅhyiamufo
80,disturb,ha
80,disturb,hau
80,disturb,hwãṅyaṅ
80,disturb,tane ani
80,disturb,fono mu
80,disturb,ye kitikiti
80,disturb,bo wi
80,disturb,twi
80,disturb (surge),see
80,disturb (surge),epo asee
80,disturbance,ohau
80,disturbance,anitaneé
80,disturbance,wibo
80,disturbance,mansõ
80,disturbance,-twẽ
81,disunion,mpāpaemu
81,disunion,ntetemu
81,ditch,ọkā
81,ditch,nsukā
81,ditch,amōa
81,ditch,amě-nāwa
81,ditto,ẹno koro ara
81,ditty,edwom
81,dive,dọ asukọ
81,dive,mẽm
81,dive,bọre mu
81,dive,pēpē-
81,dive,fwefwẹ-
81,divest,pa ntade
81,divest,-ntama
81,divide,kyẹ
81,divide,kyẹmu
81,divide,pae-
81,dividend,ṅkyẹmade
81,divine,hyẹ ṅkọm
81,divine,kănă
81,divine,kră
81,diviner,ọkọmfo
81,diviner,ṅkọmhyẹfo
81,division,ṅkyekyẹm
81,division,mpapaemu
81,divisor,ọkyẹfo
81,divorce,awaregu
81,divorce,awaregyae
81,divorce,kõ (oyere)
81,divorce,te aware mu
81,divorce,gu aw-
81,do,yẹ
81,do,bọ
81,do,di
81,do,wie
81,do,sõ
81,do,dọsõ
81,do,ye yiye
81,docile,nea ọnyẹ adekyerenă
81,docile,n'asõ ye mmere
81,dock,făkõ a wọpam or mĭa-mĭa hyeṅ mu
81,dock,hyeṅdwinnaṅ
81,doctor,odu(ru)yẹfo
81,doctor,ọkyẹrefo panyiṅ
81,doctrine,ọkyẹre
81,dodge,di or bọ nsĭanehõ
81,dodge,màn
81,dodge,pare hõ
81,dodge,tu mmirika apõno-ap-
81,dog,ọkrámaṅ
81,dog,ọbọdóm
81,dog,ọtwẹá
81,dog,apegyebi
81,dog,ọdemerefŭá
81,dog,ámpàṅ
81,dog,Ak.ápànè
81,dog,ọhá
81,dog,ọkramaṅdwu
81,dog,sõmóre
81,dog,sěbọmmọfo
81,dogmatics,onyamesõm hõ nimdeẹ kyere
81,doll,baduaba
81,doll,akuaba
81,dollar,dare
81,dolour,aŵereho
81,dolour,eya
81,dolphin,Gã: adī
81,dolphin,ati
81,domestic,ọsomfo
81,domestic,ofie-nipa
81,domestic,akoa
81,domestic,afănă
81,donation,akyede
81,donation,adekyede
81,done,bĕn
81,done,să
81,done,wie să
81,done,gyae
81,done,wie
81,donkey,afŭrum
81,doom,atemmu
81,doom,afobu
81,doom,ṅkărabea
81,doom,ọsee
81,door,ọpọṅ
81,door,ano
81,door,ọdaṅ-
81,door,abóbó
81,door,akwatiá
81,door,berapae
81,door,asěréné
81,door,apọṅnua
81,door,Ak.apọṅṅwa
81,door,mpontere
81,doorway,ntwironoá
81,doorway,apatá
81,dote,daṅ kwapae
82,dotted,ntokoá-ntokoá
82,double,bo hõ
82,double,ye mmo-hõ
82,double,ye nta
82,double,gťam hõ
82,double,ye abień
82,double-barreled gun,ntutá
82,double-dealing,nkóntompo
82,double-minded,amantenúade-di
82,double-tongued,ye nsákyi-nsáyam
82,double,kä..bo hõ
82,double,bo..due so
82,double,pem anim
82,double,de..bo anim
82,doublet,mmoĥõ
82,doublet,mpamhõ
82,doublet,nta
82,doublet (dress),kòko-atade
82,doublet (dress),węskōt
82,doubt,akyinnyegyé
82,doubt,gye akyinnye
82,doubt,kyĭm
82,doubter,okyinnyegyefo
82,doubtful,it is-
82,doubtful,emu nte
82,doubtful,wońhũ mu biakō
82,doubtful matter,sése-dough
82,doubtful matter,mmọre
82,doubtful matter,fufũ
82,doubtful matter,kwäsẹm
82,dove,abōrónōma
82,dove,aburub-
82,dove,abōrōmä
82,dower,awarede
82,dower,tiade
82,dowry,awarede
82,dowry,tiade
82,down,anōmä ntakra fùkuf-
82,down,bòkọb-
82,down,ase
82,down,fam
82,downfall,asefĥe
82,downfall,buru
82,downfall,osee
82,doxology,Nyaŋkõpōń ayeyi
82,dozen,edumień
82,drag,twĕ
82,drag,ase
82,dragon-fly,agyĕnen-nyĕneń-nsu
82,dragon-fly,takyíridi
82,drain,twĕ fam-nsu
82,drain,mä ewo
82,drain,yi or twä kä mä nsu sĕń
82,drain,sọń
82,drain,so
82,drain,okä
82,drain,nsukä
82,drainage,okä
82,drainage,nsukä
82,draper,ntamatọńfo
82,draught,fŵiro
82,draught,ofeę
82,draught,pokumbo
82,draughts,dàm
82,draughts,play at-
82,draughts,di or to dàm
82,draw,twĕ
82,draw,twĕ mu
82,draw,peń-
82,draw,sau
82,draw,sesa
82,draw,tō
82,draw,nsu
82,draw a line,sań
82,draw lines,sensań
82,draw lines,twä
82,draw blood,sŭàń
82,drawer,twĕe
82,drawer,nt-
82,drawer,twĕ twĕe na yi adee no bĕra
82,drawing,nsa mfoninińo
82,dread,ehũ
82,dread,a(kä (no)
82,dread,suro
82,dream,sõ daé
82,dream (lazy),ye aniha
82,dream,odaé
82,dream,adaesõ
82,dreamer,odaesõ
82,dreary,nea eŃe aťereĥo
82,dreary,eŃä awọşę pini obi
82,dreary,eye hũ
82,dreary,eŃä abotu
82,dregs,adese
82,dregs,epũ
82,dregs,nsä ase pũ
82,drench,fo(u)
82,drench,doń
82,drench,donńoń
82,dress,hye atade
82,dress,fura ntama
82,dress (armour),mģa
82,dress (armour),hyehye
82,dress (armour),kekä
82,dress (wounds),tōtō
82,dress (wounds),kyekye kuru
82,dress (a meal),siesie (aduań)
82,dress (straighten),tĕetĕe
82,dress (straighten),Ak. tene
82,dress,adurade
82,dress,atade
82,dress,ntama
82,dress-coat,atade pa
82,dress-coat,fèfé
82,dress-coat,batakari
82,drill,bo nsra
82,drill,tĕetĕe (asräfo)
82,drill (to bore),fiti mu
82,drink,nōm
82,drink,"ŵe (nsä, mpáhyewa)"
82,drink-too much,"bō,boro(nsä)"
82,drink (fetish),nōm abósóm = to confederate
82,drink,anōnne
83,drip,soso
83,drip,nsubo
83,drive,kã
83,drive,ti(u)
83,drive,bọ mu
83,drive,tu mmirika
83,drive,pampam
83,drive,hĩma
83,driver,ọkãfo
83,drizzle,osu petẽ
83,drizzle,tọ ṅwěsěṅwěsẽ
83,droll,yẹ aseredé
83,dromedary,yoma
83,drone,ọdowanini
83,drone,ọkwādwófó
83,drone,onihafo
83,dronish,nea ọye akwadwẹrọ
83,dronish,aniha
83,dronish,atwĕrennyedua
83,drop,nsu nsọsọe
83,drop,atọato
83,drop,nsu koko
83,drop,sọ
83,drop,sọ hũaṅ
83,drop,bẹre ase
83,drop,gyae
83,dropsy,ntātâ
83,dross,dwẹtebiṅ
83,dross,fĩ
83,dross,dadebiṅ
83,drought,osukom
83,drought,ọwó
83,drought,ọhō
83,drown,mẽm
83,drown,siu (mene)
83,drowsily,nyã
83,drug,aduru
83,drum,akyene
83,drum,ọténté
83,drum,atũmpaṅ
83,drum,ṅkráwiri
83,drum,mpebi
83,drum,adéṅkurā
83,drum,etwi
83,drum,odonnó
83,drum,ọbọmmā
83,drum,akukuá
83,drum,yaṅ akyene
83,drum,kā twĕné
83,drummer,oyamfó
83,drummer,ọkyerẹmâ
83,drunkard,ọsābofo
83,drunkard,ọsãdweam
83,drunkenness,asābō
83,drunkenness,sādoi
83,dry,wo
83,dry,wó
83,dry,wé
83,dry,hō
83,dry,hata
83,dry,nea awo
83,dry,kesẽ
83,dry,kesek
83,dry,wosẽ
83,dry,wosew
83,dry,pepé
83,dry,nea agũaṅ
83,dry,gũaṅṅũaṅ
83,dry,guṅṅũaṅ
83,dry,bọmoné
83,dry,naṅhoẽ
83,dry,ṅkyerekyerewá
83,dry,tépá
83,dry,ọpé
83,dry,ọpébere
83,dry,bobayemfi
83,duck,dabodabo
83,duck,dọ asukọ
83,duck,bẹre ne
83,due,asede
83,due,nea esẹ
83,due,eka
83,due,ọtō
83,duel,nnipa bānu kō
83,duel,ayeremkō
83,dull,ano akum
83,dull,nyã
83,dull,nã
83,dull,naṅṅ
83,dull,nennāṅṅ
83,dull,ọbátám
83,dumb,mum
83,dumb,krānã
83,dumb,diṅṅ
83,dumbness,emum
83,dumbness,mumu
83,dung,biṅ
83,dung,sébè
83,dung,sumãñ
83,dung,ṅwuradodo
83,dung-beetle,kukũrubínsiṅ
83,durability,ọkyẹ
83,durability,kyerẹ
83,durable,kyẹ
83,durable,see
83,durable,bọ
83,durable,yẹ deṅ
83,during,ẹbere (koro) no ara
83,during,emu họ ara
83,dusky,ade sã
83,dusky,esũm duru
83,dust,mfutuma
83,dust,otútù
83,dust,fútúru
83,dust,sikafúturu
84,duty,aséde
84,duty,ahye-yede
84,duty (office),dwuma
84,duty (office),adw-
84,duty (liability),eka
84,duty (publ. tax),amánne
84,duty (publ. tax),akwánne
84,duty (customs-),otō
84,dwarf,píra
84,dwarf,nea watọ apẽ
84,dwarf (humpback),afũ
84,dwell,te
84,dwell,trã
84,dwell,Ak. tẽnã
84,dwelling,"-place, trãbea"
84,dwelling,-be
84,dwelling,-bere
84,dwelling (house),odaṅ
84,dwelling (house),ofi
84,dye (tinge),hyẹ aduru
84,dye (tinge),"hyẹ (a-kase, bibiri, hoa n. a.)"
84,dying,owu
84,dying,nea ọregyam
84,dying (he is in a -state),ọda owupá sò
84,dysentery,koṅkóruwá
84,Each,mmiakõ-mmiakõ
84,Each,ńhĩnã
84,Each,§ 77
84,Each,emu biara
84,eager,bo (hõ) mmọdeṅ
84,eager (hasty),ye perepere
84,eager (long for),fe
84,eagle,okóré
84,eagle,okoropóṅ
84,eagle,okorebiá
84,ear,asõ
84,"ear (external-, auricle)",asõkorá
84,ear (-disease),asõbònsú
84,ear (-disease),asõkrofwé
84,ear (-ring),asõmkã
84,ear (spike of corn),betem
84,earl,odéhyépanyiṅ
84,early,aṅopatútu
84,early,ahémã
84,early,aṅopahémã
84,early,ahẽmãdakyé
84,early,ntem
84,early,ntempa
84,earn,nyà
84,earn,bere nyà
84,earn,nsa kã
84,earn (-ings),nea wonyã
84,earn (-ings),oberenyã
84,earn (-ings),adwuma mu ade
84,earnest,amũ
84,earnest,iṅkommo mũ
84,earnest (v.),mĩa ani
84,earnest (v.),bo mmọdeṅ
84,earth,asase
84,earth,wiase
84,earth (ground),ase
84,earth (ground),fám
84,earth (clay),fa
84,earth (clay),dote
84,earth (clay),Ak. nnotee
84,earthen,nea wọde dote ayẹ
84,earthen (-ware),abọbọde
84,earthen (-ware),kuku
84,earthen (-ware),ṅkuku nè ṅkaka
84,earthquake,asasewoso
84,ease,ahõḍwọ
84,ease,abotọyam
84,ease (v. -one's self),yẹ..hõ yiye
84,ease (v. -one's self),gya..naṅ
84,ease (v. -one's self),kọ dua (yaṅ) so
84,ease (v. -one's self),kyĩma
84,ease (v. -one's self),mã apomafo akyẹ
84,ease (n. to be at -),..hõ adwọ
84,ease (n. to be at -),-ago no
84,ease (n. to be at -),-atọ
84,ease (n. to be at -),..hõ kã..hõ
84,ease (n. to be at -),-asãṅ
84,ease (n. to be at -),-sepe
84,easy,harehare
84,easy,nea enye ya
84,easy,-enye deṅ
84,easy,-enye yo nã
84,easy,ḍwọḍwọ
84,easily,yiye
84,easily,bọkọ
84,easily,nye..nã
84,easily (phr. onipa nye dãdã nã),not-to perform (ade no ye) oye nã
84,"easily (phr. ofa abufu a, wodi no pata nã)","§ 105, 5"
84,easily (-to break),eṅkye bọ
84,easily (opp.),ekye see
84,east,apuei
84,east,anãfo
84,east,bokã
84,east,"§ 125, 5"
84,eat,di (aduaṅ)
84,eat,didi
84,eat,we (nãm)
84,eat (swallow),mene
84,eat (pick with fingers),tĩ (abete)
84,eatable,"to be-, kọ anom"
84,eatable,wodi
84,eaves,ntọṅanóã
84,ebb,epò twẽ
84,ebony,okisíbiri
84,echo,gyigye
84,echo,-ba
84,eclipse of the moon,osram duru sũm
84,eclipse of the sun,oẅia duru sũm
85,economical,kyee ade so
85,economy,adesokyee
85,economy,afisiesie
85,edge,ano
85,edge,edwō
85,edge,pl.ṅ-
85,edge,asĩãm
85,edge,sé
85,edge,sĕu
85,edge,tu ano
85,edge,mãṅ
85,edge,fa ṅkyeṅ
85,edgeless,ano akum
85,edgeless,enni ano
85,edict,mmăra
85,edict,oworemă-mmăra
85,edify,si (daṅ)
85,edify,abaṅ
85,edify,kyerekyere
85,edify,kasa kyere
85,edify,mã ṅkoso
85,educate,kyerekyere
85,educate,yèṅ
85,eel,abérekùrí
85,efface,popa
85,efface,sensaṅ mu
85,efface,prapra
85,effect,ye
85,effect,nea aye
85,effect,efi mu ba
85,effect,eso ade
85,effeminacy,ahŏdŏm
85,effeminacy,oye ah. dodo
85,effeminate,bròkŏ
85,effeminate,ohŏdómfó
85,effeminate,hye..proe
85,efficacy,adeye
85,efficacy,nneyee
85,effort,mmọdeṅ
85,effort,animĭa
85,effort,mpemso
85,effuse,fwie
85,effuse,fwie gu
85,effuse,pū
85,eft,okété(re)
85,eft,odáṅnéná
85,eft,cf.lizard
85,egg,kesua
85,egg,pl. ṅk-
85,egoism,ahŏpe
85,egoism,apese-ṅkŏnyă
85,egoist,ohŏpefo
85,egoist,nea oye ape-seṅkŏnyă
85,eject,fe (gu)
85,eject,pam
85,eject,tō..kyene
85,eject,tō..gu
85,eject,sŭm..gu
85,eject,pū
85,ejection,oyigu
85,ejection,ofwiegu
85,ejection,opam'
85,ejection,ntusó
85,ejection,efe(e)
85,ejection,otókyene
85,eight,awotwĕ
85,eight,ṅwotwĕ
85,eight,nnaawótwĕ
85,eight,nnoṅwotwĕ
85,eight,eduṅwotwĕ
85,eight,aduṅwotwĕ
85,either,woṅ (bānu) mu biara
85,elastic,twa
85,elastic,atwĕhŭă
85,elbow,batwĕu
85,elbow,batwo
85,elbow,batwĕe
85,elder,opanyiṅ
85,elder,pl. mp-
85,elder,opanyiṅ
85,elder,onyăa op. bi dii
85,elect,fa
85,elect,pau
85,elect,yi
85,elector,opaufo
85,elector,osii-ahene
85,elegance,efe
85,elegy,awĕrehodwŏm
85,elegy,kwādwŏm
85,element,mfitiasede
85,element,ade biara ammose
85,element,mfiase
85,elementary,nea wọde fi brb. ase
85,elementary,enye deṅ korā
85,elephant,esono
85,elephant,pl. id.
85,elephantiasis,gyapim
85,elephantine,kòkūrō
85,elevate,mã so
85,elevate,hye annuo
85,eleven,dubiakŏ
85,eleven,nnoṅ-dubiakŏ
85,ellipse,dantabaṅ bi a ekura kesua su
85,Elmina,Dĕnă
85,Elmina,Edĕnă
86,elope,gũaṅ
86,elope,bọ nehõ aguã
86,elope,bọ kọ
86,eloquence,anotee
86,else,ofoforo bi
86,else,foforo
86,else,anyé sã a
86,where,bābi
86,elucidate,kyerekyere mu
86,elucidate,kyere ase
86,emaciate,foṅ
86,emaciate,twăm
86,emancipation,ahõfadi
86,emancipation,akoa hõ a wọde kye no
86,embark,kọ or si hyeṅ mu
86,embark,tu
86,embarass,hau
86,embarass,gye asabaumu
86,embers,nsõhye
86,embers,ogya a aye nyàmõ
86,embrace,ye or gye atũ
86,embrace,gye tom
86,embrace,tam
86,embrace,bam (obi)
86,embrace,fàm
86,embroider,wọ ntama mu
86,embroider,di nt. mu adwĩni
86,embroider,adeṅwene
86,embryo,awotwã mu aba
86,emerge,pue
86,emerge,sore
86,emerge,poṅhoṅ ba ani
86,emerge,worau
86,emigrant,otufọ
86,emigrant,otubrafo
86,emigrate,tu (kotrã bābi)
86,emigration,tukọ
86,eminent,titiri
86,eminent,ye o-nuonyamfo
86,eminent,okũnini
86,emit,fi
86,emit,yi
86,emperor,ohempoṅ
86,emperor,kaesare
86,empire,ahemmaṅ
86,empire,ohempoṅmaṅ
86,employ,bọ..pã
86,employ,mã adwũma
86,employ,de..ye
86,employ,de..hye adw. bi mu
86,employer,nea ọmã obi adwũma
86,employer,adw. wura
86,employment,adwũma
86,employment,dwumadi
86,empower,hye ahõodeṅ
86,empower,mã tumi
86,empower,hõ kwaṅ
86,empower,to mmáti
86,empower,batiri
86,empress,ohempommã
86,empty,hunu
86,empty,funu
86,empty,it is-
86,empty,nni mu
86,empty,fwē nnim
86,empty,nsapáṅ
86,emulate,sũa
86,emulate,fwē so ye
86,emulate,di akyiri
86,enable,boa mã..tumi ye
86,enable,hye mpãmdeṅ
86,enable,so..sisi
86,enact,de..ye mmăra
86,enact,hye mmăra
86,enactor,mmărahyefo
86,enamel,adufrae bi a wọde dura nneema mu
86,enamel,hõ (se dadeseṅ sê) na wọfre no sa
86,encamp,bọ nsra
86,enchant,kyere kàbére
86,enchant,dẹu (obi) bayi
86,enclose,gye or twa hõ baṅ
86,enclose,twa hõ hyia
86,enclose,kã or de..hye mu
86,enclose,kura
86,encounter,hyia
86,encounter,toa
86,encounter,di asi
86,encourage,hye deṅ
86,encourage,baniṅhá
86,encourage,úkúráṅ
86,encouragement,baniṅhahye
86,encouragement,ńkuraṅhye
86,encumber,ye..so duru
86,encumber,gye (a-sase) kenteṅ so
86,encumber,si..kwaṅ
86,end,ano
86,end,akyi
86,end,akyiri
86,end,ti
86,end,atifĩ
86,end,gyinae
86,end,ase
86,end,tia
86,end,ohye
86,end,owu
86,end,awiei
86,end,ntwato
86,end,totwa
86,end,ńkõa
86,end,botae
87,end,"to come to or to be at an-, sã"
87,end,twa
87,end,wie
87,end,wiesã
87,end,asekosi
87,end,nea ase kosi ne ha
87,end (badly),bu
87,end (n'asem abu),n'asem abu
87,endanger,pɛ obi amane
87,endanger,kã..to amane mu
87,endanger,sĩane obi
87,endanger,twa..owumona
87,endeavour,bɔ mmɔdeṅ
87,endeavour,si..bo
87,endeavour,kã..fwɛ
87,endeavour,sɔ..fwɛ
87,endeavour,so..mu
87,endless,nea ennui aẅiei
87,endless,ensãda
87,endless,eto (re)ntẅa da
87,endurance,amanehunum boaseto
87,endure,kura or trã mu
87,endure,mĩa ani hũ amane
87,endure,gyina..ano
87,enema,"apply an-, sa"
87,enema,bɔ..bɛntoa
87,enemy,ɔtámfo
87,enemy,ɔkɔ̃fo
87,enemy,ɛdom
87,energy,mmɔdeṅbɔ
87,energy,deṅye
87,enfetter,to mpokyere
87,enfetter,gu ṅkɔṅsɔṅkɔṅsɔṅ
87,enforce,hyɛ deṅ
87,enforce,denneṅ
87,enforce,kyeṅkyeṅky
87,enforce,yɛ brb. abɛraṅso
87,enforce,hyɛ obi so mã oye
87,enforce (payment),kã..hyɛ
87,engage,mã adẅuma
87,engage,bɔ..pã
87,engage (woo),gye aware
87,engage (allies),gye adom
87,engage (allies),sá
87,engage (in battle),de bare ani
87,engine,afiri
87,engineer,mfiriyɛfo
87,engineer,mfiri horo hɔ̃ dẅumfo
87,engrave,kurukyereu
87,engrave,abo
87,engrave,nnua or dade so
87,engrave,de..tintim mu
87,engrave,mĩa so hyɛm'
87,engraver,okurukyereufo
87,engraver,nea odi brb. hɔ̃ adẅini
87,engraving,ṅkurukyereuẽ
87,engraving,ṅkyereyerewá
87,enjoy,nyã
87,enjoy,di
87,enjoy,nyã hɔ̃ anigye
87,enjoy (di bere),di bere
87,enjoy (to the pleasure of s. th.),te mu de
87,enlarge,bae mu
87,enlarge,go
87,enlarge,terɛ
87,enlarge,yerɛ
87,enlarge,mã ɛsɔ
87,enlargement,mmaemu
87,enlargement,nterɛmu
87,enlargement,oyerɛmu
87,enlighten,hăraṅ so
87,enlighten,mã ɛhɔ̃ or ani tẽu
87,enlightening,nteani
87,enmity,aka
87,enmity,yɛ
87,enmity,aẅerekyi
87,enormous,biakɔ̃
87,enormous,kese pa
87,enormous,kokūrō pa
87,enormous,ẅù
87,enough,se nea ɛdɔ̃sɔ
87,enough,ɛsɔ
87,enough,ɛbedu
87,enough (aye yiye!),aye yiye!
87,enough (adɔ̃sɔ!),adɔ̃sɔ!
87,enough (ensɔ ha ara!),ensɔ ha ara!
87,enrage,huru bo
87,enrage,yi abufu
87,enrage,hyɛ anibere
87,enrage,yamgya
87,enrich,mã..nyã nehɔ̃
87,enrich,bɔ..dẅetiri
87,ensign,ofráṅká
87,ensign-bearer,frkurafo
87,ensnare,yi
87,ensnare,to afiri
87,ensnare,hentia
87,entangle,tõ
87,entangle,tõtõ
87,entangle,tõatõa
87,enter,hyeṅ
87,enter,kɔ mu
87,enter,ba
87,enterprise,abosí
87,enterprise,mmɔdeṅbɔ dẅuma
87,entertain,bɔ sεmɔde
87,entertain (feed),bɔ akoṅhãma
87,entertain (guests),yɛ ohoho
89,espouse,gye aware
89,essence,esu
89,essence,ehowo
89,essence,ade titiri
89,essence,o-hũãm
89,essence,aduru
89,establish,si
89,establish,mã etim
89,establish,mã esi ho pintiṅṅ
89,estate,asetrã
89,estate,dibea
89,estate,ade (ahõnyãde)
89,estate,akurã
89,estate,ofi
89,estate,asase
89,esteem,aui so
89,esteem,di nĩ
89,esteem,susu
89,esteem,obu no kese
89,estimate,bu
89,estimate,bu ano
89,estimate,-akõntã
89,estimate,bo bo
89,estimation,ebo a wobo
89,estimation,akõntãbu
89,estimation,anobu
89,estimation,obu
89,estimation,nĩdi
89,estimation,anuonyam-hye
89,eternally,dã
89,eternally,dãy i
89,eternally,dã dã
89,eternity,dã
89,eternity,mmeresãnteṅ
89,eternity,dã howo
89,ether,wiframe
89,ether,soroframa
89,etui,adekorade
89,etymology,okasa abosé
89,etymology,nsem hyehyebea nèfibea
89,eulogy,ayeyi
89,eulogy,ṅkamfo
89,eunuch,oyítòtoni
89,eunuch,opiani
89,Europe,Abŭrokyiri
89,European,Obŭroni
89,evangelise,kã asempa
89,evangelise,-anya-mesem
89,evasion,agŭaṅ
89,evasion,nnãdã
89,evasion,ṅkataso
89,eve,aṅwummere
89,eve,anadwofã
89,eve,adesãe
89,eve,ade asã
89,evening-service,anadwofãsore
89,evening-service,aṅwummesore
89,evening-star,kyékye
89,evening-star,owúòdi
89,even,monommonom
89,even,fitã
89,even,tã
89,even,po
89,even,mpo
89,even,ara
89,even-so,sãara
89,even-so,sã pe
89,event,asem a aba
89,event,aba(ko)sem
89,eventually,aṅkã
89,ever,peṅ
89,ever,da
89,ever,da bi
89,ever,da biara
89,for-ever,dã
89,for-ever,dãy i
89,ever-since,arã
89,every,"biara (obiara, biribiara)"
89,every,ṅhĩnã
89,every-where,bãbiara
89,every-where,mmã ṅhĩnã
89,every-where,afã
89,evidence,adanse
89,to give evidence,di ad
89,evil,bone
89,do evil,ye b
89,evil,adebone
89,evil-eye,anikye
89,evoke,fre..ba
89,evoke,yi ..mfẽfẽwã
89,evoke,yi..tui
89,ewe,oguammére
89,ewer,nsu-kŭrúwá
89,ewer,aguáséṅ-k
89,exactly,pe
89,exactly,pepe
89,exactly,pepẽpe
89,exactly,ta
89,exactly,fefẽfe
89,exactness,pepẽpeye
89,exactness,fefẽfeye
89,exalt,mã so
89,exalt,kamfo
89,exalt,yi aye
89,exaltation of one's self,ahõmãso
89,exaltation of one's self,ah.adwene
89,exaltation of one's self,ahõkyere
89,examine,bisab-
89,examine,fwefwẽ mu
89,examine,pẽpẽ-
89,examine,so..fwẽ
89,examine,tase akyiri
89,examine-self,ko or tu ne tirim agyina
91,expatiation,mmɔ̃-mâhɔ
91,expect,fwɛ..kwaṅ
91,expect,twɛṅ (obi)
91,expedite,mã wode kɔ (ntem)
91,expedite,-eko so
91,expedition,osoma
91,expedition,(war-)osatu
91,expedition,(voyage) omaṅ or asase bi so asrasra
91,expel,pam
91,expel,tu
91,expel,yi
91,expel,gu
91,expense,adefwerede
91,expense,sika a woafwɛre
91,expense,ka a woabɔ
91,experience,sɔ..fwɛ
91,experience,sũa..hũ
91,experience,nyã brb. hɔ adwene
91,experience,fwɛ brb. akyi hũ
91,experience,ofwɛhũ
91,experience,osũahũ
91,experiment,okekãfwɛ
91,experiment,osɔfwɛ
91,expiate,pata
91,expiation,mpátá
91,expire,gyau mu
91,expire,wu
91,expire,(fig.) sã
91,expire,hĩ
91,expire,wie du
91,expire,[kyereky.mu]
91,explain,kã..kyere
91,explain,kyere ase
91,explanation,ṅkyerease
91,explanation,ṅkyerekyerɛmu
91,explanation,mmɔmâhɔ
91,explicate,sãṅ mu
91,explicate,sebere
91,explicate,kyere..ase
91,explicate,-mu
91,explication,ṅkyerekyerɛmu
91,explosion,opae
91,explosion,oturu
91,export,tɔṅ agũade kɔ amaṅ bi so
91,export,soa aguade kyini
91,export,agũade a wode kɔ(tɔṅ) amaṅ bi so
91,export,soakyini
91,"exposed, to be-",..hɔ da hɔ
91,express,kã
91,express,(indicate) kyere
91,express,(exhibit) yi
91,express,yi..kyere
91,express,obɔfó
91,express,osomáfó
91,expression,akasatomme
91,expression,okasatiã
91,expression,akasabɛbui
91,extend,bae mu
91,extend,go-
91,extend,tere-
91,extend,yere-
91,extend,tɛe
91,extension,cf. enlargement
91,extensive,kese
91,extensive,teterɛ
91,extensive,hãhãrã
91,exterior,ehɔ
91,exterior,akyi
91,exterior,akyiri
91,"extinct, extinguish",dum
91,"extinct, extinguish",kum
91,extirpate,tu
91,extirpate,tu ntini
91,extirpate,kum
91,extirpate,gu
91,extirpate,tore ase
91,extol,yi ayɛ
91,extol,kamfo
91,extol,mã diṅ so
91,extol,bɔ diṅ (pa)
91,extol,mɔmã
91,extol,mɛmã
91,extort,si apempem
91,extort,gye brb. abɛraṅso
91,extort,di amim
91,extort,(money) bɔ apɔ
91,extra,ṅkàhɔ
91,extra,adàṅkyéṅ
91,extract,twɛ..fi mu
91,extract,yi-
91,extract,pau mu
91,extraordinary,it is-
91,extraordinary,enyɛ ano bi ni
91,"extravagant, to be-",bɔ ahofwi
91,extreme,ano nohɔ toṅṅ
91,extreme,akyiriky-
91,extreme,ṅkɔa
91,extreme,uṭeṅtenuɔa
91,extreme,(excess) ntraso
91,extreme,"phr. it stands between the two -s, egyina ntraso abieṅ no ntam"
91,extremely,bebɛrebé
91,extremely,sɛ brb
92,extuberance,ọhọn
92,extuberance,gyapém
92,extuberance,pim
92,exuberance,mmuso
92,exuberance,mmoroso
92,exuberance,ntraso
92,exuberance,hūhūyo
92,exude,dua něně
92,exude,wobọ dua hōa
92,exude,nsu fifi hō
92,exult,di ahurusi
92,eye,ani
92,eye,aniwa
92,eye,ohū
92,eye,adehū
92,eye,fwe
92,eye,gyen
92,eye,sra
92,eyeball,aniwa kúrutiayisi
92,eyeball,ke
92,eyebrow,ntọṅkā
92,eyebrow,As. ani ntọṅ
92,eyelashes,ani akyi họnọ
92,one-eyed,anitore
92,swelling of the eye,ọdéhyé
92,Fable,anansesẹm
92,Fable,ayesẹm
92,fable,boa
92,fable,di atoro
92,fable,toro
92,fabric,adwinnau
92,fabric,adwinni
92,fabric,dwumadau
92,fabric,adwinnsa
92,fabric,adwinne
92,fabricate,di adwini
92,fabricate,hye kubo
92,fabricate,ye kafekatwọ
92,fabricate,ye dutu
92,face,anim
92,face,ani
92,face,eso
92,face,de bare ani
92,long-faced,n'anim bánsonn
92,facile,nea enye deṅ
92,facile,enye yo nã
92,fact,asẹmpa
92,fact,enyé ayesẹm
92,fact,nokware
92,fact,adeye
92,fact,ade a woaye or aye ampa
92,factor,agụadidaṅ so fwefo
92,factor,agụadi
92,factor,anaụmusifo
92,factor,tintimdwuma so fwefo
92,factory,agụadidaṅ
92,factory,nsaanodwumayebea
92,factory,adwinnau
92,faculty,tirim
92,faculty,adwene
92,faculty,nimdeẹ
92,faculty,nyansã
92,faculty,ahọgdeṅ
92,fade,guaú
92,fade,kisã
92,fade,nyãm
92,fade,po
92,fade,pa
92,fade,foṅ
92,fade,twãm
92,fade,yera
92,fade,hāra
92,fade,osram ayera
92,fade,bótō
92,fade,kagyau
92,fag,bere
92,fag,hye bere
92,fagot,babāyémfĩ
92,fagot,bobāyénteṅ
92,fail,ka
92,fail,nni họ
92,fail,fọm
92,fail,gyae
92,fail,gyau
92,fail,pẽ we
92,fail,bọ
92,fail,aṅkã adàgyé bẹbọ me
92,failing,mfọmso
92,failing,anifaso
92,failing,opẽwe
92,failing,akabọ
92,failing,egụabo
92,faint,tọ piti
92,faint,berau
92,faint,dobosã
92,faint,twã
92,faint,ye siãmọ
92,faint,pa abau
92,faint,home tẹu
92,faint,n'ani so biri no
92,faint,etwàre no
92,faint,watwa
92,faint-ly,bèrēō
92,faint-ly,bètē
92,faint-ly,bòkō
92,fair,fẹfé
92,fair,fitā
92,fair,yiyé
92,fair,pa
92,fair,tẽ
92,fair,pòtẽ
92,fair,immere
92,fair,fé
92,fair,péfé
92,fair-speech,anodéfẹdẹfe
92,faith,gyidi
92,faith,nokwaredi
92,faith,ọsom
92,faithful,di nokware
92,faithless,nni nokware
92,faithless,ye ṅkóntompo
92,faithless,ṅkoṅkoṅsá
92,fall,asefwe
92,fall,afweasee
92,fall,nterehọ
92,fall,akóbọ
92,fall,ọwae
92,fall,tọ
92,fall,fwe
92,fall,ase
92,fall,gu
92,fall,buru
92,fall,dwiri
92,fall,so hūaṅ
92,fall,twẽ
92,fall-in with enemy,de so ani
92,fall-in with enemy,de bare ani
92,fall-off,bọ kọ
92,fall-off,wae
92,fall-off,fi hō
92,fall-asleep,tọ ṅko
92,fall-asleep,da
92,fall-asleep,fa mu da
92,fall-short,tọ mu
92,fall-upon s. b.,toa
93,false,hunu
93,false,toro
93,false,ennim
93,false witness,adansekũrum
93,false witness,odanse-kũrumfo
93,falsehood,abra
93,falsehood,ṅkontompo
93,falsehood,ṅkoṅkoṅsa
93,falsehood (lie),atoro
93,falsehood (lie),otoro
93,falsehood (F. As.),àpan
93,falsehood (F. As.),àpautwá
93,falsehood (tell-),di atoro
93,falsehood (tell-),torọ
93,falter (of voice),po dodo
93,falter (waver),hintiu
93,falter (waver),sunti
93,falter (waver),hiṅhim
93,falter (waver),tọntintaṅ
93,falter (fig.),fõm
93,fame,ṅkã
93,fame,ateṅkã
93,fame,diṅ
93,fame,hõ asem
93,familiar,ani kã
93,familiar,kokwa..anim
93,familiar,nea obi nè..di atirumusem
93,familiar,o-nè..ko nnakãranna
93,familiarity,akãpimafwé
93,familiarity,nnákãránná
93,familiarity,abusũabo
93,family,abusũa
93,family,ofi
93,family,fifo
93,family,mpoṅ nè ne mma
93,family,oyere nè mma
93,family (person of good-),obiba
93,family (kindred),ntoṅ
93,family (Ak.),ntóro
93,family (Ak.),abusũabaṅ
93,famine,okom
93,famous,nea agye diṅ
93,famous,wokamfo
93,famous,ahye
93,famous,woate ṅkã
93,fan,pàpa
93,fan,fitae
93,fan,ṅhũso apawa
93,fan-palm,kubé
93,fan-palm (v.),fita
93,fan-palm (v.),hũ so
93,fanaticism,osõmkyē
93,fanaticism,osõmtráso
93,fang,aboa sēbommọfo
93,far,akyiri
93,far,akyiriky-
93,far,nsreṅso
93,far,tọṅṅ
93,far (do not go -er),mã ensõ ha ara
93,far (v. it is-),ntam pãṅ
93,far (v. it is-),emu twẽ
93,far (v. it is-),eware
93,far (As.),ewa
93,fare,te
93,fare,di
93,farewell,ṅkãra
93,farewell,nanteyiye
93,farm,afu(o)
93,farm,akurā
93,farm,pl. ṅk
93,farmer,okuafo
93,farmer,ofumni
93,fart,tá
93,fart,bae..hõ
93,fart,okuraaseni
93,farther,cf. further
93,farthermore,bio (biem)
93,farthermore,saṅkyiri
93,farthing,obãṅ
93,farthing,poafã
93,farrow,prąkoba
93,fashion,su nè baṅ
93,fashion,yebea
93,fashion,di-bea
93,fashion,amánne
93,fashion (after of Europeans),bõrofom
93,fast,di abuada
93,fast (muada),muada
93,fast,deṅ
93,fast,dennéṅ
93,fast,pintiṅ
93,fast,ntem
93,fast (so),ohareso
93,fast (make - in the ground),siu ase
93,fasten,mã eye deṅ
93,fasten,etim
93,fasten,kyekyere
93,fasten,bọm
93,fasten,kã..bọm
93,fasten,kã..tom
93,fasten,tua(ano)
93,fasten,de..bọ hõ
93,fasten (sheep),sã
93,fasten (sheep),mantam
93,fat,srade
93,fat,awoṅṅuá
93,fat (dripping with-),sòkõmm
93,fat (nãm no hõ wọ srade sòk or sòsò),nãm no hõ wọ srade sòk or sòsò
93,fat,kese
93,fat,fọfọ
93,fat,dùkud-
93,fat (to be-),do
93,fat (to be-),do srade
93,fat (to be-),ye kese
93,fat (to be-),oběraṅ
93,fatality,nnurui
93,fatality,abeduru
93,fatality,ohyebea
93,fatality,owuhy
93,fata morgana,kũmafrọte
93,fate,ohyebea
93,fate,ṅkãrabea
93,fate,anyãṅkónne
93,fate,abãrawie
93,fate,awiei
93,fate (mortality),owu
93,fate (mortality),osee
93,fate (cause of-),awuse
94,father,agya
94,father,ose
94,father,obanintaṅ
94,father-in-law,ase
94,father-in-law,okunu or oyere agya
94,father-land,ofie
94,father-land,agya omaṅ
94,father-kurom,kŭrom
94,fathom,abasam
94,fathom,esiṅ
94,fathom,pl.asinas-
94,fathom,susu (po) mu dọ
94,fatigue,hyẹ obere
94,fatigue,hau
94,fatigue,gŭaṅ hŏ
94,fatigue,fĕnă
94,to be fatigue,bere
94,to be fatigue,fa obere
94,fatigue,obere
94,fatigue,ohau
94,fatten,dọ srade
94,fault,mfŏmso
94,fault,bone
94,fault,mmăratŏ
94,favour,anuonyamhyẹ
94,favour,odŏm
94,favour,anisọ
94,favour,dŏm
94,favour,hyẹ anuonyam
94,favour,mã anim ba nyam
94,assist,di boa
94,support,wau
94,spare,kyee so
94,favour each other,di akăpimafwẹ
94,favourite,oyŏṅkŏpa
94,favourite,okăfo
94,favourite,nea me nè no kă
94,fear,suro
94,fear,hŏ popo or -kă
94,fear,feré
94,to give offence,suro adọna
94,fear,ehŭ
94,fear,osuro
94,fear,abotú
94,fear,akŏmatú
94,fear,ahŏpopó
94,fearful,yẹ hŭ
94,fearful,ohŭfo
94,fearful,suro
94,fearful,ehŏ yẹ hŭ
94,fearful,yi hŭ
94,fearful,ahĭ
94,fearless,nea onnim hŭ
94,fearless,onsuro
94,fearless,oye obotí
94,fearlessness,abogdúru
94,fearlessness,kokodúru
94,fearlessness,akokobiri
94,feast,tŏ poṅ
94,feast,gye..ani
94,feast,apontŏ
94,feast,afăhye
94,eating enough,didimĕ
94,eating with friends,ayoṅkŏgoru
94,feather,ntakăra
94,feather,ntahua
94,get feather,fŭ ntakăra
94,feature,ani
94,feature,anim
94,feature,su
94,feature,baṅ
94,feature,nipa
94,federation,biakŏyẹ
94,federation,apăm
94,fetish,abosonnŏm
94,fee,akatua
94,fee,asẹde
94,fee for acquittance,abenne
94,share of fees for attending a palaver,abagŭadé
94,feeble,mméré
94,feeble,bètē
94,feeble,bòkō
94,feeble,dufud-
94,feeble,pósoposo
94,feed,yèṅ
94,feed,mã aduaṅ
94,feed,bọ akoṅhăma
94,feed upon,wẹ
94,feed upon,di
94,feed upon,didi
94,feed upon,te so
94,feel,hŭ
94,feel,te
94,feel,de nsa kă
94,feel,kekă
94,feeler,ukâte
94,feeling,ṅkáté
94,feeling,mmeṅ
94,feet,naṅ
94,feet,anaṅ
94,fell,bu
94,fell,twa
94,fell,tŏ (nnua)
94,fell,bu ano
94,fellow,awẹ
94,fellow,oyŏṅkŏ
94,fellow,afe
94,fellow,pl.mfefo
94,fellow,ohŏkăfo
94,fellow,akoa
94,fellow,onipa
94,poor fellow,ohĭani
94,poor fellow,odesènĭ
94,poor fellow,akwanihŭmăni
94,fellow servant,awurakwă
94,fellow slave,awurakwă
94,fellow ship,ayoṅkŏfa
94,fellow wife,kórà
94,fellow wife,pl. korăfó
94,felon,odeboneyefo
94,felon,nea óyè kwasiămaṅkwă
94,female,obea
94,female,obere
94,feminine,obă
94,female slave,afănă
94,female servant,abăwa
94,female servant,pl. mm-
94,fen,marsh
94,fence,baṅ
94,fence,gye baṅ
94,fence,bọ-
95,ferment,mmọkau
95,ferment,ọdáè
95,ferment,pae
95,ferment,pū ahuru
95,ferment,ka(u)
95,fern,ayá
95,fern,tumétumė
95,ferocious,nea oyẹ kekã
95,ferocious,n'a-ni yẹ hye
95,ferocious,agyigyā
95,ferry,twa asu
95,ferry,hare twa
95,ferry-cord,ọháṅ
95,ferry-man,ọhaṅfo
95,ferry,asutwaree
95,ferry-boat,ọkóró
95,fertile,to be-
95,fertile,sō aba
95,fertile,ba aduaṅ
95,fervent,to be-
95,fervent,yẹ hye
95,fervent,huru
95,fervent,bọ mmọdeṅ
95,fervour,ayamyi
95,fervour,mmọdeṅbọ
95,fester,pọrọ
95,fester,fi mogyasufunu
95,festival,dapa
95,festival,dapọna
95,festival,afǎhye
95,festival (anniversary),afedi
95,festival (anniversary),afrihyiadi
95,festival (mission),asempaterefǎ
95,fetch,kofa..ba
95,fetch,gye
95,fetch,twẽ .ba
95,fetish,obosom
95,fetish,asūmaṅ
95,fetish-kabere,kabere
95,fetish-bell,nnā
95,fetish-bell,akonna-wuru
95,fetish-grove,bosompọ
95,fetish-house,obosombū
95,fetish-man,obosomsofo
95,fetish-man,obosomfo
95,fetish-man,ọkọmfo
95,fetish-pot,kúnkūma
95,fetish-slave,abosọṅkwā
95,fetter,to pokyere
95,fetter,gu ṅkọnsọṅ-kọnsọṅ
95,fetter,bọ pã
95,fetter (by handcuffs),to adansa
95,fetters,mpokyere (for feet)
95,fetus,ọyafunum
95,fetus,a wotwǎ mu ba
95,fever,atiridii
95,fever,hurae
95,fever,oyare
95,few,kakra
95,few,ketewa
95,few,kakrābi
95,few,ketewābi
95,few,kūmābi
95,few,bi
95,few,binom
95,"fibre, dry-",bahá
95,"fibre, dry-",ẹdọ(wa)
95,"fibre, dry-",nsémma
95,"fibre, dry-",mfiriwá
95,"fibre, dry-",mmọfūma
95,fickle,nea n'adwene (asẹm) nté bo koro so
95,fickle,odi adannaṅ
95,fickle,ogyigya
95,fickle,fàtafata
95,fickle,kàbiotie
95,fiction,anansesẹm
95,fiction,ayesẹm
95,fiction,atoro
95,fiddle,ọsaṅkū
95,field,afu
95,field,mfuwa
95,field,wuram
95,field,sarem
95,field,sareso
95,field,petẽ mu
95,field (war),osa
95,field (battle),akọẽ
95,field-marshal,osahene
95,field-marshal,osafohempányiṅ
95,field-marshal,osafoheṅkūnini
95,fierce,ọkekāfo
95,fierce,ọkokobirifo
95,fierce (to be-),yẹ kekã
95,fierce (to be-),ani yẹ hye
95,fierce (to be-),ani yẹ kràmākr-
95,fierce (to be-),yẹ akakabénne
95,fife,bọtọwá
95,fife,atẹṅtebẹṅ
95,fifer,bọtọwahyẹṅfo
95,fifteen,(e)dunnum
95,fifteenth,nea etĩa or ẹto so d
95,fifth,ẹto so or etĩa nnum
95,fifty,adunonum
95,fig,ọdọmá
95,fig,borọdoma
95,fig,ọfọntọ aba
95,fight,ọkọ
95,fight,ọsá
95,fight,ntọkwakọ
95,fight,mmātọkwa
95,fight,aperepérédi
95,fight,kọ
95,fight,kọ dọm
95,fight,kọ ntọkwa
95,fight,kọ mmātọkwa
95,fight,di..akátrám
95,fight,di aperepere
95,fight (for play or amusement),di aguma
95,fight (for play or amusement),di ayénsiṅ
95,figure,subaṅ
95,figure,nipadua
95,figure (picture),mfonini
95,figure (idol),ohoni
95,figure (sign),ṅfwẹso
95,figure (sign),sẹṅkyerẹṅe
95,figure (letter),ṅkyerẹué
95,figure (letter),ṅkurukyerẹē
95,figure (decorations on anyth.),sãmã
95,figure (decorations on anyth.),nsãmã
96,filch,v. ṷia
96,filch,bọ krọṅ
96,filch,krọno
96,filch,bẹu
96,filch,bebeu
96,file,v. s̃ina (ṅhènė)
96,file,baṅ (ọde n.a.)
96,file,n. kitae
96,file,tẅitae
96,file,(milit.) as̃āfo kyerẹpeṅ
96,file,"of dried snails, ṅwabẽnā"
96,filings,n. (dade n.a. hō) mpọrọ̀pórowa
96,fill,v. ye mã
96,fill,hye mã
96,fill,gu mã
96,fill,mẽ
96,fill,hye (nsā)
96,fill,"up, hyia..so"
96,filter,v. sọṅ so
96,filter,sọne-
96,filter,n. nsubo
96,filter,sọṅẽ
96,filter,sọneẹ
96,filth,n. efĩ
96,filth,buru
96,filth,mpebebė
96,filth,ne hō mp! = ne hō nseṃmọne dọs̃ō
96,fin,n. ntẹte
96,fin,mpatā akyi birimmirim
96,final,a nea eẅie
96,final,ekum auo
96,final,ano pem
96,final,semprẹkō
96,finally,ad. n'aẅiei no
96,finally,nea wọde ẅie no
96,finally,etẅa to no
96,find,v. hṷ
96,find,to
96,find,nyā
96,find,(a hidden treasure) tu ahṷ
96,find,ahṷtu
96,fine,a fe
96,fine,fefẹ
96,fine,kámā
96,fine,guaṅ
96,fine,osó
96,fine,v. gye sika
96,fine,di..kasa
96,fine,n. sika wogye obi
96,fine,akasadi
96,fine,"for offence, aṭenyi"
96,fine,mmăratōde
96,finger,n. usateā
96,finger,teawa
96,finger,"ring, kā"
96,finger,kàwá
96,finger,kinds: kàpó
96,finger,petea
96,finger,nọmáfuru
96,finger,tọṅkọkā
96,finish,v. ẅie
96,finish,ẅie ye
96,finish,kum ano
96,finish,sà
96,finish,"he has -ed his speech, n'ano ato"
96,finish,asi
96,finish,phr. mã n'ano 'nsi
96,fire,n. ogya
96,fire,nnyahyee
96,fire,"brand, gyentia"
96,fire,pl. nny-
96,fire,"engine, afiri a wọde dum nnyahyėė"
96,fire,"place, as̃āmorofi"
96,fire,muka
96,fire,mukyia
96,fire,"tongs, n. pl. adábáu"
96,fire,"wood, ogya"
96,fire,a-nyáṅ
96,fire,nnyína
96,fire,nnyéntia
96,firm,"a. to be-, ye deṅ"
96,firm,tim họ
96,firm,si họ pintiṅṅ
96,firm,"for fight, si ntọkwanaṅ"
96,firmly,ad. pintiṅṅ
96,firmly,tim tim
96,firmament,n. ẅim
96,firmament,ọsoro
96,firmament,ntremu
96,firmament,nyame-ani
96,first,a.kaṅ
96,first,kaṅkyerekyere
96,first,"chief, a. titiri"
96,first,kṷnini
96,first,§ 83
96,first,"130, 5"
96,first,"born, n. abákáṅ"
96,first,pl. mm-
96,fish,n. eṅãm
96,fish,nsunãm
96,fish,apatā
96,fish,sea- ponãm: esiré (oyáká)
96,fish,bās̃èẅí
96,fish,nsikowá
96,fish,áṅtere
96,fish,kokrompanei
96,fish,émmáṅ
96,fish,ṅkramfóá
96,fish,Ak. -fãṅ
96,fish,river- asubọteṅ mu nãm: kōbi
96,fish,apatére
96,fish,adẅéne
96,fish,ọdọ
96,fish,ȧkusu
96,fish,ṷkáwa
96,fish,tére
96,fish,"hook, darewa"
96,fish,"large, tọṅkogyei"
96,fish,v. yi mpatā
96,fish,nãm
96,fish,"on sea, ko po"
96,fish,"by net, gu asau"
96,fish,"by hook, to darewá"
96,fisher,"man, n. ọpofoni"
96,fisher,pl. a-pofofo
96,fisher,"net, àsau"
96,fisher,adẅokú
96,fisher,adẅeṅyikno
96,fisher,akyé
96,fisher,atŕá
96,fisher,boā
96,fisher,ẹbóa
96,fist,n. kutūrukú
96,fist,kutūrumọá
96,fist,tẅere
96,fist,Ak. tẅedee
96,fit,"a. to be-, fata"
96,fit,sẹ
96,fit,di
96,fit,edi sa
96,fit,"for, sọ"
96,fit,phr. ásọ di
96,fit,kã
96,fit,ye
97,fit,fata
97,fit,fata so
97,fit,sẹ
97,fit,kọ yiye
97,fit,si so
97,fit,ensi so
97,fit,hyehyẹ
97,fit,kekã
97,fit,wura
97,fit,mĩa
97,five,anum
97,five,nnum
97,fix,bọ
97,fix,bọ mu
97,fix,tua
97,fix,hye
97,fix,tim
97,fix,hye da
97,flabby,bọkọ
97,flabby,betẹ
97,flabby,bōbō
97,flag,ofránkã
97,flag,hoist a-
97,flag,hodwọ
97,flag,botọ
97,flame,ogyafrámá
97,flame,ogyatẹkrẹmá
97,flame,dẹu frámframfr-
97,flannel,okŭntūtam
97,flap,bọ
97,flap,bọm'
97,flap,bọ nsam
97,flap,nta
97,flash,pa anyinam
97,flask,tumpaṅ
97,flask,prentoa
97,flask,bọrotoa
97,flask,abọdeammọ
97,flask,toã
97,flat,tẹre
97,flat,tẹtẹrẹ
97,flat,trátrá
97,flat,fráfrá
97,flatter,defedefe
97,flatter,bọ adafa
97,flatter,to tẹkrẹmãkyéne
97,flatter,okorokoro n'ano kyerẹ me
97,flatterer,anodefo
97,flatterer,tẹkrẹmãkyenetofo
97,flatterer,adafabọfo
97,flattery,anodé
97,flattery,adafabọ
97,flattery,tẹkrẹmãkyene
97,flattery,enye me anode ō
97,flatulence,ahōbae
97,flatulence,ahuhude
97,flavour,ode
97,flavour,ohũãm
97,flay,gua
97,flay,worọ nhõma
97,flay,wore kotoku
97,flea,okrãmaṅḍwu
97,flea,ḍwie
97,fledge,anõma a wafū ntakãra
97,flee,gũaṅ
97,flee,bọ nehõ aguã
97,fleece,oguaṅhwĩ
97,fleece,woatwa
97,fleet,hyeṅkū
97,fleet,hy.-asafo
97,fleet,hyeṅnodo
97,flesh,eṇãm
97,flesh,hõnam
97,flesh,ohurī
97,flesh,ohuriẹ
97,flesh,ṅwãnsanã
97,flesh,oteṅ
97,flexible,fã
97,flexible,fèfã
97,flexible,fãṅṅ
97,flexible,twã
97,flight,agũaṅ
97,fling,tō
97,fling,tō..kyene
97,fling,gu
97,fling,bọ..gu
97,flint,twẹrebo
97,flirt,tō kyene
97,flirt,fẅim
97,flirt,di hõ fe
97,flirt,pe mmã
97,flirtation,mmã akyidi
97,flirtation,pe
97,flit,cf. flutter
97,flittermouse,cf. bat
97,float,tẹu ani
97,float,tenteṅ ani
97,flock,asafo
97,flock,kū
97,flock,ṅnuaṅkū
97,flog,fẅe
97,flog,bọ
97,flog,bóro
97,flog,kã or bọ..mmã
97,flog,di abã
97,flood,nsuyiri
97,flood,nsu a abọ or ẹpram
97,floor,fam
97,floor,nsēūẹ
97,floor,aborobã
97,flour,osĩãm
97,flour,asikresĩãm
97,flour,awĩ
97,flour,kyekyere
97,flourish,fefe
97,flourish,gu úfẅireṅ
97,flourish,hoahoa nehõ
97,flow,sẽṅ
97,flow,sene
97,flow,tẹe
97,flow,tene
97,flower,ṅfẅireú
97,fluctuate,hiṅhim
98,flue,oẇisikwaṅ
98,flue,oẇ-nam
98,fluency (of speech),anotee
98,fluency (of speech),ano a ate
98,fluid,nsu
98,fluid,emu nsu
98,fluid,asẽnne
98,flute,ateṅtebẽṅ
98,flute,botowá
98,flute,mm-
98,flute,hyeṅ at. or bot
98,flutter,ahiṅhimdi
98,flutter,ahõyera
98,flutteringly,kàtirikàtiri
98,flutteringly,ne bo (kōma) tutu k.
98,flutteringly,ne bo pere ne yam k.
98,flutter,bo ntabaṅ mu
98,flutter,tu fataf-
98,flutter (fig.),tutu or pere kàtirik-
98,fly,úwãnsanã
98,fly,tu
98,fly,mmirika
98,fly,gũaṅ
98,fly (spread),hye(hye)
98,fly (spread),hyeta
98,fly (phr.),n'asɛm a-hye
98,fly (phr.),ne diṅ hyetae
98,flying ant,mpiéṅṅó
98,flying ant,asisirape
98,flying ant,ebo
98,foal,opoṅkoba
98,foam,ahuru
98,foam,pū or yɛ ahuru
98,fodder,mã (mmoa) aduaṅ
98,fodder,mmoa-aduaṅ
98,foe,otamfo
98,foe (army),edom
98,foetus,awotwã mu ba
98,fog,omunuṅkun
98,fog,kusukûkû
98,foggy (weather),osoro a-kata
98,foggy (weather),anim ak-
98,foggy (weather),akã asi
98,fold,bubu
98,fold,bobo(u)
98,fold,bu ano
98,fold (thrice),bo hõ mmiɛnsã
98,foliage,úhabaṅ
98,folk,omaṅ
98,folk,asàfo
98,follow,di akyi(ri)
98,follow,ti
98,follow,tiu
98,follow (fig.),tie
98,follow (fig.),sũa
98,follow (fig.),sòm
98,follow (in a long train),wũ (obi)
98,follower,okyidifo
98,follower,osũani
98,follower,gyaseni
98,folly,ṅkwaseade
98,folly,ṅkwaseasɛm
98,folly,agyimisɛm
98,foment,tõ
98,foment,tõtõ
98,fondle,koko
98,fondle,korokoro (oba)
98,fondle,gyigye
98,fondness,okoko
98,fondness,ope
98,fondness,odo
98,food,aduaṅ
98,food,adibane
98,fool,okwasea
98,fool,okwapae
98,fool,osesafo
98,fool,ogyennyentwi
98,fool,ogyimfo
98,fool,aboa
98,fool,tiboṅkósó
98,"foolish, to be-",di ṅkwaseasɛm
98,"foolish, to be-",nni ti
98,foolishness,kwaseasɛm
98,foolishness,kwātée
98,foolishness,oye kw
98,foot,enaṅ
98,foot (hoof),tote
98,foot (light-ed),naṅ ye hare
98,foot (fig.),ase
98,foot (sole of -),oṅámmoṅmù
98,foot (-step),oṅámmoṅ
98,foot,nam
98,foot (red.),nennam
98,foot (red.),nante
98,footing,naṅsibea
98,footing,gyinabea
98,footing (fam),pomasibere
98,footing (good-),nsãsodi
98,footing (good-),gyinae pa
98,footpath,okwaṅ nammoṅkoro
98,footpath (war-),òsá
98,footpath (war-),kwaṅ
98,footring,naṅṅwẽa so kā
98,footstep,oṅámmoṅ
98,footstep,naṅ sibea
98,footstool,naṅase agua
98,footstool,mâṅó ntiasó
98,foppery,kwaseá
98,foppery,aseresere
98,foppery,kwātée
98,for,dé
98,for (as -me),mé dé (meko)
98,for (to or ka me),ṅkõ a
99,for,mã
99,for,sie
99,for,oye mã me
99,for,obi unõm nsu nsie opé
99,for,n. uti
99,for,anañmu
99,for,nà
99,for,efise
99,forage,fõ
99,forage,ko afõ
99,forage,pe poṅko-duaṅ
99,forage,apoṅkoha
99,forager,bafoo
99,forager,bafõ
99,forasmuch,esiane se..nti
99,forbear,gyae
99,forbear,gya mu
99,forbear,to
99,forbear,to or bĕre..bo ase
99,forbid,băra
99,forbid,gu
99,forbid,si (brb.hõ)kwaṅ
99,force,sŭm atiko
99,force,hye
99,force,tintim
99,force,tõ mmõnnã
99,force,ahõgdeṅ
99,force,ṅhyeso
99,force,edom
99,force,ahõdeṅsò
99,force,abĕraṅsò
99,force,akakabeṅ
99,force,a-kokobiri
99,force,apori
99,force,kyĕṅkyĕṅara
99,forceps,odábáu
99,ford,atŭwaree
99,ford,asutŭwaree
99,ford,twa asu
99,forefathers,tete agyanom
99,forefathers,nãnanom
99,fore-finger,akyerekyérekwaṅ
99,fore-head,mōma
99,fore-foot of quadrupeds,obasá
99,foreigner,ohoho
99,foreigner,opótofo
99,foreigner,omamfrani
99,foreigner,oṅãnã
99,foreigner,ni
99,foreknow,hŭ sie
99,foreman,adikaṅ
99,foreman,adwuma mu panyiṅ
99,foremost,kaṅ
99,foremost,kaŭkyereky-
99,foremost,titiri
99,foremost,kūnini
99,forenoon,anopa(bere)
99,forerun,di..kaṅ
99,forerun,adi-kaṅ
99,forerun,eseṅ
99,forerun,seneafó
99,foresee,hŭ brb. ansã na eba
99,foresee,hŭ sie
99,foresee,di brb. hŭ-kaṅ
99,forest,kwae
99,forest,ahabaṅ
99,forest,wuram
99,forest,kwae birentū
99,forest,kūsū
99,foretell,kã sie
99,foretell,hye ṅkom
99,forewarn,bo..koko
99,forewarn,yi..apra
99,forge,tonasúm
99,forge,otonsu
99,forge,tono
99,forge,bo dade
99,forge,bo (aso n.a.)
99,forgery,ṅkóntompodeyo
99,forget,wĕre fi
99,forget,ani pa so
99,forget,fa so
99,forget,fi ani so
99,forget,m'ani apa so
99,forget,afa me so
99,forget,me wĕre afi
99,forget,afi m'ani so
99,forgetful,nea n'asõm nni agua
99,forgetful,ne wĕre fi ade ntem
99,forgetful,oye asõ- or anibiannásó
99,forgetfulness,aĕwerefiri
99,forgetfulness,asõ or anibiannásó
99,forgetfulness,okasa nè n'a-wĕrefiri
99,forgive,de(fa)..firi
99,forgive,de(fa)..kye
99,forgive,ode me bone akye or afiri me
99,fork,adinam
99,fork,ṅkorata
99,form,su
99,form,baṅ
99,form,subaṅ
99,form,nseso
99,form,yebea
99,form,woradada
99,form,ṅwene
99,form,bo
99,form,ye
99,form,seṅ
100,former,oyefo
100,former,odeyefo
100,former,ofárè-bae
100,former,caster ogufo
100,former,a.nea edi kaṅ
100,former,edi anim
100,former,eba kaṅ
100,formerly,kaṅ
100,formerly,kane
100,formerly,kaṅ no
100,formerly,kaṅkyerekyere
100,formidable,kese pa
100,formidable,to be-..hõ ye hũ
100,fornication,aguamămmo
100,fornication,ago
100,fornicator,mmāpefo
100,fornicator,obágofo
100,forsake,gyau
100,forsake,pa (akyi)
100,forswear,de ntaṅkā pa
100,forswear,kā ntaṅhunu
100,fort,abaṅ
100,fort,kese
100,fort,a eye deṅ
100,forthwith,amonom
100,forthwith,ntem ara
100,fortnight,nnaàwótwe or adapeṅ abieṅ
100,fortnight,mmienu
100,fortnight,dadu-nnánnaṅ
100,fortunate,osĩadefo
100,fortunate,nea ne kăra ye
100,fortune,sĩade
100,fortune,ade
100,fortune,akõnyãde
100,fortune,ṅkărabea
100,fortune,okărayiye
100,fortune-teller,krămó
100,fortune-teller,fo
100,forty,aduanaṅ
100,forty-days,adaduanáṅ
100,forward,anim
100,forward,anim fãm
100,forward,anim kwaṅ
100,forward,to be-di anim
100,forward,ye pérep-
100,forward,pĕrep-
100,forward,di mperewasém
100,forward,ko anim
100,forward,bo pùa
100,forward-send,mănã (ṅh.)
100,forward-send,de brb. mănã...
100,forwardness,mpóforo
100,forwardness,anuo-deṅ
100,forwardness-proofs of,anuodenne
100,foster-child,abanómã
100,foster-child,oba a obi atëu no yèṅ no
100,foster,yèṅ
100,foul,efĩ
100,foul,pòtõ
100,foul,tantáṅ
100,foul,bàsabasa
100,foul,ye fĩ
100,foul,gu..hõ fĩ
100,foul,ye brb. tantaṅ
100,foul,mã hõ kũm
100,found,ase
100,found,hye-
100,found,si
100,found-cast,gu (dade n. a.)
100,foundation,ntoase
100,foundation,ṅhyease
100,foundation,mfiase
100,foundation,mmoase
100,fountain,asubura
100,fountain,nsuaniwa
100,fountain,nsumănã
100,fountain-source,nsuti
100,four,anaṅ
100,four,nnaṅ
100,four-days,nne nná-nnaṅ
100,four-days ago,nne nná-nnaṅ
100,four-persons,bānaṅ
100,four-score,aduòwótwe
100,four-teen,(e)dúnnáṅ
100,four-times,mpẽnnáṅ
100,fowl,akoko
100,fowl,anõma
100,fowl-wild,abókó
100,fowl-v.,kõ nnõma
100,fowl-ing-piece,anõmakõ-
100,fox,sakrămaṅ
100,fraction,mmubui
100,fraction,afăfă
100,fracture,obú
100,fragile,peṅpeṅ
100,fragile-to be,eṅkyé(re)
100,fragment,siṅ
100,fragment,asiṅasiṅ
100,fragment,gõ
100,fragment,ago-ago
100,fragment,mporoporowa
100,fragrance,ehũã
100,fragrance,ohũãm
100,frame,si (mpoṅṅua)
100,frame-fig.,bo tirim kã or ye
100,frame,apóṅṅua
100,frame,apoṅṅwã
100,frame,mfónigua
100,frame-work,mpuraṅ a woahyehye de asi daṅ
100,frank,nea eda wia so
100,frank-ne yam ye,odi seṅkoro
100,frankincense,ohye-hũãm
101,frankness,ayamyi
101,fraternise,kã
101,fraternise,bọ (sẹ nuanom)
101,fraud,amimdi
101,fraud,nnâdâ
101,fraud,nsisi
101,fraud,kusum(di)
101,free,nea ọde nehọ
101,free,ọdehye
101,free-will,adehyedipe
101,free-will,ọpe a ede nehọ or ẹso ne kọn
101,freebooter,odwọtwạfo
101,freely,yiye
101,freely,ayamyi so
101,freely,ayam-
101,freeman,nea ọde nehọ
101,freeman,ọdehye
101,freeze,awọ mã ẹkyere or ẹkyẹṅkyẹṅ
101,freight,hyeṅ mu or teaseẹnam so agụade
101,frenzy,adammo
101,frenzy,gye
101,frenzy,bọ dám
101,frenzy,-gyé
101,frequent,ka
101,frequent,tā (ba)
101,frequent,boro..so
101,frequent,bu..so
101,frequently,dā
101,fresh,foforo
101,fresh,momono
101,fresh,amono
101,fresh,kàṅwẽ
101,fret,pẹe mu
101,fret,di mu adwĩni
101,fret,huru bo
101,fret,yi..tui
101,fret,bo huru
101,fricassee,fọrọfọrọ
101,Friday,Fida
101,friend,adamfo
101,friend,nn-nom
101,friend,awẹ
101,friend,oyọṅkọ
101,friend,afé
101,friend,mfefo
101,friendless,aṅkọnam
101,friendless,onnibie
101,friendless,akaneṅkọni
101,friendliness,animteẹ
101,friendliness,ayọṅkọfa
101,friendship,ayọṅkọfa
101,friendship,adamfo
101,friendship,amannifo
101,friendship,abusũa
101,frigate,akọhyeṅ bi (diṅ)
101,fright,ehũ
101,fright,osuro
101,fright,abotu
101,fright,akọmatu
101,fright,ahũnasuro
101,frighten,yi..hũ
101,frighten,tu..bo
101,frighten,yi..ahĩ
101,frightful,(ẹ)họ ye hũ
101,frightful,eye hũ
101,frightful,ne họ ye hũ
101,frightful,oye hũ
101,frightful,-ohũfo
101,frigid,ṅwini
101,frigid,ṅwuṅ
101,frigid,wirududu
101,frivolous,búhu(o)
101,frivolous,(nipa) hunu
101,frock,fraka
101,frock,atade
101,frog,apotoro
101,frog,atwégre
101,frolic,ani gye sẹ
101,frolic,te(u) akrayám
101,from,fi
101,from,firi
101,from,de..fi
101,from,-nti
101,from,ẹdeṅ nti(ra)
101,front,anim
101,front,adanim
101,front,animhọ
101,front,di kaṅ
101,front,twafo
101,frontier,ohye
101,frontier,fuhye
101,frontier,kūrotia
101,froth,ahuru
101,froward,pérepere
101,froward,kọntọṅkyẹ
101,frowardness,mpĩ
101,frowardness,mpìyẹ
101,frowardness,aṅuḍeṅ
101,frowardness,perepere
102,frown,kum
102,frown,"pũapũa anim, mũna"
102,frugality,anidaho
102,frugality,adesokyee
102,fruit,aba
102,fruit,adua
102,fruit,ba
102,fruit,dua aba
102,fruitful,to be-
102,fruitful,"ba aduaṅ, sō aba (yiye)"
102,fruitful,wo mma
102,frustrate,sĩàṅ obi
102,frustrate,pě ẇe
102,fry,kye
102,fuel,ogya
102,fuel,nnyentia
102,fuel,anyáṅ
102,fuel,nnyina
102,fuel,ko anyáṅ
102,fuel,nnyina
102,fugitive,ogũaṅfo
102,fugitive,kobofo
102,fulfil,mã ęba mu
102,full,mã
102,full,mãtęṅṅ
102,full,tęṅkyem
102,full,emũ
102,full,kese
102,full,pe
102,full,pepe
102,full,ye mã
102,full,mẽ
102,full,tẇa puru
102,full,kōrokũma
102,fullstop,osiẇiei
102,fulness,mãyẹ
102,fume,oẇisie
102,fume,owusiu
102,fun,nsęṅkwã
102,fun,aseresęm
102,fun,agosem
102,fun,agoru
102,fun,agoro
102,fund,dẇetiri
102,fund,kwasafo dẇ
102,fund,asafo ṅkoreṅkore dẇ
102,fund,amantam asafo dẇ
102,fund,ahĩafo dẇ
102,fund,atrãemansiṅ asafo dẇ
102,fund,bọ dẇetiri
102,fund,yi tō
102,fund,hye bàtá
102,funeral,afunsie
102,funeral,amũsie
102,funeral,ayi
102,funeral,ayiyo
102,fungus,mmere
102,fungus,Ak. mmere
102,funnel,fẇiei
102,funnel,soṅē
102,funnel,sonee
102,fur,aboa-ṅhōma a ẹhō ṅhẇiṅhẇi
102,furious,ani abere kō
102,furious,ani ado ṅkrãṅ
102,furl,bobo(u)
102,furnace,fǒṅǒnō
102,furnish,mã
102,furnish,siesie
102,furnish,hyehye
102,furniture,daṅ mu nneęma
102,furniture,nneęma a esisi daṅ mu
102,furrow,okã
102,furrow,ofetękã
102,furrow,akofi-kã
102,furrow,yi kã
102,further,anim noho
102,further,dóhà
102,further,nso
102,further,saṅkyiri bio
102,further,yi
102,fury,anibere
102,fury,yamgya
102,fury,abohuru
102,fury,adammo
102,fuse,hono
102,fuse,nãṅ
102,fuse,nãne
102,fuss,akasak'-
102,fuss,gyegyēgye
102,fuss,hōye
102,future,okyẽna
102,future,dakyẽ (bi)
102,future,dakyẽ kãbea
102,fy,ao
102,fy,kosę
102,fy,kosękosę
102,Gabble,toa ntęṅ
102,Gabble,kasa kũrodo-k-
102,Gabble,di pãtẇēp-
102,gabble,okasahunu
102,gabble,ntęṅtoa
102,gabble,nsęmpã
102,gag,manniamfrę
102,gag,to obi a-nom man-
102,gage,de..si awowa
102,gage,susu
102,gaily,feso
102,gaily,fefe
102,gain,fa so
102,gain,nyã mfaso
102,gain,hō brb
102,gain,mfaso
102,gain,nsim'
102,gain,ntoso
103,gainsay,yi or tua ano
103,gainsay,saṅ
103,gaiters,nãnsa-ṅhyeguso
103,gale,ahum
103,gale,mframadom
103,gall,boṅwoma
103,gállant,ye nnam
103,gállant,bo ye duru
103,gállant,okatakyi
103,gallery,abĕrannā
103,gallery,nnua
103,gallop,opoṅko tutu mmirika yeredede
103,gallows,aseṅe
103,gallows,aseṅdua
103,gamble,tōṅhōma
103,gamble,ntrama
103,gamble,sinté
103,gambler,ṅhōmatofo
103,gambler,osatofo
103,gambling,ṅhōmatō
103,gambling,ntramatō
103,gambling,ntesi
103,game,agoru
103,game,agoro
103,game,ṅhōmatō
103,game,ntramatō
103,game,hanām
103,game,goro
103,game,tō ṅhōma
103,game,ntrama
103,game,wàre
103,game,si nté
103,gang,asafo
103,gang,feku
103,gangrene,akisikuru
103,gangrene,kòkoram
103,gaol,afiase
103,gaol,nneduadaṅ
103,gap,tokūru
103,gap,okū
103,gap,gyau
103,gap,egyere
103,gape,hãṅ or tēṅ'anom
103,gape,sou
103,gape,ano
103,gape,sou ahōhōm
103,gape,ahuṅmu
103,gape,yawn
103,gape,yeram
103,gape,Ak. hăram
103,garb,atade
103,garb,nt-
103,garb,adurade
103,garden,túró
103,garden,tŭrom
103,garden,afikyifu
103,garden,ye tŭrom'adwuma
103,gardener,tŭromfwefo
103,garlic,áṅwò
103,garment,atade
103,garment,nt-
103,garment,adurade
103,garment,otam
103,garment,ntama
103,garment,odánta
103,garment,amōase
103,garment,ôdenă
103,garment,bo dá-
103,garment,mõ am.
103,garment,-denă
103,garner,osaṅ
103,garner,pútu
103,garnish,hyehye
103,garnish,kekã
103,garnish,wura
103,gas,gyabiru mu
103,gas,mframa bi a woso na ede(u)
103,gas,gās
103,gate,abobō
103,gate,opoṅkese
103,gate,kūro ano
103,gather,tase
103,gather,boa ano
103,gather,tĭa
103,gather,te (aba)
103,gather,nŭ (abe)
103,gather,tase so
103,gathering,anobóá
103,gathering,ṅhyiam
103,gathering,otōyi
103,gauge,susu
103,gauge,hye agyirae
103,gauze,sirikyi or ṅwera hata-hata
103,gauze,ananse-ntámmá
103,gay,ye osó
103,gay,ani gye
103,gay,di ahurusi
103,gay,te akrayám'
103,gaze,fwe hă
103,gaze,gyeṅ (n'ani)
103,gazette,nsemnsem-ṅhōma
103,gazette,amansemṅh
103,geld,sa or twa.. sae
103,geld,yi ayitòto
103,geld,yi á-fwèābó
103,gelding,osae
103,gelding,oguaṅ-
103,gelding,nantwi-
103,gelding,prako-
103,gelding,opoṅkosae
103,gem,abogdeṅbo
103,gem,hyeremmó
103,gem,adwinne
103,gemini,nta
103,gemini,nsoroma-
103,gender,nea ekyere onini nè obere mu nsonoē
104,genealogy,anãto
104,general,osáhene
104,general,osafoheṅkũnini
104,generalise,hyehye brb. n'akõteṅ so
104,generalise,bọ brb. mu
104,generalise,ye:.ṅkãgu mu
104,generate,wo
104,generation,awo
104,generation,awo-ntoatoaso
104,generous,to be-
104,generous,nsa tẽe
104,generous,yam ye
104,generous,ye adoe
104,generous,odẽfoo
104,genesis,mfiase
104,genesis,fi odõmãṅkãmãbọde
104,genesis,Kyereu Kr. ṅh. I
104,genitals,anoso
104,genitals,sickness of-
104,genitals,okrãmaṅ
104,genitals,okeka
104,genitals,bàba
104,genius,okãra
104,genteel,to be-
104,genteel,oye agũasoba
104,genteel,onim agũasemdeyo
104,genteel,opou
104,genteel,n'anim ye nyam
104,gentile,obosonsomni
104,gentile,pl. a--fo
104,gentile,pl. amahaman
104,gentle,bo
104,gentle,hõ or ani dwo
104,gentle,tongue
104,gentle,tekremãbere
104,gentle,oye t
104,gentleman,agũasem-nipa
104,gentleman,obarima
104,gentleman,pl. mm-
104,gentleman,odehye
104,gentleman,pl. a-
104,gentleman,opanyiṅ
104,gentleman,pl. mp
104,gently,bereõ
104,gently,dwo
104,gently,speak-! gõ wo ani kasa!
104,genuflection,naṅkrõmasi
104,genuine,kroṅkroṅ
104,genuine,pa
104,genuine,pòtẽ
104,geographer,asase hõ seṅkyerefo or nimdefo
104,geography,asase hõ nsem
104,geology,asase mu nneema hõ nimdee
104,geometry,asaseanisusu
104,geometry,efasusu
104,germ,ani
104,germ,aniwa
104,german,onua
104,german,pl. a-nom
104,german,obusũani
104,german,pl. a--fo
104,German,Germaneni
104,German,pl. -fo
104,Germany,Germane (ahemmaṅ)
104,gesture,animyobea
104,get,nyã
104,get,gye
104,get,fa
104,get,ye
104,get,sũa
104,get,du
104,get,du hõ
104,get,nsa kã
104,get,nsa sõ so
104,get,at
104,get,to
104,get,du
104,get,du hõ
104,get,so
104,get,out
104,get,fi
104,get,mu
104,get,adi
104,get,up
104,get,sore
104,get,soso
104,get,foro
104,get,nyáṅ
104,get,"phr. he manages to - out of a snare, opa ne to ase fi adi"
104,ghost,hoṅhom
104,ghost,sunsum
104,ghost,esésá
104,ghost,pl. a--fó
104,ghost,osámaṅ
104,ghost,pl. a--fo
104,giant,oběraṅ
104,giant,pl. a-
104,giant,tetetũ
104,giant,osram
104,gibbet,aseñẽ
104,gibbet,aseṅdua
104,giddiness,of youth nsoáfóro
104,giddiness,mpófóro
104,giddy,to be-
104,giddy,ani so biri (no)
104,giddy,adwenem ye..basã
104,giddy,by drink bõ (nsã)
104,gift,akyede
104,gift,adekyede
104,gift,omã
104,gifted,nea owọ ti
104,gifted,wabèṅ
104,giggle,aserehyéhye
104,giggle,bọ nserehy
104,gild,dura or kata hõ sika
104,gin,mmõrosã
104,gin,engine afiri a wọde yi asawa-mfuturu mu aba
104,ginger,akékáduru
104,ginger,akáka-
104,gingle,bọ kéṅṅ
104,gird,bọ or kyekyere so
104,gird,bọ or kyekyere aseṅ
104,gird,sĩaba (ntama)
105,girdle,abọso
105,girdle,abọmu
105,girdle,ṅkyekye-remu
105,girdle,aseṅ mu tam
105,girdle,As. afọró
105,girl,abọfrabea
105,girl,obéawa
105,girl,F. akatasia
105,give,mã
105,give,kyẹ
105,give -back,daṅ (mã)
105,give -in charge,de..hyẹ nsa
105,give -in charge,hyẹ
105,give -leave,gya or mã ọkwaṅ
105,give -over,de..hyẹ nsa
105,give -over,yi..mã
105,give -over,gya mu
105,give -over,mã ọkwaṅ
105,give -over and above,to mu
105,give -over and above,to so
105,give -over and above,gu so
105,give -over and above,hyẹ mu
105,give -out,yi
105,give -out,yi adi
105,give -(speak),kã (asẹm)
105,give -a song,to or frẹ dwọm
105,give -up,gya(u)
105,give -up,gyae
105,give -up,pa aba(u)
105,give -up,yi..mã
105,gizzard,(akokọ or anọma) tà
105,gizzard,menãse kotoku
105,glad,ani gye
105,glad,ani kã
105,glad,họ sãṅ or sẹpẹ (no)
105,glad,nyã kọmapá
105,"glad, gladden",yẹ fẹ
105,"glad, gladden",gye ani
105,"glad, gladden",mã ani gye
105,gladness,cf. joy
105,glance,ani bọ so
105,glance,ani sã
105,glare,nyinam
105,glare,hyerẹṅ
105,glare,hyẹhyẹ
105,glass,afwẹfwẹ
105,glass,bọrọhãnne
105,glass -drinking,kọṅ kó
105,glass -drinking,prẹntọá
105,glaze,"de afwẹfwẹ (sãnyã, sũmpĩ) dura brb. họ or mu"
105,glean,di mpẹpewa
105,glean,tase mu
105,glean,yiyi
105,glean -ing,mpẹpẹudi
105,gleaner,mpẹpewadifo
105,glee,anigye
105,glee,ahurusidi
105,glen,obọṅ(wá)
105,glide (off),patiri
105,glide (off),watiri
105,glimpse,nnyĩnamhũ
105,glimpse,fwẹ
105,glimpse,sọnomãnsọhũ
105,glimpse -v.,bota
105,glimpse -v.,ani bọ so tá
105,glimpse -in a-,nnyĩnám
105,"glisten, glister, glitter",nyinam
105,"glisten, glister, glitter",hoa
105,"glisten, glister, glitter",hyerẹṅ
105,"glisten, glister, glitter",hãraṅ
105,"glisten, glister, glitter",yẹ hãnãhãnã
105,"glisten, glister, glitter",yẹ hyẹhyẹ
105,globe,brb. korokorowa
105,globe,asase ṅfwẹso korok-
105,globules,ade ṅkorokorowa
105,globules,"ṅketeṅkete (sẹmpéremma, abro-bia-aba n. a.), abaabá"
105,gloomy,kusū
105,gloomy,bisī
105,gloomy,bisib-
105,gloomy -to look-,mũna
105,glorify,hyẹ anuonyam
105,glorify,kamfo
105,glorious,to be-
105,glorious,wọ anuonyam
105,glorious,yẹ nyam
105,glory,anuonyam
105,glory,animonyam
105,glory,ọhyerẹṅ
105,glory,ọhãraṅ
105,glory,enĩm
105,glory,nĩdi
105,gloss,pọ(u) (họ)
105,glossy,hyẹhyẹ
105,glossy,hãnãhãnã
105,glove,nsa-boha
105,glow,dọ (gya)
105,glow,dọ kọ
105,glow-worm,obogya
105,glue,amã
105,glue,amãne
105,glue,mãnnó
105,glue,ehyẹ
105,glutinous,mã
105,glutinous,hũã
105,glutinous,mãtãmãtã
105,glutton,potwã
105,glutton,odidifo
105,gluttonness,potwã
105,gluttonness,adidifurum
105,gluttonness,adiditrãsó
105,gnash (with) the teeth,twẹre sẽ
105,gnat,ṅwãnsanã
105,gnat,ntóntom
105,gnat,atọṅtoreboá
105,gnat,atọntrọboa
105,gnaw,wẹ
105,gnaw,di
106,go,ko
106,go,ko so
106,go,nam kwaṅ
106,go,nante
106,gonorrhea,okrámáṅ
106,good,pa
106,good,papa
106,good,ye
106,goods,ade
106,goods,nneɛma
106,goods,agǔade
106,gore,fwiro (mu)
106,gore,si
106,gorge,mene
106,gorilla,aboatia
106,gorilla,sasabonsam
106,gormandize,ye potwã
106,gospel,asɛmpa
106,gospel,kaseɛpa
106,gossip,kasa bĭrebĭre
106,gossip,ano ye berebere
106,gossip,bétɛbɛtɛ
106,gossip,ano bétɛb-
106,gossip,sɛmɔɖe
106,gossip,abaṅsosɛm
106,gossip,nsise
106,gossip,mmɔmãhɔ
106,gourd,fere
106,gourd,toa
106,gout,asobau
106,goal,botae
106,goal,agyirae
106,goal,nsɔhyé
106,goal,o-
106,goat,aberekyi
106,goat,Ak.apoṅkyé
106,goat,amp-
106,goat,osebirebontu
106,goat,adúonna
106,goat,aduonimmã
106,goblin,osãmaṅ
106,goblin,tẅentẅeṅ
106,God,Onyame
106,God,Onyaṅkɔpoṅ
106,God,Odómãṅkãmã
106,God,Borebóre
106,goddess,onyamewa
106,goddess,obosombã
106,godly,nea oyɛ nyamesomfo pa
106,godly,osuro Nyame
106,gold,sika
106,gold,amapã
106,gold,si-ka ntẅeabaṅ
106,gold,mfuturu
106,gold,sikasu
106,gold,tére
106,gold,tére da ne koṅ mu or bɔ ne nsa
106,gold,dẅumfo
106,gold,nãṅfo
106,gold,karifo
106,gold,asika
106,gold,as-ye
106,govern,di (maṅ) so
106,govern,di hene
106,government,omaṅsofwɛ
106,government,abaṅ-ne
106,governor,amrâdo
106,governor,omaṅsofwɛfo
106,governor,bɔroghene
106,governor,kumpɔnó
106,governor,kump. bɔrofo
106,gown,atade ẅū
106,gown,atade tenteṅ
106,grace,odōm
106,grace,anuonyam
106,grace,ahɔ̃ofe
106,graceless,nea oyɛ kwasampãni
106,graceless,busufo
106,graceless,nea wampo
106,gracious,dōm
106,gracious,hū mmɔbɔ
107,gradually,ṅkakra-ṅkakra
107,graft,tẹ dubă dua bi mu
107,grain,bŭrofua
107,grain,aẇifua
107,grammar,akasakwaṅso hyehyẹbea
107,grammar,okasammăra
107,grand,kẹse
107,grand,kokŭrō
107,grand-child,ọbanănă
107,grand-child,nănă
107,grand-child,nănăwa (As.)
107,grand-daughter,ọbanănă bea
107,grand-father,nănă (barima)
107,grand-mother,nănă (bă)
107,grand-parent,nănă
107,grand-son,ọbanănă barima
107,grandee,ọpanyiṅ
107,grandee,opumpuní
107,grant,mă (hō) kwaṅ
107,grant,mă
107,grant,kyẹ
107,grant,dōm (obi brb.)
107,grant,akyẹde
107,grant,ayẹyẹde
107,grant,ọboa
107,grape,bobe-aba
107,grape,bobe-kasĭa
107,grapple,wora
107,grapple,di ayẹnsiṅ
107,grasp,fua
107,grasp,kura
107,grasp,so mu
107,grass,wura
107,grass,ṅwura
107,grass,sare
107,grass,sẹrẹ
107,grass,(nsoṅfẇĕa)
107,grass-hopper,abebe
107,grass-hopper,tuafuru n. a.
107,grassy plain,sarem'
107,grassy plain,sareso
107,grassy plain,Ak. serem
107,grassy plain,sẹrẹsoo
107,grate,tẇū
107,grate,tẇi
107,grate,tẇerẹ
107,grate,tẇerẹ(sĕ)
107,grate,ẇerẹ
107,grate,ẇerẹ hō
107,grateful,"he is -, oẇo aye"
107,grateful,neg. onni aye
107,grateful,oyẹ bònníaye
107,grater,tẇerẹe
107,gratis,kwa
107,gratis,"to give -, kyẹ kwa"
107,gratitude,aye
107,gratitude,aseda
107,gratulate,mă tiri-ṅkẇā
107,gratulate,-abaso
107,gratulate,-abáàtrăse
107,gratulate,-mó nè yó
107,grave,oda
107,grave,ọdamŏa
107,grave,ọdamănă
107,grave-yard,asie
107,grave-yard,anisiei
107,grave-yard,samaṅpo
107,"grave, a. to be-",anim yẹ duru
107,gravel,mmósea
107,gravel,-wa
107,gravel,mmesea
107,gravity,oduru
107,gravity,animduru
107,gravy,ṅkẇaṅ
107,gravy,sōs
107,gray,nsŏ
107,gray,nsōnsŏ
107,gray-hair,dẇeŭ
107,graze,ẇe wura
107,grease,srade
107,grease,awoṅnua
107,"grease, v.",sra
107,"grease, v.",kă or sra mu srade
107,"grease, v.",ṅṅo n.a.
107,great,kẹsé
107,great,kòkŭrō
107,great,kàkărā
107,great,kokŭrokó
107,great,kakraká
107,great,kákresa
107,great,kūnini
107,great,titiri
107,"great, v.",sŏ
107,great-grandchild,nănăṅkănsŏ
107,greatly,kẹse
107,greatly,sẹ
107,greatly,dodo
107,greatly,pī
107,greatness,kẹse
107,greatness,kẹseye
107,greatness,osŏ
107,greatness,kokŭrokó
107,Greece,Hellas
107,greediness,amim
107,greediness,pepee
107,greediness,ṅkyĕkyĕ
107,greediness (of eatables),adifudepe
107,greedy,odifudepefo
107,greedy,omimfo
107,greedy,pepeefo
107,"greedy, to be-",pe or ye adifude
107,"greedy, to be-",ye amim
107,"greedy, to be-",odihunum
107,Greek,Hellani
107,"Greek, pl.",-fo
107,Greek-language,Hellafo kása
107,green,apopobibiri
107,green,ahabammono
107,green (fresh),amono
107,green (fresh),momono
107,green (unripe),buṅ
107,green (unripe),bunu
107,greensickness,"oyare bi (animhoa, osĕréṅ)"
107,greet,kyia
107,greet,dẇa
107,greet,mă akyĕ
107,greet,-amó
107,grey,cf. gray
107,grief,aẇereho
107,grief,ṅkommo
107,grief,amutĕe
107,grief,eya
109,guilty,woabu no fo
109,guilty,odi fo
109,guilty,aso
109,guilty,asɛm no abo no
109,guilty,afwɛ no so
109,guilty,"of death, owu se no"
109,guilty,ose owu
109,guilty,"he has falsely declared him, watɔ no sɔ"
109,guinea-corn,atókó
109,guinea-fowl,ánsàm
109,guinea-fowl,akomfém
109,guinea-pig,ɛwɛa
109,guinea-worm,mfɛ
109,guinea-worm,ayɛ no
109,guinea-worm,oyare mfɛ
109,guitar,sǎnkǔ
109,string of guitar,saṅkǔháṅ
109,string of guitar,so hãma
109,gulf,epo basa
109,gulf,doṅnoṅ
109,gulf,koṅtóṅ
109,the sea forms a bay,epo abu k
109,gullet,mene
109,gullet,menewa
109,gulp,mene
109,gum,anɛnɛduru
109,gum,kŭrobó
109,gum-copal,ehyɛ
109,gum-glue,amã
109,gum-glue,amãne
109,gum-palate,dadãmu
109,gum-palate,dodõm
109,gun,otuo
109,gun,akwadamma
109,gun-cannon,oprɛm
109,gun-buttend of,otubã
109,gun-cap of pan,tàntiá
109,gun-cock of,tuokɔte
109,gun-cock of,kántàmma
109,gun-double-barrelled,ntutá
109,gun-double-barrelled,akwapem
109,gun-flintlock,akitatwɛrebo
109,gun-firing of,atutɔ
109,gun-pan of flintlock,asɔ
109,gun-powder,atuduru
109,gun-stick,twɛnewá
109,gun-stock,tubɔnǎ
109,gun-stock,sábɔn
109,gun-trigger of,akokosere
109,gush,tue
109,gush,gu
109,gut,nsono
109,gut,ayamde
109,gut,usono kɛse
109,gut,pɔṅ
109,gut,ofuru
109,gutter,agyensu
109,gutter-channel,sukã
109,gutter-channel,nsukã
109,gutter-channel,oboṅkã
109,guttle,didi fū
109,guttle,ye potwǎ
109,guzzle,didi fū
109,guzzle,ye potwǎ
109,gymnastics,apomutɛɛtɛe
109,habit,su
109,habit,obǎra
109,habit,asetrǎ
109,habit,nneyee
109,habit-dress,atade
109,habit-dress,hyɛ atade
109,habit-dress,kekǎ or siesie..hɔ
109,habitation,trǎbea
109,habitation,odaṅ
109,habitation,ofi
109,habitual,nea brb
109,habitual,ayɛ no su
109,habitual-debauchee,odõmãṅkãmã hofwini
109,hack,twitwǎ
109,hack,fɔrofɔro
109,hades,asǎmaṅ
109,hades,as - fo kŭro
109,hag,ayéṅ
109,hag,obáyeṅ
109,hag,obayifo
109,haggle,di abobóbó
109,hail,amparubo
109,hail,asukɔtwɛǎ
109,hail,"mo! mo, mo!"
109,hail,wo tiri ṅkwǎ!
109,hail,mo nè adwuma
109,hail,nè yɔ
109,hail,nè awo ō
109,hair,ṅhwǐ
109,hair-plait of,púǎ
109,hair-long,atimum
109,hair-less,tipae
109,hair-less,ntikorá
109,hairy,ṅhwǐ-ṅhwǐ
109,half,ofǎ
109,half,afǎ
109,half,afǎ-afǎ
109,half-penny,mmaṅ abieṅ
109,hall,nasa(so)
109,hall-with open front,odámpaṅ
109,hall-with open front,pato
109,halloo,tɛɛm
109,halloo,bɔ hū
109,halloo,fwé or dwe
109,hallow,yɛ kroṅkroṅ
109,hallow,te..hõ
109,hallow,ďwira
109,hallow,hyira so
109,halt,gyina (onante mu)
109,halt,soɛ
109,halt,asoe
109,halt,ayaṅ
109,halt-inn,ahohoﬁ
109,halter,opoṅkokoṅmu hãma
109,halter-hangman's rope,ntampe a wode sɛṅ nipa kum no
110,ham,prako sere a woahye no ṅkyene
110,hamlet,akurā
110,hamlet,aséseɛase
110,hammer,asẽ
110,hammer,nsabā
110,hammer,hãmere
110,hammer,de asẽ bo brb
110,hammock,hamáṅká
110,hammock,carry-soa or twẽ ham
110,hammock,"carriers, ahamaṅkāfo"
110,hammock,"carrying, hamaṅkāsoa"
110,hammock,phr. bo no akoṅkóṅ! fa to wo atifī; fa soa!
110,hamper,keṅtéṅ
110,hamper,kyeréṅkyé
110,hamper,yi (héntia) mu
110,hamper,tōa
110,hamper,tōat-
110,hamper,yɛ basab-
110,hamper,(fig.) ha(u)
110,hand,nsa
110,hand,"less, a. kúntunsiṅ"
110,hand,mã
110,hand,de..mã
110,hand,yi..mã
110,hand,de..hye nsa
110,hand,"bell, n. nuonnomma; adómma"
110,hand,"cuff, n. àdansá, pã"
110,hand,"to -cuff, v. to adansa, bo..pã"
110,handicraft,ďwuma
110,handicraft,aďwuma
110,handicraft,aďwinni
110,handkerchief,dukú
110,handle,dua
110,handle,nsa
110,handle,asoi
110,handle,(of hoe) sodúrò
110,handle,sókùm
110,handle,F. sobakúrá
110,handle,de nsa kā
110,handle,so mu
110,handle,ye
110,handmaid,abāwa
110,handsome,fe
110,handsome,fefe
110,handsome,(oye) osó
110,handsome,obanimméré
110,handy,nea ɛseṅ nsam
110,handy,nyan-sã woṃ
110,hang,seṅ
110,hang,senseṅ
110,hang,(of time) kye
110,hang,"over, deunnaṅ"
110,hang,dua no ad
110,hang,"down, seṅ"
110,hang,koṅkoṅ (ho)
110,hang,(-a curtain) si mmoho
110,hangman,obrafo
110,happen,ba
110,happen,ba mu
110,happen,befi
110,happen,(befall) ye
110,happen,(impending peril) sīane
110,happiness,ahǒto
110,happiness,ahǒmekã
110,happiness,aboďwo
110,happiness,abotoyam
110,happiness,kǒmapa
110,happy,"to be-, hǒ aďwo or agɔ (no)"
110,happy,hǒ atɔ or atu(no)
110,happy,kã nehǒ
110,happy,asǎṅ or sepe (no)
110,happy,bo or kǒma atɔ..yam
110,harass,ha(u)
110,harass,hǐahǐa or guaṅ..hǒ
110,harass,tane..ani
110,harass,fǎnǎ
110,harassing,oha(u)
110,harassing,anitane
110,harassing,a-hǒguaṅ
110,harassing,pass. ahǒyera
110,harbour,asɔge
110,harbour,hyeṅ gyinabea
110,harbour,ṅkǒmǎṅǒá
110,harbour,v. sɔe
110,harbour,te
110,harbour,trǎ
110,harbour,(fig.) ye hǒho
110,harbour,gye tom
110,hard,deṅ
110,hard,denneṅ
110,hard,kyɛṅkyɛṅ
110,hard,kyɛṅkyereṅ
110,hard,v. deṅ
110,hard,kyɛṅ
110,hard,"remain-, ṅwɛṅ"
110,hard,(cruel) tirim ye deṅ
110,hard,"to do, brb. ye yo-nǎ"
110,hardly,nǎ
110,hardly,kyɛṅkyɛṅkyɛṅ
110,hardly,dennɛnneṅ
110,hardship,amane
110,hardship,oberé
110,hardware,nnadegǔade
110,hardware,ṅǔwiṅnade
110,hardware,"store, ṅṅw.-tɔṅbea"
110,hardy,"to be-, ye nnam"
110,hardy,ani ye deṅ
110,hare,adàṅkó
110,hare,asɔasɔ
110,hare,asɔkɛtɛ
110,harlot,aguamǎṅ
110,harlot,obǎguamǎṅ
110,harm,bɔne
110,harm,aboro
110,harm,dɛm
110,harm,"to seek one's-, ani sǎ obi"
110,harm,pɛ obi bɔne
110,harm,di..aboro
110,harm,ha(u)
110,harm,pira (obi)
110,harm,ye amǔmoye
110,harm,obi bɔne
111,harmattan,opé
111,harmattan,opebere
111,harmonious,kyẽkyẽ
111,harmonious,kã
111,harmonious,fata so
111,harmonium,adakabéṅ
111,harmonise,fata
111,harmonise,yẹ nokoro
111,harmonise,ano ko bẹṅ korom
111,harmonise,mã emfata so n. a.
111,harmony,mfataso
111,harness,opoṅko ahyehyẹde
111,harness,amĩade
111,harness,hyehye opoṅko
111,harpoon,peau a wọde wọ bonsu
111,harrow,feụtem
111,harsh,tirim yẹ deṅ
111,harsh,pōpō..ani
111,harvest,abŭrobu
111,harvest,odetu
111,harvest,a-wĭtwa
111,harvest,tu afum nnuaṅ
111,harvest,nne-ema
111,harvest,twa nnobae
111,harvest,twa aẅi
111,harvest,nũ abe
111,haste,kã..hõ
111,haste,pere hõ
111,haste,yẹ ntem
111,haste,bọ fẅi
111,haste,pàṅkraṅ
111,haste,yẹ nehõ hare
111,haste,tu aperentéṅ
111,haste,mperehõ
111,haste,ntem(yẹ)
111,haste,ofẅim
111,haste,ahõohare
111,hastily,ntem
111,hastily,so
111,hastily,ntemnt-
111,hastily,hyerebahy-
111,hat,ekyẹ
111,hat,ṅkeresiakyẹ
111,hat,bọrokye
111,hatch,sõ(ṅkesua)
111,hatch,hũaṅ
111,hatch,Ak.fẅane
111,hatchet,abọnua
111,hatchet,atẅapo
111,hatchet,akũmá
111,hate,taṅ
111,hate,kyi
111,hatred,nitaṅ
111,hatred,akayo
111,hatter,ekyẹ-yefo
111,hatter,ṅwemfo
111,haughtiness,ahantaṅ
111,haughtiness,bamsẹm
111,haughtiness,ahõkyerẹ
111,haughtiness,adehyesẹm
111,haughtiness,apompé
111,haughty,yẹ ahantaṅ
111,haughty,ahõkyerẹ
111,haughty,ti ahõṅ
111,haughty,toto abamkoṅ
111,haughty,bamkoṅ kasa
111,haughty,soa
111,haughty,"onipa yi, wasoa pī = wayẹ ahantaṅ"
111,haughty,nsoáforo
111,haughty,ọhantanni
111,haul,tẅẹ
111,haul,tẅẹ mu
111,have,wọ
111,have,de
111,have,kita
111,have,kura
111,have,nyã
111,have,fa
111,have,nni
111,haven,hyeṅ-gyinabea
111,hawk,akrõmã
111,hawk,ọsánsá
111,hay,saguaṅé
111,hay,sare a awo
111,hay,ọpoṅkoha
111,hay,nantẅiha
111,hazard,asĩane
111,hazard,asĩane sĩane obi
111,haze,kusukûkû
111,hazy,kùsù
111,he,ono
111,he,o
111,he,w
111,he,nea
111,he,Ak. dea
111,head,eti
111,head,etiri
111,head,atibeṅ
111,head,pae
111,head,atíridií
111,head,abotiri
111,head,ọhene
111,head,omaṅ-
111,head,omaṅpanyiṅ
111,head,kúntunsiṅ
111,head,akọnsiṅ
111,head,pere brb. hõ
111,head,pérepere
111,head,abusũapanyiṅ
111,head,utãso
111,head,otitrãni
111,head,oso asem no ṅhĩna ti
112,heal,sa (yare)
112,heal,mã..hõ ye..deṅ
112,health,ahõodeṅ
112,health,As. ahõye
112,health,pin-tiṅṅye
112,health,akwãhõsãṅ
112,healthy,ohõodeṅfo
112,healthy,otwen-twẽmfó
112,healthy,hõ ye
112,healthy,ye deṅ
112,healthy,bẽṅ
112,healthy,pìrimm
112,healthy,..te apou
112,heap,ekū
112,heap,siu
112,heap,sie
112,heap,pẽmpe
112,heap,bọ kū
112,heap,akuakū
112,heap,họre siu
112,heap,pẽmpe
112,heap,boa ano
112,heap,tĩa
112,hear,te
112,hear,tie
112,hear,tietie
112,hearer,otefo
112,hearer,otiéfó
112,hearer,osẽtiefo
112,hearken,tie
112,hearken,ye or węṅ asõ
112,hearsay,ase-sem
112,hearsay,ate-
112,hearsay,akwãṅso-
112,hearsay,abaṅso-
112,heart,kōma
112,heart,As. koroma
112,heart,Ky. kònonã
112,heart,wẹre (aho)
112,heart,nsonokese (adiditwẽã) mu ya bi
112,heart,nitaṅ
112,hearten,hye deṅ
112,hearten,banìṅhá
112,hearten,ṅkúráṅ
112,hearth,muka
112,hearth,mukyia
112,hearth,bukyia
112,hearth,asãmọrọfi
112,heartily,nea efi kōmam
112,heartily,do mu
112,heartily,yam'
112,heat,ahõhuru
112,heat,ahõohyee
112,heathen,obosonsomni
112,heathen,ohonisomfo
112,heathen,amaṅamaṅmuni
112,heave,mã..so
112,heave,kukuru
112,heave,pagya
112,heave,huru
112,heaven,osoro
112,heaven,Onyamefi
112,heaven,nyameani
112,heaven,wim
112,heaven,onyame
112,heaven,onyaṅkōpọṅ
112,heaviness,duruduruyé
112,heaviness,pèměyé
112,heavy,duru
112,heavy,Ak. du
112,heavy,durud-
112,heavy,pěmě
112,heavy,ye du(ru)
112,heavy,deṅ
112,heavy,wafa afuru
112,Hebrew,Iudani
112,Hebrew,Hebrini
112,Hebrew,Iudafo kasa
112,Hebrew,Hebrifo
112,hedge,baṅ
112,hedge,fábaṅ
112,hedgehog,fiampãkwá
112,hedgehog,apesee
112,hedgehog,sĩadebóa
112,heedless,nea n'asõ nni..so
112,heedless,oye asõ
112,heedless,anibiannàsó
112,heedless,onte aseṃ
112,heedless,onye asõ mmã brb
112,heedlessness,anisòheṅhán
112,heel,nantiṅ
112,heel,n-tini
112,he-goat,opàpó
112,he-goat,abirekyinini
112,heifer,nantwĭforo
112,heifer,bere
112,height,osoroko
112,height,kōrọṅ
112,height,srọṅ
112,height,srọṅsrọmmea
112,height,bepọ
112,heinous,bone kese
112,heinous,atratrasẹm
112,heinous,bọ bere
112,heir,odedifo
112,heir,opégyafo
112,heliograph,oẅia
112,heliograph,afẅefẅẹ
112,heliograph,akyirikyirikyereu
112,hell,asãmaṅ
112,hell,obonsam-kūro
112,hell,amanehunuk-
112,hell,amanehunu-kūrom gya
113,helm,kudō
113,helm,helmet
113,helm,kye akoṅkūroṅkoṅ
113,helm,dadekyɛ
113,helm,akōkye
113,help,boa
113,help,di boa
113,help,gya
113,help,gye
113,help,gyina akyi
113,help,so mu
113,help,ye..abia
113,help,di mmoa
113,help,di nṅoboa
113,help,di hĭafwɛ
113,help,yare
113,helper,oboafo
113,helpless,nea onni boafo
113,helpless,fwɛfo
113,helpless,asɛm or amane bi ato no pompoṅ mu
113,helpless,onnibie
113,helpless,kagyā
113,helpless,wafwɛ ase k
113,hem,bu
113,hem,baṅ
113,helve,duá
113,helve,asoi
113,helve,sodúrò
113,helve,sókum
113,hemisphere,ntwăhōhyiafă
113,hemorrhage,mogyatu
113,hemorrhage,gu
113,hemorrhoids,kōkō
113,hen,akōkɔ
113,hen,uṅ
113,hen,akokobere
113,hen,anōmā biara bere
113,hen-coop,akōkōbū
113,hen-coop,pesū
113,hen-coop,akōkopèsū
113,hence,enti
113,hence,eno nti
113,hence,eyi
113,hence,fi ha
113,hence-forth,efi nne
113,hence-forth,eyi so
113,hence-forth,bere yi ara reko
113,a year-hence,afedáṅ sèsɛ
113,her,ne
113,her,n'
113,her,o
113,herald,eseṅ
113,herald,seneafo
113,herald,obofo
113,herb,ahabaṅ
113,herb,efaṅ
113,herb,wura
113,herd,kū
113,herd,mmoakū
113,here,eha
113,here,ehayi
113,here,ehanom
113,here-about,ehanom
113,here-after,eyi akyi
113,here-after,okyĕna bi
113,here-after,dakyĕ
113,here-after,Ak. dám`ma
113,and there,eha nè ha
113,and there,mmeamea
113,and there,enam or efa or egyina eyi so
113,and there,eyi mu
113,hermetic,nea ebọ hō pétē
113,hermetic,nea atua p
113,hermit,okokoráni
113,hermit,ntwĕhōni
113,hero,okōfoni
113,hero,domarimá
113,hero,osabaríma
113,hero,okatakyi
113,herpes,kóré
113,herring,émmàṅ
113,hers,ne
113,hers,dea
113,herself,ono ara
113,herself,aṅkasa
113,herself,nehō
113,hesitate,gye akyinnye
113,hesitate,twĕtwĕn
113,hesitate,nenaṅ ase
113,hesitate,po dodo
113,hew,twă
113,hew,to or bu
113,hiccough,tekotèkò
113,hiccough,kotèkò
113,hide,hinta
113,hide,kora so
113,hide,sie
113,hide,si(u) so
113,hide-himself,boṅkokorá
113,hide-matters,bore..nsem hyɛ
113,hiding-place,hintabea
113,hiding-place,ahintae
113,hiding-place,ṅkokorám
113,hide,ṅhōma
113,hide,aboa werɛe or kotoku
113,higgle,di abobóbó
113,high,tenteṅ
113,high,sroṅsroṅ
113,high,kōroṅkōroṅ
113,highest pich of s. th.,pómpóú mu
113,highest pich of s. th.,asɛm or oyare ato no pómp. mu
113,on-high,osoro
113,highest degree (of the shining of the sun),awĭa kétē
113,highest degree (of the shining of the sun),kétékete
113,high-v.,kōroṅ
113,highborn,odehye
113,highborn,osanáni
114,highland,mmepɔasase
114,highland,mmepɔso
114,highminded,to be-
114,highminded,mã nehɔ so
114,highminded,yɛ ahantaṅ
114,highminded,apɔmpɔmpé
114,highpriest,ɔsɔfopanyiṅ
114,highpriest,a-sófómp-
114,highwater,epo yiri
114,highway,apɔṅkɔkwaṅ
114,highway,ɔtempoṅ
114,highway,a-
114,highway,akwáṅmùká
114,highwayman,odwɔtwáfo
114,highwayman,a-
114,highwayman,okwaṅmukáfo
114,highwayman,a-
114,hill,bepo
114,hill,m-
114,hill,bepowá
114,hill,kókò
114,hill,pámpá
114,hill,pέmpέ
114,hill,bepo úkyeṅmu
114,hill,aniase
114,hill,aforoē
114,hilt,úkrante or afɔa dua
114,hilt,asoi
114,him,no
114,himself,ɔnoara
114,himself,ɔnoaṅkasa
114,himself,naṅkasa
114,himself,nehɔ
114,hind,nea ewɔ akyiri
114,hind,akyiri-fãm
114,hinder,nserekyiri
114,hindfoot,anaṅkoti
114,kick with-,anaṅk
114,hinder,si..kwaṅ or ano
114,hinder,gye asabaum
114,hinderance,akwaṅ-side
114,hinderance,akwansisɛm
114,hinderance,abëu
114,hinderance,ntɔatɔae
114,hinderance,saredwuma
114,hinge,mpóntɛre
114,hint,bu ani
114,hint,yi apra
114,hint,perep- obi
114,hint,aprayi
114,take the-,de ye (n')asɔ so ade or asɛm
114,give -s,pempe..so
114,hip,atãso
114,hip,dweṅkú
114,hip,dwoṅkú
114,hip,aseṅ
114,hip,mu
114,hip-bone,dwoṅkú mu dompé
114,hippopotamus,susóno
114,hippopotamus,a-
114,hire,bɔ..pã
114,hire,hye (awɔfo)
114,hireling,ɔpãui
114,hireling,a--fo
114,his,ne
114,his,n'
114,his,ne de
114,his,ne dea
114,hiss,hinam
114,hiss,huro
114,hiss,bɔ..tútú
114,history,asɛm
114,history,abakɔsɛm
114,history,abasɛm
114,hit,bɔ
114,hit,sã
114,hitch,so mu
114,hither,eha
114,hither,ehanom
114,hither,ehayi
114,hive,nnowa daṅ
114,hive,kū
114,hive,asafo
114,hoarse,to be-
114,hoarse,eñɛ afã
114,hoarseness,nnéfã
114,hoary,nsɔnsɔ
114,hoary,biri nè fitã afram'
114,hobble,tɔ or hũaṅ dwòṅkú
114,hobble,to apakye
114,hobble,si sí
114,hodge-podge,m-frafrae
114,hodge-podge,afuntumfra
114,hoe,àsó
114,hoe,osósɔ
114,hoe,n-
114,hoe,dɔ
114,hoe,dɔu
114,hog,prako
114,hog,m-
114,hog,boyã
114,hog,mm-
114,hog,batafo
114,hog,a-
114,hog,kokɔté
114,hog,ebee
114,hoist,si (fraṅkã)
114,hold,so mu
114,hold,fua
114,hold,kura
114,hold,kita
114,hold,turu
114,hold,di
114,hold,ahina yi di nsã susukora du
114,hold,sie
114,hold,trã mu
114,hold,gyina-
114,hold,pere hɔ
114,hold,bu
114,hold,susu
114,hold,di so
114,hold,diadiakyiri
114,hold,so mu
114,hold,kura- denneṅ
114,hold,mũa ano
114,hold,gyae kásá
114,hold,mã so
114,hold,kyere
114,hold,bata hɔ
115,hole,tokũru
115,hole,tokuwa
115,hole,tũ
115,hole,amõa
115,hole,amãnã
115,holiday,dapa
115,holiday,nn-
115,holiday,dapoŋna
115,school-,okwańmã-da
115,holiness,ahõtee
115,holiness,kroṅkroŋe
115,hollow,tokũru
115,hollow,oboṅ
115,hollow,amõa
115,hollow,amãnã
115,hollow,hunu
115,hollow,emu da kwań
115,holy,kroṅkroŋ
115,holy,nea (ne) hõ te
115,home,ofi
115,home,ofie
115,home,omań
115,home,kũro
115,home-less,nea onni fie
115,homesick,ani gyina
115,homesick,kisã
115,homesick,te
115,homicide,awudi
115,homicide,owudifo
115,homicide,onipakumfo
115,honest,di nokware
115,honest,tẽe
115,honest,ye onokwafo
115,honesty,nokware
115,honesty,di
115,honey,ewo
115,honey-comb,ewo-kyem
115,honey-moon,ayeforohyia akyi sram a edi kań
115,honour,nidi
115,honour,anuonyam
115,honour,di nĩ
115,honour,hye anuonyam
115,honour,ani so
115,honour,obu no kese
115,honourable,nea wobu no
115,honourable,owo anuonyam
115,honourable,owo anim
115,hoof,tote
115,hoof,ńáusábõṅ
115,hoof,nañase
115,hook,darewa
115,hook,yi
115,hook,twẽ
115,hook,okótokõro
115,hook,darewa
115,hook,adare
115,hooks and eyes,nsõae
115,hooks and eyes,usõamde
115,hoop,dantabań
115,hoop,haṅkare
115,hoop,haṅkra
115,hooping-cough,úkóúkoṅ
115,hooping-cough,ṅkasi no
115,hoot,bóṅ
115,hoot,bo ose
115,hoot,huro
115,hop,huru
115,hop,tra
115,hope,anidaso
115,hope,kwańfwe
115,hope,ani da..so
115,hope,fwe okwań
115,hope,de ani to..so
115,hopeless,to be-
115,hopeless,kõma atu
115,hopeless,a-basam-
115,hopeless,ne home ate(u) no
115,hopeless,wapa aba(u)
115,horizon,wim nè asase ahyiae
115,horn,abeṅ
115,horn,mm-
115,horn,tia
115,horn,abõrgo-beṅ
115,horn,asokobeṅ
115,horn-bill,akyéńkyéñã
115,horn-bill,ońwám
115,horrible,nea eye hũ
115,horrible,wofwe a eñfwe
115,horrify,yi hũ
115,horrify,ahĩ
115,horrify,bo..hũboa
115,horrify,birikyi
115,horror,ehũ
115,horror,ahõdwiri
115,horror,awosẽ
115,horror,ahõnyannyań
115,horror,ayisẽ apini no
115,horror,ne hõnyannyań no
115,horror,wabirikyi
115,horror,úketeńkété akita no
115,horse,opoṅkó
115,horse,maniamfre
115,horse-fly,ohurĩ
115,horse-fly,oteń
115,horse-whip,sikafere
115,hose,owono
115,hose,ntwontwo
115,hose,trõs
115,hospital,ayarefodań (kese)
115,hospitality,ahohoye
115,hospitality,apóntõ
115,host,ohoho
115,host,adamfo
115,host,unamfo(nom)
115,host,ofiwura
115,host,edom
115,hostess,ofi awurã
115,hostess,adamfoã
115,hostile army,edom
115,hostility,osa
115,hostility,akõdi
115,hostility,akayo
116,hostler,opoṅkofwɛfo
116,hot,ohye(u)
116,hot,hyɛuhyɛu
116,hot,hyerehyere
116,hotel,ahohodaṅ
116,hotel,ahohofi
116,hotel,asoɛe
116,hound,ahayo-krámáṅ
116,hour,doṅfwɛre(e)
116,house,ofi
116,house,odaṅ
116,house,abaṅ
116,house,mpóṅ nè mma
116,house,abusũa
116,house,asefo
116,house,obộni
116,house,abộfo
116,house,di abộ
116,house,fifo
116,house,ofiemma
116,house,ofiagya
116,house,ofiwura
116,house,ofiefwɛfo
116,house,ofiefwɛ
116,house,abàwá
116,house,obãsomfo
116,house,ofie nnipa
116,house,odaṅ atifĩ
116,house,abantifĩ
116,house,ofie ne nã
116,house,ofiefwɛfo
116,hovel,pántàntwére
116,hovel,osésɛe
116,how,se
116,how,senea
116,how,deṅ
116,how,seṅ
116,how,edeṅ
116,how,eyee deṅ na..?
116,how,ahẽ
116,how,mmie-hẽ
116,how,seṅ
116,however,de
116,however,nanso
116,however,nso
116,however,mmom
116,however,ṅkántòm
116,howl,pa so
116,howl,keka(u) mu
116,howl,ṅkekamu
116,hubbub,bo bum
116,hubbub,wi
116,hubbub,twi
116,hubbub,kirididi
116,hubbub,ye hō or basab-
116,huddle,bo apótompo
116,huge,kùntaṅ
116,huge,kàntaṅ
116,huge,kokŭrokó
116,huge,wì
116,huge,wurunnum
116,hum,ye hōnyōhōnyō
116,human,onipa fãm
116,human,nea efa onipa or odesãni hō brb
116,humane,to be-
116,humane,yẹ nidó
116,humane,yam
116,humble,onipa bobofó
116,humble,ayemfo
116,humble,dwo
116,humble,bẹrẹ nehō ase
116,humble,bẹrẹ ase
116,humbleness,ahõbẹrease
116,humbleness,odwo
116,humbleness,fam' asetrã
116,humid,fòsō
116,humid,foṅwĩni
116,humid,foṅwũṅ
116,hump,afũ
116,hundred,òha
116,hundred,mfeha
116,hunger,okom
116,hunger,okom de...
116,hunt,yẹ ha
116,hunt,ko ahayo
116,hunt,"ti(u), tã, di akyiri"
116,hunter,obommofo
116,hunter,obòfó
116,hurl,tō
116,hurl,kyene
116,hurl,atãbo
116,hurly-burly,wĩbo
116,hurly-burly,twi-
116,hurly-burly,bum-
116,hurly-burly,hōyẹ
116,hurly-burly,sakasaka
116,hurry,ntempa
116,hurry,mperehō
116,hurry,ofwĩm
116,hurry,apótompo
116,hurry,pẹ ntem
116,hurry,yẹ-
116,hurry,pĩa
116,hurry,kà..usa or naṅ
116,hurry,ho apótompo
116,hurt,bo
116,hurt,bore (kuru)
116,hurt,pira
116,hurt,yẹ ya
116,hurt,see
116,husband,okunu
116,husband,ofiwura
116,husbandman,okuafo
116,husbandry,kua
116,husbandry,kuayẹ
116,husbandry,ado(u)
116,hush,yẹ komm
116,hush,diṅṅ
116,hush,mã obi yẹ komm
116,hush,mónyẹ komm!
116,husk,hono
116,husk,abòṅ
116,husk,abònã
116,hut,oseseẹ
116,hut,bū
116,hut,osaṅ
116,hut,pútu
117,hyen,pataku
117,hyen,okuntumpã
117,hyen,agyaneɛ
117,hyen,ofúi
117,hygiene,hõnamsofwɛ hõ nimdeɛ
117,hygiene,okyerɛ
117,hymn,edwom
117,hymn,ṅṅw-
117,hymn,ayeyidwom
117,hymn,asore mu dwom
117,hymn,"sing -s, to dwom"
117,hyphen,ṅkàbomde hõ sẹnkye-rene
117,hypocrisy,ṅkóntompo
117,hypocrisy,ṅkoṅkoṅsa
117,hypocrisy,nyãtwom
117,hypocrite,nyãtwomni
117,hypocrite,fo
117,hypocrite,okóntomponi
117,hypocrite,oṅkoṅkosáni
117,hypocrite,nea oye nsakyinsayam
117,I,me
117,I,or mi
117,I,"before i, u, fulle, o, gya, nyã, twa"
117,ice,nsukyẽnẽ
117,ice-berg,nsukyẽnẽbepo
117,idea,nsusui
117,idea,adwene
117,identify,kyerɛ
117,identify,kã mã esi so
117,identify,kã bom
117,idiom,kasakõa
117,idiom,kasasu
117,idiomatic,kàsá se okása kõ no su te mã pepẽpe
117,idiot,tiboṅkoso
117,idiot,ototobonéfo
117,idiot,okwasea
117,idiot,ogyimfo
117,idiot,ogyéfó
117,idle,nea oye werehunu
117,idle,aniha
117,idle,akwadwero
117,idle-fellow,oniha
117,idle-fellow,okwadwofo
117,idle-fellow,owerehunu
117,idleness,werehunu
117,idleness,aniha
117,idleness,akwadwero
117,idleness,"phr. eye no wereh, he did it from -"
117,idol,ohòní
117,idol,obosom-honi
117,idol,guhoni
117,idol,obosom
117,idolater,obosonsómni
117,idolater,ohònísòmfó
117,if,se (ebia)
117,if,a
117,if,ka
117,if,to
117,ignite,so gya
117,ignite,pa
117,ignorant,nea onnim brb
117,ignorant,onnimdé
117,ignorant,okwasea
117,ignorant,aboa
117,ill,bone
117,ill,"he is-, oyare"
117,ill,asorokã
117,ill,abo no
117,ill,ònté apo
117,illiberal,"to be-, nsam ye deṅ"
117,illiberal,yam ye ṅwene
117,illiberal,ṅwun
117,illiberal,ye pepee
117,illiberal,bo.kãne
117,illiberal,ayamonwene
117,illiterate,nea onnim ṅhõma
117,illiterate,kwafweabaṅ
117,illiterate,apapàfwékwà
117,illness,oyare
117,illness,n-wá
117,illness,asorokã
117,illtreat,nyãfĩ
117,illtreat,di nyã
117,illtreat,hau
117,illtreat,ye ayisãde
117,illtreat,bo mpõ
117,illtreat,ye pùpóp
117,illtreatment,mpõbo
117,illtreatment,oha(u)
117,illtreatment,anyãdí
117,illtreatment,anyãdimo
117,illuminate,hyereṅ
117,illuminate,soso akanea
117,illuminate,(fig.) kyerɛ nyansã
117,illusion,nnãdã
117,illusion,(self-) ahõdãdã
117,illustration,mfatohõ
117,illustration,ṅkyerɛkyeremu
117,image,mfonini
117,image,nseso
117,image,subaṅ
117,image,(idol) ohoni
117,imagine,dweṅ
117,imagine,susu tirim
117,imbecile,"to be-, hõ nye deṅ"
117,imbecile,ye pósop
117,imbecile,kòsok
117,imbecile,mmere
117,imbue,hye
117,imbue,hye (aduru)
117,imbue,dòṅ
118,imitate,sũa
118,imitate,di akyi
118,imitate,susu
118,imitate,fwe so yɛ bi
118,imitate,sapa
118,imitation,asũasũa
118,imitation,osũaso
118,imitator,osũasũafo
118,imitator,okosũani
118,immature,buṅ
118,immature,akyɛṅkyɛṅ
118,immediate,amonom ho ara
118,immediate,ntɛm
118,immediate,mprempreṅ
118,immediate,sēsē ara
118,immense,nea enni ano
118,immense,ebuṅkam so
118,immerse,bɔ mu
118,immerse,mɛm
118,immigrate,tu kwaṅ
118,immigrate,tu bra
118,immoderate,fũ
118,immoderate,tra so
118,immodest,hareh'
118,immodest,animhareso
118,immodest,anuɡoɛṅ
118,immoral,sàkas
118,immoral,bàsab
118,immoral,ahofwi mu
118,immortal,nea oṅwu
118,immortal,ɛnnyae da
118,immovable,pintiṅ
118,impart,de..mã
118,impart,de..kyɛ
118,impart,dɔm
118,impatient,hɔ ha(u) or nsɛṅ no
118,impatient,hɔ titĩ
118,impatient,hwãnyaṅ or pere no
118,impatience,ebo a woṅto ase
118,impatience,anibu
118,impatience,mperehɔ
118,impatience,hyerebahyerebaye
118,impeach,bɔ ṅkũro
118,impeach,tɔtɔ ano
118,impeach,yi ntɛṅ
118,impeach,gye akyinnye
118,impeach,nũnũ
118,impediment,akwaṅside
118,impediment,akwaṅsisɛm
118,impediment,abɛu
118,impediment,asĩane
118,impel,pĩa
118,impel,pũapũa
118,impel,kã
118,impel,kãnyaṅ
118,impend,brb.(re)ba
118,impend,yɛ aba
118,impend,piṅkyɛ
118,impend,(re)bɛṅ
118,impend,pempeṅ so
118,imperative,nea ohyé or nnisowom'
118,imperative,aporisò
118,imperative,ohyɛkàbea
118,imperfect,utwãmkàbea
118,imperfect,nea ɛnyɛ or eṅwĭe peye
118,imperial,nea ɛyɛ hempoṅ(ṅkɔ)de
118,imperishable,nea ɛnsɛe da
118,impertinent,(yɛ)nea ɛnsɛ
118,impertinent,ɛmfata
118,impertinent,onuɡoɛṅfo
118,impertinent,nea obo dwae
118,impertinence,dwae
118,impertinence,bɔ
118,impertinence,kwàsĭare
118,impertinence,annipapasɛm
118,impious,nea oɱfɛre ade
118,impious,oɱfɛre na oṅsom Nyaṅkõpoṅ
118,implant,tɛu (mu)
118,implement,ade
118,implement,nnade
118,implement,adwĭnnade
118,implement,adwumayɛde
118,implore,koto sɛre
118,implore,pa..kyɛ
118,implore,bɔ mpae
118,impolite,nea oɱpoe
118,impolite,okwatupã
118,impolite,okwapae
118,import,aɡũade a efi amannoṅe
118,import,ag. soakyni
119,important,"to be-, ɛhɔ̃ hĩa"
119,important,-ye nã
119,important,emu ye deṅ
119,importune,huna
119,importune,hunahuna(obi)
119,impose(upon),dãdã
119,impose(upon),sisi
119,impose(upon),gyigye
119,impossible,nea entumi nye
119,impossible,ɛhɔ̃ nni kwaṅ
119,imposture,nnãdã
119,imposture,nsisi
119,impotent,nea oye mmere
119,impotent,yarefo
119,impotent,ahɔ̃merefo
119,impotent,(sexual) kotewui(obsc.)
119,"impoverished, to be-",di hĩa
119,imprecation,mpae
119,imprecation,(curse) nsɛu
119,imprecation,nsee
119,impregnate,wo
119,impregnate,yem
119,impregnate,nyem
119,impregnate,ninseṅ
119,impregnate,fa afuru
119,impress,mĩa(so)
119,impress,(print)tintim
119,imprison,bɔ duam'
119,imprison,(gu) daṅ mu
119,imprison,de..hye afiase
119,imprison,kúkum'
119,improbable,sesɛkwã
119,improbable,ebia
119,improve,kɔ anim
119,improve,kɔ so
119,improve,sakra ye yiye
119,improvement,ṅkɔso
119,improvement,ṅkɔanim
119,imprudent,nea n'ani ntee
119,imprudent,oye atetekwã
119,impudence,anuodeṅ
119,impudence,dwaebɔ
119,impudence,"deeds of-, anuodénne"
119,impudent,nea obɔ(obi so) dwae
119,impudent,ommu ade
119,impudent,omfa brb. nye brb.
119,impudent,"language, atwasetem"
119,impudent,di-
119,impure,nea ɛhɔ nte
119,impure,ɛhɔ wɔ
119,impure,agu fĩ
119,impure,fĩ
119,impure,atadefĩ n. a.
119,imputation,mmotosó
119,imputation,ntwatoso
119,imputation,mfátoso
119,imputation,obumã
119,impute,bɔ to..so
119,impute,bɔ mã
119,impute,wa-bɔ ato me so
119,impute,wabo amã me
119,impute,bu mã
119,in,mu
119,inadvertently,commit s. th.-
119,inadvertently,nsa (ko) paa (no) hɔ
119,inadvertently,nsapamu
119,inasmuch,ne sã nti
119,inasmuch,se ɛte sã nti
119,inattention,asõbiannásó
119,inattention,anibiannaso
119,inattentive,nea ontie
119,inattentive,onye asõ
119,inattentive,oye asõbiannaso
119,inaugurate,mã..ye kroṅkroṅ
119,inaugurate,de opanyiṅ adwuma hye obi nsa
119,inaugurate,fi (sã) adwuma no ase
119,inborn,nea wode awo (bi)
119,inborn,eye woẽ
119,inborn,awosanne
119,incarnation,onipa-ye
119,incarnation,daṅ
119,incendiary,nea oto ofi
119,incendiary,kūro bi mu gya
119,incense,ohũãm a wohye
119,incense,ohyehũãm
119,incident,asɛm (a aba)
119,incident,mfimu
119,incident,mmotɔromu
119,incidentally,nea aṅhye da amma
119,incidentally,efi awora
119,incidentally,boṅno so
119,incise,twa
119,incise,sa
119,incise,sa
119,incise,ye ṅkãmã
119,incise,bota
119,incite,kãnyaṅ
119,incite,hwãnyaṅ
119,incite,yi..tui
119,incite,yempatagyigye
119,incite,ṅkãtipra
119,incite,phr. he -s him to act foolishly
119,incite,ohye no tàkráwògyám'
119,incite,otu n'asõ mã oye bone bi
120,incline,pono
120,incline,kyea
120,incline,kōm
120,incline,kā
120,inclose,fa or de hyem'
120,inclose,kā
120,inclose,sọ ano
120,inclose,kyekye
120,include,twa hō hyia
120,include,twa hō si
120,include,kura
120,income,ne wonyā fi adwumam
120,income,mfaso
120,income,abẹde
120,inconsequent,nea ebọ abira
120,inconsequent,e-nèbrb. ǹnám
120,inconsequent,mfa ha nsi ha
120,inconsistent,n'asem ntoá
120,inconstant,ani ye osorosoro
120,inconstant,ye n'ade sakasaka
120,inconvenient,nea emã hau
120,inconvenient,emfata
120,inconvenient,ense
120,inconvenient,eṅkọ obi so
120,incorrectly,nea mfomso wom
120,incorrectly,eṅkọ tě
120,increase,do
120,increase,mã edo
120,increase,gu or si mu
120,increase,ase tere
120,increase,ase fee
120,increase,do a woado
120,increase,ǹkòsó
120,increase,ntòsó
120,increase,nsim
120,increase,asefee
120,increase,mmagum
120,inculcate,kā gu (obi) asõm
120,indebted,de..ka
120,indebted,mã..ka
120,indecent,nea ense
120,indecent,emfata
120,indeed,ampa
120,indeed,nokware
120,indeed,korā
120,indeed,pi
120,indeed,mmom
120,indemnification,mpatamā
120,indemnification,à-bowi
120,indemnification,àboŵu
120,indemnity,mpatamā
120,independence,ahódé
120,independence,ahònyã
120,independence,ahōgyekõ
120,independent,fa nehō di
120,index,ǹhõma hyehyebea ṅfwe-fwee
120,indian corn,abŭro
120,indicate,kā kyere
120,indicative mood,ṅkasae kābea potě
120,indifferent,ontrã ase ṅfwé
120,indigent,di hĩa
120,indignation,ṅkòmpóno
120,indignation,ahì
120,indignation,a-ŵereho
120,indigo,akase
120,indirect,nea enyẹ ne peṅ so
120,indirect,ensi ne kwaṅ so
120,indirect,enyẹ potě
120,indirect,eṅkọ tě
120,indisposition,asonokã
120,indisposition,asorokã
120,indistinct pronunciation,okása mu kyere
120,indistinct pronunciation,mu nte
120,indistinct pronunciation,mu nná họ
120,individual,obiakõfo
120,individual,obāk
120,induce,kā
120,induce,pĩa
120,induce,tu..asõ
120,indulge,koko
120,indulge,korokoro
120,indulgence,ṅkoko
120,indulgence,akorokoro
120,indulgence,bọne fafiri
120,indulgence,fafiri-ṅhõma
120,indurate,kyeṅ
120,indurate,kyeṅkyeṅ
120,indurate,pirim
120,indurate,ye deṅ
120,industrious,n.nsĭyefo
120,industrious,v.nẽm
120,industrious,ye anẽm
120,industrious,oṅẽm nehõ sē = onyé nehõ sesàsesa
120,industry,adwumaye
120,industry,nsĭye
120,industry,a-nẽmdeyo
120,industry,ofiedwuma
120,inebriation,asàbō
120,inebriation,nsàbō
122,ingratitude,bònníaye
122,ingress,ṅhyeṅmu
122,inhabitant,emu trãfo
122,inhabitant (child),oba
122,inhabitant (child),mma
122,inhabitant (man),onipa
122,inhere,bata hõ
122,inhere,wọ mu
122,inherit,di obi ade
122,inherit,awunnyade
122,inheritance,ade
122,inheritance,awúnnyáde
122,inheritance,agyapádé
122,inheritance,apégyáde
122,inheritance,awúagyàmma
122,inherited sin,awosanne
122,inhuman,lit. uea oṅyẹ onipa
122,inhuman,ne ti ye aboa ti
122,inhuman,ne tirim ye deṅ
122,inhumanity,atirimọdẹṅ
122,inhumanity,atirimọdénsem
122,initiate,fiti ase
122,initiate,kyere brb. de di kaṅ
122,inject,tõ gu mu
122,inject (clyster),sa
122,inject (clyster),bọ bentoa
122,injury,dẹm
122,injury,aboro
122,injury,bone
122,ink,kyereu-aduru
122,ink,adubiri
122,ink-stand,adubiri-toã
122,inlet,ahyeṅẽ
122,inlet,okwaṅ
122,inlet (of house),aboboano
122,inlet (gutter),osukã
122,inmate,nea wo-nè no te fi koro
122,inmate,fifo
122,inn,ahọhofi
122,inn,ahọhodaṅ
122,inner,part
122,inner,emu
122,innocence,bemdi
122,innocence,ahőfi
122,innocence,emufi
122,innocent,to be
122,innocent,dí bem
122,innocent,hő afi
122,innocent,wafi mu tótőrőtő
122,innumerable,huhâ
122,innumerable,nea wontumi ṅkaṅ
122,innumerable,enni ano
122,inquest,emu pēpē
122,inquest,bisab-
122,inquire,bisa
122,inquire,ase
122,inquire,bisab- mu
122,inquire,pē(pē) mu
122,inquire-about (a sickness),tware oyàré sò
122,inquire-about (a sickness),wokotware so fwẹ = wokobisa ade (or funu)
122,inquiry,asẹm mu abisabisa
122,inquiry,mpēpēmu
122,inquiry,ṅf̌wef̌wẹmu
122,inquiry,akọkọhyé
122,inquiry (to institute an),hye hō akotóko (for loss of s.th.)
122,insane,obọdamfo
122,insane,ogyefó
122,insect,aboã
122,insect,abóawa
122,insect,akoekoeboã
122,insensible,to be
122,insensible,nea ṅkãtede abọ no
122,insensible,nea onni adwene
122,insensible (by intoxication),nsã ato(no)atopam
122,insert,de..hye mu
122,inside,emu
122,inside,emu-fãm
122,insight,ṅhũmu
122,insignia (of a Chief),ahenné(e)
122,insignificant,nea ẹhő ṅhĩa
122,insignificant,ketewa
122,insinuate,de..hye asőm
122,insinuate (caution),yi apra
122,insinuate (caution),twa adafĩ
122,insist (upon),gyina so
122,insist (upon),trã mu
122,insist (upon),hye ketẽ
122,insist (upon),pĩa
122,insolence,anuodeṅ
122,insolence,ahupő
122,insolent,fellow
122,insolent,otuntunamfo
122,insolent,ohupőfo
122,insolvable,nea ẹnnãṅ
122,insolvable,ẹnhono
122,inspect,fwẹ
122,inspect,sra
122,inspect,fwẹ so
122,inspection,nsra
122,inspection,fwẹ
122,inspection,sofwẹ
122,inspector,ofwẹfo
122,inspector,osrasrafo
122,inspector,osofwẹfo
122,inspector,esodifo
123,inspiration,nteani
123,inspire,hū gu mu
123,inspire,"tu asu, kǎnyaṅ"
123,install,de dibea hye obi nsa
123,instance,ṅkyerɛe
123,instance,ṅfʷeso
123,instance,ehō ṅky. bi ni
123,instance,ebi ne se
123,instances,ṅkyerekyeerɛe
123,instant,n. anitʷa
123,instant,ad. amonom ho
123,instant,ntem ara
123,instant,sesē-
123,instant,mprempreṅ
123,instead,anaṅmu
123,instigate,pĩa
123,instigate,kǎ
123,instigate,yi..tui
123,instigate,hye nyansǎ
123,instigator,ṅkotʷĕbĕrefo
123,instigator,ofarebae
123,instigator,ofabafo
123,instinct,ṅkǎtede
123,instinct,esu mu ade (a ɛnyɛ obi na okyere)
123,institute,hye..ase
123,institute,hye to ho
123,institute,..de si ho
123,instruct,kyere
123,instruct,ky..ase or mu
123,instruct,kasa ky
123,instruction,okyere
123,instruction,asekyere
123,instrument,ade
123,instrument,adeyɛde
123,instrument,adʷinne
123,instrument,adʷinnade
123,instrument,abeṅ
123,instrument,osaṅkǔ n.a.
123,insult,oyau
123,insult,Ak. oyɛe
123,insult,ahǐyi
123,insult,nsopa
123,insult,atɛnnidi
123,insult,ahohorabó
123,insult,yau
123,insult,Ak. yɛ
123,insult,sopa
123,insult,bo ahohora
123,insult,di(di) atɛm
123,insurrection,manso
123,insurrection,tʷĕ
123,insurrection,osoretia
123,insurrection,atūate
123,intact,kōmm
123,intact,ode ade no bĕree me k
123,intellect,adʷene
123,intellect,nimdeɛ
123,intelligence,asehǔ
123,intelligence,asete
123,intelligence,ṅhǔase
123,intelligence,ntease
123,intelligence,ṅhūmu
123,intelligence,aniteɛ
123,intelligence,nimdeɛ
123,intelligence,adʷempa
123,intelligence,ṅkǎrá
123,intelligencer,seṅkekǎfo
123,intelligent,nim de
123,intelligent,nyansǎ
123,intelligent,hǔ nimdeɛ
123,intelligent,tirim wo adʷene
123,intemperance,potʷǎ
123,intemperance,asǎbō
123,intemperate,nea oye potʷǎ
123,intemperate,sǎdoi
123,intemperate,odidífó
123,intemperate,nea oʷe nsǎ tra so
123,intend,ani sǎ
123,intend,bo tirim (po)
123,intend,tu tirim agyina
123,intend,pe
123,intend,susu
123,intensity,animia or mmoḍeṅbotraso
123,intensity,ahōgdeṅ
123,intensity,tumi-mǔ
123,intent,bo mmoḍeṅ
123,intent,dʷeṅ hō
123,intention,hō adʷene
123,intention,atirimbo
123,intention,ebosi
123,intention,m'ani da so
123,intention,sɛ m'ani da ne no
123,interchange,sesǎ
123,interchange,sakra
123,intercept,(nam ase) gye
123,intercept,ṅhōmasē
123,intercept,tʷare
123,intercept,gye
123,intercept,si brb.kwaṅ
123,intercession,sĕrĕmǎ
123,intercession,odimǎ
123,intercessor,okasagyefo
123,intercessor,osĕrĕmǎfo
123,intercessor,odimǎfo
123,intercourse,ayoṅkōfá
123,intercourse,goru
123,intercourse,tʷakǎdi
123,intercourse,nsawosodi
123,intercourse,ṅfʷébom
123,intercourse,fa
123,intercourse,hǔ (obǎ)
123,intercourse,ko..hō
123,intercourse,hyia
123,interdiction,emōm
123,interest,mfentom
123,interest,nsihō
123,interest,mfaso
123,interest,mfasopɛ
123,interest,hō adʷene
124,interfere,di ntam
124,interfere,de nehɔ fra mu
124,interfere,gyigye mu
124,interior,emu
124,interior,emu-fãm
124,interior,noho
124,interior,kwae mu
124,interior (hinderland),nnoṅkom
124,interior (hinderland),sereem
124,intermeddle,de nehɔ fra obi nsem mu
124,intermeddle,pɛ asem
124,intermeddle (in politics),de..hɔ fra amánsem mu
124,intermeddling,apesemadi
124,intermeddling,opesemàḍifo
124,intermeddling,ahɔgyigye
124,intermeddling,tèrètèye
124,intermediate,ntam
124,intermediate,adantam
124,intermediate,hɔ nè hɔ
124,interment,amúsie
124,interment,amũkora
124,interpellation,asem
124,interpellation,kasa mu bisa
124,interpellation,mu twa
124,interpret,yi
124,interpret,kasa..ano
124,interpret,kyere ase
124,interpreter,anoyifo
124,interpreter,asekyerefo
124,interpreter,okyeãme
124,interpreter,abaṅkyeãme
124,interrogate,bisa
124,interrogate,pɛ mu
124,interrogate,fwe-fwe-
124,interrogative,asemmisa din ṅhyeauaṅmu
124,interrupt,twa kasa
124,interrupt,asɛm mu
124,interrupt,twa mu
124,intersect,twa
124,intersect,pae mu
124,intersect,gua
124,interview,ṅhũanim
124,interview,mmoanim asemmisa
124,interview,asɛntie
124,interview,hye (obi) daṅ ṅkommo
124,interview,asɛm bi so
124,intestate,nea wafim' a waṅhye saman-se
124,intestines,nsono
124,intestines,ayamde
124,intimacy,akãpimafwé
124,intimacy,operefwé
124,intimacy,o-nè no ko nnakãranna
124,intimate,perepere
124,intimate,di..perefwé
124,intimate,di akãpimafwé
124,intimate (phr. they are on-footing),wobo ṅkesua tafo
124,intimidate,yi hũ
124,into,ko
124,into,gu
124,into,mu
124,intoxication,asãbō
124,intoxication (his is gone),nsã ate n'ani so
124,intrench,twa
124,intrench,yi kã
124,intrench,bo pie
124,intrenchment,aperee
124,intrenchment,akõpẽmpẽ
124,intrenchment,pie
124,intrigue,akõntõṅkyésɛm
124,intrigue,di ak
124,introduce,de..kyerɛ
124,introduce,mã wohũ
124,introduce,de..ba
124,introduce,hyeṅ mu
124,introduction,ṅhyeṅmu
124,intrude,de nehõ hunah-..mu
124,intrude,yɛ ahõhyem
124,intrude,ba aniso-hyeso
124,intrude,yɛ obiamfrɛwo (na woba)
124,intrude (upon women by night),tõ mmõnã
124,inundate,yiri
124,inundate,sram so
124,inured (to be-),ka
124,inured (to be-),tim
124,inured (to be-),kokwa
124,inured (phr. adwuma no akokwa no),adwuma no akokwa no
124,invalid,nea wayɛ mmere
124,invalid,o-yare
124,invalid,wasare adwumaye
124,invalid,oyarefo
124,invalid,opirafo
124,invalid,nea wadi dɛm
124,invalid,odi yaresuso
124,invasion,ntua
124,inveigh,yau
124,inveigh,kã..anim
124,inveigh,twi-
124,invent,hũ
124,invent,dweṅ tirim
124,invent (false accusation),twa asɛm to..so
124,invention,ohũ
124,invention,ahũde
124,invention,anyade
124,invention,aborehũde
124,invention,anyansãh-
125,inventor,nea wabɔre ahũ brb.
125,inventor,ade bi farebae
125,inventor,wayɛ mmɛda
125,inventor,mmae da
125,invest,fura
125,invest,hyɛ
125,invest,kã hyɛ mu
125,invest,to..mmati
125,investigate,pɛpɛ mu
125,investigate,fwɛfwɛ
125,investigate,bisab
125,investigate,bɔre
125,investigation,ǹfwɛfwɛmú
125,investigation,apɛpɛmú
125,invite,hyia
125,invite,hyiahy
125,invite,frɛ
125,invoice,akano
125,invoke,tram frɛ
125,invoke,obosom n.a.
125,involve,de brb. hyɛ brb. mu
125,involve,dura hɔ or mu
125,involve,tõa
125,involve,tõat
125,involve,de..fra asɛm mu
125,involve,ode n'amane bɛtõa me kɔn
125,inward,emu
125,inward,emufàm
125,ire,abufu
125,ire,anibere
125,ire,yamgya
125,iron,dade
125,iron,adaba
125,iron,dadekwási
125,iron,dade sɛn
125,iron,adetɔdade
125,iron,tõ..so
125,iron,tõ ade
125,irreconcilable,nea wontumi mpata
125,irreconcilable,enni apatayé
125,irreconcilable,wɔpata
125,irreconcilable,empata or enye yiye
125,irregular,nea ensi só
125,irregular,ennam kwaŋ so pɔtɛ
125,irreligion,akyinnyegye
125,irreligion,anyamesomtoro
125,irritate,pũa
125,irritate,pũap
125,irritate,gyigye
125,irritate,huru bo
125,irritate,kãnyaŋ
125,island,supɔ
125,islet,supɔwá
125,isolate,yi..de..trã bãbi ṅkõ
125,isolate,mã..trã nehõ ase akyiri bãbi
125,isolate,de..kɔ adurum
125,isolate,bae mu
125,isolate,bãbae
125,issue,mfimu
125,issue,nea efi mu
125,issue,aẅiei
125,issue,eso ade
125,issue,aba
125,issue,oba
125,issue,mma
125,issue,asefo
125,issue,fi mu
125,issue,tue
125,issue,pue
125,issue,ẅie
125,issue,yi
125,isthmus,asasesiṅ tẽa a ɛkã nsa-se abieṅ bɔm
125,it,eno
125,it,e
125,it,no
125,itch,yɛ hẽnehẽne
125,itch,keka
125,itch,asẽ
125,itch,ntwõm
125,itch,ɛboro
125,its,ne
125,its,ne de
125,its,ne dea
125,itself,eno ara
125,ivory,asõmmeṅ
125,ivory,asonsẽ
125,Jackal,sakrámaṅ
125,jacket,soro-atade
125,jacket,adurade tiã
125,jag,koe
125,jag,koekoe
125,jag,tĩ
125,jag,bota mu
125,jag,yi nsãmã
125,jag,ṅkoekoe
125,jag,nsãmã
125,jail,afiase
125,jail,nneduadaṅ
125,jail,apokye-refo daṅ
125,jailer,ofiasefwɛfo
125,jailer,apokyerɛfo fw
125,jalousie,ahúnániȧṅkãnsa
125,jam,mĩa
125,jam,fɛ
125,jam,kã..mĩa
125,jam,kã..fɛ
125,Jamestown,Nkraṅ
125,Jamestown,Enyirési
125,jar,pɔre
125,jar,kúrúwa
125,jaundice,animhoa
125,jaundice,osereṅ
125,jaw,ȧbogye
125,jaw,dau
125,jaw,nnyépi
126,jealous,niṅkufo
126,jealous,korafo
126,jealous,twẽ niṅkunu
126,jealous,twẽ kora
126,jealousy,niṅkunutwẽ
126,jealousy,kora
126,jest,goru
126,jest,kã aseresem
126,jest,aseṅkwã
126,jest,di fene
126,jest,aseresem
126,jest,aseṅkwã
126,jest,ṅkwadāsem
126,jest,onokõ
126,jest,twa
126,jewel,obopa
126,jewel,obohene
126,jewel,sikadwĩnne
126,jig,sa
126,jig,sau
126,jig,huru
126,jilt,di obarima bi hō fe
126,jilt,goru hō
126,job,di boṅno
126,job,bo
126,job,twa fam
126,job,boṅnodwuma
126,job,mmofam
126,job,ntwāfam adw.
126,jocosely,agoroso
126,jocosely,aseresemso
126,join,pam
126,join,kã hō
126,join,fata
126,join,patā
126,join,bom
126,join,bo hye
126,join,di ńfwébom
126,join,nsáwoso
126,join,si koso
126,join,di ntòntó
126,join,kã..kua
126,joiner,odwumfo
126,joint,kwā
126,joint,akwā(e)
126,joint,dwoṅku
126,joint,okosofekudwētiri
126,joint,kã..toa
126,joke,jest
126,journey,akwantu
126,journey,akwáṅkò
126,journey,tu kwaṅ
126,journey,nam
126,journey,dom
126,joy,anigye
126,joy,anikā
126,joy,ahomekā
126,joy,kōmapa
126,joy,abotoyam
126,joy,ahurusidi
126,joy,ahōsāṅ
126,joy,ahōsẹpe
126,joyful,ani gye
126,joyful,kã
126,joyful,hō adwō (no)
126,joyful,hō akā or akā ne hō
126,joyful,hō asaṅ or sepe (no)
126,joyful,ato (no)
126,jubilation,anigye
126,jubilation,ahurusi
126,jubilation,hōsepe
126,judge,bu
126,judge,bu ateṅ (nteṅ)
126,judge,di asem
126,judge,bu anāṅāteṅ
126,judge,otemmufo
126,judge,osennifó
126,judgment,atemmu
126,judgment,ateṅ
126,judgment,nteṅ
126,judgment,anāṅāteṅ
126,judgment,ntéṅkye
126,jug,kūrúwa
126,juggle,yi ṅkonyā
126,juggle,ntafoa
126,juice,nnua (bi) mu nsu
126,juice,anẽṅeduhũām
126,juice,atòmpráda
126,jumble,frafra
126,jumble,di afuntumfra
126,jump,huru
126,jump,tëu akrayam
126,junction,aboe
126,junction,suboe
126,junior,nea oyẹ obi akūmā
126,jurist,nea oyẹ or onim mmāra hō ade
126,jurist,mmārakyerefo
126,jurist,nimfo
126,just,sẹ
126,just,tẽe
126,just,ye trẽnẽ
126,just,bu ntẹntrẽnẽ
126,just,di nokware
126,just,tá
126,just,pé
126,just,pépẹ
126,just,senea
126,just,sedea
126,just,sā na
126,just,ara na
126,just,sā nso na
126,just,mprempreṅ ara
126,just,sesẽ
126,just,sā ara
126,just,sā pẹ
126,just,eno ara
126,just,eyiara dōsõ
127,justice,bemdi
127,justice,trẽnẽ
127,justice,ntẹntrẽnẽ
127,justice,atemmu pa
127,justification,bembu
127,justification,bemmu
127,justify,bu bem
127,justify,saṅ ano
127,I have cleared mys. fr. guilt,masaṅ m'ano
127,I have cleared mys. fr. guilt,masaṅ mehõ
127,Kaiser,ohempoṅ
127,Kaiser,pl. a-
127,Kaiser,kaesare
127,keel,hyeṅto
127,keel,hyeṅase nnua or mpuraṅ
127,keen,nnam
127,keen,nnàmnám
127,keen (exact),fefẽfe
127,keen (sagacious),yẹ oniferefo
127,keenness,aboghuru
127,keenness,abufuhye
127,keenness (of hunger),komtraso
127,keenness (of hunger),suk
127,keenness (discrimination),anífere
127,keenness (discrimination),aniteẹ
127,keep,so mu
127,keep,kura
127,keep,sie
127,keep,kora so
127,keep,fẹẹ or di so
127,keep -back,sĩañka
127,keep -back,kame
127,keep -back,si so
127,keep -behind,kaakyiri
127,keep -down,bẹrẹ ase
127,keep -under,bẹrẹ ase
127,keep -down,hye so
127,keep -under,hye so
127,keep -down,di so
127,keep -under,di so
127,he -s things for himself,ne ṅkõ ara pe ne yam
127,keep -off the ants,kõ ṅkráne
127,keep -bad company,bọ feku bone
127,keep (remain),di
127,keepsake,ṅkáe-ade
127,keg,akótowa
127,keg,ọkwádúm
127,keg,atenim
127,kennel,ọkrámaṅ-daṅ
127,kerchief,dúkú
127,kerchief,pl. nn-
127,kernel,aba
127,kernel (palm-),adwẹ
127,kernel (palm-),pl. ṅṅwóá
127,kerosene,(ẹ)fa-ṅṅo
127,kerosene,kěrasin
127,kettle,osẹṅ
127,kettle,dadesẹṅ
127,key,safẹ
127,key,pl. nsafẹwa
127,key,sàfoá
127,kick,si
127,kick,po
127,kick,bọ or tō anaṅkoti
127,kick,tia
127,kid,aberekyiba
127,kidnap,twa dwo
127,kidnap,yi adwo
127,kidney,asãbo
127,kidney,pl. n-
127,kill,kum
127,kill,Ak. kũ
127,kill,di awu
127,kill (poison),tō aduru
127,kill (phr. woato no or woakã no dade = woakum no),woato no or woakã no dade = woakum no
127,kiln,ọfōnōnō
127,kiln,muká
127,kiln,mukyía
127,kiln,ahoẽ
127,kin,-s man
127,kin,-woman
127,kin,onĩ
127,kin,bogya
127,kin,pl. -fo
127,kin,obusũani
127,kin,pl. a--fo
127,kinsfolk,abusũa
127,kinsfolk,-fo
127,kind,baṅ
127,kind,su
127,kind (family character),abusũabaṅ
127,kind (nature),awósú
127,kind,to be-
127,kind,ye
127,kind,yam ye
127,kind,dwo
127,kind,ye nidọ
127,kindergarden,mmọtafoa-sukũ
127,kindle,so
127,kindle,to mu gya
127,kindle,so (gya) ano
127,kindness,papa
127,kindness,ayamye
127,kindrèd,ntoṅ
127,kindrèd,Ak. ntóro
127,kindrèd,abusũabaṅ
127,king,ohene
127,king,pl.a-
127,king,Ak.oheṅ
127,king,pl.a-
127,kingdom,omaṅ
127,kingdom,ahenní
127,kingdom,ahemmaṅ
127,kingship,ahénni
127,kiss,fe..ano
127,kitchen,mukaase
127,kitchen,kukugyaase
127,kitchen,osōdodaṅ
127,kitchen,aduaṅṅõdaṅ
127,kite,osánsa
127,kite,pl. a-
127,kite,akõromá
127,kitten,agyinamoaba
127,knead,poto
127,knead,foto
127,knead,wo(u)
128,knee,naṅkrōma
128,knee,kòtodwé
128,kneel,koto
128,kneel,si naṅkrōma
128,knife,osekaṅ
128,knife,pŏnóntom
128,knife,sépo
128,knife,ṅkránté
128,knife,ṅfwéā
128,knight,odehye-kōfoni
128,knight,diṅ
128,knight,mměraṅ bi a wode bo maṅpanyiṅ
128,knit,ṅwene
128,knob,epo
128,knop,epo
128,knock,si
128,knock,po
128,knock,bo
128,knock,bobo
128,knock,Ak. bo
128,knock,boro
128,knock,pem
128,knock,hintiu
128,knock,sunti
128,knock,bo poṅ akyi
128,knot,epo
128,knot,apoapó
128,knot,si
128,knot,bo po
128,know,hũ
128,know,nim
128,knowledge,ohũ
128,knowledge,nimdee
128,knowledge,nyansãhũ
128,knowledge,asehũ
128,knuckle,epou
128,knuckle,nsaakyi
128,Koran,krãmosom ṅhōma
128,Kwa(h)u,O-kwa(w)u
128,Kwa(h)u,Kodiabe
128,Kwa(h)u,Okwa(w)uni
128,Kyerepong-man,Kyereponni
128,Kyerepong-man,Gũanni
128,Label,amănāde hō kratawá
128,Label,odédékratā
128,labour,dũma
128,labour,adũma
128,labour,ye
128,labour,obere
128,labour,awokõ
128,labour,kõ awo
128,labour,awo (nu) deṅ no or n'awo mu ye deṅ
128,labour,oyéguo
128,labour,adw.yetō
128,labour,ohyedw.
128,labour,ye adwuma
128,labour,di pā
128,labourer,odwumayeni
128,labourer,opāni
128,lace,adeṅwéné
128,lace,mmeṣā
128,lack,ka
128,lack,hĩa (obi) brb.
128,lack,sare
128,lad,abarimâ
128,lad,abofra barima
128,lad,aběrantéwá
128,lad,aběrantekwa
128,lad,akwaṅkwā
128,ladder,antěweri
128,ladder,atěweree
128,ladder,odi antw. no so aforosiãṅ
128,ladle,kwaṅkora
128,ladle,etá
128,ladle,bebetá
128,lady,aborā
128,lady,awurā
128,lagoon,baká
128,lake,otare(e)
128,lake,owóra
128,lake,ekò
128,lake,baká
128,lamb,aguamma
128,lamb,oguan-teũba
128,lame,apàkyé
128,lame,obubuafo
128,lame,osīfo
128,lame,ye apàkyé
128,lameness,apàkyé
128,lament,ṅkommo
128,lament,bo abubū
128,lament,sũ
128,lament,twa (agyā)dwo
128,lament,bo běnã
128,lamentation,ṅkommo
128,lamentation,abubūbo
128,lamp,okanéá
128,lamp,k. nsiso
128,lance,peau
128,lance,peme
128,lance,F. kama
128,lance,wou
128,lance,f̃wiro
128,lance,sa..mu
128,lance,mesa ne pompo mu
128,land,asase
128,land,efam
128,land,omantam-dehyepanyiṅ
128,land,odédé
128,land,odan wura
128,land,ofi
128,land,ofi awurā
130,layer,okãfãm mpa
130,layer,te-dùá
130,brick-layer,obantoni
130,layman,oníhúmani
130,layman,ayèmfó
130,laziness,aniha
130,laziness,akwadwěro
130,laziness,wěrehunu (yẹ)
130,lazy,onihafo
130,lazy,okwadwǒfo
130,lazy,wěrehunu
130,he is lazy,n'ani ahau
130,lead,sumpĩ
130,lead,wósó
130,lead-bar,abodabaṅ
130,lead-pencil,pensere
130,lead,gya
130,lead,kyerẹ kwaṅ
130,lead,di kaṅ
130,lead-anim,de..kọ
130,lead-anim,de..ba
130,lead-anim,gye tãtã
130,lead-anim,gyigye
130,lead (said of road),si
130,leader,okwaṅkyerẹfo
130,leader,opanyiṅ
130,leader,odikaṅfo
130,leaf,ahabaṅ
130,leaf (of palm-trees),bere(u)
130,leaf (of palm-trees),dàhá
130,leafless,to become-
130,leafless,to be-
130,leafless,po
130,league,apãm
130,league,wọwọ apãm = wọapãm
130,leak,ṅwini
130,leak,ṅwuṅ
130,lean,tẽatẽa
130,lean,wó
130,lean,hámah-
130,lean,nyãmõ
130,lean-man,okãṅkrãṅtãṅ
130,"to be, become lean",foṅ
130,leanness,ofoṅ
130,lean,tweri
130,lean,wau
130,leap,hurú
130,leap (with joy),te(u) akrayam
130,learn,sũa
130,learn,tie
130,learned,onyansãfo
130,learned,onim(de)fo
130,learned,nea onim ṅhõmam
130,learner,osũani
130,learner,abàé-fò
130,learner,abẽfó
130,learning,nyansã
130,learning,nimdeẹ
130,lease,awowaside
130,lease,afẹnnẽ
130,lease,(ade bi a wọde fẹm)
130,least,(ne ṅhĩnã mu) akũmã
130,least,ketewã
130,leather,ṅhõma
130,leather,oguaṅhõma
130,leather-nantwi,asoṅ
130,leather-strap of,to strangle s. b.
130,leather-strap of,momporo
130,leave,okwaṅ
130,leave,okwaṅmã
130,leave,okãrakọ
130,to take leave,kãra
130,leave,gyau
130,leave,fi
130,leave,gyae
130,leaven,mmọkau
130,lecher,obaniṅuamãṅ
130,lecture,okaṅ
130,lecture,okyerẹ
130,lecture,okasaky
130,lecturer,odekyerẹfo
130,lecturer,ade bi mu kyerẹkyerẹfo
130,ledger,akõntã-ṅhõma
130,leech,amemim
130,leer,bu anikye
130,lees (of palmwine),nsãpũ
130,lees (of palmwine),epũ
130,lees (of palmwine),asunsoṅpupũ
130,leeward,anafó
130,leeward,afã a mframa bọ kọ họ
130,left,beṅkum
130,left-hander,obeṅkumfo
130,leg,enaṅ
130,leg (Ak.),nane
130,leg,gyáwa
130,leg,gyā
131,legal,lawful
131,legend,anansesɛm
131,legend,ayesɛm
131,legend,tesɛm
131,legend,mpanyinsɛm
131,legend,sikabɔnā so ṅkyereuē
131,legislate,hyɛ mmāra
131,legislate,di
131,legislation,mmārabyɛ
131,legislative council,mmārabyɛfo ṅhyiam
131,legume,asɛ
131,legume,asɛwana
131,legumen,asɛ
131,legumen,asɛwana
131,leisure,adagye
131,lemon,aṅkā
131,lemon,akaṅkā
131,lemon,akeṅkā
131,lemon,dùába
131,lend,fɛm
131,lend,firi
131,lend,bɔ bósea
131,lend,bésea
131,length,tenteṅ
131,length,ntwɛmu
131,length,atwɛmu
131,length,ware
131,length,wa
131,length,kye
131,length,kyere
131,length,onyiṅkye
131,lengthen,twɛ mu
131,lengthen,mã ware
131,lengthen,wa
131,lengthen,kye
131,lent,mmuadabere
131,lentil,asɛduá
131,leopard,osebó
131,leopard,ketebó
131,leopard,etwi
131,leopard,kurótwiámánsā
131,leopard,gyahéne
131,leopard,adámmákwàdwó
131,leopard,okődom
131,leopard,osũádóm
131,leopard,aboafufu
131,leper,okwatani
131,leprosy,kwata
131,leprosy,piti
131,leprosy,fawohōkodi
131,less,kakra
131,less,ketewa
131,less,kũmā a ennu ebi
131,less,obi de so
131,lessen,so hũaṅ
131,lessen,resã
131,lessen,hũaṅso
131,lessen,yi
131,lesson,nea wosũa
131,lesson,adesũade
131,lesson,okyeretie
131,lest,na àmma sɛ ebia
131,lest,anyɛ sã a
131,let,mã
131,let,gya
131,let,mã okwaṅ
131,let,lease fem
131,let,firi
131,letter,omãnãkyerɛu
131,letter,ṅhōma
131,letter,ṅhōma
131,letter,ṅkyereuē
131,letter,ntintimi
131,level,tãso
131,level,tɛso
131,level,mã etã
131,level,ehọ tã
131,level,kã sram so
131,level,nea ehọ or eso tã
131,level,fitã
131,level,monomm
131,level,nsú or mframansɛnía
131,levy,gye tō
131,levy,gye sa
131,lewd,atobe
131,lewd,yɛ or pɛ aniwude
131,lewd,bɔ ahofwi
131,lewd,nnyennyentwi
131,liar,otórofo
131,liar,opasafo
131,liar,otekrɛmãfó
131,liar,okóntomponi
131,libation,ofwie
131,libation,afwiesã
131,liberal,nsam tɛe
131,liberal,yam ye
131,liberal,odɛfo
131,liberal,oyamyefo
131,liberal,abisawonsuàamãnsã
131,liberality,ayamyé
131,liberate,dɛ obi hō kyɛ no
131,liberate,yi
131,liberate,gye
131,liberate,poṅ
131,liberate,gyã
131,liberate,mã okwaṅ
131,liberation,ogye
131,liberation,akōgye
131,liberty,okwaṅ
131,liberty,hō kw
131,liberty,ahōfadi
131,liberty,ehódé
131,liberty,wo hō kwaṅ
131,liberty,ehō kw da hō mã
132,library,ṅhõma abyehyeẽ
132,library,ṅh. sibea
132,license,eḥõkwaṅmã-ṅhõma
132,license,a-kwannyá-ṅh
132,lick,tafo
132,lick,taforo
132,lickerish,anom ye..de
132,lid,mmuasó
132,lid,ṅkatasó
132,lid,kȧṅkȧntiri
132,lie,atóro
132,lie,otoro
132,lie,apasa
132,lie,nnabraba
132,lie,ṅkoṅkoṅsa
132,lie,ohĩatoro
132,lie,di atoro
132,lie,toro
132,lie,boa
132,lie,kã atosem
132,lie,di ntõrofosem
132,lie,da
132,lie,deda
132,lie,gu
132,lie,gugu
132,lie,bea
132,lie,bẽu
132,lie,boa
132,lie,sam
132,lie,butu
132,lie,da fam
132,lie,ho
132,lie,koda
132,lie,bū
132,lie,teu..akum
132,life,ṅkwã
132,life,asetrã
132,life,bãra
132,life,abãrabo
132,life,bu
132,life,amammui
132,life,aṅkobeafo
132,life,ne ti atõ
132,life,asetrã
132,life,ṅkwã nna ṅh
132,lifeless,nea awu
132,lifeless,enni ṅkwã
132,lift,mã so
132,lift,so
132,lift,mã so
132,lift,soso
132,lift,kukuru
132,lift,tàm
132,lift,ko tàm adesoa no bẽra
132,light,hare
132,light,hatah
132,light,fetef
132,light,fẇimfẇ ade ko sõrosõro
132,light,okanea
132,light,hãṅṅ
132,light,hyeṅ or pò só kwaṅkyere kanadaṅ
132,light,so
132,light,kanea
132,light,sékye
132,lighter,kaneasofo
132,lighter,bonte
132,lighter,ahyemma
132,lightning,anyinam
132,lightning,osrãmaṅ
132,lightning,osr. pae
132,lightning,any.si or duru duam
132,lightning,osr. apae asi no so
132,lightminded,onimhárefo
132,lightminded,adẇeṅh
132,lightminded,nea ne ti nsõ no soa
132,lightmindedness,animháre
132,lightmindedness,adẇeṅh
132,like,nea ese
132,like,v. se
132,like,sese
132,like,se pe
132,like,ye pe
132,like,te se
132,like,te se
132,like,senea
132,like,v. se
132,like,pe
132,like,obi asem
132,like,do
132,like,pe
132,like,pene
132,like,ope no
132,liken,fa
132,liken,to hõ
132,liken,se
132,liken,ẇieẇie
132,likeness,nseso
132,likeness,subaṅ
132,likeness,mfonini
132,likewise,sãara
132,likewise,sã bi
132,likewise,bi
132,lily,sukōkō
132,limb,hõnam ade
132,limb,kwã
132,limb,kwae
132,limb,apo
132,limb,mu
132,lime,akado
132,lime,akadobo
132,lime,obo a wohye de ye ak
132,limit,ohye
132,limit,ano
132,limit,aẇiei
132,limit,to topam
132,limit,bo hyebaṅ
132,limit,sisi ahye so nnua
132,limit,bo or to fuhye
132,limit,bo hyé
132,limp,apȧkyé
132,limp,to dẇòṅkú
132,limp,ye or si si
132,limp,nam ṅkoṅtwèk
132,limp,pẽsẽp
133,line,nsaṅe
133,line,nsaṅho
133,line,nsensaṅe
133,line,hãma
133,line,mpasũa
133,line,kyerepeṅ
133,line,saṅ
133,line,sensaṅ
133,line,twa mpasũá
133,line,dura mu
133,line,hõ
133,line,saṅ
133,line,sensaṅ (hãma)
133,lineage,ase
133,lineage,awontoaso
133,linen,abũrokyiri or asãwa ṅwera
133,linger,twentweṅ (naṅ) ase
133,linger,tweṅ
133,linger,gye..da so
133,linger,bọ sọnsọṅkú
133,linger,pokye
133,linguist,ọkasa ahoro hõ nimdefo
133,linguist,ọkyeáme
133,linguist,abaṅkyeáme
133,link,kã
133,link,ṅkọṅsọṅkọṅsọṅ
133,link,ṅkọṅsọṅk. mu kwã
133,lint,ṅwera a woayiyi no asãwa
133,lint,asãwa bọkọb- bi
133,lion,gyatã
133,lion,saremusee
133,lion,ohyéègyá
133,lip,ano
133,lip,anofafa
133,lip,besebese (n’)ano
133,lip,anosom
133,liquefy,hono
133,liquefy,nãṅ
133,liquefy,nane
133,liquid,nea esẽṅ
133,liquid,nsunsude
133,liquor,anõnne a ebọ
133,liquor,mmọsã
133,liquor,mpáhyewa
133,list,diṅfre ṅhõma
133,list,nneema horo diṅ ṅkoreṅkore ṅh.
133,list,ntama-bamma
133,list,bẽñ
133,listen,tie
133,listen,ye asõ
133,listen,wẹṅ-
133,listen,mónye asõ!
133,litigation,asem
133,litigation,apesemadí
133,litigious,nea opẹ asem adi
133,litigious,opẹsemadifo
133,little,ketewa
133,little,kũmã
133,little,kakrá
133,little,kakrá
133,little,kétẹkẹtẹ
133,little,ṅkétẹṅkẹtẹ
133,little,mfetemfetewa
133,little,sũa
133,little,susũa
133,little,ṅkakra-ṅk-
133,liturgy,asọrensem
133,live,trã ase
133,live,te-
133,live,da
133,live,te
133,live,di
133,live,didi (brb.so)
133,live,bọ bãra
133,live,tẅẹ mpãnã
133,live,ẅeẅé
133,livelihood,nea wonyã de trã ase
133,livelihood,asetrãde
133,livelihood,akwaṅ- or akoṅhãmabọde
133,livelihood,adwuma so ade
133,lively,ẅeẅẹ
133,lively,hareh-
133,lively,mãnyãm-
133,lively,kàmk-
133,liver,berẹbó
133,liver,mmerẹbó(ọ)
133,lizard,ọkétéu
133,lizard,ọkétére
133,lizard,ọbóróm
133,lizard,ọdáṅnenã
133,lizard,ntafóntáfó
133,lizard,ọsámànapá
133,lizard,ọbosomakétere
133,lo,fẅẹ!
133,load,adésoa
133,load,nnósoa
133,load,adesoakýéṅẽ
133,load,soa
133,load,kyekye (adesoa)
133,load,"poma (tuo, ọprẹm)"
133,loaf,(abọdọ) osébo
133,loaf,akwàbọ
133,loaf,ọboabọ
133,loaf,bodobodo
133,loan,bósea
133,loan,béséa
133,loan,bọ b.
133,loan,pẹ b.
133,loathe,fono
133,loathe,kyi
133,loathe,..hõ ye..ṅwini or ṅwuṅ
133,loathe,..hõ ye..ahĩ
133,lobby,nnammọṅ-námpãṅ
133,lobby,ntẅironoá
133,lobster,ọkọto
133,lobster,ọbọṅkó
134,lock,apràṭwom
134,lock,opoṅani
134,lock,krádòa
134,lock,tuo ani
134,lock,si apr.
134,lock,mpése
134,lock,mpesemp
134,lock,bo mp
134,lock,mu
134,lock,si(u) ano
134,lock,bram hō
134,lock,ano
134,locomotive,kéteke-afiri
134,locomotive,botohúhu
134,locomotive,ohuruhúró-afiri
134,locust,abebe
134,locust,mm
134,locust,boádábí
134,locust,ntúntumé
134,locust,fwiḍom
134,locust,obiriṅkràṅ
134,locust,otútuàfuru
134,locust,eẅi
134,locust,òpiti
134,locust,okrā
134,locust,otẅẽ
134,lodge,"soẹ (obi, - fi)"
134,lodge,te..
134,lodge,trã..
134,lodging,asoẹe
134,lodging,ahoho trãbea
134,lodging,trãbea
134,lodging,odaṅ
134,lodging,ofi
134,lodging,soẹ(obi)
134,lodging,meye ne hoho
134,lodging,wakósoẹ hoho
134,loft,nsemso
134,loft,daṅ
134,lofty,sroṅsroṅ
134,lofty,kōroṅkōroṅ
134,log,duasiṅ
134,log,nnyansiṅ
134,log-book,nsentitiri anoboá ṅhōma
134,loin,aseṅ
134,loin,dẅoṅkú
134,loin,dánta
134,loin,amōase
134,loin,odeṅã
134,loin,bọ da
134,loin,mō am
134,loin,mō denã
134,loiter,tẅentẅeṅ (naṅ) ase
134,loiter,kye
134,loiter,ye aniha
134,loiter,di or see bere
134,loiter,àkúrodo na oṅam tẅẽ dã
134,loiterer,okwadẅofo
134,loiterer,onihafo
134,lonely,ṅkō
134,lonely,ara
134,lonely,ṅkutō
134,long,ténteṅ
134,long,bánteṅ
134,long,bánsoṅṅ
134,long,ẅũ
134,long,ware
134,long,kye
134,long,arā
134,long,dã
134,long,dāyi
134,long,dabid
134,long,tete (nteredẽ)
134,long,akye
134,long,enyé nne
134,long,as-as
134,long,wore(ye)yi
134,long,ani gyina
134,long,kīsã
134,long,fe
134,long,dō
134,long,wododō woṅ yam sũ
134,longitude,asase ńfẅeso korokorowa a eko ntenteṅ mu
134,longsuffering,boaseto
134,longsuffering,abotoase
134,longsuffering,abodẅokyerẽ
134,look,fẅe
134,look,fẅe hã
134,look,diṅ
134,look,gyeṅ (obi)
134,look,toto ani
134,look,tẅa ani
134,look,tẅa (woṅ) ani
134,look,bu ṅkómpo
134,look,ani
134,look,anítẅá
134,look,fẅe akyiri
134,look,daṅ
134,look,ani
134,look,kye
134,look,fẅefẅe
134,look,tutu ani fẅe or kyere
134,look,ehō or ani te se
134,lookingglass,afẅefẅe
134,lookingglass,afẅede
134,loom,asa
134,loom,asadua
134,loose,hodẅohodẅo
134,loose,ade ahéṅhaṅ (n')ani so
134,loose,yam abo
134,loose,ayambo
134,loose,tu
134,"loose, loosen",sã
134,"loose, loosen",hodẅo
134,loquacious,okasafo
134,loquacious,okŭrokŭrofo
134,loquacious,ano kŭrok
134,loquacious,biréb
134,loquacious,bĕréb
134,lord,owura
134,lord,a-nom
134,lord,awurade
134,Lord's supper,Awurade adidi
134,Lord's supper,poṅ
134,lose,yera
134,lose,tō kyene
134,lose,fi nsa
134,lose,bo
134,lose,tō kwaṅ
134,lose,fō
134,lose,yera
134,lose,hăra
134,lose,yerabasa
134,lose,odẅeṅ
135,loss,oyera
135,loss,Ak. ọhărá
135,loss,ọfwere
135,loss,obọ
135,loss,osee
135,lowness,asebẹre
135,lowness,nea ewọ or eko fam femm
135,low-water,epo atwẹ
135,lubricate,tọrọm
135,lubricate,kokwa or pọ..họ
135,lubricate,ye..họ tọrot-
135,lot,ntọnto
135,lot,osikyi
135,lot,nkạrabea
135,lot,anyạnk ọnẹ
135,lot,ade
135,lot,kyefạ
135,lucifer,ọhạrạnfo 'wuodi
135,luck,siạde
135,luck,anyạnk ọnẹ
135,luck,asiane
135,loud,ad. enẹ kese
135,loud,dennẹ
135,lounger,onihafo
135,lounger,okwadwọfo
135,louse,dwu
135,louse,dwie
135,lucky,"to be-, ye ọsiạdefo"
135,lucky,siạde nipa
135,love,odọ (pa)
135,love,(sexual) opẹ
135,love,"illicit sex.-, mpạnạtwẹ"
135,love,"favour, apede"
135,love,mmạpede
135,love,do
135,love,pe (obi) asem
135,love,(sex.-) pe
135,lovely,nea efi odọ or kọma mu
135,lovely,-emạ obi họ kạ ne họ
135,lukewarm,botụrọbọdwọ
135,lover,odọfo
135,lover,(illicit-) mprạ
135,lover,mpạnạ
135,lump,sin
135,lump,tou
135,lovingkindness,odọ
135,lovingkindness,ayạmyẹ
135,lovingkindness,adoe
135,lunacy,abiribiri
135,lunacy,-twa
135,low,nea abẹre ase
135,low,-aba fam
135,low,-abotọ
135,low,(of voice) betẹ
135,low,famfam
135,low,femm
135,low,nea ẹware
135,low,-atọ mu
135,low,ase de
135,low,fam-
135,lungs,pl. ohụrututu
135,lower,bẹre ase
135,lower,ma ba fam
135,lower,"-a price, teu bo so"
135,lower,"-the voice, si..nnẹ ase"
135,lurk,bu
135,lurk,tẹ
135,lurk,dẹdẹ
135,lowliness,ahọbẹrease
135,lowliness,ayimạfo-or ayemfodeyo
135,lust,..ani bere
135,lust,..kọn dọ
135,lowly,"to be-, bẹre nehọ ase (fẹmm)"
135,lust,anibere
135,lust,akọnnọ
135,lust,(fleshly-) họnam ak.
135,lust,"-of power, nnisopẹ"
135,luxuriously,kyẹ
135,luxury,tạmudi
135,luxury,kyẹyọ
135,luxury,adipọ
135,luxury,adetrasodi or akụnk ụnk anneyọ
135,lying,cf. lie
135,lynch,kum obi nẹ n'anom atẹn
135,lynch,asafofo bu wọn ani gu so or kwati atẹn twẹ obi asọ or kum no
135,Machine,afiri
135,Machine,ade
136,mad,bo dam
136,mad,gyé
136,mad,gyi-mi
136,mad,ani so kã
136,mad,tirim kã
136,madam,awurã
136,madam,enã
136,madam,obãpanyiṅ
136,madam,enowã
136,madman,odámfo
136,madman,obodámfó
136,madman,ogyefó
136,madness,odám
136,madness,adámmó
136,madness,gye
136,magazine,agǔadedaṅ
136,magazine,adekora-
136,magazine,aduaṅkoradaṅ
136,magazine,afiase
136,magician,osumaṅfo
136,magician,ayeṅ
136,magician,obanínyéṅ
136,magician,obayifo
136,magician,ntafoayifo
136,magnet,twébó
136,magnificent,fefẽfe
136,magnificent,anuonyam mu
136,magnificent,wofẽe a enfẽe
136,magnify,hye..anuonyam
136,magnify,mã..so ye..kese
136,mahogany,opópao
136,mahogany,kwabohoro
136,mahogany,abákó
136,maid,abábá
136,maid,abãwa
136,maid,o(bã)basia
136,maidenhood,mmábábère
136,maidservant,abãwa
136,maidservant,osomfobã
136,maidservant,afãnã
136,maimed (person),apàkyé
136,main,titiri
136,main,mũ
136,main,ademũ
136,main,àkóteṅ
136,main-body,adoṅteṅ
136,main-body,doṅkùni-ni
136,main-land,asasepoṅ
136,main-ocean,epòpóṅ
136,main-point,àkóteṅ
136,maintain,so..mu
136,maintain,kura
136,maintain,yèṅ
136,maintain (feed),bo akwaṅ- or akoṅhãma
136,maize,abǔro
136,maize (of the last year),kùkuradabi
136,maize (of the present season),popōroku
136,maize-blossom,m-
136,maize-stalk,mm-
136,maize-bread,pesee
136,maize-bread,dòkóno
136,maize-bread,abodō
136,maize-ear,hǔaṅ or sunsǔane mmetem
136,maize-to reap,bu ab.
136,maize-to reap,hǔaṅ or sunsǔane mmetem
136,maize-to reap,fe(u) or tutu ab.
136,maize-to reap,bo saṅkũ
136,majesty,ohempoṅ mmèraṅ
136,majesty,dibea titiri
136,majesty,Otumfoq
136,make,ye
136,make,bo
136,make,pam
136,make,ṅwene
136,make-a law,hye mmāra
136,make-king,si (hene)
136,make-king,si agua so
136,maker,oyefo
136,maker,odeyefo
136,maker (of God),Obóadée
136,malaria,atiridī asraṅ or -barima
136,male,obarima
136,male,obaniṅ
136,male (of animals),onini
136,malefactor,odeboneyefo
136,malice,bonepe
136,malice,nitaṅ
136,malice,akayo
136,malt,atéi
136,maltreat,nyãfĩ
136,maltreat,sofi
136,maltreat,di..nyã
136,mama,awo
136,mammon,ahõyãde
136,man,onipa
136,man,obàrímá
136,man,oni
136,man,oba
136,man,ode-sãni
136,manacle,adansá
136,manage,ye
136,manage,di or fwe so (ye)
136,manage,kyereky. kwaṅ
136,management,esofwe
136,management,uniso
136,manager,esofwefo
136,manager,esodifo
136,manager (of school),asũae so panyiṅ or fwefo
138,marrow,ohoṅ
138,marrow,dompé mu hoṅ
138,marrow,tirim h.
138,marry,ware
138,marry,wa
138,marry,ware yere or bā
138,marry,hyia oyere
138,marsh,aṭekye
138,marsh,dotoyaṅ
138,marsh,asase fòsō
138,marshy,ṭàkā
138,marshy,takataka
138,martial,nea efa osa or akōdi hō
138,martyr,mogyadansefo
138,marvel,aṅwōṅwāde
138,marvel,ṅkonyā
138,marvel,ntafoayi
138,masculine,nea eye onini or barima
138,mash,si(u)
138,mash,pete
138,mash,poto
138,mash,fra
138,mask,cf. disguise
138,mask,hye krākrābotobi
138,mason,obantoni
138,mason,abantofo adwuma
138,mason,abanto
138,mass,kū
138,mass,tou
138,mass,confused-
138,mass,afuntumfra
138,mass,(ecclest.) katolikefo asoreyebea bi
138,massive,nea edi mū
138,massive,esi ho pìm
138,massive,eye pémẽ
138,mast (of ship),hyeṅdua
138,master,owura
138,master,owira
138,master,awurade
138,master,opanyiṅ
138,master (owner),odede
138,master (of a slave),akoa (afãnā) wura
138,mastership,owuraye
138,mastership,opanyiṅni
138,mastership,dũmadi mu nyansā
138,masticate,we
138,masticate,wesá
138,masticate,wosá
138,mat,kete
138,mat (kinds),ntómma
138,mat (kinds),mpā
138,mat (kinds),apā
138,mat (kinds),boadekãnā
138,mat (roll up the-),bobo kete
138,mat,bo or ṅwene kete
138,mat,akeṭeṅw
138,match (marriage),aware
138,match (fire),abūrogya
138,mate,oyoṅkō
138,mate,oboafo
138,mate,tipeṅ
138,mate (ship's-),hyeṅ mu adiakyiri
138,material,"nneema a wode ye adwuma biara (se dote, dade, tām n. a.)"
138,maternity,eṅā-ye
138,maternity,eṅā-do
138,mathematics,ade anobu or susu
138,mathematics,ṅkōntā hō nimdee
138,matrice,awotwẽā
138,matrimony,aware
138,matron,aberewa
138,matter,ade
138,matter,asem
138,matter (pus),kurumu nsu
138,matter (pus),mogyasufenẽ
138,matter (it does' nt-),enye brb
138,matter (it is no- of import),eṅhĩa
138,matter (previously arranged-),adiasie
138,mattock,aso
138,mattock,ososo
138,mattock,fatudade
138,mattress,matras
138,mattress,būrofo-kete
138,mattress,pikyi
138,mattress (straw-),kyēakyẽa
138,mature,wie nyiṅ
138,mature,bere
138,mature,du mu
138,mature,du ne peye mu
138,maturity,onyiṅwie
138,maw,(aboa) furu
138,may,wo hō kwaṅ
138,may,tumi
138,mayor,omaṅpanyiṅ
138,mayor,odekūro
138,mayor,omaṅhene
138,maze,afōmfōmkwaṅ
138,me,me
139,meadow,sare(asase)
139,meadow,tẹsare
139,meager,téatẽa
139,meager,hấmahãma
139,meager,wó
139,meager,foṅ
139,meal,osĩam
139,meal,asikẽresĩam
139,meal,aẅi
139,meal,kyekyere
139,meal (food),aduaṅ
139,meal (food),adidi
139,mean,nea abu so
139,mean,ẹmfra
139,mean,huhu(o)
139,mean,konnúroku
139,mean (time),ntam
139,mean (time),nsẹm yi gyina mu no
139,mean (time),ansã
139,mean (time),ẹno ansã
139,mean (time),ẹbere yim'
139,"mean, means",ade
139,"mean, means",adẅinne
139,"mean, means",adeyẹde
139,by all means,ẹdáṅ or ényẹ dẹṅ ara a
139,by all means,(se)áyẹre só a = emu ayẹ dẹṅ a
139,with negation: by no means,áyẹre só na wontumi ṅko a
139,with negation: by no means,wokã no bàbi na ẹmma a
139,with negation: by no means,mã obi 'ṅko
139,I cannot do it by any means,mekã no bàbi ẹmma
139,meaning,tirim(asẹm)
139,meaning,ase
139,meaning,aseẹ
139,meaning (phrase),ase bẹko sa
139,meaning (phrase),menté bẹ no ase
139,meaning (phrase),sẹ aseẹ bẹkoro ne no
139,measles,ntobũro
139,measure,susu
139,measure,hãma
139,measure,tẅa (kora mã)
139,measure (noun),asusude
139,measure (noun),susudua
139,measure (noun),hãma
139,measure (noun),kora
139,measure (noun),tẅakora
139,measure (noun),tẅáhiná
139,measure (thought),nsusui
139,way of measuring,susubea
139,measurement,hãmató
139,measurement,osusu
139,measurement (fig.),nsusui
139,meat,enãm
139,meat,aduaṅ
139,meat,atomdee
139,dried meat,naṅhoẽ
139,sweet-meat,nno-konnokowade
139,meat-stew,fọrọfọrọ
139,meddle (with),de nehọ fra mu or gyigye mu
139,meddle (with),pẹ asẹm
139,meddler,oṅhọgyigyemfo
139,meddler,osempefo
139,meddler,tereterefo
139,mediate,pata
139,mediate,si..ntam
139,mediator,opatafo
139,mediator,ntamgyinafo
139,mediator,okasagyefo
139,medical art,aduruyẹ
139,medical art,oyaresa hō nimdeẹ
139,medical man,oduruyẹfo
139,medical man,osúmanni
139,medical man,osũṅwãni
139,"medicament, medicine",aduru
139,"medicament, medicine",odúdó
139,meditate,susu so or hō (yẹ)
139,meditate,dẅeṅ asẹm
139,meditate,da dẅeṅ
139,meditate,di..tirím
139,meditate,tare akyiri
139,meditation,oda-dẅene
139,meditation,susu
139,meditation,nsusuhō
139,meditation,ṅṅẅeṅhō
139,meek,dẅo
139,meek,ani dẅo
139,meek,ani kã ase or yẹ mmere
139,meek (opp.),ani abere
139,meekness,odẅo
139,meekness,mmere
139,meekness,yẹ
139,meet,hyia
139,meet (overtake),to
139,meet (assemble),hyia mu
139,meet (join),kũa ano
139,meet (join),ano hyia
139,going to meet,akwaṅ hyiá
139,meet a claim,di
139,meet a claim,edi sa
139,meet a claim,sẹ edi ara ne no
139,meet face to face,bọ anim
139,meet face to face,di mmoanim
139,meeting,ṅhyia
139,meeting,ṅhyiamu
139,meeting-place,ahyiae
139,melange,mfrafrae
139,mellow,fùrufuru
139,mellow,fam họ ayẹ f
139,melody,dẅontobea
139,melon,fere
139,melon,ánòwátẹre
139,melon-tree,bũroferedua
139,melt,hono
139,melt (by fire),nãṅ
139,melt (by fire),nãue
141,might,ahɔɔden
141,might,tumi
141,mighty,ɔhɔɔdenfo
141,mighty,otumfo
141,mighty,nea odi tumi or owo ano oman mu
141,migrate,tu ko
141,migrate,tu kwan
141,mild,ammere
141,mild,bereo
141,mild,komm
141,mild,to be- dwo
141,mild,koma ho dwo
141,mild,ani dwo
141,mild,yam ye
141,mild-person,onipa a oye mmere
141,mild-person,odwo
141,mild-person,oyamyefo
141,mildew,ntu
141,mildew,afifide or ntade so ntu
141,mildness,anidwo
141,mildness,ayamye
141,military,nea efa doŋkoe ne asrafo ho brb
141,military,akofofo
141,military,edom
141,milk,nufusu
141,milk-maid,abawa nufukyifo
141,milk,kyi nufu
141,mill,ayame
141,mill,awiyame
141,mill-stone,wiyammo
141,mill-stone,wiyammoba
141,miller,owiyamfo
141,millenium,mfe apem (ahenni)
141,million,opepem
141,mimic,cf. imitate
141,mimic,asuasua
141,mince,twitwa nkete-nkete or mehemehe
141,mince,nyaku-ny-
141,mind,ti
141,mind,tirim
141,mind,adwene
141,mind,koma
141,mind,bo
141,mind,were
141,enter into one's mind,si ani so
141,mind,de si or to tirim
141,to bear in mind,kae
141,to bear in mind,ani wo so
141,to bear in mind,dwen ho
141,to bear in mind,fwe yiye
141,he does'nt mind it,opra u'aso akyi
141,he bears in mind,ode ye n'aso so ade or asem
141,never mind,enye brb
141,mindful,ani ka or ku ho
141,mindful,nea okae
141,mindful,odwen ho
141,mindful,n'ani wo so
141,mindful,ofwe kyea
141,mine,me
141,mine,me de
141,mine,me dea
141,it is not mine,enye mede
141,it is not mine,enni wo me
141,mine,"(sika, gyabiru) amoa"
141,mine,amana
141,mine,nkoroŋ
141,mine,nkonoŋ
141,miner,nkoroŋtufo
141,mineral,fagude
141,mineral,nea efa abo ho
141,mingle,de fra
141,mingle,fra mu
141,to be mingled with,fra mu
141,nsu fra ŋŋo mu,nsu fra ŋŋo mu
141,mining,nkoroŋdwuma
141,minister,osafofwefo
141,minister,osofo
141,minister,akrayeŋfo
141,minister,anyamesem ho somfo
141,minister,omausofwe mu somfopanyin
141,mint,nea wogu mia sikamono ho
141,mint,sikagubea
141,minuend,akonta mu nyifimude
141,minuend,mfimfo
141,minute,simma
141,minute-papers,nsemma-nkyerene
141,minute-papers,nhoma
141,miracle,anwonwade
141,miracle,nkonya
141,miracle,ahodwiride
141,miracle,tumide
141,miracle,ntafoayi
141,mirage,kumafrote
141,mire,atekyé
141,mire,dontori
141,mire,dotoyan
141,mirror,afwefwe
141,mirth,agoru
141,mirth,anigye
141,mirth,aseresem
141,mirth,aseŋkwa
141,miry,poto
141,miscarry,nye yiye
141,miscarry,tere ho
141,miscarry-abort,poŋ
141,miscarriage,obarabone
141,miscarriage,barakye
141,miscarriage-abort,opoŋ
142,mischief,mmusu
142,mischief,bone
142,mischief,amumoye
142,"mischievous, a. to be-",bọ mmusu
142,"mischievous, a. to be-",di..aboro
142,"mischievous, a. to be-","person, obusufo"
142,"mischievous, a. to be-",obófó
142,"mischievous, a. to be-",omumoyefo
142,miser,ọpẹpẹfo
142,miser,ọkyěkyěfo
142,miser,ọyamọnwenefo
142,"miserable, a. to be-",yẹ mmọbọ
142,misery,amane
142,misery,hunu
142,misery,ade a eyẹ mmọbọ
142,misery,ahǒhĩa
142,misformed person,omúmó
142,misfortune,asǐane
142,misfortune,mmusu
142,misfortune,abëu
142,misfortune,abu
142,misfortune,amane
142,misgiving,akyinnyegye
142,misgiving,abotu
142,misguide,kyere..kwammọne
142,misguide,dādā obi
142,mishap,asǐane
142,mishap,amane
142,mishappen,sǐane
142,mishappen,brb. ayẹ no
142,mislay,fọm tobé
142,miss,abábá
142,miss,owurabā
142,"miss, v. sǐane or tere hǒ",go beyond
142,"miss, v. sǐane or tere hǒ","a step, watiri"
142,"miss, v. sǐane or tere hǒ",fọm
142,"miss, v. sǐane or tere hǒ","way, yera"
142,"miss, v. sǐane or tere hǒ",hāra
142,"miss, v. sǐane or tere hǒ","the gun misses fire, otuo pa"
142,misshape,di adwǐmpori
142,misshape,yẹ brb. mūmó mu
142,mission,asẹmpamuterẹ
142,mission,ọsomasafomū
142,mission,"committee, asẹmp. ti kẹse"
142,mission,"foreign-, bābifo mu asẹmpaterẹ"
142,mission,"society, asẹmp. feku"
142,mission,"station, abọfotrǎbea"
142,missionary,ọbófó
142,missionary,"work, asẹmpaterẹ-adwuma"
142,missionary,"worker, asẹmp. dǔumayefo"
142,mist,kusukûkû
142,mist,omunuṅkum
142,mistake,ọfọm
142,mistake,mfọmso
142,mistake,"by-, nsapamu"
142,mistake,v. fọm..so
142,mistress,awurá
142,mistress,abọrá
142,mistress,abọrọwá
142,mistress,ọdefi
142,mistress,"of a slave, akoa (afǎnā) awurá"
142,mistrustful,nea wọnhũ ne tirim
142,mistrustful,kura..hǒ anibone
142,mite,niwa
142,mite,adeketewǎ
142,mix,fra
142,mix,kǎ..hǒ
142,mix,framu
142,mix,"fig. they are mixed up, wodi afuntumfra"
142,mix,afrafra
142,mix,wọafrafra mu
142,mixture,mfrafrae
142,mixture,obidàrebi
142,mixture,afraduru
142,moan,di..ṅkọmmọ
142,moan,sū
142,moan,gyam
142,moan,wěre hǒ
142,mob,ṅkwafwěabǎ
142,mob,ṅkwasampafo
142,mob,mansǒtwěfo
142,mobilisation,adọn-yẹ
142,mobilise,yẹ dọm
142,mobilise,nǒa sa
142,mock,sere
142,mock,di hǒ fe
142,mock,goru hǒ
142,mock,yi ahǐ
142,mock,si atwětwě
142,mocker,ọfedifo
142,mocker,ohǐyifo
142,mocker,otwětwěfó
142,mockery,ahǐyi
142,mockery,fedi
142,mockery,atwětwěsi
142,model,ṅfwẹso
142,model,nsususo
142,moderate,adantam
142,moderate,ẹhọ nè họ
142,moderate,v.tǎ..bo yẹ brb.
142,moderate,yẹ brb.
142,moderate,wọano-wọano
142,moderate,ani(so) da họ
142,moderate,"the price, susu ani gye..kakra"
142,moderation,anidahọ
142,moderation,wọ-ano wọ-ano
142,moderation,kwaṅso-kwaṅso
142,modern,nea abaso
142,modern,abesi so
142,modern,abegyina so
143,modest,ani da ho
143,modest,kã fam
143,modest,ase
143,modest (tongue),tɛkrɛmãbere
143,modest (oye),oye
143,modest (in manner),ayemfom
143,Mohammedan,krãmo
143,Mohammedan,krãmoni
143,Mohammedan (pl.),n--fo
143,Mohammedan (tabo),taboṅi
143,Mohammedan (pl.),-fo
143,moist,fɔsɔ
143,moist,fɔsɔfɔsɔ
143,moist,fɔfɔ
143,moisten,fo(u)
143,moisture,hũãsu
143,moisture,fẅãsúo
143,mole (on skin),sãmannya
143,mole (a boa bi a ghore sie),afẅéa
143,mole (a boa bi a ghore sie),afẅeã
143,moment,anitẅa
143,moment,ahuntẅam
143,moment,aniwabu
143,moment (this),sesẽara
143,monarch,ohene
143,monarch (pl.),ohenemũ
143,monarch,ohempóporo
143,monarch,opumpuni
143,monarchy,ahenní
143,monarchy,ahemmaṅ
143,monastery,ṅkokorafi
143,monastery (monastic order),ṅkokora feku
143,Monday,Dẅoda
143,Monday (male person born on),Kwàdẅó
143,Monday (by-name),Okótó
143,Monday (female),Adẅoa
143,money,sika
143,money,dẅetɛ
143,money,ntrama
143,moneyless,ohĩani
143,moneyless,nea ne nsam
143,moneyless,ohũ fam da
143,monitor,ofotufo
143,monitor (pl.),a
143,monitor,kosũakyereyerefo
143,monk,okokorani
143,monk (pl.),ṅ--fo
143,monkey,akyeneboa
143,monogamy,oyekoroaware
143,monologue,obãkõfo
143,monologue,aṅkõnam
143,monotony,adekoroye
143,monster,obopoṅ
143,monstrous,ẅĩ
143,monstrous,kese
143,monstrous,esõ kokũrõ
143,month,osram
143,month (pl.),a
143,month (ly wages),asranne
143,mood,kasabea
143,mood,nsusub-
143,mood,ṅkasae nsakrae
143,moon,osram
143,moon,osẽrane
143,moon,hyeṅ
143,moon,obosom
143,moon (pl.),a
143,moon (light),osram hãṅh
143,moon (travel by),(wo)nam osram so
143,moon (is full),os. atẅa puru
143,moor,obibini
143,moor (pl.),a--fo
143,moor (marsh),atekyɛ
143,moor (marsh),asase fòsò
143,moral,ẅie-
143,moral,yesuo
143,moral,obãrá
143,morass,atekyɛ
143,morass,dontori
143,morass,dotoyaṅ
143,more (than),kyeṅ
143,more (than),seù
143,more (than),boro
143,more (than),tra
143,more (so),so
143,more (it is more than enough),eboro so korã
143,moreover,nanso
143,moreover,bio
143,moreover,saṅkyiri
143,moreover,bio
143,morning,anopa
143,morning,adekyẽ
143,morning (dew),anopa obosu
143,morning (dew),mmosuwa
143,morning (dew),hũãsu
143,morning (light),adekyẽ
143,morning (hemã),hemã
143,morning (star),kõsoroma
143,morning (star),owúòdi
143,morning (sleep),ṅhemãda
143,morrow,okyẽna
143,morrow,okana
143,morrow (to-morning),okyẽna anopa(tutu)
143,morrow (to-morning),adé kyẽ a
143,morrow (to-about this time),okyẽna sesebere
143,morsel,tromã
143,morsel,at
143,morsel,kakrã bi
143,morsel,siṅ
143,morsel,buprekõ
143,morsel,tepr
143,morsel,tẅapr
143,morsel (dainty-s),mfremfremade
143,morsel (dainty-s),adokodókode
143,mortality,owu
143,mortality,awupũ
143,mortar,owaduru
143,mortar,odaásé
143,mortgage,si (ka ano) awowa
143,mosaic work,nsçuẽ
144,moslem,krãmo
144,moslem,kr.-oni
144,mosquito,ntõntõm
144,moss,obo-so-ṅhwĩ
144,moss,dua hō ṅh
144,most,pĩ no ara
144,most,dodo ara gyẽṅn
144,most,dōsō
144,most,kyeṅ ne ṅhĩnã
144,moth,ṅwewee
144,moth,abubummabã
144,mother,eṅã
144,mother,awo
144,mother,obãtaṅ
144,mother,obeataṅ
144,mother,aberewá
144,mother,osëu
144,mother,okunu nã
144,mother,oyere nã
144,motion,ahōkekã
144,motion,ṅkoso
144,motionless,nea eṅkã ne hō
144,motionless,esi ho diṅn
144,mould,asasehono
144,mould,aṅwemmó
144,mould,ntū
144,mould,ṅwene
144,mould,gu
144,mould,gye ntū
144,moult,anōma ntakära kū
144,mount,foro
144,mount,trã
144,"mount, mountain",bepɔ
144,mountain-cabbage,kube
144,mountaineer,bepɔsofo
144,mourn,sū
144,mourn,gyam
144,mourn,ye..ayi
144,mourn,di ṅkommo
144,mourn,were ho
144,mouse,akurá
144,mouse,aboto-kura
144,mouse-hole,akuratū
144,mouse-hole,tokuru
144,mouth,ano
144,mouth,anom
144,mouth-ful,afonomã
144,mouth-ful,atrɔmã
144,mouth-ful,afompo
144,mouth-large,ye onopɔṅhunu
144,mouth-pale from hunger,n'ano ahoa
144,move,kã
144,move,kekã
144,move,twi
144,move,ťwu
144,move,hĩm
144,move,popo
144,move,poso
144,move-a canoe,hare koro
144,move-in a circle,di atwasi
144,move-on,twi kɔ anim
144,move-on,duom
144,move-to and fro,woso
144,move-to and fro,poso
144,move-to and fro,hiṅhĩm
144,move-to and fro,gyigya
144,move-to and fro,di akɔ-nè-aba
144,move-to and fro,akrosimado
144,movement,ahōkekã
144,mow,ťwa
144,mow,tu sare
144,mow,do
144,much,bèbèrē
144,much,bebèrebé
144,much,pĩ
144,much,papa
144,much,pãm
144,much,dodo
144,much,praṅn
144,much-to be,do
144,much-to be,sõ
144,much-to be,dōsō
144,much-as,as
144,much-as,nea
144,much-as,senea
144,much-how,ahẽ
144,much-how,seṅ
144,much-very,bebèrebé
144,much-very,sẽ
144,much-very,se brb
144,much-less,ṅkãntom
144,mud,ḍote
144,mud,ṅnotee
144,mud,efa potopoto
144,mud,ḍontori
144,mud,aṭekye
144,mud-wall,fabaṅ
144,mud-to build a,to fá
144,mud,ḍontori mu
144,mud,ḍote bɔ gu
144,mud,obi so
144,mud-caus,de..foro ḍote
144,mud-caus,de..ye fĩ
144,mud-rub with,kwa
144,mud-rub with,kokwa
144,mug,kűrúwa
144,muggy,moist
144,muggy,damp
144,mulatto,omuratoni
144,mulct,akasadi
144,mulct,sikagye
144,mulct,di..kasa
144,mulct,gye..sika
144,mule,afűrumpoṅko
144,mule,opoṅko afűrumn
144,multiped,ofɔ̃nóm
144,multiped,asasewo
144,multiped,sakas
144,multiplicand,nea woye no ahoro
144,multiplication,ahoroye
144,multiplication-table,ahoroyepoṅ
144,multiplier,ahoroyefo
144,multiplier,nea wode ye ahoro
144,multiply,dɔ
144,multiply,mã edo
144,multiply,edōsō
144,multiply,ye ahoro
144,multiply-words,toa nseṅténteṅ
145,multitude,dodo
145,multitude,nnipaku
145,multitude,asafo wũ
145,multitude,ṅkŭrofoku
145,munition,akõde
145,munition,asade
145,murder,awudi
145,murder,kum
145,murderer,owudifo
145,murk,darkness
145,murky,dark
145,murmur,kasa huhŭhuhŭ
145,murmur,ṅwĩṅwĩ
145,murmurer,oṅwĩṅwĩfo
145,murmurer,nsŭhõfo
145,murmurer,nsŭyamfo
145,murmurer,hŭhŭh-yefo
145,muse,adwěnem' agyinatu
145,muse,susu
145,muse,dwěṅ
145,muse,dwěne
145,muse,bọ tirim
145,muser,nea odwěne or osusu mã ẹko mu
145,muser,n'ani ato dwěṅ
145,mushroom,mmerẹ
145,mushroom,mmere
145,mushroom,ṅkánṅkŏm
145,music,ṅṅwom
145,music,mmeṅ
145,music,ntente-beṅ
145,music,ntorobéntò n. a. emu biara to or hyeṅ na wofre no music
145,musician,nea onim ṅṅwonto
145,musician,mmeṅhyeṅ n. a.
145,musket,otúo
145,musket,akwadámma
145,musket-ball,abóba
145,musket-ball,adarebo
145,musket-ball,korabo
145,muslin,ṅwěra or kuntŭtãm mehěmehě
145,must,etwa..se..
145,must,ehĩa..se..
145,mute,mum
145,mute-person,omum
145,mute-person,emumu
145,mutilation,nea woatwa so
145,mutilation,sotwa
145,mutineer,asrafo or ahyeṅmufo otŭatefo
145,mutineer,mansŏtwěfo
145,mutiny,atŭateẹ
145,mutiny,mansŏ
145,mutter,murmur
145,mutter,grumble
145,mutton,oguaṅnãm
145,muzzle,ano
145,muzzle,otuo ano
145,muzzle,oprẹm ano
145,my,me
145,my-self,meara
145,my-self,maṅkasa
145,my-self,mehõ
145,mystery,ahintasẹm
145,myth,fable
145,myth,anansesẹm
145,nail,dadewa
145,"nail (of finger, toe)",aŵere
145,"nail (of finger, toe)",bọŵere
145,"nail (of finger, toe)",abóŵèrẹ
145,sickness of the nail,bọŵerewua
145,nail,de nnadewa bọ..mu
145,naked,da ho
145,naked,da kwaterekwa
145,naked-person,odagyafo
145,nakedness,adagya
145,name,ediṅ
145,name,mmăraṅ
145,name,mmăránne
145,name-less,nnidiṅ
145,name-less,woantono
145,name,fre
145,nap,ṅkóróṅkoromnná
145,nap,anisoyi
145,nap,yi..ani so
145,nap,da ṅkóróṅkoromnna
145,nape,koṅ-akyi
145,napkin,mpopahõ
145,napkin,aŵereẹ
146,narrate,kã
146,narrate,kyerɛ
146,narrate,bɔ kaseɛ
146,narrate,kã anantesé
146,narrate,bɔ anantesé
146,narrative,asɛm
146,narrative,mpanyinsɛm
146,narrative,tetesɛm
146,narrative,anansesɛm
146,narrative,kaseɛ
146,narrative,nsɛmma-nsɛmma
146,narrow,hĩhĩã
146,narrow,tɛatɛã
146,narrow,fwɛafwɛã
146,narrow,mũamũã
146,narrow,emu nteré
146,narrow,sũa
146,narrow,osa
146,narrow,akwamma
146,narrow,nammoṅkoro
146,narrow,ṅkokoam
146,nasal pronunciation,nea obɔ fwene
146,nasal pronunciation,uhwɛṅ kasa
146,nastiness,efĩ
146,nastiness,mpebebé
146,nastiness,afĩde
146,nasty,taṅ
146,nasty,tantaṅ
146,nasty,pòtō
146,nasty,ṅwini
146,nasty,ṅwuṅ
146,nasty,nehõ(ye)ṅw.
146,nasty,agofõ
146,nasty,dɔwmmone
146,nation,omaṅ
146,nation,amaṅaman
146,native,asase so ba
146,native,nea woawo no kũrom ho
146,native,abibidúru
146,native,eñã
146,native,agya kũrom
146,native,abusũa
146,native,maṅkũ
146,native,qmántám
146,nativity,awo
146,nativity,bere
146,nativity,fàkõ a wowoo obi
146,naturalise,de..fra maṅmma mu
146,naturalise,de..ye kũroni
146,naturalise,maṅba
146,nature,su
146,nature,baṅ
146,nature,băra
146,nature,awo-su
146,nature,tebea
146,nature,bobea
146,nature,abode
146,nature,yebea a ete
146,nature,ente se ete bio
146,naught,boue
146,naught,huhu
146,naught,funu
146,naughtiness,ahuhusem
146,naughty,di asɛmmone
146,nausea,pò (só) yare
146,nausea,abofono
146,naval,nea efa hyeṅ hõ brb
146,nave,katraka mu
146,nave,birimmírim
146,navel,fũnumá
146,navigate,de hyeṅ fa nsuani
146,navigation,nsuanifa
146,navigation,hyeṅ a-kwantu
146,navigation,mu adwuma (ye)
146,navigator,hyeṅmuni
146,navigator,nea okyere hyeṅ kwaṅ
146,navigator,poanibarima
146,navy,hyeṅnodo
146,navy,akõhyeṅkũ
146,nay,dabi
146,nay,éhẽ
146,nay,óhó
146,nay,mpo
146,nay,po
146,near,ṅkyeṅ
146,near,nea ebɛṅ (hõ)
146,near,kakũmã
146,near,ekaa
146,near,aka kũma
146,near,bɛṅ
146,near,bɛṅkye
146,near,bɛṅkyeṅ
146,near,piṅkye
146,nearness,obeṅ
146,nearness,obeṅkye
146,nearness,mmɛṅɛ
146,nearness,mmɛṅkyeṅɛ
146,neat,fréṅkyẽmm
146,necessary,ehĩa
146,necessary,etwa se
146,necessary,ehĩa me se
146,necessary,etwa me se
146,necessary,duaso
146,necessary,duadaṅ
146,necessary,oyañẽ
146,necessary,oyáṅso
146,necessary,teá
146,necessity,otwa nè yo
146,necessity,ko n.a.
146,necessity,nea ahĩa
146,necessity,ayere..so
146,necessity,ohĩada
146,neck,ekoṅ
146,neck,bákoṅ
146,neck,asukoṅ
146,neck,koṅmu dúkú
146,neck,abokoṅmu
146,neck,akyekyerekoṅmu
146,necromancer,ofummisáfó
146,necromancer,osãmaṅfrefo
148,nice,fe
148,nice,fefe
148,nice,oso
148,nice,fefɛfe
148,nice,oyiye
148,niece,wofasebea
148,niece,onua babea
148,niece,oba
148,niggard,okyɛkyɛfo
148,niggard,oyamonwénefo
148,niggard,opepeefó
148,niggard(li)ness,ṅkyɛyɛ
148,niggard(li)ness,ayamonwéne
148,niggard(li)ness,pepee
148,niggard(li)ness,kāne
148,nigh,beṅ
148,nigh,beṅkye
148,nigh,piṅkye
148,night,anadwo
148,night,adadwo
148,night,adesɛ
148,nil,fwɛ
148,nil,fwɛtɛ
148,nil,fwɛfwɛ
148,nimble,harehare
148,nimble,wéwɛ
148,nimble,awésewa
148,nimble,kàmkam
148,nine,akron
148,nine,ṅkron
148,ninth,etoso
148,ninth,etia
148,nineteen,eduṅkron
148,ninety,aduakron
148,nip,fem
148,nip,tī
148,nip,bee
148,nip,bɛbee.hō
148,nippers,odábáu
148,nippers,awiri
148,nipple,nufuano
148,no,dabi
148,no,dabida
148,no,ṅnó
148,no,éhɛ
148,no,óhó
148,no,bi
148,no,biara
148,no one,obi
148,no one,obiara
148,nowhere,bābi
148,nowhere,bābiara
148,nowhere,bau
148,nobleman,odehye
148,nobleman,odehyewa
148,nobleman,bāsewá
148,nobleman,omananiwa bi
148,nobleman,opanyiṅ
148,nobleman,otitiri
148,nobleman,obarima kūnini
148,nobility,adehye
148,nobility,nnehyewa
148,nobility,omananiwafo
148,nobility,mpanyimfo
148,nobility,atitiri
148,nod,toṅko
148,nod,wo(ti)ṅko
148,nod,gye..kūrúm
148,nod,pene
148,noise,gyegyɛgye
148,noise,hō
148,noise,hōye
148,noise,tɛtɛɛm
148,noise,bom
148,noise,yɛ hō
148,noisy talking,akasakasa
148,nomad,mmoafwɛfo a wo)di atutrã
148,nomad,otutrãdifo
148,nominator,diṅtofo
148,none,obi
148,none,ebi
148,none,bi
148,none,pere
148,none,se
148,none,worenhũ biakõ pere se
148,none,nsu biakõ pere se nni kūruwa no mu
148,nonsense,asakasasɛm
148,nonsense,ṅkwaseasɛm
148,nonsense,asɛmfunu
148,nonsense,nni asō
148,nonsense,asɛm a wokāe no nni asō
148,noon,aẅia
148,noon,aẅia-kétē
148,noose,héntiá
148,noose,hentua
148,noose,ntereso
148,noose,nsémmā
148,noose,dẅākóro
148,nor,nanso
148,normal,nea ɛnam
148,normal,ehō mmāra
148,normal,kwaṅ so
148,normal,nyiyimu nnim
148,north,kwaemu
148,north,fām
148,north,beṅkum
148,north,kusūfām
148,nose,efwene
148,nose,ṅhwɛṅ
148,nose,kóbɔṅ
148,snivel,fwennoro
148,not,ɛnyé
148,not,nyɛ
148,not,nni
148,not,hɔ
148,not,ɛnyɛ..ṅkõ
148,not,na..nso
149,notable,"nea ɛwɔ diṅ, kūnini"
149,notch,koe
149,notch,koekoe
149,notch,paru ẇiyammo
149,notch,ṅkyekyewa
149,notch,osekaṅ ano abo ṅky
149,note,kari
149,note,hye agyirae or nsɔ
149,note,kyereu
149,note,tẇere
149,note,dẇonto mu nné agyirae
149,note,ṅhɔmawa
149,nothing,fẇe
149,nothing,fẇetẹ
149,nothing,biribi
149,nothing,ényé brb
149,nothing,fẇe
149,nothingness,ne fẇe a enye
149,nothingness,ne hunu a eye
149,notice,ṅkāra
149,notice,he gives him-oyi no asiti
149,notion,adẇene
149,notion,ntease
149,notorious,nea ɛda gṷa
149,notorious,ahyeta
149,notorious,ahyehye
149,notorious,ayɛ amaṅhūnuī
149,notwithstanding,eno te sā de
149,notwithstanding,nanso
149,notwithstanding,gyàbau
149,nought,fẇe
149,nought,fẇetẹ
149,nought,ye hunu
149,nought,ye okwa
149,nourish,yèṅ
149,nourish,mā aduaṅ
149,nourish,bɔ akoṅhăma
149,nourish,akwaṅhăma
149,nourisher,oyeṅfo
149,nourisher,aduaṅmăfo
149,nourisher,onofɔé
149,novel,foforo
149,novel,fóro
149,novice,abàéfó
149,now,afei
149,now,eyi ansã na
149,now,sesē
149,now,mprempreṅ ara
149,now,eṅe
149,now,nue
149,nowadays,nnansã yi
149,nowhere,bau
149,nowhere,bābi
149,nowhere,oṅkó bau
149,nowhere,bābi
149,nudity,adagya
149,nuisance,efī
149,nuisance,afīdeye
149,nuisance,atantanne
149,nuisance,ahīde
149,number,dodo
149,number,ano
149,number,ṅkaṅē
149,number,akōntāhyede
149,number,ak. ntoano
149,number,bu ano
149,number,kaṅ
149,number,keṅkaṅ
149,numeral,akōntā-kyereuē
149,numerator,anokyerefo
149,numerous,"cf. many, plenty"
149,numerously,bebērē
149,numerously,pī
149,numerously,birib-
149,numerously,pītip-
149,numerously,pepe
149,numerously,mānyāmanyā
149,nuptials,ayeforohyia
149,nurse,mā nufu
149,nurse,yeṅ
149,nurse,gyigye
149,nurse,fẇe
149,nurse,nufumāfo
149,nurse,obāgyigyefo
149,nurse,oyarefẇefo
149,nut,aba
149,nut,palm-
149,nut,adẇe
149,nut,coco-
149,nut,kókosi
149,nut,oil
149,nut,adẇe ṅṅo
149,Oak,odúm
149,Oak,pl.a-
149,Oak,holm-
149,Oak,osésé
149,oar,otaboṅ
149,oar,pl. a-
149,oath,ntam
149,oath,ntaṅkā
149,oath,nsëu
149,oath,nseē
149,oath,nseudi
149,obdurate,mā..ye deṅ
149,obdurate,pirim
149,obedience,asōomere
149,obedience,asōye
149,obedience,osetie
149,obedience,osété
149,obey,te
149,obey,tie
149,obey,ye or ẇeṅ asō
149,obey,sōm
149,obey,bu
149,obey,di (asɛm) so
149,object,botae
149,object,gyinae
149,object,ṅkasakōá
149,object,of journey
149,object,anantesé
149,object,akwantesé
150,objéct,po
150,objéct,pa
150,objéct,kasa or gyina hɔ tia..
150,objéct,mpene so
150,objection,opó
150,objection,opa
150,objection,akasatia
150,objection (obstacle),akwansí
150,objection (obstacle),anosí
150,oblation,aforebode
150,oblation,ayeyede
150,obligate,di..ano
150,obligate (bind over),"hye mmɔm, sua"
150,obligate (by oath),di nsee
150,obligation,ahyeeyedé
150,obligation,emɔm
150,obligation,o-suá (kyere)
150,obligation,nsee
150,oblige,hye
150,oblique,"to be-, nea akyea"
150,obscene,"-language, burukasa"
150,obscene,kasafɔ
150,obscure,kùsū
150,obscure,tùmm
150,obscure,emu wɔ sūm
150,obscure,wɔntā nté
150,obscure,-ṅhǘ (mu)
150,obscure,duru sūm
150,obscure,anim kā si
150,obscurity,kusūye
150,observatory,afw̃ee
150,observe,bu
150,observe,di
150,observe,di so
150,observe,dw̃eṅ so
150,observe,hǘ
150,observe,fw̃e
150,observe,kari
150,observe (the social & civil duties),bu maṅ
150,obsolete,atetede
150,obsolete,dedau
150,obsolete,dada
150,obstacle,abëu
150,obstacle,akwanside
150,obstinacy,anuodeṅ
150,obstinacy,mpī
150,obstinacy,mpīye
150,obstinate,"to be-, nea n'asɔ ye deṅ or awu"
150,obstinate,oye mpī
150,obstinate,wasoro
150,obstinate,waṅw̃eṅ
150,obstinate (to become-),të(u) ṅw̃eṅ
150,obstruct,si..kwaṅ
150,obstruct,si..ano
150,obtain,nyã
150,obtain,nsa kā
150,obtain,nsa sɔ so
150,obtain (by force),fa..dw̃eṅ
150,obtain (age),di (mfe du)
150,obvert,si ti ase
150,obvert,daṅ kyere
150,obvious,fáṅṅ
150,obvious,fē
150,obvious,pefē
150,obvious (it is -),eda adi (fáṅṅ n. a.)
150,occasion,(ehɔ) kwaṅ or bere
150,occasion (cause),gyinae
150,occasion (ally),nea eba nna-nna
150,occasion (ally),bɔnnɔso
150,occident,atifī
150,occident,atɔe
150,occident,atɔe-fām
150,occiput,atiko
150,occultation,nsiso
150,occultation,ahintaē
150,occupation,dibea
150,occupation,adw̃uma
150,occupy,fa
150,occupy,di..so
150,occupy,de
150,occupy,trā mu
150,occupy,kura
150,occupy,mā adw̃umā
150,occupy,yɛ adw̃
150,occur,hyia
150,occur,ba
150,occur,to
150,occur (in mind),to tirim
150,occurrence,asɛm
150,occurrence,abasɛm (biara)
150,occurrence (unforeseen-),apatiriatom
150,ocean,epokese
150,ocean,epòpóṅ
150,ocean,bosonopo
150,ochlocracy,kwamāṅ- or ṅkwa-māṅfo-tumi
150,"ochre, red -",ntw̃ōma
150,"ochre, white -",hyire
150,ochre (phr.),ɔde ntw̃. tw̃a n'ani
150,ocro (a fruit),ṅkrūma
150,ocular,nea efa aniwa hɔ brb.
150,odd,nea edi doṅ
150,odd (opp.-),edi nsɛ
150,odd (ne tirim ye no),kɛsɛrenene
150,odium,nitaṅ
150,odium (reproach),animkā
150,"odoriferous, odorous",hũām
150,"odoriferous, odorous",fw̃ām
150,"odoriferous, odorous",hũāmhũām
150,"odoriferous, odorous (to be-)",yi hũā
150,"odoriferous, odorous (to be-)",ye hũām
150,"odoriferous, odorous (to be-)",-fw̃ām
150,of,fi
150,of (n.),hɔ
150,of (n.),nti
150,of (n.),mu
150,off,eda or ɛwɔ abememfī
150,off,ete..hɔ fi brb. hɔ
150,off (be-!),kɔ!
150,off (be-!),sore hɔ!
150,off (be-!),fi hɔ kɔ!
151,offence,ofõm
151,offence,mfomso
151,offence,bone
151,offence,hintidua
151,offence,ahĩ
151,offence,abufu
151,offend,yẹ bone
151,offend,huru bo
151,offend,hye yamgya
151,offend,fõm
151,offend,fõm so
151,offender,obufuyifo
151,offender,tuiyifo
151,offender,omumoyefo
151,offender,oyamgyahyefo
151,offender,osẹmmonedifo
151,offensive,nea ọkã ahĩsẹm or abofonosẹm or abobosẹm
151,offensive,ọbotoa(obi)
151,offensive,eye(me)nyane
151,offensive,nyanenyane
151,offer,de brb. ye obi aye
151,offer,de bo(obi) bo or abo
151,offer,de komã
151,offer,de bo afore
151,offer,yi or di to
151,offering,abobo
151,offering,afore
151,offering,aforebo
151,offering,to
151,offering,kwasidato
151,office,fwe-dwuma
151,office,adwuma
151,office,osõm
151,office,asore
151,office,adwumadan
151,office,asennidan
151,office,fwefo-adw.
151,office,osofopanyinnhwuma
151,office,ye(adwuma)
151,office,sõm obi
151,officer,oman
151,officer,hyen or asrafo mu) panyin
151,officer,osafohene
151,officer,ofwefo
151,offspring,mma
151,offspring,yafumma
151,offspring,asefo
151,oft,da
151,often,da
151,often,ta
151,often,ota baha
151,often,nya as aux. v.
151,often,manyante
151,often,manyano fontui
151,often,manyano nkakyeree
151,often,wanya sa nkae
151,oh,ei
151,oh,ao
151,oil,nno
151,oil,buronno
151,oil,sobúwa
151,old,dedau
151,old,dada
151,old,panyin
151,old,tete
151,old,nyin
151,old,bo akwakora
151,old,bo aberewa
151,old,fu dwen
151,old,atetede
151,old,tetekwa
151,old,akoraye
151,old,nkwakorabere
151,old,mmerewabere
151,old,akora
151,old,akwakora
151,old,opanyin
151,old,oteteni
151,old,tete
151,old,tetebere
151,old,aberewa
151,omen,senkyerene
151,omit,gyau
151,omit,gyae
151,omit,siadesem
151,omnipotent,otumfoo
151,omnipotent,ade nhina so tumfoo
151,omnipotent,Tweaduampon
151,omnipresence,mma-nhina-wo
151,omnipresence,babiarawo
151,omniscience,ade-nhina-hu
151,omniscience,nim
151,on,so
151,on,ho
151,on,mu
151,on,pa so
151,on,ko so
151,on,duom
151,on,monnuom
151,onanism,boasi
151,onanism,oposawe
151,onanism,nweho
151,onanism,di or we neho
151,once,preko
151,once,penkoro
151,once,pen
151,once,dabi
151,once,dahiho
151,once,at-
151,once,preko
151,once,mu
151,once,bo no mu
151,once,all at-
151,once,prekope
151,once,biriditwem
151,once,biritwom
151,once,anka bo anka poma
151,once,bio
151,once,biem
151,one,eko
151,one,biako
151,one,bako
151,one,koro
151,one,fua
151,one,bafua
151,one,bi
151,one,obi
152,oni,mmiakɔ-mmiakɔ
152,oni,mmakɔ-m..
152,oni,dakɔ
152,oni,dákoro
152,oni,dafua (pe)
152,oni,nna-mfuamf-
152,oni,obi..obi (ɔfɔforo bi)
152,oni,ɔ-nè no bɔ or kã
152,oni,bom
152,oni,ye biakɔ
152,oni,fa yɔnkɔ
152,onion,sɔrádá
152,onion,gyēne
152,onion,ánwò
152,only,ṅkɔ
152,only,ṅkutɔ
152,only,biakɔ pe
152,only,fua pe
152,only,eṅyɛ..ṅkɔ
152,only,nanso
152,only,kɔmm
152,only,nehɔ k. na ɔde aba
152,only,dakorodakoro
152,only,nna-koro-nn-
152,only,nnɛ ṅkɔara
152,onward,n'anim
152,onward,anim kwaṅ
152,open,bue
152,open,bue so
152,open,bue bae mu
152,open,hie
152,open,Ak. hini
152,open,"sãṅ (bɔa, kotoku ano)"
152,open,tu (tumpaṅ) ano
152,open,te (ṅhɔma) ano
152,open,tue
152,open,tu (tokūru)
152,open,yi (kwaṅ)
152,open,pae
152,open,tëu
152,open,pue
152,open,mómmàem
152,open-ly,fãṅṅ
152,open-ly,práṅṅ
152,open-ly,fē
152,open-ly,pefē
152,open-ly,petē
152,open-ly,patā
152,open-ly,pradadada
152,open-ly,ehɔ or ano da hɔ
152,open-ly,eda hɔ pefē
152,open-ly,bàyā
152,open-ly,pàntaṅṅ
152,openness,ayamyi
152,openness,nokware
152,operate,ye mu brb.
152,operate,fa ase
152,operative,nea otumi brb. ye
152,operative,odwumfo
152,opinion,tírim
152,opinion,nsusui
152,opinion,adwene
152,opinion,yi..tirim
152,opinion,oyii ne t kyereɛ me
152,opportunity,(hɔ) kwaṅ or bere
152,oppose,di asi
152,oppose,gye akyinnye
152,oppose,tuatua ano
152,oppose,ɔ-nè no anyã
152,opposer,osidifo
152,opposer,ɔperetiafo
152,opposer,ɔkwansifo
152,opposer,ɔtamfo
152,opposite,ntenteṅso
152,opposite,a-birá
152,opposite,bɔ asem ab. mã yeúfwɛ
152,opposition,akyinnyegye
152,opposition,ntuatuaano
152,opposition,asidifo
152,oppression,ṅhyeɛso
152,opulent,rich
152,opulent,wealthy
152,or,ana
152,or,anā
152,or,anase
152,oracle,ṅkɔm
152,oracle,hye
152,oracle,akɔ̀ntóro
152,orange,akutu
152,orange,ak. dua
152,orange,akutu
152,orator,anotë(u)fo
152,orator,ɔkyĕǎme
152,orator,tẹkrẹmãtĕfo
152,orb,kontoṅkrɔṅ
152,orb,dantabaṅ
152,orb,ade kurukuruwa
152,orb,puru
152,order,ahyede
152,order,ṅkǎra
152,order,kwaṅso
152,order,nsiesiei
152,order,siesie
152,order,sese
152,order,hye
152,order,pĭa
152,order,kǎra brb
152,ordinance,mmǎra
152,ordinance,ahyede
152,ordinance,ṅhyehyɛe
152,ordinance,nsiesiemú
152,ordinance,nnurui (abeduru no)
152,ordinance,dā atóremùdè
152,ordinary,nea ete se ete ara
152,ordinary,eka
152,ordinary,eye adàdadé
152,ordination,asɔfohye
152,ordination,yebea
153,ore,obo a woŋãñ a wonyã mu sika
153,ore,dwete
153,ore,dade
153,ore,sûmpĩ n. a.
153,organ,adakabeṅ
153,organ,nn-
153,to play the-,hyeṅ adak
153,organise,siesie
153,organise,hyehye (brb. ne kwañ so)
153,orgies,ahofwibo
153,orient,anafó
153,orient,apuei
153,origin,ase
153,origin,mfiase
153,origin,abose
153,originate,bo ade
153,originate,fi ase
153,originator,asehyefo
153,originator,ofarebae
153,ornament,ahyehyede
153,ornament,ahōkekãdé
153,orphan,àyisã
153,orphan,ny-
153,orphan,owisã
153,orphan,ṅw-
153,by-name of-,pèrewere
153,orthodoxy,okyere kúrennyeṅ or -krōṅṅ
153,orthography,okasakyereubeapa
153,orthography,okakyereũ
153,ostentation,ahōkyere
153,ostentation,ahōhoahoa
153,ostentation,ahupō
153,ostrich,sohòri
153,ostrich,n-
153,other,obi
153,other,ebi
153,other,foforo
153,other,biakō no
153,other,nea okã hō
153,other,oyoṅkō
153,other,a-
153,-wise,ente sa a
153,-wise,anye sã a
153,ought,aṅkã ese se
153,ought,etwa se
153,ought,biribi
153,our,yeṅ
153,our,§ 58
153,our,-s
153,our,yeṅ de
153,our,dea
153,-selves,yeṅ ara
153,-selves,aṅkasa
153,obj.,yeṅhō
153,out,adi
153,out,fi..mu
153,outbreak,opue
153,outbreak,fi
153,outbreak,brb. sore
153,outbreak,patu ba
153,outcast,opanyifo
153,outcast,oseṅkyeni
153,outcast,a--fo
153,outcry,ntẽem
153,public auction,awuosõṅ-toṅ
153,outdó,kyeṅ
153,outdó,seṅ
153,outdó,buṅkam
153,outdoor,abobonim
153,outdoor,aboṭennim
153,out'fit,hyeṅ or daṅ mu hyehye
153,of marriage,awaredé
153,outlook,osrafwẽ
153,building,oŵeṅdaṅ
153,building,abantenteṅ afwẽe
153,outside,ehō
153,outside,akyi
153,outside,akyiri
153,outside,ani
153,-doors,adiwo
153,outskirt,of town
153,outskirt,kùròtia
153,outskirt,ṅ-
153,outrun,twa..hō
153,outstrip,twa..hō
153,outward appearance,ehō
153,outward appearance,ani
153,outward being,qhōnam anihayi
153,outward being,aniani
153,outward being,anianihayi
153,outward form,ehō
153,outward form,ani
153,outweigh,deṅ so
153,oval,nea ekura kesua su
153,ovation,osé or ṅṅwonto a wode hyia panyin or kūnini kwaṅ
153,oven,fõnõnõ
153,oven,frõnõ
153,over,eso
153,over,atifĩ
153,over,tra
153,over,tra so
153,over,deṅ-
153,over,boro-
153,over,kyeṅ
153,-against,ntenteṅso
153,overawe,yi hū
153,overawe,yi ahĩ
153,pass.,bọm
153,pass.,tem
153,phr.,mehō hū nti wateṃ
153,overbearing,ye ahupō
153,overbearing,ahōkyerehunu
153,overbearing,ahōhoahoa
153,overburden,kyekye (mã) or so obi adesoatraso
154,overcoat,hyɛgusotade
154,overcoat,osoro atàdetɛn
154,overcome,fa..so
154,overcome,di..so
154,overcome,kã gu
154,overcome,yi dɔm
154,overcome,di or gye nĩm
154,overdo,(yɛ) mã ɛtra so
154,overdo,"it is overdone, atabau=abeṅ atwãm"
154,overestimation,butraso
154,overestimation,bu brb. butraso
154,overflow,fe hɔ
154,overflow,bɔ
154,overflow,yiri
154,overflow,bu or sram so
154,overgrow,fũ
154,overgrow,phr. okwaṅ yi afũ
154,overhead,atifĩ
154,overhead,mpámpam
154,overland,nea ɛnam fam
154,overland,..de naṅ na etwa
154,overlay,tare (so)
154,overlay,dura hɔ or mu
154,overleap,huru tra
154,overload,soa adesoakyɛnɛ
154,overlook,ani pa so
154,overlook,ani fa so
154,overlook,yi ani fi so
154,overlook,bu ani gu so
154,overpoise,dɛn..so
154,overpower,cf. prevail
154,overripe,to be-
154,overripe,bere tra so
154,overseer,ofwɛfo
154,overseer,"pl.a-, esofwɛfo"
154,overset,butu
154,overset,kã or daṅ..butu
154,overset,muntum
154,overthrow,butu
154,overthrow,kã or daṅ..butu
154,overthrow,muntum
154,overturn,butu
154,overturn,kã or daṅ..butu
154,overturn,muntum
154,overtake,to
154,overtake,tua
154,overtake,ba so
154,overtake,twã hɔ
154,overtedious,nea n'asɛm ware
154,overtedious,otwa asɛntɛntɛn
154,overturn,nnañani
154,overwhelm,bãram or kata or buṅkam so
154,overwhelm,phr. dɔm yi abãrám yɛn só
154,owe,de..ka
154,owe,mã..ka
154,owl,patu
154,owl,pl. m-
154,own,his-
154,own,n'aṅkasa or ɔno ara de(a)
154,own,"wo, ye..de(a)"
154,own,phr. mewɔ daṅ pa
154,own,ɔdaṅ yi wo me or ye medea
154,owner,owura
154,owner,oẅira
154,owner,pl. -nom
154,owner,odédé
154,owner,pl. a-
154,ox,nantwĩ
154,ox,-nini
154,ox,-sae
154,ox,pl. a-
154,oyster,àdòḍe
154,oyster,adam
154,oyster,ṅworã-boa
154,oyster-shell,ṅworã
154,Pace,anámmoṅ
154,Pace,-tutu
154,Pace,-v. tu..naṅ
154,Pace,tutu anaṅ or anámmoṅ
154,Pace,(measure by-) to anámmoṅ (su-su)
154,Pace,"keep -, bɔ anaṅ"
154,Pace,phr. mintumi nè mo mmɔ anaṅ
154,pacification,mpátá
154,pacifier,opatafo
154,pacifier,pl. a-
154,pacifier,ntamsifo
154,pacify,pata
154,pacify,si..ntam
154,pacify,dẅudẅo
154,pack,hye (adesoa)
154,pack,siesie (ada-ka)
154,pack,kyekyere fĩ
154,pack,- boã
154,pack,"package, packet, n. adesoa"
154,pack,pl. nnosoa
154,pack,afĩ
154,pack,pl. afĩafĩ
154,pack,boã
154,pack,pl. m-
154,pad,káhíri
154,pad,káhire
154,pad,kárè
154,pad,sõn-kahire
154,pad,"phr. they submit, wobo no s."
154,pad,"he puts them to tribute, ogye woṅ s."
154,pad,"to make a-, bɔ k."
154,paddle,oṭabòṅ
154,paddle,pl.a-
154,paddle,-v. hare
154,paddle,boro asu (in swimming)
155,padlock,krádòa
155,pagan,obosonsomni
155,pagan,amaṅamaṅmuni
155,page,kratafã
155,page,buépéṅ
155,paid,nea woatua ka
155,pail,tôpo
155,pail,kaṅkyẽ
155,pain,eyá
155,pain,eyéá
155,pain,ahõoya
155,pain,ayayade
155,pain,ye yá
155,pain,keka
155,pain,beṅ
155,pain,tutu
155,pain,ha(u)
155,painful,nea eye ya
155,painful,yàyá
155,paint,sra hõ
155,paint,kã hõ aduru
155,paint,aduru
155,paint,mfoninnuru
155,pair,nta
155,pair,ade abieṅ
155,pair,nnipa bãnu
155,palace,abaṅ
155,palace,ahemfi
155,palace,ahennaṅ
155,palate,dodõm
155,palate,dadãm
155,palaver,asɛm
155,palaver,di asɛm
155,palaver,nyáfiṅ
155,palaver,kwasafosɛm
155,palaver,amansɛm
155,pale,fitã
155,pale,nea ahoa
155,pale,asɛréṅ fitã
155,paleness,animhoa
155,paleness,sɛréṅ
155,palisade,akõpέmpέ
155,palisade,bo pie
155,palisade,ye akõpέmpέ
155,pall,kata hõ
155,palm (of the hand),nsam
155,palm (of the hand),nsayam
155,palm,de nsa kã
155,palm,kekã
155,palm,sisi
155,palm-tree,abɛ
155,palm-nut,befua
155,palm-kernel,adwέ
155,palm-bunch of nuts,bɛmũ
155,palm-oil,ṅuo
155,palm-abeṅṅuo,abeṅṅuo
155,palm-young,abɛdwã
155,palm-abe dwewa,abɛ dwewa
155,palm-halfgrown,obɛdwõ
155,palm-fullgrown,obɛteṅ
155,palm-wine,nsãfufu(o)
155,palm-time of preparing wine,bɛtwabere
155,palm-to fell,tõ abɛ
155,palm-make-wine,twa abɛ
155,palm-kinds of wine,nsúsá
155,palm-kinds of wine,ntέtέasá
155,palm-kinds of wine,ntúṅkúm
155,palm-kinds of wine,nsãpa
155,palm-kinds of wine,kókúro
155,palm-kinds of wine,kokũroampoṅ
155,palm-kinds of wine,beṅano
155,palm-opp.,mfrasã
155,palm-leaf,berέ(u)
155,palm-heap of leaves,berέ
155,palm-mid-rib of leaf,popã
155,palm-mid-rib of leaf,papã
155,palm-mid-rib of leaf,dahá
155,palm-diff. kinds of trees,abɛfúfu
155,palm-diff. kinds of trees,abɛtuntúm
155,palm-diff. kinds of trees,abɛhéne
155,palm-diff. kinds of trees,adobέ
155,palm-diff. kinds of trees,adwõ
155,palm-fan,kubέ
155,palm-date,akeresia
155,palm-coco,kokosi
155,palm-dwarf,mampomere
155,palma christi,adeṅkrũma
155,palpable,wotumi de nsa kã
155,palpation,ehõ kekã
155,palpitate (of the heart),kõma bo pã
155,palpitate (of the heart),bo
155,palpitate (of the heart),kõma tutu
155,palpitate (of the heart),pere kàtirikatiri
155,palsy,dwoko
155,palsy-sick of,odwõkoni
155,palsical,obubuafo
155,pan,kyedadesέntrã
155,pan,ṅkyewasέṅ
155,pan,akyeduaṅsέṅ
155,pan,otuasom
155,pan,nsrãmã kúkuwa
155,pane,afwέfwέ
155,panic,ṅketeṅkété
155,panic,sipĩrĩpĩ
155,panic,ṅketeṅk - akita no = wabirikyi
155,pannier,kyereṅkye
155,pant,bo
155,pant,kõma tutu
155,pant,pere katirikatiri
155,pant,"fe,ani gyina"
155,pant,akõma- or abotee
155,pant,abobu
155,pant,hàhyέhahyẽ-home
155,pant,"ofe,ani gyina"
156,pantaloons,trɔs
156,pantheism,okyerɛ bi a ebu wia-se or adebɔde se Onyame
156,pantheon,tete Roma asɔredaŋ bi a woaye no kwasafonyamesorebea (nè amĩade-kyerɛdaŋ)
156,panther,osebɔ
156,panther,gyahene
156,panyar,yi..adwɔ
156,pap,nufuano
156,pap,ohu
156,pap,otɔ
156,pap,"dɔkɔno a woahono no nè wo afra, mpàmpá"
156,papa,agya
156,papa,osé
156,papaw,bɔro-fere
156,papaw,dua
156,paper,nhõma
156,paper,krátá
156,paper,bɔro-nhõma
156,parable,ebɛ
156,parable,abɛbu
156,parable,abɛbusem
156,parable,mfatohõsem
156,parade,bɔ nsra kyerɛ
156,parade,nsrabofwɛe
156,parade-ground,nsrabɔbea
156,paradigm,diŋ or úkasae nhyehyee or kasadaŋ ńfwɛso
156,paradise,ahõmekã-tũro
156,paradise,Eden
156,paradise,paradise
156,paraffin(e),gyabiru or srade bi or dua mu ńno bi (diŋ)
156,paragraph,okasapɛŋ
156,paragraph,ne seŋ kyerene né §
156,parallel,ntɛntɛso
156,parallelogram,a-hĩnanaŋ
156,paralyse,nea waburu or wabubu agu hɔ
156,paralyse,oyare dɔ̀kɔ
156,paralyse,wagũro
156,paralyse,úketeŋkété kita no
156,paralysis,dɔ̀kɔ
156,paramour,ńwɛwe
156,paramour,mprã
156,paramour,mpǎnã
156,paraphrase,de asɛm bi kyerɛ asɛm bi ase
156,parasite,nea odidi obi hɔ
156,parasite (plant),nyãnkõnnúru
156,parasite (plant),mantan-nua
156,parasol,akatawia
156,parasol,asɔwia
156,parboil,nõa fã-nè-fã
156,parbreak,fe
156,parcel,bo
156,parcel,kyékyewa
156,parcel (portion),siŋ
156,parcel (portion),ńkyɛmu
156,parch,kye
156,parch,hye
156,parchment,nhõma
156,parchment,nhõmapoe
156,pardon,de (fa)..firi
156,pardon,de (fa)..kyɛ
156,pardon,ofafiri
156,to beg pardon,pa kyɛ
156,I beg your pardon,wo kyɛ ni! tafãra-kyɛ! kose!
156,pare,hũaú(so)
156,pare,fwãné
156,pare,yi..hɔ
156,pare,wae
156,parent,owofo
156,parent,agya
156,parenthesis,ńkàhyɛmde
156,parish,(asɔrefo) asafo
156,parley,úkɔmmɔbɔ
156,parley,osɛmɔdɛ
156,parley (milit.),akɔsɛmmã
156,parley (milit.),adɔnsɛm mu úkɔmmɔbɔ
156,parliament,omaŋ-nhyiamkɛse
156,parlour,asá(so)
156,parlour,odampaŋ
156,parole,nsrafo agyiraehyɛsɛm
156,parole,osáne-bène
156,parole (i.e. osá né bɛn?),(akwa)nsrafo de sánebène nè ne mmuae hyehye wɔnhɔ nsɔ
157,parrot,akō
157,parrot,ope-sare
157,parrot,áṅkyɛ
157,parrot,ámfuḍwùmá
157,parrot,áwirikwá
157,parrot,akōhene
157,parse,kyerɛ brb.
157,parse,okasa or abusua) ase
157,parse,pāpae mu
157,parson,osofo
157,parson,asafosofwɛfo
157,part,ofã
157,part,afã
157,part,siṅ
157,part,kyefã
157,part,de
157,part,adwuma
157,part,feku
157,part,asafoku
157,part,"me de, ka or to me ṅkō a"
157,part,pae mu
157,part,guae
157,part,kyɛ
157,part,te brb. mu
157,part,di ntetemu
157,part,sim kɔ
157,part,ṅkǎrádi
157,partake,fa or nyã mu bi
157,particular,titiri
157,particular,tíbaṅ
157,particular,ṅkōké
157,particular,da nsō
157,particular,ne ti da nsō
157,particular,oda nsō
157,partition,ntwamu
157,partner,oṅōkǎfo
157,partner,okòso
157,partnership,okososí
157,partnership,ntoṅtodi
157,partnership,akosōropé
157,partnership,si k.
157,partnership,di nt.
157,partnership,di ak.
157,partridge,akokofwéréɛ
157,party,asafo
157,party,feku
157,party,kū
157,party,yānom
157,pass,twam’
157,pass,twa hō
157,pass,sɛn
157,pass,"bu (ne) mmere (a ode bewo) mu, ne mmere atwam"
157,pass,twam’
157,pass,sɛn (kɔ)
157,pass,sã
157,pass,hĩ
157,pass,to twa
157,pass,twa hō
157,pass,sɛn
157,pass,māṅ
157,pass,kǎ..gyau
157,pass,di nsĩanehō
157,pass,di atwǎguo
157,pass,twa
157,pass,twam’
157,pass,sɛn kɔ
157,pass,fa(mu)
157,pass,twa
157,pass,"fwere adagye, di"
157,pass,odii hɔ nnansã
157,pass,afae
157,pass,mpotam
157,pass,defiriṅhōma
157,passage,oṅkwaṅ
157,passage,akwantu
157,passage,asutwaree
157,passage,adántam
157,passenger,oṅkwantemfo
157,passenger,okwantufo
157,passion,anibere
157,passion,abufu
157,passion,mpere hō
157,passion,amarehunu
157,passionate,obufufafo
157,passionate,oniberefo
157,passionate,nea ne bo ha no
157,passionate,oye bo sê
157,passionate,oye otékúm
157,passionate,n’ani ahye
157,passive,nea amane ato no
157,passive,ne nsa nni brb.
157,passive,ne bo dwo kyɛ
157,passive,ṅkasae a ekyerɛ nea eye me or wode ye me
157,passover,twam (afāhyɛ)
157,past,nea atwǎm
157,past,abɛsɛṅ
157,past,ntwǎmkǎbea
157,paste,mmore
157,paste,dote a woafoto
157,pastime,nea wode fwɛre wo adagye
157,pastor,oguaṅfwɛfo
157,pastor,ofwɛfo
157,pastor,osafosowɛfo
157,pastor,osofo
157,pastor,okǎrayeṅfo
157,pastry,atōduaṅ
157,pasture,adidibea
157,pasture,wura fromfrom
157,pasture,yemmea
157,patch,ntāmu
157,patch,ntwǎkae
157,patch,tā or tua mu
157,patch,ṅwene mu auansɛ
157,paternoster,Awurade mpaebɔ
158,path,okwaṅ
158,path,osa
158,path,otempoṅ
158,path (track),sũare
158,path (well-made),ṅkwammoé
158,patience,boaseto
158,patience,abotŏase
158,patient (to be),to..bo ase
158,patient (to be),tã..bo
158,patient (enduring),kura mu
158,patient (enduring),mĩa ani
158,patient,oyarefo
158,patriarch,tete agya
158,patriarch,agya panyiṅ
158,patriot,nea opẹ or ọfwẹfwẹ ne maṅ or n'asase yiyedi
158,patter,"brb.gugu patapata, woro"
158,pattern,ṅfwẹso
158,pattern,ṅkyerẹe
158,pattern,nsu-suso
158,pauper,ohĭani
158,pauper,oberefo
158,pause,osiwĭiei
158,pause,gyinaho
158,pavement,abonsẹuẽ
158,pavian,kòntromfĩ
158,paw,tote
158,paw,nsa
158,pawn,awowa
158,pawn,de..si awowa
158,pawn (ed garments),awowatãma
158,pay,tua
158,pay,tua..ka
158,pay (tribute),di..tŏ
158,"pay, payment",akatua
158,pay (monthly),asranne
158,pay (pay an exorbitant price),wu bo
158,pay (phr. mawu bo makoto kenté a wokă no bābi a ẹmma),maw u bo makoto kenté a wokă no bābi a ẹmma
158,pay (for making s.th.),apẹnsă
158,pay (gye obi ap.),gye obi ap.
158,pay (additional),"for not having paid at set time, ṅkăsă"
158,peace,asomdwoẽ
158,peace,omaṅṅwoẽ
158,peace,ahŏdwoẽ
158,peace,abodwo
158,peace,abotoyam
158,peace,mmọm'
158,peaceful,adwŏdwo
158,peaceful,bereŏ
158,peaceful,komm
158,peaceful (phr. n'asŏm adwŏdwo no),has peace
158,peacemaker,opatafo
158,peacemaker,somdwŏeba
158,pearl,ahèné
158,pearl,ṅh.
158,pearl (Ak.),afwẽnee
158,pearl (to file -s on a string),sĩna ṅh.
158,peasant,okuafo
158,pebble,bósea
158,pebble,mmóseá
158,pebble,mmesea
158,peculiar,dẹnsŏ
158,peculiar,ẹsono
158,pedagogics,adekyerẹ or kyerẹtie hŏ nimdeẹ
158,pedagogue,mmofrayeṅfo
158,pedagogue,kyerẹkyerẹfo
158,pedagogue,otwẹfo
158,pedal,naṅ ntiasode
158,peddle,di mpẽwa
158,peddle,soa (agŭade) kyini
158,pederast,adintrum
158,pedestrian,qnantefo
158,peel,hŭãṅ (abŭro)
158,peel,gua (brọde)
158,peel,dwŏ (abe)
158,peel,wae
158,peel,w̌ere
158,peel-ings,ehono
158,peel-ings,brọdehono
158,peep (at),fwẹ
158,peep (at),gyéṅ obi
158,peer,tipeṅ
158,peer,fó
158,peer,afẹ
158,peer (nobleman),odehye
158,peer (nobleman),omaṅ panyiṅ
158,peevishness,mpĭ
158,peevishness,yẹ
158,peevishness,anim-mũna
158,pelican,pokupoku
158,pell-mell,sàkasaka
158,pelt,tō (abo n. a.)
158,pelt,(osu) tọ w̌ò
158,pelt (-ing rain),osukẹse
159,pelt,ṅhõma
159,pelt,oguaṅhõma
159,pen,pen
159,pen,ntakāra
159,pen (hen-coop),ako-kobu
159,pen (hen-coop),pesu
159,pen (sheepfold),ṅṅuammaṅ
159,pen (knife),opŏnóntom
159,pen (knife),pen-sekaṅ
159,pencil,pensere
159,pendant,asõmkā
159,pendant,-awa
159,pendant (flag),ofraṅkawá
159,pendulum,doṅ
159,pendulum,nyansādoṅ mu abā (a ehim di ako nè aba)
159,penetrate,ko mu
159,penetrate,bae-
159,penetrate,fa-
159,penetrate,fẅiro-
159,penetrate,te mu kom'
159,penetrate,doṅ
159,penetrate,donnoṅ
159,peninsula,asase a eka kūmā na nsu bare hyia no
159,penitence,ahõnu
159,penitence,boṅe hõ a-
159,penniless,nea odi hĩa bŭrobŭro
159,penniless,-ohū fam da
159,penniless,-nehõ awo
159,penniless,-ohia-barima kura no
159,penny,mmaṅ anaṅ
159,pension,adẅuma mu poṅ akatua
159,pentateuch,Mose ṅhõma anum ṅkābom'
159,pentecost,(Iudafo) adaduonum afāhye
159,pentecost,Hoṅhom Kroṅkroṅ fẅieguda
159,people,oṅmaṅ
159,people,-fo
159,people,ṅkŭrofo
159,people,nnipa
159,pepper,màkó
159,pepper (kinds),ntoṅko
159,pepper (kinds),nnyerā
159,pepper (kinds),mesēwa
159,pepper (kinds),màkó kokō
159,pepper (kinds),m. tuntum
159,pepper (kinds),m. fitā
159,pepper (guinea grain),yisá
159,pepper (black-),sesā'
159,pepper (-shrub),makodua
159,peradventure,ebia
159,peradventure,sésẹkwā (bi)
159,peradventure,wonnim nna
159,peradventure,anibiannaso so
159,perambulation,okyini
159,perambulation,ṅkyiṅso
159,perceive,hū
159,perceive (by taste),te
159,perceive (by smell),te..ṅkā
159,perceive (by smell),hūá (tie)
159,percentage,oha hõ mfeṅtom or ehõ nsā
159,percentage,agyede or nsihõ
159,perception,ohū
159,perception,ote
159,perception,ṅkāté
159,perception (idea),tirim adẅene
159,perch,si
159,perch,sisi
159,perch,koto
159,perch (-ing-stick),ṅkokodua
159,perch (-ing-stick),bobāyénteṅ
159,perchance,ebia
159,perchance,sésẹkwā (bi)
159,perchance,§ 135
159,perchance,wonnim nna
159,perchance,mpofirim
159,perchance,anibiannaso so
159,percolation,osoṅ
159,percolation,nsoṅso
159,perdition,osee
159,perdition,oyera
159,peregrinate,"dom' (= do mu; red., dodom')"
159,peregrinate,tu kwaṅ (ko amannoṅ)
159,perfect,emũ
159,perfect,pe
159,perfect,pepe
159,perfect (to be-),ye pe
159,perfect (to be-),ẅie pe ye
159,perfect (to be-),ye pe
159,perfect (to be-),ye korā
159,perfect (to be-),di mũ
159,perfect (to be-),nni dem
159,perfect (-tense),ayeasie- or ayeaẅie kābea
159,perfect (-tense),tẅamkābea a eto so 2
159,perfection,peye
159,perfection,mũdi
159,perforate,fẅiro mu
159,perforate,fiti mu
159,perforate,sīna (nām)
159,perforation,mfitimú
159,perforation,ṅfẅiromu
159,perform,ye
159,perform,bo
159,perform,ẅie
159,perform (-ance of a play),agorokyere
159,perfume,ohūām
159,perfume,ofẅām
159,perhaps,ebìà
159,perhaps,sesé
159,perhaps,sésẹkwā
159,perhaps,gyámà
159,perhaps,Ak. gyaméà
159,perhaps,§ 135
160,peril,abëu
160,peril,asĩane
160,peril,obi de ne ṅkwã to ne nsam
160,period,mm.
160,periodical,nea eba
160,periodical,esaṅ ba ne bere ano
160,periphery,dantabaṅ afefare
160,periphery,ehõ nsensane
160,perish,see
160,perish,yera
160,perish,wu
160,perish,tẅam'
160,perish,sẽṅ ko
160,perjure (one's self),kã ntaṅ hunu
160,permanent,nea etim ho
160,permanent,-eṅsa-kra
160,permanent,-egyina so
160,permeate,dòṅ
160,permeate,donnoṅ
160,permeate,hyeṅ..mu
160,permit,mã
160,permit,mã..okwaṅ
160,permit,mã hõ kwaṅ
160,permit,to..kwaṅ
160,pernicious,bone
160,pernicious,nea esee
160,perpendicular,nea egyina ho kyérebeṅ
160,perpendicular -line,nsensane ky-
160,perpetrate,di (asɛmmone
160,perpetrate,-atratasɛm)
160,perpetrate,bo (mmusu)
160,perpetrate,ye (adebone)
160,perpetrator,oyefo
160,perpetrator,(mmăratõfó)
160,perpetual,nea etoatoa so
160,perpetual,-etontẅa da
160,perpetual,-esã so dã
160,perplex,tõtõ
160,perplex,tu bo
160,perplex,ye sakasaka
160,"perplex -ed, to be-",tirim tẅetẅẽ no
160,"perplex -ed, to be-",-kyere no
160,"perplex -ed, to be-",-ye no késekesẽ or kẽsẽrenene
160,"perplex -ed, to be-",n'ani aye krakra
160,"perplex -ed, to be-",eye no aniani
160,"perplex -ed, to be-",n'ani ye no ntiré ntiré or totòtotò
160,"perplex -ed, to be-",n'ani atu ato ne nsam
160,"perplex -ed, to be-",..bo tu
160,"perplex -ed, to be-",gyigya
160,"perplex -ed, to be-",bo nnyinnyaṅ
160,perplexity,abotu
160,perplexity,tirimkyere or -tẅetẅẽ
160,perplexity,ntõtõ
160,perplexity,anikrakra
160,persecute,di akyiri
160,persecute,ti(u)
160,persecute,tã
160,persecute,ha(u) obi
160,persevere,trã or gyina mu
160,persevere,kye
160,persevere,kura mu
160,persevere,mĩa ani
160,person,onipa
160,person,nn-
160,person,oba
160,person,mma
160,person,obi
160,person,asíamásí sè obentéṅ
160,personality,onipa su nè baṅ
160,personality,ahõdee
160,perspiration,"(hõ, anim) fifiri"
160,perspire,fi fifiri
160,perspire,f. guam or pram no
160,persuade,dãdã
160,persuade,daṅ..ti
160,persuade,mã..ti da
160,persuade,tu..asõ
160,pert,ani so ye hye
160,pertness,mpóforo
160,pertness -phr. is it politeness or-?,opo or mpoforo?
160,"perturb, perturbate",cf.disturb
160,"perturb, perturbate",hwãnyaṅ..mu
160,pervade,donnoṅ
160,pervade,fẅiro mu
160,pervert,sakra
160,pervert,daṅ ani
160,pervert,see
160,pervert,bu
160,pervert -judgment,kyea..asõ di asem
160,pervert -judgment,kyea asem
160,pervert -judgment,daṅ asem ani
160,pessimist,nea osofĩ ade biara
160,pestilence,ownyaredom
160,pestilence,nsaṅ yare
160,pestle,owómma
160,pestle,a-
160,pet,koko
160,pet,kõrõkõrõ
160,pet,yèṅ..odo so
160,pet -n.,oba or aboa a wokoko or wokõrõkõrõ no
163,plantation,afu
163,plantation,Ak. afuo
163,plantation,F. e-kwã
163,plantation,As. kōa
163,plantation,"village, n. akurā"
163,planter,okuafo
163,planter,oduafo
163,planter,oṭeufo
163,planter,afu wura
163,planter,odede
163,planter,odefuo
163,plaster,ṅkyekyereanim
163,plaster,ntaresó
163,plaster,ntarehõ
163,plaster,ing of a house) ehõmã
163,plaster,mã(daṅ) hõ
163,plaster,tare hõ or so
163,plate,táforòbóṭo
163,plate,"of gold, sikatére"
163,plate,s. da ne koṅ mu
163,plate,s. bo ne nsa
163,plateau,asasetā a ekõroṅ
163,platform,abaṅ(odaṅ) atifī a eso tā
163,platform,bābi a woamā atā
163,platform,aseṅkāgua
163,play,goru
163,play,go
163,play,goro
163,play,an instrument) bo (sãṅkū)
163,play,hyeṅ (abeṅ)
163,play,"big, di bakõma"
163,play,"dice, tō si-kyi"
163,play,"the hypocrite, ye nyã-twom"
163,play,twa ṅkóntompo
163,play,agoru
163,play,ago
163,play,agoro
163,play,"in which a victim is killed, atopěré"
163,play,de..goru at.
163,play,"plaything, agode"
163,player,ogofó
163,player,Ak. ogofó
163,playful,"to be-, pe agoru"
163,playful,ago
163,playful,agoro
163,plea,asem
163,plea,aperesem
163,plea,ṅkataso
163,plea,gyinae
163,plead,pere
163,plead,di
163,plead,"he -s for him, odi mã no"
163,plead,"for his party, odi koṅ'afā"
163,plead,"he did his best in -ing, but of no avail, odii dii, na antetam"
163,pleasant,de
163,pleasant,deu
163,pleasant,fe
163,pleasant,feu
163,pleasant,"ness, ode(u)"
163,pleasant,"the play is not-, agoro no nsó"
163,please,so ani
163,please,ye fe
163,please,ye de
163,pleasure,anigye
163,pleasure,anikã
163,pleasure,anisode
163,pleasure,anisọ
163,pledge,awowa
163,pledge,pl. ṅw-
163,pledge,v. si awowa
163,pledge,"to take a-, gye awowa"
163,pledget,ntamā a wode tare kuru ani or wode ye oyare hõ ade
163,Pleiad(e)s,n. pl. akokoṭaṅ nè ne mma
163,plentiful,beběrē
163,plentiful,pī
163,plentiful,pi pa
163,plentiful,pēwa
163,plentiful,dodo
163,plentiful,dõmãṅkãmã
163,plentiful,"to be-, bu or boro..so"
163,plenty,dodo
163,plot,asasewa
163,plot,afu
163,plot,tūro
163,plot,conspiracy) atirisopãm
163,plot,agyinabone
163,plot,pam obi tiri so
163,plot,tu obi tiri so agyina
163,plot,tu or tutu asu
163,plough,feṭeade
163,plougher,ofentemfo
163,plougher,pl. f-
163,pluck,tëu
163,pluck,paṅ
163,pluck,poṅ
163,pluck,tu
163,pluck,tutu
163,pluck,"off, v. të(u)"
163,pluck,tete(u)
163,plug,ntuano
163,plug,v. tua..ano
163,plumb,pō
163,plumb,bum
163,plummet,tā-hãma
163,plummet,kyerebeṅṅyebo
163,plummet,prumo
163,plunder,fō
163,plunder,fōm
163,plunder,fa dommum
163,plunder,fa asade
163,plunder,n. ṅkuku nè ṅkaka
163,plunderer,ofōfo
163,plunderer,pl. a-
164,plural,dodokãbea
164,plus,ṅkekãhõ seṅkyereṅe
164,ply,pĩa
164,ply,mĩa so
164,ply,ye nsĩ
164,poach,fẅiro mu
164,poach,"sĩna (ṅwa, emaṅ n. a.)"
164,poach,"ẅia ye ha, nea o-kum (ha)nãm ẅia"
164,poacher,nea oṅam ase kum hanãm ẅia
164,pocket,kotoku
164,pocket-book,kotoku mu ṅhõma
164,handkerchief,"dúkú, pl. nn-"
164,knife,opö-
164,pod,(e)hono
164,poem,"dẅom, pl. ṅṅ-"
164,point,ano
164,point,fẅẽti
164,point (stop),nsihọ
164,point (aim),botae
164,point (aim),gyinae
164,point (place),sibea
164,point (chief-),adetitiri
164,point (chief-),asemti
164,point (chief-),akóteṅ
164,point (it has come to the right-),ato bea
164,pointed,fẅireṅfẅireṅ
164,pointed,fẽafẽa
164,poise,kari
164,poison,bore
164,poison,adutõduru
164,poison (v.),tõ aduru
164,pole,"dua, pl. nn-"
164,pole,"abã, pl. mmã"
164,pole,bobãyénteṅ
164,policeman,abaṅ mu nipa
164,policeman,"polisini, pl. -fo"
164,policy,omaṅsofwẽ adẅuma
164,policy,amáṅsem
164,politics,omaṅsofwẽ adẅuma
164,politics,amáṅsem
164,polish,po or trõm hõ
164,polish,"hoa(dẅetẹ, dade) hõ"
164,polite,agῠasoba
164,polite,ogῠasémní
164,polite,"nea opọr wapo, onim agῠasemde yg"
164,politeness,"aguasém`dé, opọ"
164,poll,sésere
164,poll,hū so
164,poll,ti (atiko)
164,poll,tikora
164,poll,nnipa diṅ mmoaano
164,pollute,gu hõ fĩ
164,pollute,ye fĩ
164,pollute,hura hõ
164,polygamy,ayeredodo-aware
164,polytheism,anyamedodo sõm
164,pomposity,apompompé
164,pomposity,oye ap
164,pond,otare
164,pond,owóra
164,pond,ekò
164,pool,otare
164,pool,owóra
164,pool,ekò
164,lagoon,baka
164,slough,atẅaatã
164,ponder,susu so
164,ponder,hõ
164,ponder,"di..tirim, dẅeṅ asem"
164,pony,"opọṅkowá, pl. a-"
164,poor,"to be-, di hĩa"
164,poor,ade hĩa (no)
164,poor-man,"oberefo, pl. a-"
164,poor-man,"ohĩani, pl. a--fo"
164,popular,nea ahye
164,popular,hyeta
164,popular,atere
164,popular,nea oyẹ gῠasonipa or omaṅba
164,population,kῠro or omaṅ or asase bi so nnipa or maṅfo
164,populous,nea nnipa dọsõ họ
164,porch,aběrannã
164,porch,apatá
164,porch,ntẅironoá
164,porcupine,"kotókó, pl. a-"
164,pore,hõnam mu or ẅereani nto-kῠru ṅkéteṅkété
164,pork,prakonãm
164,pork,boyãnãm
164,port,hyeṅ-gyiuabea
164,port (door),o-poṅ
164,port (door),abobõ
164,portal,abobõ
164,portal,"opọṅkese, pl. a-"
164,porter,opọṅanofẅefo
164,porter,"opãni, pl. a--fo"
164,porter,"odesoani, pl. a-"
164,porter,adesoafọ
164,porter (beer),potoro (bῠrofo-ahai bi)
164,portfolio,kratã kotoku (a wo-tumi bobọ)
165,portion,de(ade)
165,portion,kyɛfɛ
165,portion,ṅkyemu
165,alloted,ntontodɛ
165,portrait,mfonini
165,portrait,obinsɛso
165,Portugal,Portugal
165,Portugese,Portugesi
165,position,dabea
165,position,gyinabea
165,position,dibea
165,positive,tūrodɔ
165,positive,kotopé
165,positive,kūromūroyaṅ
165,possess,de
165,possess,wɔ
165,possess,kura
165,possession,ade
165,possession,adeɛ
165,possession,nneɛma
165,possession,sodi-ade
165,possession,asase
165,possessor,ɔdede
165,possessor,owura
165,possibility,tumi
165,possibility,wɔyɛ a ɛbɛyɛ
165,post,dua a esi hɔ
165,post,gyinabea
165,post,dibea
165,post,amǎnɛ
165,post-age,mǎnǎṅtɔma hɔ akatua
165,post-man,amǎnǎdekurafo
165,post-master,amǎnǎefwɛfo
165,post-office,amǎnɛ
165,posthumous,nea n'agya wu akyi wowoo no
165,postpone,tu..hyɛ da
165,postpone,bɔ to hɔ
165,pot,bonsuá
165,pot,ahinawá
165,pot,ahina
165,pot,kuku
165,pot,kàkutu
165,pot,osɛṅ
165,pot,opódɔ
165,pot,oposi
165,pot,kúṅkūma
165,pot-ladle,bebeta
165,pot-sherd,kyemfere
165,potato,būrofo-ntɔmmo
165,potato,būrodwɛbɛ
165,pother,gyegyɛgye
165,pother,sàkasaka
165,potter,okukuṅwemfo
165,potter,oṅwemfo
165,potter-clay,ebog
165,potter-clay,aṅwemmo
165,potter-trade,ṅkukuṅwene
165,potter-trade,aṅwene
165,pottery,ṅkuku nɛ ṅkaka
165,pottery-place,ṅkukuṅwene fi or daṅ
165,pouch,kotokú
165,pouch-bird,apiretwɛa
165,poultry,ṅkoko
165,poultry,dabodabo
165,poultry,ṅkrakum
165,pounce,si
165,pounce,osánsá si
165,pound,si
165,pound,wɔ
165,pound,poto
165,pound-weight,karibo
165,pound-cash,suru
165,pound-cash,boa
165,pounder,owómma
165,pour,fwie
165,pour,gu
165,pour,fwie or kǎ..gu
165,poverty,ohĩa
165,poverty,ohĩa de no
165,poverty,ohĩa hĩa or akǎ no
165,powder,mfutuma
165,powder-medic,aduru a woayam or woasi no fékɔ
165,powder-gun,atuduru
165,powder-cask,akótowa
165,powder-cask,okwádúm
165,powder-cask,atentením
165,powder-case,odàṅká
165,powder-horn,odàṅká
165,powder-flask,odàṅká
165,powdered,dúku
165,powdered,dúkuduku
165,powdered,fékɔ
165,powdered,fékofeko
165,power,hɔ kwaṅ
165,power,ahɔɔdeṅ
165,power,tumi
165,power-troops,edɔm
166,"powerful, person",otumfo
166,"powerful, person",ohɔɔdenfo
166,"powerful, person",obɛraṅ
166,"powerless, to become",wu
166,"powerless, to become",ano kum
166,practice,adeye
166,practice,d̆wumadi
166,practice,nyan-sã
166,"practice, habitual",atóremùadé
166,"practice, habitual",amánne
166,practise,ye
166,practise,di
166,practise,tā ye
166,practise,nyă nyee
166,practitioner,nea odi d̆wuma
166,prairie,sareso
166,prairie,serem
166,prairie,sereso
166,praise,kamfo
166,praise,yi aye
166,praise,bo din (pa)
166,praise,mõmã
166,prattle,twa ṅkŭrodo
166,prattle,ano ye bĕrebĕre or bétebete
166,prattle,ye birebire
166,prattle,kŭrokŭro
166,prattle,nea okasa pī
166,prattle,n'a-no ware
166,pray,sore
166,pray,bo mpae
166,pray,yi mpae
166,pray,pa kye
166,pray,kaṅkye
166,prayer,asore
166,prayer,mpae
166,prayer,mpaebo
166,"prayer, book",mpaebo or asore-úhõma
166,"prayer, meeting",mpaebo ṅhyia
166,"prayer, meeting",asore
166,preach,sore
166,preach,kă asem
166,preacher,oseṅkãfo
166,preacher,onyamesemkãfo
166,precede,di kan
166,precede,anim
166,precentor,d̆wontofo
166,precentor,d̆womfrefo
166,precious,nea ebo or ne bo ye deṅ
166,precious,ewo or esõ bo
166,precipice,okŭ
166,"precipice, steep rock",obotaṅ ano f̆wireṅf̆w
166,precipitate,wo..akómfo
166,precisely,pepēpe
166,"precocious, to be",ye pérepere
166,"precocious, to be",ye aperewa
166,"precocious, to be",di mperewasem
166,"precocious, to be",ye pĕrepĕre
166,"precocious, to be",di mpanyinsem
166,predestinate,hye
166,predestination,dapempau
166,predestination,ohyebea
166,predict,kă..sie
166,"predict, prophesy",hye
166,preface,nnianim
166,preface,ṅhyeṅmu
166,prefer,pe
166,prefer,pau
166,prefer,fa
166,prefer,eyi mmom kyeṅ yi
166,preference,ṅkyeṅso
166,pregnancy,afurufa
166,pregnancy,ninseṅ
166,pregnancy,oyem
166,"pregnant, to be, become",ninseṅ
166,"pregnant, to be, become",(n)yem
166,"pregnant, to be, become",fa afuru
166,"pregnant, to be, become",bo duru
166,"pregnant, to be, become",ye opemfo
166,"preliminary, do s.th.",pempeṅ
166,"premature, boy",abĕrantewa
166,"premature, girl",aperewá
166,premises,atrãe
166,premises,ofihyiae
166,premium,akansibo
166,"premium, for work",apensã
166,preparation,nsiesiehõ
166,"preparation, self-",ahõsiesie
166,"preparation, self-",ahõ(boa)boa
166,prepare,siesie
166,prepare,hõ
166,prepare,seseu
166,prepare,yi kwan
166,"prepare, for war",ye or nŏa sã
166,presbyter,asafopanyiṅ
166,presbyter,safomp
166,"presbyter, elders of town",mpayimfo(o)
166,"presbyter, y",asafompanyiṅ ṅhyiam
166,"present, to be",wo ho
166,"present, ly",afei
166,"present, de",sesē
166,"present, de",mpreṅ
166,"present, de",nnansã yi
166,"present, de",mprempreṅ
166,"present, de",sésē ara
166,"present, tense",mpreṅkâbea
166,"present, tense",sēsēkâbea
167,présent,akyede
167,présent,adekyede
167,présent,ayede
167,presént,de kye
167,presént,ye..aye
167,preservation,ogye
167,preservation,ṅkwãgye
167,preserve,gye
167,preserve,gye ṅkwã
167,preserve,kyee so
167,preserve,kora
167,preserve,sie
167,president,otitrãfo
167,press,mĩa
167,press,so
167,press,kyere so
167,press,pĩa
167,press,pũa
167,press,hye(so)
167,press,hõm so
167,press,afiri
167,press,adaka
167,press,ṅkyeresó
167,presumptuous,ani tra..ntoṅ
167,presumptuousness,adehyésém
167,presumptuousness,ahantaṅ
167,pretence,ṅkataso
167,pretension,kwãtéé
167,pretension,ahõhoahoa
167,pretension,ṅkāteanim
167,pretentious,n'ani tra no
167,pretty,fe
167,pretty,fefe
167,pretty,feu
167,pretty,oso
167,prevail,buṅkam or deṅ so
167,prevail,tumi
167,prevail,fa so
167,prevail,di so
167,prevail,di nĩm
167,prevent,si..ano
167,prevent,si..kwaṅ
167,prevent,bo ano
167,prevent,bo gyina
167,previous,okasa-sie
167,previous,opãnyo
167,previously,sie
167,previously,kasa sie
167,previously,di k. sie
167,prey,asade
167,prey,ntuade
167,prey,afōdé
167,price,ebo
167,price,ano
167,price,tibo
167,price,tiade
167,price of goods,akano
167,low price,abosiri
167,low price,abogméré
167,priceless,nea enni bo
167,price,kyere or di ano
167,price,bo or kyere bo
167,price,tua ka
167,prick,wo
167,prick,ye hẽnehẽne
167,prick,keka
167,prick (pierce),fiti (mu)
167,prickle,nsoe
167,prickle,ṅkasae
167,prickly heat,fifisẽ
167,pride,ahántaṅ
167,pride,ahõkyere
167,pride,ahõhoahoa
167,pride,ahupō
167,priest,osofo
167,fetish priest,okòmfó
167,fetish priest,obòsomfó
167,high priest,osofopanyiṅ
167,prig,wia
167,primary,nea edi brb. kaṅ
167,prince,ohene
167,prince,obirempoṅ
167,prince,bákōmã
167,prince,bápoṅma
167,prince,otitiri
167,prince,oheneba
167,principal,opanyiṅ
167,principal,owura
167,principal,titiri
167,principal stock,sikataṅ
167,principal stock,sikateṅ
167,principal sum,sĩmũ
167,principal sum,abóteṅ
167,principal thing,akóteṅ
167,principally,titiri
167,principle,gyinae
167,principle,ti
167,principle,asentitiri
167,principle,nnyinasosem
167,print,tintim
167,printing press,tint. afiri
167,prison,afiase
167,prison,duam
167,prison,nneduadaṅ
167,prison,apokyerefofi
167,prison (euph.),kúkum
167,prisoner,odeduani
167,prisoner,opokyereni
167,prisoner of war,dommum
167,private,nea ahinta or wosi so
167,private matters,afisem
167,private matters,nea enyɛ o-maṅ de
167,private person,apapafwekwa
167,private confession,bone-mfua-kã
167,privately,amúntum-àmúm
168,privates,adagya mu
168,privates,barima
168,privates,kote
168,privates,twɛ
168,privilege,hõ kwaṅ a obi nyã or wode mã obi kyeṅ binom
168,privy,dua(so)daṅ
168,privy,dua so
168,privy,duasee
168,privy,maṅkyiri
168,privy,oyañɛ
168,privy,yane
168,privy council,"counsellors, ohene aginamfo"
168,prize,bo bo
168,prize,bu
168,prize,akansi mu akatua
168,prize,asade
168,probable,ebia
168,probable,añfwɛ
168,probation,sofwɛ
168,probation,akyiri-fwɛmu nnyetom
168,probation,wofwɛ akyiri ansã na wogye obi tom
168,probe,fwɛfwɛ mu
168,probe,so..fwɛ
168,problem,ṅṅwɛnhõsɛm
168,problem,osusuhũde
168,problem,koḍwɛnebɛkã
168,proceed,sɛṅ
168,proceed,ko so
168,proceed,anim
168,proceed,nam so
168,process,okwaṅ a wofa so ye brb.
168,process,yebea
168,process,ṅṅoyé
168,process,abéyé
168,procession,nnipa a wonam wũ pere maṅ
168,proclaim,pae
168,proclaim,bo..so
168,proclaim,bo dawuru
168,procrastination,aka-tutú
168,procure,ye
168,procure,ye..fa
168,procure,ye..nyã
168,procure,ye..mã (obi)
168,procure,nsa kã
168,procure,ofaba
168,prodigal,ohofwini
168,prodigal,gyennyentwi
168,prodigal,osatofo
168,prodigal,sapẽ
168,prodigal,oyeraba
168,prodigality,ahofwi
168,prodigality,bo
168,prodigality,asakasɛ
168,prodigality,nnyennyentwi
168,produce,yi
168,produce,yi kyerɛ or ba
168,produce,sõ (aba)
168,produce,wo
168,produce,mfifii
168,produce,"afumnneema (abɛ, ṅṅo, adwɛ, ṅkáteɛ, kòkó n. a.)"
168,produce,efi mu
168,product,aba
168,product,eso ade
168,product,nea
168,profane,huhu
168,profane,ohuhuni
168,profane,hura hõ
168,profane,gu hõ fĩ
168,profane,kum (obosom) ano
168,profaneness,ahuhusɛm
168,profess,kã
168,profess,kã..kyerɛ
168,profit,fa so
168,profit,fa or nyã mfaso
168,profit,mfaso
168,profit,ehõade
168,profit,ehõnsã
168,profligate,ohofwini
168,profligate,ohuhuni
168,profound,be-
168,profound,emu do
168,profuse,ad.fũ
168,profuse,bebɛrɛ
168,profuse,pì
168,profuse,fifiri pram no wò
168,progenitor,nãnã
168,progeny,abusũa
168,progeny,asefo
168,progress,ṅkoso
168,progress,ko auim
168,progress,so
168,prohibit,si..kwaṅ
168,prohibit,kame
168,prohibit,băra
168,prohibit,gu
168,prohibit,"wobɛko a, meṅkame (wo)"
168,prohibition,emõm
168,prohibition,mmăra
168,prohibition,woahye mõm sɛ obiara mmọ so
168,project,bo tirim (pọ)
168,project,cf. plan
168,project,brb. hõ adwene-ṅhyehyeɛ
169,projection,afasudum
169,projection,ṅhyehyeɛ
169,projection,ṅfwɛsode
169,prolong,twɛ
169,prolong,woatwɛ asɛm no ato ho
169,promiscuous,nea edi afra
169,promiscuous,afuntumfra
169,promise,hyɛ ase
169,promise,bo
169,promise,bohyɛ
169,promise,sɛm
169,promise,anowowa
169,promise,nhyɛase
169,promote,pàgyá
169,promote,dibea
169,prompt,ntɛm
169,prompt,pepɛɛpe
169,prone,nea ɛsoɛ
169,prone,ano ba fam
169,pronoun,diṅ nsianaṅmu
169,pronounce,kã
169,pronounce,bo
169,pronounce,bufo
169,pronounce,bubem
169,proof,sofwɛ
169,proof,ṅfwɛso
169,prop,wau
169,prop,support
169,prop,nea wode sũm
169,prop,gye
169,prop,wau brb
169,proper,pa
169,proper,potɛ
169,proper,diṅpa
169,proper,colanut
169,proper,besɛpa
169,proper,besɛtoro
169,proper,yiye
169,proper,pépé
169,proper,akwaṅsoakwaṅso
169,proper,wo-ano wo-ano
169,property,ade
169,property,nneɛma
169,property,ahɔde
169,property,su
169,property,kwaṅso
169,property,kwasafodé
169,prophesy,hyɛ ṅkɔm
169,prophesy,kã adiyisɛm
169,prophet,odiyifo
169,prophet,ṅkomhyɛfo
169,propitiate,pata
169,propitiation,mpátá
169,proportion,ntotohɔ
169,proportion,nsɛsɔ
169,proposal,agyina a wotu obi
169,proposal,kasanyansã a wokyerɛ
169,propose,de..to anim
169,propose,bo tirim
169,propose,kyerɛ..kasanyansã
169,proprietor,odede
169,proprietor,owura
169,prospect,nea ɛda anim
169,prosper,yɛ
169,prosper,di yiye
169,prosper,di
169,prosper,kã fa sãde
169,prosper,kɔ so
169,prosper,nyã ṅkɔso
169,prosper,ba anim
169,prosper,feu
169,prosper,fefɛ
169,prosper,thrive
169,prosper,gyina so
169,prosperity,ṅkɔso
169,prosperity,yiyedi
169,prosperity,ofe
169,prosperous,nea okã
169,prosperous,ofa sãde
169,prosperous,ne kra ye
169,prosperous,odi yiye
169,prosperous,onyã n'adwuma mu ṅkɔso
169,prosperous,sãdedwuma
169,prostitute,ohuhuni
169,prostitute,aguamã
169,prostitute,obãguamã
169,prostitute,mmãṅnuamã
169,prostrate,tɔtɔtɛ
169,prostration,akòtokóto
169,protect,bũ
169,protect,sra
169,protect,fwɛ
169,protect,pere
169,protect,nehõ
169,protect,gye
169,protect,gye..tom
169,protect,obũ n'ade
169,protect,nsrafo sra abaṅ
169,protect,ogye ne nua ti
169,proud,yɛ ahantaṅ
169,proud,kyerɛ nehõ
169,proud,hõmaṅ
169,proud,bo ṅkyekwākyɛma
169,proud,ti ahõ
169,proud,ohantani
169,proud,ohõkyerefo
169,prove,di..hõ adanse
169,prove,kyerɛ mu akwaṅ
169,prove,ky. sɛ ɛte
169,proverb,be
169,proverb,mmɛ
169,proverb,abɛbusɛm
169,proverb,akasabɛbui
169,proverb,wode ayɛ ak.
169,proverb,bu bɛ
169,provide,siesie akyi
169,provide,fwɛ
169,provide,siesie hõ
169,provide,bo akoṅhãma
169,provide,hye..kwaṅ
170,providence,ofwɛ
170,providence,ofwɛsie
170,province,omansiŋ
170,province,omantam
170,provision,ofwɛ
170,provision,ofwɛsie
170,provision,aduaŋ
170,provision (for the way),akwaŋsoduaŋ
170,provision (money),adidide
170,provision (money),akwaŋhyɛde
170,provocation,abufuyi
170,provocation,abohoraŋ
170,provocation,mpoatwã
170,provocation,hunahuna
170,provoke,twa poa
170,provoke,huru bo
170,provoke,yi abufu
170,provoke,hunahuna
170,provoke,yi..tui
170,prowl,kyini
170,prowl,yɛ ha
170,prowl,kɔ afɔ
170,prowl,fa asade
170,prowl,twa dwo
170,prowl,wia
170,prudence,aniteɛ
170,prudence,anidaho
170,prudence,nimdeɛ
170,prudence,nyansã
170,prudence,adwɛmpa
170,prudent,ani te
170,prudent,ani kã ase
170,prudent,nim deɛ
170,prudent,wabɛŋ
170,prudent (person),obanyansãfo
170,prudent (person),obanimdefo
170,prudent (person),obadwɛmmá
170,prudently,nyansãm
170,prudently,nimdeɛ so
170,prune,suã
170,prune,pompaŋ..hõ
170,psalm,dwom
170,psalm,Israel dwom
170,psalm,Onyame ůkŭrofo dwom
170,public,nnipa ṅhĩnã anim
170,public,pefɛ
170,public,gũaso
170,public (voice),nea nnipa (ṅh.) susu na wokã
170,publican,otogyeni
170,publish,pae or kã..gũa so
170,publish (books),tintim ṅhõma toŋ
170,pucker,mmoboe
170,pucker,mpomponoɛ
170,pucker (v.),bobo
170,pucker (v.),pompono
170,pudding,akyiri-aduaŋ bi
170,pudenda,anoso
170,puff (up),ye a-pompompɛ
170,puff (v.),pudũ
170,puff (v.),do wũ
170,pull,twɛ
170,pull,fwim
170,pull,tu
170,pull,tëu
170,pull,paŋ
170,pull,pempaŋ
170,pull,poŋ
170,pull,hoŋ
170,pull,kũ
170,pull (to row),hare
170,pull (off the loin-cloth),tu amõase
170,pullet,akokoba
170,pulp,duaba mu nãm
170,pulp,hũã
170,pulp (v.),yi
170,pulp (v.),hũã
170,pulp (ing place),antwɛrí
170,pulpit,osɛŋkãfo agua
170,pulpit,asɛŋkãgua
170,pulpit,gyinabe
170,pulsation,ntinipere
170,pulse,ntini home
170,pulse,pere
170,pulverise,si fekɔ
170,pulverise,si mã efe
170,pump,afiri a wode twɛ nsu
170,puncheon,hãse
170,pungent,keka
170,pungent,yɛ hyerehyere
170,punish,twɛ..asɔ
170,punish,tua (bone) ka
170,punish,fwɛ
170,punish (fine),di kasa
170,punish (fine),gye sika
170,punish (fine),mã ekã ani
170,punishment,asɔtwɛ
170,punishment,akatua(bone)
170,punishment,esoade
170,punishment,ofwɛ
170,punishment (fine),akasadi
170,punishment (fine),atɛnyi
170,puny,horghoro
170,puny,dõmã
170,puny,dõmãdõmã
170,puny,keteketewa
170,pupa,cf. chrysalis
170,pupa,osã a wadaŋ nehõ ahye kotoku bi mu
170,pupa,abubummabã a oda n'aŋwéne mu
170,puberty,to arrive at-
170,puberty,hĩma
170,puberty,daŋ..hõ
170,puberty,bõe or bone bra
170,pupil,osũani
170,pupil (servant),obõni
170,pupil (servant),abarimã
170,purchase,to
170,purchase,nyã
170,purchase,gye
171,pure,kroṅkroṅ
171,pure,kúrennyeṅ
171,pure,gyennyeneṅ
171,purge,fa ase
171,purge,te..mu
171,purge,te..hõ
171,purgative,afaaseduru
171,purification,ahõdwira
171,purification,aguare
171,purification,ntehõ
171,purify,të(u)
171,purify,dwira hõ
171,purity,ahõtee
171,purloin,beu
171,purloin,bebeu
171,purloin,wia
171,purpose,tirimpo
171,purpose,nsiesiei
171,purposely,to do-
171,purr,kã menewam
171,purr,hǔane ṅkórom
171,purse,sika kotoku
171,purse,fotóo
171,purse,osanã
171,purse,efwëã
171,purse,fweawa
171,purser,sikakorafo
171,purser,ofotoosaṅfo
171,pursue,di akyiri
171,pursue,ti(u)
171,pursue,tã
171,push,si
171,push,sũm
171,push,pĩa
171,push,worọ
171,pussy,agyinamoa
171,pustule,mfówa
171,pustule,atőtõe
171,pustule,ntotoe
171,put,de(fa)..to(hõ)
171,put,"de..si(hye, gu, tã, trã, twëri) bãbi"
171,putrefy,porọsũ
171,puzzle,birimbọ
171,puzzle,ogyígya
171,puzzle,nnyinyaṅbó
171,puzzle,bọ nnyinyaṅ
171,puzzle,gyigya
171,puzzle,bọ birím
171,puzzle,hõ dwiri
171,puzzle,tu..fram
171,Quadrate,ahĩnanaṅ
171,quadruped,tọteboa
171,quail,aboko
171,quake,woso
171,quake,poso
171,quake,hõ sa(u)
171,quake,hõ popo
171,qualify,kyereky- brb. su mu
171,qualify,mã..tumi
171,qualify,bọ hõ hye
171,quality,su
171,quality,baṅ
171,quality,tebea
172,quantity,dodo
172,quantity,adedodo
172,quarrel,kasakasa
172,quarrel,di akamekame
172,quarrel,-ntautau
172,quarrel,-atutuo
172,-twěmãmentwě,hãm
172,quarrel,kõ
172,quarrel,o-nè no anyã
172,quarrel,akasakása
172,quarrel,akamekame
172,quarrel,atutuo
172,quarrel,ohãm
172,quarrel,akõkõ-akõkõ
172,he seeks or begins a-,oyi or ogye m'ano akasak-
172,quareller,omãnefo
172,quareller,otutupefo
172,quarry,abotubea
172,quarry,pã or pae abo
172,quarry-man,obopaefo
172,quarter,nkyem-anaṅ
172,quarter (resting-),asoe
172,quarter (lodging),ofie
172,quarter (lodging),abobõ
172,queen,ohemmea
172,queen,bãhemmã
172,queer,ǹwõǹwã
172,quench,"dum (gya, kanea)"
172,quench,kum (sukom)
172,question,asemmisa
172,quick,ntem
172,quick,ntemntem
172,quick,ntemso
172,quick,harehare
172,quick,ohareso
172,quick,beu
172,quick,fẅimfẅim
172,quick,sorosoro
172,quick,amonom
172,quick,mprempreṅ
172,quick,wẽ
172,quick,wẽwẽ
172,quick,kàmkam
172,"quick, v. to be-",kã..nsa
172,"quick, v. to be-",bo pãṅkraṅ
172,"quick, v. to be-",ye ntem
172,"quick, v. to be-",ye (ne)hõ hare
172,"quick, v. to be-",patu (ye)
172,quickness,ahõghare
172,quickness (of speaking),anoghare
172,quicksighted (person),oniferefo
172,quicksightedness,anifere
172,quiet,kómm
172,quiet,démm
172,quiet,diǹù
172,quiet,kòǹ
172,quiet,dẅodẅõ
172,"quiet, to be-",dẅo
172,"quiet, to be-",..hõ dẅo
172,"quiet, to be-",mu dẅo
172,"quiet, to be-",bo dẅo
172,"quiet, to be-",hõ to
172,"quiet, to be-",ani kã ase
172,"quiet, to be-",ye komm...
172,quiet (from fear),bom
172,quiet (from fear),tem
172,"quiet, v.",pata
172,"quiet, v.",dẅo ani
172,"quiet, v.",dẅudẅo
172,"quiet, v.",mã ti da
172,"quiet, phr.",ne ti ada
172,quill,ntakăra
172,quill,pen
172,quinine,(atiridī ano) aduru bi
172,"quit, v.",gyau
172,"quit, v.",gyã mu
172,"quit, v.",gu
172,quit (finish),ẅie
172,quit (pay off),tua (ka)
172,"quite, ad.",korā
172,"quite, ad.",pèsē
172,"quite, ad.",nyõ
172,"quite, v.",ẅie
172,"quite, v.",sã
172,he is -well,nehõ (ye) pèsē
172,"quiver, v.",popo
172,"quiver, v.",hõ-
172,"quiver, v.",birikyi
172,his eyelashes-,n'aniwa sau
172,"quiver, n.",agyaṅboha
172,"quiver, n.",-kotokú
172,quotient,okyeṅyã
172,Rabbit,adaṅkó
172,rabid,to be-
172,rabid,bo dam
172,rabid,-gyé
172,rabid,gyimi
172,rabid,(n')ani so or (ne) tirim kã
172,rabidness,adámmo
172,rabidness,gyé
172,rabidness,ogyimi
172,race (family),abusũa
172,race (family),ase
172,race (family),asefo
172,race (family),mma
172,race (stature),nnipabaṅ
172,race (running),mmirikatu
172,race (running),akáne
172,race (running),akansi
172,"race, v.",si mmirika
172,"race, v.",håre káne
172,radius,ṅfẅiromufã
172,"raff, v.",pra
172,"raff, v.",prapra
172,"raff, v.",fẅim
172,"raff, v.",fõ
172,"raft, n.",mpuraṅ
172,"raft, n.",mpátá a eṭeṅ nsuani
172,"raft, n.",nsuani mpátá
172,rafter,aparó
172,rafter,damparee
172,rag,ntamago
172,rag,agoago
172,ragamuffin,kwáterekwa
172,"rage, v.",bo dam
172,"rage, v.",bo gyé
172,"rage, v.",gyimi
172,"rage, v.",bo huru
172,"rage, v.",ani do ṅkräṅ
173,rage,anibere
173,rage,abohuru
173,rage,abufu-hye
173,rage,odám
173,ragged,gō
173,ragged,nea atete
173,ragged,kentegō
173,ragged,ntamagō
173,rails,kéteke-adabáṅ
173,railway,adabaṅkwaṅ
173,railway,kéteke-kwaṅ
173,raiment,atade
173,raiment,asofotade
173,raiment,atade nsakrahō
173,rain,osu to
173,rain,ṅwésẽṅwẽsẽ
173,rain,pibibi
173,rain,píbàbababa
173,rain,táradada
173,rain,osu tue
173,rain,osu
173,rain,osutọ
173,rain,nyaṅkōntóṅ
173,rain,nyáṅkōṅsu
173,rain,nsunsŭaṅ
173,rain,nsunsŭansu
173,rain,nyaṅkōm-méremere
173,rain,osu tọ ahuṅm
173,rainy season,asúsō
173,rainy season,asúsō atue
173,rainy season,adom
173,rainy season,adom-mere
173,raise,mã..so
173,raise,si
173,raise,to
173,raise,terẹ mu
173,raise,kãnyaṅ
173,raise,boa ano
173,raise,yèṅ
173,raise,yi
173,raise,gyigye
173,raise,yẹ or nōa sa
173,raise,poṅ dom
173,raisins,asikere-aba
173,rake,ntwẽsodade
173,rake,ohuhuni
173,rally,poṅ dom
173,rally,boa dom
173,ram,oḍwẽnnini
173,ram,adwẽnimmẽṅ
173,ram,poma
173,rammer,tẅenewa
173,ramble,kyiṅ
173,ramble,kyini
173,rampart,aperee
173,rampart,akōpẽmpẽ
173,rampart,pie
173,random,talk at-
173,random,toa nténtéṅ
173,random,to do s. th. at-
173,random,asunsumabo
173,range,mã..sã so
173,range,hyehye brb. ne kwaṅ so
173,range,siesie
173,range,sesẹ
173,range,tẅa mpasŭa
173,rank,dibea
173,rank,kyerepeṅ
173,rank,ntoatoaso
173,rank,onipamū
173,ransak,fō
173,ransak,kọ mpé
173,ransak,fa asáde
173,ransom,agyede
173,ransom,ṅṅwénsã
173,rape,ḍwotẅá
173,rape,mmōnnātō
173,rape,tō mmōnnā
173,rapidly,fẅim
173,rapidly,fẅimfẅim
173,rapidly,nteṃ
173,rapidly,sōrosōro
173,rapids,awórosò
173,rare,eṅka
173,rare,ehō ye nã
173,rare,eye
173,rascal,osesafo
173,rash,gyigyagyigyia
173,rash,gyígyiri
173,rash,kyikyírikyikyíri
173,rash,kàm-kam
173,rash,hyèrebahyereba
173,rashness,nnam
173,rashness,nteṃ
173,rashness,nteṃye
173,rashness,agyigyirisem
173,rashness,anuohyeẹ
173,rasp,tẅitae
173,raspberry,rasberi
173,raspberry,rasberisã
173,rat,okisi
173,ratan,dèmmére
173,ratan,mfeã
173,ratan,kète
173,ratan,oyée
173,rate,ebo
173,rate,ebokwaṅmu
173,rate,etō
173,rate,bo bo
173,rate,hye tōyi
173,rate,kã anim
173,rate,tẅi anim
174,rather,mmom
174,rather,fasã
174,ratio,ntohõ
174,ratio,ntotohõ
174,ratio,nsɛso
174,rattle,gyigye
174,rattle,woroworau
174,rattle,ye pomprãũp
174,rattle,kɛsɛk
174,rattle,wàwà
174,ravage,sɛe
174,ravage,buru
174,ravage,dwiri
174,ravage,butu
174,ravage,fõ
174,rave,bɔ gyé or dam
174,rave,gyimi
174,rave,tirim kã
174,rave,ani dɔ..hõ ńkrãṅ
174,raven,anéné
174,raven,kwãkwãdàbi
174,ravine,oɓoṅkã
174,ravine,osukã
174,ravish,twa or yi dwo
174,ravish,tua
174,ravish,tõ mmõnná
174,ravisher,dẇotwafo
174,ravisher,oɓõnnãtõfo
174,raw,amono
174,raw,mommono
174,ray,nsensaṅe
174,ray,nsensamma
174,razor,oyisékáṅ
174,razor,oyiwáṅ
174,razor,anséèyi
174,reach,du
174,reach,du hõ
174,reach,to
174,reach,sõ (so)
174,reach,nsa kã
174,reach,nsa sõ
174,reach,nsa hyia
174,reach,bɛpem
174,reach,kopem
174,reaction,nsaṅmu
174,reaction,nsaṅmufo
174,read,kaṅ (nhõma)
174,read,keṅkaṅ
174,readiness,ahõsíesie
174,readiness,ahõdaso
174,readiness,ahõboaboa
174,ready,krado
174,ready,waẇie
174,ready,wasiesie nehõ
174,ready,watɛm
174,ready,woatɛm
174,ready,sikamono
174,ready,eda yeṅ ho
174,ready,siesie
174,ready,mónkã 'ntoa
174,ready,woako ntoa mu
174,ready,woṅ nsa ye póripori
174,real,pa
174,real,pòtẽ
174,real,ewom
174,real,ete sã ampa
174,real,eye
174,real,mũ
174,real,eye asɛm mũ
174,realisation,oséyo
174,realisation,ampayo
174,realisation,potẽye
174,realisation,oseadeeyo
174,realise,mã eba (mu)
174,realise,nea woṭoṅ nyã
174,realise,nyã hõ mfaso
174,realise,dannaṅ..hõ
174,really,ampa
174,really,wóm'moá
174,reap,"tẇa (aẇi, emõ)"
174,reap,bu (abũro)
174,reap,tu (sare)
174,reap,nyã - akatua or mfaso
174,reaper,aẇitẇafo
174,rear,mã..so
174,rear,kãnyaṅ
174,rear,siesie
174,rear,yèṅ
174,rear,pã
174,rear,mpã
174,rear,kyidom
174,rear,kata mpã
174,reason,ase
174,reason,ṅhũmu
174,reason,ti
174,reason,tirim
174,reason,adẇene
174,reason,adẇempa
174,reason,pomasi
174,reason,gyinae
174,reason,yiyi ntɛṅ
174,reason,bɔ ṅkũro
174,reason,gye akinnye
174,reason,pẽ mu
174,rebel,omaṅsõfo
174,rebel,omansõtẇẽfo
174,rebel,otũatefo
174,rebellion,mansõ
174,rebellion,atũateɛ
174,rebuild,si or siesie daṅ foforo
174,rebuild,dẇũ daṅ
174,rebuke,kã or tẇi anim
174,rebuke,tẇa tɛkrɛmãfõa (-fãnã)
174,rebuke,bɔ ahohora
174,rebuke,animkã
174,rebuke,ntẇianim
174,rebuke,ahohorabo
174,recall,yi
174,recall,saṅ
174,recall,kae
174,recall,kãkae
174,recall,nea mekãe no
174,recall,mise sã a
174,recall,eye nsã
174,recall,daṅ usee or dua (a woboo me) no
175,recant,daṅ
175,recant,"a curse, daṅ nsee"
175,recant,phr. wadaṅ me dua a oboo me no
175,recantation,okãsaṅ
175,recantation,anodaṅ
175,receipt,akãnsa-ṅhõma
175,receipt,adegye-so-ṅh
175,receive,gye
175,receive,gye tom
175,receive,embrace ye atũ
175,receive,get nsa kã
175,receive,nyã
175,recent,foforo
175,recent,nnansã yi
175,recent,nṅera-ṅkõ
175,reception,ogye
175,reception,ahoho-gye
175,reception,som
175,reception,public- gũasogye
175,reception,gũabo
175,recitation,nea woḳã fi tirim
175,recitation,woḳaṅ no gũaso
175,recitation,nseṅworo
175,recite,ḳã fi tirim
175,recite,kaṅ..gũam
175,reckon,bu
175,reckon,ano
175,reckon,akõntã
175,reckon,ye ak
175,reckon,susu
175,reckon,among bu..fra mu
175,reckon,gu..so
175,reckon,hye..mu
175,reckon,kã..hõ
175,reckon,si so
175,reckon,tĩa
175,reckon,akõntã
175,reckon,bu
175,recognise,hũ
175,recognise,Ak. hunu
175,recognise,nim
175,recollect,kae
175,recollect,kãkae
175,recollect,ani ba so
175,recollect,"he tries to-, ofwẹ ne tirim"
175,recommend,kãmã
175,recommend,kamfokyerẹ
175,recommendation,bodiṅkyerẹ
175,recommendation,abodiṅakyerẹ
175,recompense,hye or si anaṅmu
175,recompense,tua ka
175,recompense,akatua (pa)
175,recompense,ṅhye-anaṅmu
175,recompense,nsianaṅmu
175,reconcile,pata
175,reconcile,kã..bo..hõ
175,reconvalescence,ahõninnim
175,reconvalescence,ahõsaṅ
175,record,kyereu hye..mu
175,record,..de hye tirim fẹ
175,record,ṅkyereutoho
175,record,diṅ-fre-ṅhõma
175,record,sport akánsi-nĩm
175,recourse,ogũaṅtoa
175,recourse,nea ode asem daṅ obi
175,recover,nyã (akyi kwaṅ)
175,recover,nyã bio
175,recover,saṅ nyã
175,recover,fr.sickn. hõ ninnim
175,recover,sãṅ
175,recover,ba (ne)hõ bio
175,recovery,ahõsaṅ
175,recreation,akwãhõsaṅ
175,recreation,ohome
175,rectangle,ahiñanaṅ a ne nsensane a edidi ṅfẉeanim sesẹe
175,rectify,tẹe so
175,rectify,tase or yiyi mu mfomso
175,rectify,daṅ mã esi ne kwaṅ so
175,rectify,"let me- it, mã mentẹe (wo) so"
175,red,kõ
175,red,kokõ
175,red,in cpds. ..bẹṅ
175,red,e. g. osubẹṅ n. a.
175,red,scarlet kóbẹṅ
175,red,..dam
175,red,damãrãmã
175,red,Turkey- adídí
175,red,fiery- yẹṅṅ
175,red,yèmmẹṅṅ
175,red,brown odobẹṅ
175,red,v. bere
175,red,"to be-hot, (dade) do kõ"
175,redden,bere
175,redeem,poṅ
175,redeem,gye
175,redemption,agyede
175,redemption,ogye-adwuma
175,redemption,opoṅ
175,redhot,..ado kõ or srãmsrãm
175,reduce,tẹ(u) or hũaṅ or yi so
175,reduce,bẹre (bo) ase
175,reduction,nteso
175,reduction,nyiso
175,reduction,ṅhũaṅso
175,reduplicate,bo hõ
175,reduplicate,-anim
175,reduplicate,pem-
175,reduplication,mmoho
175,reduplication,mmoanim
175,reduplication,mpemanim
175,reed,ratan demmere
175,reed,pl. un-
175,reed,kète
175,reed,oyẹe
175,reed,mfeã
175,reed,bulrush mmeu
176,reef,obo a ɛtɛre nsu or asase mu
176,reel,him
176,reel,hiṅhim
176,reel,stagger to ntintaṅ
176,refer,de to hɔ
176,refer,de daṅ
176,refer,nea
176,referee,osɛntwamfo
176,refine,po or twi hɔ
176,refine,yi hɔ fi
176,refine,bere (sika) hɔ
176,refine,skim pa (ani)
176,refine,so
176,refine,"well mannered person, okánni"
176,reflect,susu
176,reflect,dwɛn
176,reflect,dwene
176,reform,sesɛ(u)
176,reform,daṅ mu
176,reformation,osɛɛu
176,refresh,mã..hɔ dwo
176,refreshment,mmerɛsu
176,refreshment,mmerɛsã
176,refreshment,ṅkãano
176,refreshment,ṅkãyam
176,refuge,hintabea
176,refuge,gũaṅkobea
176,refuge,gũaṅdobea
176,refuge,"to seek, take-, gũaṅdo"
176,refuge,toa
176,refund,daṅ mã
176,refund,hye mu or -anaṅ
176,refuse,kame
176,refuse,pa
176,refuse,po
176,refuse,mu
176,refuse,adesé
176,refuse,nsã ase pũ
176,refuse,of palmnuts mmɛfɛ
176,refuse,ṅkaéfɔ
176,regain,nyã bio
176,regain,saṅ fa
176,regain,call back poṅ
176,regard,fwɛ
176,regard,bu
176,regard,fa hɔ brb
176,regardless,nea wommu
176,regardless,woṅfwɛ no kyea
176,regardless,"to be-, aniansowa"
176,regent,omaṅkrâdo
176,regent,nea osi ohene anaṅmu (fwɛ omaṅ)
176,regiment,dom or nsrafoku
176,regiment,dom ṅkyekyɛm bi
176,register,diṅfrɛ ṅhõma
176,register,"attendance-, asũaemuba or adwumaye so ṅhõma"
176,registrar,public- omaṅ hɔ ṅhõma (horo) so fwɛfo nɛ ne kyerɛufo
176,registrar,"of marriages, aware hɔ nsɛmkyerɛufo"
176,regret,brb
176,regret,yɛ..ya or ahometé
176,regret,ahõnu
176,regret,brb
176,regret,hɔ awɛrɛho
176,regret,asɛm a ɛyɛ..yá
176,regular,nea ɛfa or ɛnam ne kwaṅ so
176,regular,wo-ano wo-ano
176,regular,nea esi so pɛ
176,regulate,hyehyɛ
176,regulate,siesie
176,regulate,mã ɛfa ne kwaṅ so
176,regulation,rules amammuisɛm
176,regulation,nsiesiemú
176,rehearse,kã ti mu
176,rehearse,kã kyerɛ
176,reign,di hene
176,reign,di..so
176,reign,henni
176,reign,nniso
176,rein,nnarekahãma
176,reinforcement,mmagum
176,reject,tõ..kyene
176,reject,po
176,reject,pa
176,reject,admonition tu (afotu) gu
176,rejoice,ani gye
176,rejoice,yɛ fɛ
176,rejoice,gye ani
176,rejoice,kyekye wɛrɛ
176,rejoin,toa
176,rejoin,"ing, otoá"
176,relate,kã
176,relate,bɔ kaseɛ
176,relate,mã asɛm
176,relate,"d to, bɔ abusũa"
176,relate,refer to fa..hɔ (brb)
176,relation,"relative, -s, onĩ"
176,relation,obusũani
176,relation,abusũa
176,relative,nea ɛbɔ abusũa
176,relative,"pronoun, diṅ ṅhyɛanaṅmu a ɛkã nsɛm 2 bɔm"
176,relax,dwo ani
176,relax,gõ
176,relax,or hodwo mu
176,relax,brb
176,relax,so hũaṅ
177,release,gya okwaṅ
177,release,gyā
177,release,gye
177,release,yi
177,release,okwanto
177,release,ogye
177,release,oyi
177,relic,nnekae
177,relic,nnikae
177,relic,owufo hō ade
177,relic,adaṅkasa
177,religion,onyamesom
177,religion,osōm
177,religious doctrine,onyamesom hō kyere
177,relinguish,daṅ
177,relinguish,gyā..kyene
177,reluctance,ahītee
177,rely,de nehō to..so
177,rely,ani da so
177,rely,tweri
177,rely,dàṅ (obi)
177,remain,ka
177,remain,ka akyiri
177,remain,"trā (ho, mu)"
177,remain,kye
177,remain,"it -s in my ears = makes impression on me, edi m'asōm dẹm"
177,remainder,ṅkaé
177,remainder,nnekae
177,remainder,nnikae
177,remainder,ntwakae
177,remark,hū
177,remark,kae
177,remark,kā
177,remark,hye agyirae
177,remark,asẹm nsō
177,remarkable,atitirimu
177,remarkable,kūnini
177,remarkable,nea eduobo
177,remedy,ano aduru
177,remember,kae
177,remember,ani wọ so
177,remember,ani ba so
177,remember,bọ obi ṅkáé
177,remembrance,ṅkáé
177,remembrance,nnyáfìṅkáé
177,remind,kae (obi)
177,remind,mã..ani ba so
177,remit,soma
177,remit,saṅ
177,remit,tua..ka
177,remit,kye
177,remittance,sikamãṅa
177,remittance,soma
177,remittance,fafiri
177,remnant,"cf. remainder, rest"
177,remonstrate,yiyi nteṅ
177,remote,akyirikyiri
177,remote,tọṅṅ
177,remove,yi (fi) họ
177,remove,yiyi
177,remove,de (fa) ..kọ
177,remove,twi kọ
177,remove,tu so
177,remove,pam
177,remove,tu
177,remove,daṅ dua
177,remove,nseẹ
177,removal,yikọ
177,removal,ntusó
177,rend,sũane
177,rend,sunsũane
177,rend,të(u) mu
177,rend,tetëu
177,rend,pae
177,rend,"rent, prt., gō"
177,rend,ntamagō
177,rend,m'asepatere ayẹ gō
177,render,daṅ
177,render,saṅ de mã
177,render,hye anaṅ mu
177,render,kyere ase
177,render,da..ase
177,render,mã aguare
177,renew,sesẹu
177,renew,yẹ..foforo
177,renew,toa
177,renew,si ne tete anaṅmu
177,renew,dwū (daṅ)
177,renewal,mfũẹmú
177,renewal,ọtoá
177,renounce,pa (gyidi)
177,renounce,pa..họ akyi
177,renounce,hyira..so
177,renouncement,akyipa
177,renouncement,ṅhyiraso
177,renouncement,ahọakyipa
177,renovator,ọpámàgo
177,renown,diṅ
177,renown,dimpa
177,renown,wọ diṅ
177,renown,(ne) diṅ ahye
177,rent,etō
177,rent,apeatō
177,rent,ẹhọ nsã
177,rent,otetee
177,rent,agòagó
177,repair,sesẹu
177,repair,sã
177,repair,tātā
177,repair,tuatua
177,repair,pompam
177,repair,yẹ yiye
177,repair,hye anaṅmu
177,reparation,nsianaṅmu
177,reparation,nsesẹē
177,repay,tua ka
177,repay,daṅ mã
177,repay,hye anaṅmu
177,repeal,saṅ asẹm
177,repeal,mmăra mu
177,repeal,daṅ ani
177,repeal,yi..họ
177,repeat,(kā) si or tī..mu
177,repeat,(kasa) saṅ mu
177,repeat,yẹ..bio
177,repeat,saṅ yẹ..
177,repeat,kā
177,repeat,kā sim'
177,repeat,fea..so
177,repeat,pā so
178,repeatedly,ntoatoaso
178,repeatedly,ntĭmu
178,repetition,ntĭmu
178,repetition,ọkasasaṅmú
178,repent,nŭ nehŏ
178,repent,sakra..adwene
178,replace,hye anaṅmu
178,replace,de beto
178,replace,besi nea ɛda
178,replace,esi
178,reply,bua
178,reply,gye..so
178,report,kaseɛ
178,report,bọ
178,report,amanee
178,report,akwaṅmusɛm
178,report,atesɛm
178,report,ṅkă
178,report,ateṅkă
178,report,nsise
178,report,ahyesɛm
178,report,asɛmhyee
178,reporter,ọbọfo
178,reporter,okyĕăme
178,reporter,ọtéḳọfọ
178,repose,tră ase
178,repose,home
178,repose,da
178,reposit,sie
178,reposit,de..sie
178,reposit,to
178,reposit,hye (bābi)
178,representant,nea ogyina obi anaṅmu
178,representant,anaṅmusifo
178,representant,odimãfo
178,reprehend,kă
178,reprehend,twi anim
178,reprehend,kasa (obi)
178,reprimand,kă
178,reprimand,twi anim
178,reprimand,kasa (obi)
178,reproach,yau
178,reproach,tĕẹtĕɛ
178,reproach,bua..sŏ
178,reproach,si..anim
178,reproach,yi anăṅatĕṅ
178,reprove,yau
178,reprove,tĕẹtĕɛ
178,reprove,bua..sŏ
178,reprove,si..anim
178,reproach,asŏbùá
178,reproach,ye ya
178,reproof,ṅkăanim
178,reproof,ntwianim
178,reptile,aboa a ɛwĕa fam
178,republic,kwasafomăṅ
178,republic,kwà-măṅmăṅ
178,repugnant,eye (me) nyăne
178,repugnant,nyănenyăne
178,repulse,sĭaṅka
178,repulse,tutu
178,repulse,pam
178,repulse,pini dọm
178,reputation,diṅ
178,reputation,nĭdi
178,reputation,ateṅkă (pa)
178,reputation,at. (bọne)
178,repute,susu
178,repute,bu
178,repute,dwene obi
178,request,kyepa
178,request,adesĕrɛ
178,request,sĕrɛ
178,request,pa kyĕ
178,request,bisa
178,require,(de) hye bisa
178,rescue,gye
178,rescue,yi
178,rescue,fwĭm
178,resemble,sɛ
178,resemble,sɛ so
178,resemble,wĭewĭe
178,reserve,nnawase-twăfo
178,reserve,de..sie
178,reserve,kora so
178,reserve,kyee so
178,reserve,n'ano ye duru
178,reserve,ṅkotoakyiri
178,reserve,koto akyiri
178,reservoir,baka
178,reservoir,asubura
178,reservoir,nsu korabe
178,residence,trăbe
178,residence,trăbere
178,residence,ahemfi
178,residence,aheṅkŭro
178,residuum,adesé
178,residuum,adesé-twĭ
178,resign,daṅ
178,resign,gyă mu to họ
178,resign,gyae
178,resign,daṅ..hŏ mă
178,resign,hyira..so
178,resolute,nea ne bo atī
178,resolute,ne bo or koko ye duru
178,resolution,tirimbọ
178,resolution,ebosi
178,resolve,di..tirim
178,resolve,bọ tirim(pọ)
178,resolve,si..bo
178,resolve,koko
178,resort,(tā) hyia (bābi)
178,resort,gŭaṅ toa (obi)
178,resort,gŭaṅ kọ
178,resort,dọ
178,resort,bọ dofọā
178,resort,ṅkokora
178,respect,fere
178,respect,bu
178,respect,ani sọ
178,respect,fwĕ anim
178,respect,bu..kese
178,respect,bā-séwá
178,respect,efere
178,respect,afére
178,respect,obu
178,respect,animfwĕ
178,respecting,nea efa..hŏ brb
178,respecting,făm
179,respire,cf. breathe
179,respond,bua
179,respond,gye..só
179,respond,tua..ano
179,response,nnyeso
179,response,mmuae
179,responsible,nea wọde hǫ asem bisa no
179,rest (remainder),ṅkae
179,rest (remainder),ntwa-kae
179,rest (remainder),siṅ
179,rest (remainder),asiṅasiṅ
179,rest (repose),ǫhome
179,rest (repose),hǫnam (mu) adagye
179,rest (repose),ahǫdwǫ
179,rest (repose),ahomegye
179,rest (repose),n'asǫm adwǫ
179,rest (repose),n'asǫm nṅwǫ no
179,rest,home
179,rest,sǫe
179,rest,hǫ dwǫ
179,rest,ka
179,rest-ing-place,asǫe
179,rest-ing-place,ahomegyebea
179,restless,yẹ petérépètéré
179,restless,kitikiti
179,restless,nehǫ ṅkā nehǫ
179,restless,ǫnua hǫ komm
179,restless,nehǫ ha no
179,restless,hwānyaṅ no
179,restless,pere-
179,restless,nseṅ-
179,restless,tītī-
179,restlessness,kitikitiye
179,restitution (restoration),ǫtoá
179,restitution (restoration),anaṅmuhye
179,restitution (restoration),ṅhyeanaṅmu
179,restitution (restoration),nsianaṅmu
179,restore,sianaṅmu
179,restore,sesẹu
179,restore,daṅ mā
179,restorer,ǫsesẹfo
179,restorer,ǫdáṅmāfo
179,restorer,ǫpámāgo
179,restorer (of life),ṅkwāsiaṅkafo
179,restrain,si ano
179,restrain,si kwaṅ
179,restrain,dwūdwǫ
179,restrain,sĩaṅka
179,restrain,kame
179,result,aba
179,result,..so ade
179,result,nea efi brb. mu (ba)
179,result,epue so
179,result (end),aẅiei
179,resume,fi..ase bio
179,resume,saṅ nū..fū or saṅ koyǫ
179,resurrection,ǫwusǫre
179,resurrection,wunyaṅ
179,retail,di mpewa
179,retail,si kòṅkó
179,retail,danaṅ..hǫ
179,retail (n.),mpewadi
179,retail (n.),kòṅkó-sí
179,retail (n.),license
179,retail (n.),mpewadi hǫ kwaṅmā ṅhǫma
179,retain,so mu
179,retain,saṅ
179,retain,sĩaṅka
179,retaliation,anaṅmuhye
179,retire,pini akyiri
179,retire,twẽ..hǫ
179,retire (for pension),gyae adwūma (kǫ) home
179,retreat,aguā
179,retreat,ṅkyiripini
179,retreat (pension),homedibea
179,retribute,hye anaṅmu
179,retribute,si-
179,return,saṅ (ba)
179,return,saṅ n'akyi or akyiri daṅ nehǫ
179,return (n.),osaṅ
179,return (n.),nsaṅakyiri
179,return (n.),ǫdaṅmā
179,return (n.),akatua
179,return (n.),ṅhyeanaṅmu
179,return (n.),aseda
179,return (answer),mmuae
179,return (gain),mfaso
179,return (s),dẅumadi or tōyi hǫ anobu
179,reveal,yi so
179,reveal,yi adi
179,reveal,yi kyerẹ
179,revealer (of secrets),apẹdeahǫ
179,revenge,aẅere-tǫ or -di
179,revenge (to take),tǫ or di ẅere
179,revenue,nea ọmaṅ nyā tōgye
179,revere,fẹre
179,revere,ani sǫ (obi)
179,reverse,daṅ
179,reverse,sakra
179,reverse,tue
179,reverse,butu
179,reverse,bǫ..abirá
179,reverse (n.),akyiri
179,reverse (n.),abira
179,reverse (take the),bǫ (asẹm) no abira (mā yeṅfẅe)
179,revert,saṅ or fẅe akyi
179,revert,daṅ mu
179,revoke,cf. recant
179,revile,yau
179,revile,di..atẹm
179,revile,sopa
179,revise,fẅe mu
179,revise,saṅ fẹfẹ mu
179,revolt,te atũa
179,revolt,twẽ mansǫ
179,revolution,atũate
179,revolution,mansǫ
179,revolution,-twẽ
180,revolve,twa hɔ (hyia)
180,revolve,di kyiṅhyiá
180,revolve,kyiṅ
180,revolver,atwẹrewá
180,revolver,kodiawúo
180,reward,tua ka
180,reward,tua akatua pa
180,reward,akatuapa
180,reward,esoade
180,rheumatism,okwáhá
180,rheumatism,oséṅmù
180,rheumatism,ahŏtutuo
180,rheumatism,atutuo
180,rhinoceros,ẹsono akyi aboa bi a abẹṅ si ne fẅene so
180,rib,aparō
180,rib,apare
180,rib,kyinié mp.
180,ribbon,(sirikyi) bĕnă
180,ribbon,bámma
180,ribbon,ntamabamma
180,rice,ẹmŏ
180,rice,odum
180,rich,wo or nyă ade
180,rich,wo sika
180,rich,nyă nehŏ
180,rich,di tāmu
180,rich,odefo
180,rich,osikani
180,rich,ghŏnyãfo
180,rich,dẅetiwani
180,rich,obirempŏṅ
180,riches,ade
180,riches,ahŏnyãde
180,riches,adedodo
180,ricinus,adedeṅkrūmá
180,rid,yi fi hŏ or mu
180,rid,gye
180,rid,të(u) hŏ
180,rid,sore hŏ or so
180,rid,brb. sore brb. so
180,rid,tẅĕ
180,rid,yi or nyă ne hŏ fi
180,riddle,abŏrŏmĕ
180,riddle,abr.
180,riddle,abebusem
180,ride,tră (te) opoṅko or teaseenam so
180,ride,da hamaṅkă mu
180,rider,opoṅkofo
180,rider,opoṅko-sotefo
180,rider,bepotifĭ
180,ridge,abósám
180,ridge,mmepo-kyerepèṅ
180,right,pa
180,right,trĕnĕ
180,right,potĕ
180,right,tĕe
180,right,tĕne
180,right,ye
180,right,sẹ
180,right,fata
180,right,di bem
180,right,odi wofẅé
180,right,wom-moá
180,right,wontẅa apau
180,right,nifă
180,right,nsa
180,right,onifăfo
180,right,bem
180,right,bemdi
180,right,ade
180,right,asẹde
180,right,hŏ kwaṅ
180,right,asẹtrĕnĕ
180,right,adetrĕnĕ
180,righteous,trĕnĕ
180,righteous,otrĕnĕni
180,righteous,otĕfo
180,righteous,tĕe
180,righteous,di bem
180,righteous,di mũ
180,righteous,osẹnnẹ
180,righteousness,otĕe
180,righteousness,trĕnĕ
180,righteousness,bemdi
180,righteousness,ne tĕe a ontĕe
180,rigid,kyĕṅkyĕṅkyĕṅ
180,rim,ano
180,rim,mmarehŏ
180,rind,abŏṅ
180,rind,ẹhono
180,rind,ommŏo hŏ bŏṅ ẹ
180,ring,woso or bọ (doṅ)
180,ring,gyigye
180,ring,n'asŏm ye no yoṅṅ
180,ring,kā
180,ring,kàwa
180,ring,petea
180,ring,toṅkokā
180,ring,nŏmâfuru
180,ring,tabaṅ
180,ring,haṅkare
180,ring,haṅkra
180,ring,kontoṅkrŏṅ
180,ring-leader,okotẅĕbĕrefo
180,pad,kahiri
180,pad,kahire
180,pad,kare
180,worm,kóré
180,worm,ponoe
180,ringlet,ṅhwī apoapo
180,ringlet,mpom
180,rinse,hohoro or yi mu
180,rinse,guare
181,"riot, v.",tẽu atũa
181,"riot, v.",twẽ mansõ
181,"riot, v.",revel
181,"riot, v.",bo ahofwi
181,"riot, n.",mansõtwẽ
181,"riot, n.",atũatee
181,"ripe, a.",nea abẽn
181,"ripe, a.",abere
181,"ripe, a.",ahoa
181,"ripe, a.",awo
181,"ripe, a.",abo
181,"ripe, to be, grow-",bẽn
181,"ripe, to be, grow-",bere
181,"ripe, to be, grow-",hoa
181,"ripe, to be, grow-",wo
181,"ripe, to be, grow-",bo
181,"rise, v.",sore
181,"rise, v.",sosọ
181,"rise, v. (of sun)",n. a.
181,"rise, v. (throw up)",pue
181,"rise, v. (throw up)",kukuru
181,"rise, v. (throw up)",hore
181,"rise, v. (price of s. th.)",ebo foro
181,"rise, v. (ascend)",ko soro
181,"rise, v. (prosper)",ko so
181,"rise, v. (prosper)",fi mu
181,"rise, v. (river -s)",ba
181,"rise, v. (revolt)",twẽ mansõ
181,"rise, v. (fig.)",si so
181,"rise, v. (phr. the -ing generation is industrious)",mmofra a woasi so yi yẹ nsi
181,"rise, n.",osore
181,"rise, n.",opue
181,"rise, n. (origin)",mfiase
181,"rise, n. (origin)",aséfí
181,"risk, n.",asiane
181,"risk, n.",kokoyére
181,"risk, n.",esi bābi a asi
181,"risk, n.",owu-owu a
181,"risk, n.",ṅkwã
181,"risk, n.",ṅkwãṅkwã a
181,"risk, n.",owu
181,"risk, v.",de..ṅkwã to..nsam
181,"risk, v.",yere(ne) koko de yẹ brb
181,"rival, n.",okansifo
181,"rival, n. (jealous p.)",oniukufo
181,"rival, n. (jealous p.)",okorafo or kórà
181,"rival, n. (jealous p.)",osidifo
181,"river, n.",asu
181,"river, n.",asu(bọn)teṅ
181,"river, n. (beyond the -)",asúogya
181,"river, n. (bed)",osukã
181,"river, n. (bed)",osuboṅ
181,"river, n. (bed)",obóṅkã
181,"rivulet, n.",asuwa
181,"rivulet, n.",asutemma
181,"road, n.",okwaṅ
181,"road, n.",otempoṅ
181,"road, n.",apoṅkokwaṅ
181,"road, n. (rail -)",adabaṅkwaṅ
181,"road, n. (well-cleared -)",ṅkwammoe
181,"road, n. (bad -)",akwamfõ
181,"road, n. (clearing of -)",akwámmó
181,"roam (about), v.",kyini
181,"roam (about), v.",wo ntwẹ[twẹde]
181,"roar, v.",yẹ hō
181,"roar, v.",bom'
181,"roar, v.",bobom'
181,"roar, v.",sũ
181,"roast, v. (bake in an oven)",tõ
181,"roast, v. (bake in an oven)",tőtõ
181,"roast, v. (fry in a pan or on a roaster)",kye
181,"roast, v. (at the bare fire)",kisã
181,"roast, v. (burn the hair fr. a dead animal)",hũ
181,"rob, v.",wia
181,"rob, v.",bo kroṅ
181,"rob, v.",kroṅo
181,"rob, v.",fõ
181,"rob, v.",yi adwo
181,"rob, v.",twa..dwo
181,"robber, n.",owifo
181,"robber, n.",okromfó
181,"robber, n.",fõfo
181,"robber, n.",odwotwafo
181,"robber, n.",okwaṅmukãfo
181,"robbery, n.",kroṅ
181,"robbery, n.",kroṅo
181,"robbery, n.",akrommo
181,"robbery, n.",adwóyi
181,"robbery, n.",dwotwá
181,"robbery, n.",akwaṅmukã
181,"robe, n.",batakari
181,"robe, n.",adurade
181,"rock, n.",obo
181,"rock, n.",obótaṅ
181,"rock, n.",abósám
181,"rock, n.",botantim
181,"rock, v.",woso
181,"rock, v.",poso
181,"rock, v.",pusu
181,"rock, v. (-ing part.)",pòsoposo
181,"rocket, n.",osramaṅ
181,"rod, n.",dua
181,"rod, n.",nnua
181,"rod, n.",abā
181,"rod, n.",mmā
181,"rod, n. (ram -)",twenewá
181,"rogue, n.",ohofwini
181,"rogue, n.",ose safo
181,"rogue, n.",akwākyére
181,"rogue, n.",obusufo
181,"rogue, n.",osatofo
181,"rogue, n.",osapẽ
181,"roll, v.",pire
181,"roll, v.",muni
181,"roll, v. (fig.)",yantam
181,"roll, v. (-up)",bọto(u)
181,"roll, n.",purú
181,"roll, n. (of tobacco)",kêsi
181,"roof, n.",odaṅ
181,"roof, n.",atifĩ
181,"roof, n.",osuhyẹ
181,"roof, n. (phr. audiatur et altera pars)",osuhyẹfã wommua so
181,"roof, v.",kuru
181,"roof, v.",bo (daṅ) so
181,"room, n.",odaṅ
181,"room, n.",dámpáṅ
181,"room, n. (bed -)",pia
181,"room, n. (bed -)",dabere
181,"room, n. (bed -)",pákùsu
181,"room, n. (store -)",pumpunu
181,"room, n. (drawing -)",asa(so)
181,"room, n. (space)",okwaṅ
181,"room, n. (phr. there is - for you)",okwaṅ da họ mã wo
181,"roomy, a.",hãhãrã
181,"roomy, v.",emu go
181,"roomy, v.",emu bae
182,root,dua ase
182,root,ntini
182,root,ṅhiṅ
182,root,gye ntini
182,root,gye ṅhiṅ
182,root,tim
182,root,atim
182,root,n'ase atim
182,root,ne yam at.
182,root,tu
182,root,tutu
182,root,gu ase
182,root,tore ase
182,rope,ntampe
182,rope,hãma
182,rope,ntomporie
182,rot,pɔrɔ
182,rot,sū
182,rotate,di kyiṅhyia
182,rotate,atwǎsi
182,rotten,fɔ
182,rotten,nea apɔrɔ
182,rotten,asū
182,rotten,pŭróku
182,rotten,nea ne sè apɔrɔ
182,rotten,òye pŭróku
182,rotteness,pɔrɔe
182,rough,aŵereaŵere
182,rough,wěŵerē
182,rough,wòserekā
182,rough,wùrikyerē
182,rough,dua ko
182,rough,sǐā
182,rough,ohupɔni
182,rough,ye hãehãe
182,rough,pupu..ani kyere
182,rough,apŭrukú
182,rough,fufū ap.
182,rough,asɛnnenneṅ
182,round,puru
182,round,kurukuruwa
182,round,korokorowa
182,round,kontoṅkroṅ
182,round,dantabaṅ
182,round,aṅwóramaṅ
182,round,bo kontoṅkroṅ
182,round,twa hō hyia
182,round,kwae
182,round,yi akwa
182,round,kwati kwaṅ
182,round,mãṅ(fa) bābi
182,round,eye ade a woṅkwae(nto ho)
182,rouse,nyaṅ
182,rouse,kànyaṅ
182,rouse,hwãnyaṅ
182,rout,pam
182,rout,tutu
182,rout,kã gu
182,rout,yi(dɔm)
182,rove,kyiṅ
182,rove,kyini
182,rove,tọ wuram
182,rove,bọ kó
182,rover,okwaṅmukãfo
182,rover,kobɔfo
182,rover,kabonnãfo
182,row,kyerepeṅ
182,row,ntoatoaso
182,row,ntọkwa-kõ
182,row,mmātọkwa
182,row,hàre
182,row,F. kwane
182,rower,okwãmfó
182,royal,nea eye ohene dea
182,royal,esę ohene
182,royal,ahenné(e)
182,rub,twi
182,rub,twū
182,rub,twitwi
182,rub,sra
182,rub,posa
182,rub,pọ..hõ
182,rub,kwa(u) ntwomá n. a.
182,rude,apekō
182,rude,ntọkwape-fo
182,rude,otutupefo
182,rudiment,mfitia-de
182,rudiment,sem
182,ruffian,otọṭọbọnéfo
182,ruffian,odwọṭwa-fo
182,ruffian,okwaṅmukãfo
182,rugged,hùtùhùtū
182,ruin,buru
182,ruin,dẅiri
182,ruin,bọ
182,ruin,bobọ
182,ruin,see
182,ruin,afitū
182,ruin,odantu(o)
182,ruin,abansiṅ
182,ruin,amamfó
182,ruin,akŭrofó
182,ruin,afabo
182,ruin,agoago
182,ruin,abu
182,ruin,oburu
182,ruin,osee
182,ruin,obọ
182,ruin,pǎntǎntẅeré
182,ruinous,agō
182,ruinous,odaṅnó
182,rule,di..so
182,rule,panyiṅ
182,rule,hene
182,rule,sensaṅ
182,rule,mmăra
182,rule,amamuisem
182,rule,okwaṅso
182,rule,nfwęso
182,rule,sodi
182,rule,hénni
182,rule,mmăradahọ
182,rule,senea wotā ye no...
182,ruler,sodifo
182,ruler,owura
182,ruler,opanyiṅ
182,ruler,sensaṅdua
182,ruler,susudua
183,rum,mmɔrɔsã
183,rum,"nsã (mereken, gyin, kumbraká)"
183,rum,mpáhyewa
183,ruminant,nea opu ẅesa
183,ruminant,"ani-mal, puẅesafo"
183,ruminant,"fig. meditate nea oda dẅene, osusu ne tirim"
183,ruminate,pu ẅesa
183,ruminate,"fig. meditate dadẅeṅ, susu (ne) tirim"
183,rumour,ṅkã
183,rumour,ateṅkã
183,rumour,nsise
183,rumour,asesem
183,rumour,atesem
183,rumour,akwaṅmusem
183,rump,pã
183,rump,mpã
183,rump,pãm
183,rump,sisi
183,rump,akyi
183,rump,torso akonsiṅ
183,run,de mmirika
183,run,tu (tutu) mmirika
183,run,"after, ti(u), di..akyi"
183,run,"aground (of vessels), (hyeṅ) kotim"
183,run,"bo, gu asu"
183,run,"to or move in a circle, bo or twa aṅworamaṅ"
183,run,phr. wotã yeṅ de yeṅ bo aṅw.
183,run,"off, gũaṅ, të(u)"
183,run,"out, ẅie (mmirikatu)"
183,run,"fig. fẅere, see"
183,run,"over, bu..so"
183,run,"through, fẅiro"
183,runner,obirikatufo
183,runner,nea odi apoṅkonaṅ ase
183,rupture,mpãpae
183,rupture,abu
183,rush,tõ gu (so)
183,rush,bo ko (daṅ mu)
183,rush,bo (hyia)
183,rush,bo kirididi
183,rust,ṅkãnare
183,rust,do ṅkãnare
183,rust,gye (or ye) ṅk
183,rustle,brb. ba wà
183,rustle,ẅim kasá
183,Sabre,ṅkránté
183,Sabre,afõa
183,Sabre,afãná
183,sack,kotoku
183,sack,atẅẽã
183,sack,bó
183,sack,"cloth, atẅẽãtam"
183,sack,aẅeree
183,sacrament,brb. a ehõ të(u)
183,sacrament,dekroṅkroṅ
183,sacrament,adõmmãnãde (asubɔ nè Awurade adidi)
183,sacred,nea ehõ tëu
183,sacred,eye kroṅkroṅ
183,sacred,"history, Israel or nyamemaṅ abasem"
183,sacrifice,bo afore
183,sacrifice,betray yi..mã
183,sacrifice,afore
183,sacrifice,bo
183,sad,"to be-, ẅere aho"
183,sad,mũna
183,sad,di ṅkommo
183,sad,ye mmobomobo
183,sad,ani ye..totòtotò
183,sad,ye sipiripī
183,sadness,aẅereho
183,sadness,yamgya
183,sadness,ṅkommodi
183,sadness,mmobomoboye
183,saddle,opoṅkogua
183,saddle,ate
183,safe,dẅòdẅõ
183,safe,soṅṅ
183,safe,pintiṅṅ
183,safe,"and sound, tótōrotō"
183,safe,phr. wako sa de nehõ aba t.
183,safe,"to be-, nyã ṅkwã"
183,sage,onimdefo
183,sage,onyansãfo
183,sail,aběránnã
183,sailing,nsuanifa
183,sailor,okwãmfó
183,sailor,opofoni
183,sailor,hyeṅmuni
183,sailor,kŭrûni
183,saint,ghõtefo
183,saint,kroṅkroṅni
183,saint,nea ne hõ të(u)
183,"sake, for the-of",nti
183,"sake, for the-of",As.tira
183,Salagha,"pr. n. of town, Sàraha"
183,salary,akatua
183,salary,asránne
183,salary,afrihyiade
183,sale,otɔṅ
183,sale,agŭadefi
183,sale,"wares for-, adetoṅne"
183,sally,pue fi
183,sally,bo yiridi
183,sally,tõ hye or gu..so
184,saloon,asakɛse
184,saloon,patokɛse
184,saloon,o-dámpáṅ
184,salt,ṅkyéne
184,salt,táfódé
184,salt (basket),ṅkyempae
184,salt (to buy),bọ ṅky.
184,salt (the - has lost its savour),ṅky. no nté adem'
184,salt (he is dropping sweetly asleep),n'aniwa soa ṅky. = n'ani kum (kōm) na n'aniwam ayɛ no dedɛde
184,"salt (though he try his best to persuade me, I will not listen to him anymore)",obekā ṅkyene a mẹrentie no bio
184,salt (water),ṅkyene nsu
184,salt (water),brẹkesẹ
184,salt,hyẹ ṅkyene
184,salt (it is sufficiently),ṅkyene atem'
184,salt (excessively),ṅky. atwăm'
184,salt (excessively),ṅky. atwa ṅkwaṅ yi mu
184,salted,ṅkyene-ṅkyéne
184,saltish,ṅkyene-ṅkyéne
184,salty,ṅkyene-ṅkyéne
184,saltpetre,ọbo-so-ṅkyene
184,salutation,ṅkyia
184,salutation,akyẽmã
184,salutation,akyẽ
184,salutation,amo
184,salute,kyia
184,salute,Ak. dẅa
184,salute,mã akyẽ
184,salute,adẅo
184,salute,amo
184,salute,akwaba
184,salvation,ogye
184,salvation,ṅkwāgye
184,salve,ṅkū
184,salve,aduru a wọde sra
184,salve (v.),sra ṅkū
184,salve (v.),aduru
184,salve (v.),fọ(u) ṅṅo
184,same,onoara
184,same,ẹnoara
184,same,koro no ara
184,same (thing or person),bafua
184,sample,úfwẹso
184,sample,ẹsobi
184,sample (of prints),nsàsá(wa)
184,sanctification,ahòtẹe
184,sanctification,ntehō
184,sanctification,kroṅkroṅyẹ
184,sanctification (rite of),ahọḍwira
184,sanction,ẹsoduasi
184,sanction,ogyepene
184,sanction,mpeneso
184,sanction (v.),si..so dua
184,sanction (v.),gye..pene
184,sanction (v.),pene..so
184,sanction (empower),mmati
184,sand,ṅhwẽa
184,sand (bank),ṅhwẽaso
184,sand (flies),ntúmmoa
184,sand (stone),ṅhwẽa-ṅhwẽabo
184,sand (glass),ṅh.dọṅ
184,sandal,mpabọá
184,sandal,ntokota
184,sandal (of wood),ṅkurónnúá
184,sandal (maker),mpabọamfo
184,sane,di mũ
184,sane,..hō ye
184,sane,a-dẅene mu da họ
184,sanguine,ye hye(u)
184,sanguine,wọ ..hō anidaso
184,sap,emu nsu
184,sap,dua mu nsu
184,sash,asẹhmu dukū
184,sash,abọmú
184,sash,ṅ-kyekyeremu
184,satiation,ọmẽ
184,satiety,ọmẽ
184,satin,sirikyi
184,satin,sedāhọrọḍọ
184,satisfaction,anisọ
184,satisfaction,anikã
184,satisfaction,atida
184,satisfaction,ahomekã
184,satisfaction (jud.),mpata
184,satisfaction (jud.),bem
184,satisfaction (for adultery),ayefare
184,satisfaction (for adultery),ayefere
184,satisfaction (for adultery),akátó
184,satisfaction (he has taken satisf.-money from him),"wagye no ayefare or akátó, watọ no ka"
184,satisfied,mẽ
184,satisfied (fig.),(ẹ)sọ (n')ani
184,satisfied (fig.),(n')ani (a)gye
184,satisfied (fig.),(wa)pene
184,satisfy,mẽ
184,satisfy (pacify),pata
184,satisfy (please),sọ ani
184,satisfy (suffice),du
184,satisfy (suffice),du ano
184,satisfy (suffice),dọsọ
184,satisfy (an offended husband),tọ ka or ayefare
184,saturate,dọù
184,saturate,donnọù
184,saturate (phr.),dọù adehoro
184,Saturday,Méméneda
184,Saturday (male person born on),Kwame
184,Saturday (female),Am'má
185,sauce,sōs
185,sauce,srade
185,sauce,ṅkwaṅ
185,saucer,ntāase
185,savage,okwaemuni
185,savage,ohamuni
185,savage,nea n'asɛm ahamsɛm
185,savage,ompɔe
185,savage,nea n'ani yɛ hye
185,savage,nea ne tirim yɛ deṅ
185,savage,otirimodeṅfo
185,save,gye
185,save,yi
185,save,gye ṅkwã
185,save,kyɛe
185,save,kora (so)
185,save,nyã ṅkwã
185,save,gye
185,saving,ogye
185,saving,ṅkwãgye
185,saving,adesokyɛe
185,saving,dwetiribo
185,saviour,ogyéfo
185,saviour,agyeṅkwã
185,saw,twa
185,saw,pae
185,saw,de waṅ twa
185,saw,owaṅ
185,saw,sradā
185,saw,owaṅ
185,saw,sradā ano ntetetutuo
185,saw,mme-rehua
185,saw,sāsēsiefo
185,saw,sāset
185,sawer,nnuapaefo
185,say,se
185,say,kā
185,say,kyere
185,saying,ose
185,saying,asɛm
185,scab,ntutui
185,scald,ntutui
185,scall,ntutui
185,scurf,ntutui
185,scabbard,boha
185,scaffold,apa
185,scaffold,pata
185,scaffold,aseṅɛ-p
185,scald,woro
185,scald,wotere (hõ)
185,scale,bɔṅ
185,scale,hono
185,scale,nsɛnĩa kora
185,scale,antweri
185,scale,atrapoē
185,scale,nsɛnĩa
185,scalene,ahinasã afãṅkye-af
185,scandal,afɛresɛm
185,scandal,aniwude
185,scandal,ahohorade
185,scandalous,tantaṅ
185,scandalous,nea eyɛfere
185,scandalous,aniwu
185,scandalous,ahohora
185,scandalous,ohohorani
185,scar,etwã
185,scar,tirimkãm
185,scarce,ehõ yɛ nã
185,scarce,nnipa pa yɛ nã asase so
185,scarcity,oṅã
185,scarcity,ahuhuá
185,scarcity,oṅom
185,scarcity,aduaṅ
185,scarcity,osukoṅ
185,scarcity,nãṅkoṅ
185,scarcity,tākoṅ
185,scare,bɔ piru
185,scare,yi ahĩ
185,scare,yɛ hɛɛhɛɛ
185,scarf,koṅmu
185,scarf,aseumu dūkū
185,scarlet,damãnmã
185,scarlet,bɛredũm
185,scatter,bɔ.petɛ
185,scatter,bɔ.gu
185,scatter,fɛwete(mu)
185,scene,agorubea
185,scene,afwɛe
185,scene,kyerɛbea
185,scene,nea abɛtom'
185,scent,ehũã
185,scent,ohũãm
185,scent,pãmpãṅ
185,scent,bɔṅ
185,scent,yi hũã
185,scent,bɔṅ
185,scent,hũã
185,scent,hũãm
185,scent,fwɛ
185,scent,hũ
185,scent,tie
185,sceptre,ahempomá
185,scheme,afwɛsode
185,scholar,osũani
185,scholar,osũafo
185,scholar,ṅhõmanimfo
185,scholar,nimdefo
185,school,asũae
185,school,sũabea
185,school,asũafodaṅ
185,school,kyerɛkyerɛfo
185,school,oyɛnfo
185,school,asũafo-sofwɛfo
185,school,srafo
186,scissors,akape
186,scoff,goru hɔ̃
186,scoff,huro
186,scoff,bɔ bi ṅkyɛkyewa or ntwɔm
186,scold,yau
186,scold,yɛ
186,scold,kã or twi anim
186,scold,twitwã..anofɔ̃a
186,scold,bɔ..ahohora
186,scoop,sa
186,scoop,sau
186,scoop,sesa
186,scoop,pee
186,scoop,seṅ
186,scoop,sinseṅ mu
186,scope,tirimbɔ
186,scope,gyinae
186,scope,botae
186,scorch,hye
186,scorch,pirim
186,scorn,goru hɔ̃
186,scorn,huro
186,scorn,yi ahĩ
186,scorn,sopa
186,scorn,bɔ ahohora
186,scorpion,akekantwɛre
186,scour,twi
186,scour,pɔ..hɔ̃
186,scour,kwa(u)
186,scourge,mpire
186,scourge,abã
186,scourge,twɔm
186,scourge,kã (obi) mpire
186,scourge,mmã
186,scourge,twɔm
186,scrapbook,ṅhɔma a wɔkyerɛu sie mu nsɛmma
186,scrape,wɛre
186,scrape,wɛre
186,scrape,twɛre
186,scrape,twɛre-tw-
186,scrape,hũã
186,scrape,fũãne
186,scrape,pa (ṅhɔma) so
186,scrapings,ṅwura
186,scrapings,nsenseneɛ
186,scratch,wɛre
186,scratch,twɛre
186,scratch,ṅworaṅ
186,scratch,tĩ
186,scratch,tĩtĩ
186,scratch,hũane
186,scratch,etwã
186,scratch,atapé
186,scream,sũ (denneṅ)
186,scream,bɔ bɛnã
186,scream,bɔ abubũ
186,scream,bɔṅ
186,screw,mfɛwa
186,screw,kyerewá
186,screw,mfɛwakyimfo
186,screw,ṅkyerewaky
186,scribe,okyerɛufo
186,"Scriptures, Holy",Anyamesɛm ṅhɔma
186,scrotum,efwɛã
186,scrotum,fwɛawa
186,scrub,tuigɔ
186,scrub,akoa-fɔ̃
186,scrub,obofuro
186,scrub,de sapɔ twi
186,scrub,twi brb. ntwĩdeṅ
186,scuffle,kɔ̃ ntɔkwa
186,scuffle,mmãtɔkwa
186,scuffle,akasakása
186,scuffle,ntɔkwa
186,scuffle,mmãtɔkwa
186,scullery,ṅkúku (nè ṅkáka) daṅ
186,scum,ahuru
186,scum,adesé
186,scurf,ahũãnhũãṅ
186,scurf,kuru anim bɔ̃n or bɔ̃nã
186,sea,epo
186,sea,bosonopo
186,sea,su-krãmaṅ
186,sea,ponãm
186,sea,pom'mpatã
186,sea,opofoni
186,sea,a--fo
186,sea,hyeŋmuni
186,sea,mpoãno
186,sea,po so yare
186,sea,mpoano-kũro
186,sea,apowuru
186,sea,epo(mu) nsu
186,seal,nsoano
186,seal,ntimano
186,seal,sukrãmaṅ
186,seal,sɔ ano
186,seal,dagire
186,seam,bu ano
186,seam,pam
186,seam,anobu
186,seam,mmuano
186,seam,mpamɛ
186,seam,mpãpae
186,seam,kãm
186,seam,twã
186,seamstress,opamfo (bã)
186,sear,hye
186,sear,hyehye anim
186,sear,de dade hye aniani
186,sear,kisã
186,search,fwɛ mu
186,search,fwɛfwɛ-
186,search,pɛ
186,search,pɛpɛ
186,search,bore
186,search,tase nsɛm akyi
186,search,twɛ
186,search,hye brb. hɔ akɔtɔ́kɔ
186,searching,apɛpɛe
186,season,bere
186,season,ope
186,season,asusɔ
186,season,asusobere
186,season,adom
186,season,gu..mu ṅkyéne nè mákó
187,seat,agua
187,seat,adw̃a
187,seat,akoṅṅua
187,seat,a-bŭrogua
187,seat,(rough-) dufuá
187,seat,(footstool) mâṅó
187,seat,"(place to sit in, abode) trâbere"
187,seat,trâbeu
187,seat,de..trã ase
187,seat,mă..trã ase
187,second,nea odi ho
187,second,-otĩa or oto so abieṅ or mmiènú
187,second,nea okã ho
187,second,"-time, mprennu ni"
187,secret,ahintasem
187,secret,asisem
187,secret,"in-, kokoam"
187,secret,amúntum-àmúm
187,secret,"do s. th. in a- way, nam ase or ẅiaẅia nehõ ye brb"
187,secretary,okyerεufo
187,secretary,"-of state, omaṅsoafo"
187,secure,de brb.gyina..akyi
187,secure,pata brb. mã egyina
187,secure,(save) gye or yi..fi amane mu
187,security,a(ka)gyinam(di)
187,security,a(ka)baso(di)
187,security,(polit. safety) omaṅṅẅoe
187,security,"to stand -, gyina..akyi, di a(ka)gyinam, di a(ka)basó"
187,sediment,"(e.g. - of palmwine, nsãfufu ase potopoto no) epũ"
187,sediment,"-of earth-worms, asunsoṅ-púpú"
187,sedition,mansõ(tẅẽ)
187,sedition,atŭatee
187,sedition,osoretiá
187,seditionary,omansõ(tẅẽ)fo
187,seduce,gyigye
187,seduce,dãdã
187,seduce,tu(obi)asõ
187,seducer,(onipa) gyigyefo
187,seducer,odãdãfo
187,seduction,asótú
187,seduction,nnãdã
187,see,hũ
187,see,ani bo so
187,see,ani tua
187,see,"-alive, anikãṅ"
187,see,phr. yebehũ no anikãṅ
187,see,"-not well, ani so akata"
187,see,ani ase
187,seed,aba
187,seed,adua
187,seed,duaba
187,seed,(offspring) aséni
187,seed,aséfó
187,seed,-v. gu aba
187,seek,fẅefẅe
187,seek,pe
187,seek,(have in view or have bad intention against) ani sã
187,seek,(pursue) di akyiri
187,seek,"-quarrel, yi..kasa"
187,seek,yi..ano kasa = gye ano akasakása
187,seem,ye (ani so)
187,seem,phr. eye me or oye me se wada
187,seem,eye me se osu beto nne
187,seethe,nõ
187,seethe,huru
187,seize,so mu
187,seize,kyere
187,seize,kita
187,seize,kukuru
187,select,pau (mu)
187,select,yi
187,select,yiyi mu
187,select,sa
187,select,fa
187,self,aṅkasa
187,self,..ara
187,self,..hõ
187,self,"-deceit, ahõdãdã"
187,self,"-deception, ahõsisi"
187,self,"-defence, ahõpere"
187,self,ahõgye
187,self,"-denial, ahõakyipa"
187,self,"-love, ahõpe"
187,self,"-occupation, ahõsotoatoa"
187,self,"-pollution, ahõsee"
187,self,ṅẅehõ
187,selfish,"to be-, ye ahõpe"
187,selfish,amim
187,selfish,pe or do nehõ dodo
187,selfish,ye apeseṅkõnyã
187,selfish,"phr. you are-, wóyè a-pesewóṅkõnyã"
187,selfish,"he is-, oye ap.-neṅkõnyã"
187,sell,toṅ
187,sell,"-by public auction, toṅ..awuośoṅ"
187,sell,"-well, fi gŭa"
187,semicolon,osisaṅ
187,seminary,ayeṅfosŭae
187,seminary,okyerēsŭafi
187,seminary,asofodisŭafi
187,send,mãnã
187,send,soma
188,senior,opanyiṅ
188,sense,ṅkãte
188,sense,ṅkãtede
188,sense,ohũ
188,sense,ote
188,sense,adwene
188,sense,adwempa
188,sense,anitee
188,sense,nyansã
188,sense,ase
188,sense,asee
188,senseless,nea ṅkãtede abo no
188,senseless,adwene or nsusuhõ nni (no) mu
188,sentence,asentia
188,sentence,ose
188,sentence,okasafua
188,sentence,ateṅ
188,sentence,nteṅ
188,sentence,atemmu
188,sentence,sem
188,sentence,ntéṅkyé
188,sentiment,nsusui
188,sentiment,adwene
188,sentinel,oẇemfo
188,sentinel,osrafo
188,separate,pae mu
188,separate,tëu (tete) mu
188,separate,bae
188,separate,guae
188,separate,tẅa mu
188,separate,tẅa kahire mu
188,separate,yẹ aka
188,separation,ntetemu
188,separation,kahirimtẅa
188,separation,akayo
188,sepulchre,oda
188,sepulchre,odamõa
188,serene,to be
188,serene,atëu or ate
188,sergeant,sadšen
188,sergeant,okasagyefo panyin
188,serious,asem a ehõ or akyiri ye deṅ or sõ
188,serious,nea akyirikwaṅ ware
188,sermon,aseṅkã
188,serpent,oẇo
188,serpent,otẅeasee
188,serpent,opanténe
188,serpent,enini
188,serpent,ebòre or oṅãṅkã
188,serpent,akitaosũã
188,serpent,oṗràmiri
188,serpent,okyérebeṅ
188,serpent,ahabàmmóno
188,serpent,ahurutoá
188,serpent,asónawọ
188,serpent,bamiawu
188,serpent,atirenú
188,serpentine,kontoṅkotoṅ
188,serpentine,kontoṅ
188,serpentine,kõntoṅ
188,servant,osomfo
188,servant,abofra
188,servant,obõni
188,servant,gyaaseni
188,servant,abãwa
188,servant,ofinipa
188,servant,ofienipa
188,serve,sõm
188,serve,sore
188,serve,di abõ
188,serve,di pã
188,service,osõm
188,service,dẅuma
188,service,asore
188,service,onyamesom
188,service,anadẅofãsore
188,service,aṅẅummesore
188,service,anopasore
188,servility,akotokóto
188,servility,anisosom
188,servitude,akoaye
188,servitude,afãṅã
188,servitude,onyã
188,session,asetrã
188,session,gẅabó
188,session,ṅhyiam
188,session,sennida
188,session,asenni
188,session,atemmufo atrã ase
188,set,de si
188,set,tã
188,set,to
188,set,trã
188,set,tim
188,set,teu
188,set,hye
188,set,kã toa
188,set,sum or sua afiri
188,set,oẇia to
188,set,tã
188,set,tã wo bo
188,set,de si ho
188,set,tã ho
188,set,trã ase
188,set,hye ṅhõmam
188,set,yi adi
188,set,kyere
188,set,kamfo
189,set off,si kwaṅ so
189,set off,tu kwaṅ
189,set off on commercial journey,tu abatakwaṅ
189,setting of sun,oẅiatobere
189,set a time,hye or to (no) da
189,settle,trã ase
189,settle,siesie
189,settle,sese(u)
189,settle,pata
189,settle a palaver,di aseṅ
189,settle a case,bu nteṅ
189,settle a case,bua aseṅ
189,settle a case,si (aseṅ) gyinae
189,settle,or asase
189,settlement,trãbea
189,settlement,atutrãfo kῠro
189,settler,otubrafo
189,settler,otutrãfo
189,seven,asoṅ
189,seven,nsoṅ
189,seventeen,dúnsóṅ
189,seventy,aduosóṅ
189,seven hundred,ahánsóṅ
189,seven thousand,mpémnsóṅ
189,sever,te
189,sever,tëu
189,sever,te..mu
189,sever,tẅa
189,several,horo
189,several,Ky. hodoo
189,severe,deṅ
189,severe,denneṅ
189,sew,pam (ade)
189,sew,pam or bu atade
189,sewingmachine,adepam afiri
189,shabby,konnúroku
189,shabby,brb. fõ
189,shabby,nea atete
189,shabby,adansa
189,shackle,kyekyere
189,shackle,to mpokyere
189,shade,oṅwini
189,shade,foṅwini
189,shade tree,gyedua
189,shadow,sunsumã
189,shadow,sunsum
189,shadowy,ṅwini
189,shadowy,kusū
189,shady,ṅwini
189,shady,kusū
189,to be shadowy,mã oṅwini
189,to be shadowy,yẹ kusū
189,shaft,agyaṅ
189,shaft handle,asói
189,shaft handle,soduro
189,shaft handle,sokum
189,shaft passage into a mine,ṅkŏrŏṅumu-afae
189,shake,woso
189,shake,poso
189,shake,pusu
189,shake,popo
189,shake him,hiṅhim
189,shake,hõ sau
189,shake to and fro,dėṅkyédėṅkyé
189,shake to and fro,hamaṅkā him d.
189,shake hands,kyia
189,shake hands,Ak. dẅa (nsam)
189,shale,dua hõ hono or abŏṅ
189,shale,abŏnã (biara)
189,shale,hῠãṅ
189,shale,fẅäne
189,shall,sẹ sẹ..
189,shall,hõ
189,sham,sisi
189,sham,dādā
189,sham,di kusum
189,sham,goru
189,shambles,nămgῠa
189,shame,aniwu
189,shame,animguase
189,shame,fẹre
189,shame,anitõ
189,shame,ahohora
189,for shame!,kosẹ!
189,shame,hye or kum aniwu
189,shame,gu ..anim ase
189,he is ashamed,n'ani awu
189,he is ashamed,n'anim agu ase
189,he is ashamed,n'anim a-sĩãm
189,he is ashamed,oferé
189,shamefulness,aniwudeyẹ
189,shameless,nea n'ani ṅwu ade
189,shameless,oṃfere (ade)
189,shameless person,odapãfo
189,shameless person,oniwufo
189,shape,su
189,shape,baṅ
189,shape,dua
189,shard,kyemfere
189,share,kyẹ
189,share,kyekyẹ (mu)
189,share,kyefã
189,share,ṅkyẹmu
189,shark (young one),tẅafóròbi
189,shark (young one),fῠrefῠre
189,shark (full grown),obódede
189,shark (full grown),ésọ
189,sharp,nnam
189,sharp,nnamnam
189,sharp,deṅ
189,sharp,fẹafẹã
189,sharp shooter,nea ue nsa tẹẹ
189,to be sharp,hyehye
189,to be sharp,ano yẹ nam
189,to be sharp-eyed,yẹ oniferefo
189,to be sharp-sighted,yẹ oniferefo
189,sharpen,se(u) ano
189,sharpen,bọ ano
189,sharpness,nnam
189,sharpness,-yẹ
190,shatter,bo
190,shatter,bobo
190,shave,yi
190,shave,yiyi ṅhwĩ ano
190,shavings,nsenseneɛ
190,shawl,ṅṅuguso
190,shawl,ṅkatakoṅmu
190,she,ono
190,she,o
190,she,obea
190,she,obā
190,she,obere
190,shea-butter,ṅkũ
190,shea-tree,krãṅkũ
190,sheaf,efĩ
190,sheaf,afĩafĩ
190,shear,twitwa
190,shear,hũ
190,shear,sesere
190,sheath,boha
190,shed,osaṅ
190,shed,apa
190,shed,patá
190,shed,osésé
190,shed,asesewá
190,shed,fwie
190,shed,gu
190,shed,kã gu
190,shed,petẽ
190,sheep,oguaṅ
190,sheep,ṅ
190,sheep,oguanteṅ
190,sheep,odwane
190,sheet,ntama
190,sheet,gyawurusí
190,sheet,krãtã
190,shelf,agua
190,shelf,sibea
190,shell,bɔṅ
190,shell,a
190,shell,abɔnã
190,shell,ũworã
190,shell,ũworaboa
190,shelter,ṅkõmãnɔã
190,shelter,trãbea
190,shelter,asɔe
190,shepherd,oguaṅfʷɛfo
190,shield,okyem
190,shield,ṅkataso
190,shield,bo hɔ baṅ
190,shift,ohĩatoro
190,shift,anoyihunu
190,shift,sakra
190,shift,akapɛre
190,shift,buak
190,shin,naṅhiṅ
190,shin,nannyehiṅ
190,shine,gyigye
190,shine,hãraṅ
190,shine,hyereṅ
190,shine,hoa
190,shine,pae
190,shine,oẅia
190,shine,afi
190,shine,ẅimtɛu
190,shine,hãṅṅ
190,shine,oṅhãraṅ
190,shine,ohyereṅ
190,shingle,sindere
190,shingle,bo
190,shining,hãṅṅ
190,shining,kãṅṅ
190,shining,hyeṅũ
190,shining,hyẽhyẽ
190,ship,hyeṅ
190,ship,a
190,ship,ahyemma
190,ship,obóntó
190,ship,hyeṅwura
190,ship,asugu
190,ship,hyeṅpamfo
190,shirt,kãmisá
190,shiver,bubu
190,shiver,woso biribiri
190,shiver,hɔ popo
190,shiver,hɔ sau
190,shiver,awou
190,shiver,kyere
190,shock,obó
190,shock,opém
190,shock,oyau
190,shock,ehũtraso
190,shock,hintidua
190,shock,pusu
190,shock,asɛm fa obi yam
190,shock,ne kōma apae ne yam
190,shoe,asepâtere
190,shoe,asepâtere-pamfo
190,shoe,asepâtere-yefo
190,shoe,asepmutâfo
190,shoot,tō
190,shoot,bemma
190,shoot,tuo
190,shoot,fifi
190,shoot,fefe
190,shoot,bɔ tuo
190,shoot,mfifi
190,shoot,mfefee
190,shoot,dẅobɛsáre
190,shoot,dubã
190,shop,agũade-daṅ
190,shop,afiase
190,shop,adetonnaṅ
190,shop,odeṭoṅfo
190,shore,mpoano
190,shore,usuano
190,shore,ano
190,short,tiã
190,short,akwatia
190,short,ketewa
190,short,kũmã
190,short,kakra
190,short,nea eṅkye
190,short,eṅware
190,short,sĩ
190,short,osi sĩ
190,short,oye sĩfó
191,shorten,twa so
191,shorten,twa tia
191,shorten,bu so
191,shot,tuotō
191,shot,aboba
191,shot,prɛmoba
191,shot,tubo
191,shot,korabo
191,shot,mpewá
191,shot,mpenema
191,shot,hâgire
191,shoulder,mmati
191,shoulder,ba(sa)tiri
191,shoulder,bọ no akọṅkọṅ
191,shoulder,fa bọ wo kọṅ hō
191,shout,bom'
191,shout,bọ ose
191,shout,huro
191,shove (in),de..hyẹ mu
191,shovel,wode sau brb.
191,shovel,hanspā
191,shovel,dọtesesadade
191,show,kyerẹ
191,show,kã kyerẹ
191,show,kyerẹ-kyerẹ
191,show,pue
191,shower,tọ
191,shower,gu
191,shrewd,(wa)bĕṅ
191,shrewd,(n')ani
191,shrink,pompono
191,shrink,ṭwintwãm
191,shrink,ṅwĕṅ
191,shrink,bọ pirū
191,shrink,birim
191,shrink,birikyi
191,shrub,dua
191,shrub,duã
191,shrub,nn-
191,shrubbery,akwaewa
191,shrubbery,nnuã
191,shrug,họ popo
191,shrug,birikyi
191,shrug,kã batiri
191,shrug,-mmati
191,shudder,họ ḍwiri
191,shudder,birikyi
191,shun,kyi
191,shun,gũaṅ
191,shun,fere
191,shut,to..mu
191,shut,hini ano
191,shut,bua..so
191,shut,ḍwọm
191,shut,"mũa (aniwa, ano)"
191,shut,mìa (ani)
191,shut,to..mu
191,shutter,apómma
191,shutter,toto mp. no mu
191,shuttle,akorokorowa (...korã)
191,shy,fere
191,shy,suro
191,shy,tëu ṅkãnyaṅ
191,shy,sǒrō
191,shy,asǒ asǒrō
191,shyness,efere
191,shyness,aféré
191,shyness,osuro
191,shyness,ehũ
191,sick,bẹṭẹ
191,sick,sĩãmō
191,sick,oyarefo
191,sick,yare
191,sick,họ nye (no) deṅ
191,sick,As. foé
191,sickness,oyare
191,sickness,nyarewa
191,sickness,asonokã
191,sickness,ahọmere
191,sickness,As. ọfoé
191,side,afã
191,side,ṅkyeṅ
191,side,ṅkyeṅmu
191,side,mfẽ
191,side,mfẽm'
191,side,akwatikwaṅ
191,siege,ntua
191,siege,ntuaabaṅ
191,siege,tua..hyia
191,sigh,gu ahome
191,sigh,si apini
191,sigh,pene
191,sigh,ahome
191,sigh,gu
191,sigh,apinisi
191,sight,ani
191,sight,anim
191,sight,aniwa
191,sight,adehũ
191,sight,adefẅẹ
191,sight,ani-so-ade (hũ)
191,sign,seṅkyerene
191,sign,nsō
191,sign,agyirae
191,sign,hyẹ seṅky.
191,sign,nsō
191,sign,agyirae
191,signal,adafìṭwa seṅkyerene
191,signature,nsaano-diṅ
191,signature,nsō
191,signature,agyirae
191,signification,ase
191,signification,aseẹ
191,signification,ase bẹkọ sa
191,signification,menté bẹ no ase
191,signification,As. sẹ aseẹ bẹkọrọ de no
191,silence,krãnã
191,silence,kommyẹ
191,silence,mũa..ano
191,silence,gyae
191,silence,gyae! mónnyae kasa!
191,silence,mónye komm!
191,silence,tua or mũa ano
191,silence,mã..ye komm
191,silence,diṅṅ
191,silence,dãdã
191,silence,mã ti da
191,silence,ne ti ada
191,silence,kum..aniwu
192,silent,kránã
192,silent,krãnanana
192,silent,diṅn
192,silent,démm
192,silent,kómm
192,silent,kònĩ
192,silent,dékeḍeke
192,silk,seda
192,silk,sirikyi
192,silk-worm,osã a oye sirikyi-asãwa(se kónnore)
192,silk-cotton,ntentrehu(o)
192,silk-cotton tree,onyã
192,silk-cotton tree,onyiná
192,sill,apoṅnua ase(dua no)
192,silly,obátàm
192,silly,okwaseá
192,silly,ogyimfó
192,silly,ogyigyirifo
192,silly,ogyennyentwi
192,silly,tiboṅkósò
192,silly,ototoboṅéfó
192,silver,ḍwete
192,silver-coin,ḍwetebǒnã
192,silver-dross of,ḍw.biṅ-fĩ
192,silver-smith,ḍw.ḍwumfo
192,similar,nea ekọwie or ekoye se brb.
192,similar,se
192,similar,so pe
192,similar,wose díṅ nà wonsé hōnam
192,simple,koro
192,simple,nea enye yo nã
192,simple,safó
192,simpleton,okwasea
192,simpleton,ose
192,simplify,ye or kyere brb.kwantiá so
192,simplify,bu..abugyeṅ
192,simplify,twa tiã
192,simulate,pa mpayare
192,simulate,sũasũa
192,sin,ye bone
192,sin,fòm so
192,sin,tõ mmăra
192,sin,bone
192,sin,adebone
192,sin,mfomso
192,sin,mmăratõ
192,since,ntam
192,since,no
192,since,fi
192,since,kye
192,since,efi
192,since,esĩane se
192,since,nti
192,sincere,opeso
192,sincere,ayamyi
192,to do s.th.,"yi ne yam(fitã, pefẽ) ye brb"
192,sinew,nãm
192,sinew,ntiṅhãma
192,sinew,ahõodeṅ
192,sinew,nea n'apou mu ye deṅ
192,sinful,bone
192,sinful-deed,ade bone
192,sing,ḍwom
192,singing,ńṅwonto
192,singe,hye
192,singe,hõ
192,singe,pirim
192,singer,oḍwontofó
192,single,koro
192,single,fua
192,single,biakõ
192,single,pe
192,single-cowry,niwa
192,single-palmnut,befua
192,single-person,obiakõfo
192,single-not married,osigyafo
192,single-not married,ohõkwafo
192,single-state,(di) sigya
192,singular,adefua
192,sink,to
192,sink,fwe (ase)
192,sink,duru
192,sink,si (ase)
192,sink,ko fam
192,sink,měm
192,sink,da
192,sinner,odeboneyefo
192,sip,fwiro
192,sip,bo fwiro
192,sir,owúrà
192,sir,oẅìrà
192,sirup,mpósi
192,sister,onua
192,sister,onuabea
192,sister,onuawa
192,sister-in-law,onua yere
192,sister-in-law,oyere nuabea
192,sister-in-law,àkúmmã
192,sit,te
192,sit,trã (těnã)
192,sit,ase
192,sit,si
192,sit,tã
192,sit-brood,bū
192,sit-brood,butu (aba so)
192,sit-suit,fata
192,sit-suit,ko (yiye)
192,sit-he is in wealth,otã mu
192,sit-he is in wealth,odi tã mu
192,sit-down,bū
192,sit-down,trã ase
192,sit-in the sun,aẅia
192,sit-up,sore trã ase
192,sit-up,soso
192,sit-up,si pe
192,sisyphus work,ananse-aketeṅwene
192,sitting,gũabo
192,sitting,agyinatu
192,sitting,ńhyiam
192,sitting-place,trãbea
192,sitting-place,bere
192,sitting-place,be(těnã..)
193,situated,da
193,situated,(gu)
193,situation,dabea
193,situation,dibea
193,situation,asetrã
193,six,asĩa
193,six,nsĩa
193,six - hundred,ahánsĩá
193,six - thousand,mpémnsĩá
193,six - finger-child,nsawansĩa
193,six - finger-child,asĩa
193,six - pence,takufã
193,six - persons,bãsĩa
193,sixteen,edúnsĩá
193,sixty,aduosĩa
193,skeleton,ọhõnam nnompe a ẹtoatoam sẹ ete
193,skeleton,ọsãmaṅ
193,sketch,ọkekárè
193,sketch,aniso-adeyo
193,sketch,yẹ or kekare brb. aniso-aniso
193,skilful,nea wabẹṅ brb. mu or wakwadã (adwini n. a.) hõ
193,skill,nyansã
193,skim,off
193,skim,"pa (u̇ṅo, nsã n. a.) ani"
193,skin,hõ
193,skin,wẹre
193,skin,ṅhõma
193,skin,hono
193,skin,kotokú
193,skin,wọre
193,skin,ọwọre aboa no kotoku
193,skip,huru
193,skip,huruhuru
193,skip,di ahurusí
193,skip,tëu akrayám
193,skip,bọ penteṅkwa
193,skip - over,huru tra
193,skip - (fig.),gyau
193,skirmish,di or gye bènné or abènné
193,skirmisher,ọbenneni
193,skirmisher,bennefó
193,skirt,(of garment) ano
193,skirt,mmuano
193,skirt,(border) ohye
193,skirt,tia
193,skirt,..ano
193,skull,tikorã (-korawa)
193,skull,nitiri
193,sky,wim
193,sky,ahuṅmu
193,sky,ọsoro
193,sky - light,atifĩ mfẹnsere
193,slack,yẹ hodwọhodwọ
193,slack,nyã
193,slack,gõ
193,slack,gono
193,slack - (loiter),twëtwẽ nehõ
193,slack - (loiter),twẹṅ (naṅ) ase
193,slackness,ahọtwëtwẽ
193,slackness,ọgọm
193,slander,di or bọ..nseku or nsokodé
193,slander,twiri
193,slander,twa ṅkontompo
193,slander,tõtõ ano
193,slander,twa or bọ to..so
193,slander,yẹ osusukã
193,slander,nseku
193,slander,ntwiri
193,slander,nsokodé
193,slander,ntõtõano
193,slanderer,osekufo
193,slanderer,o-twirifo
193,slap,terẹ nsam bọ
193,slap,bọ nteutẹmẹ or sọtọre
193,slap,Ak. sọtóro
193,slate,sẹrẹti
193,slaughter,kum
193,slaughter,kuṅkum
193,slaughter - (crush),dwọ gu fam
193,slaughter - (crush),dwẹre
193,slaughter,okum
193,slaughter,okuṅkese
193,slave,(male) akoa
193,slave,(female) afãnã
193,slave,onyã
193,slave - (bought-),atọkwã
193,slave - (home-born-),ofienipa
193,slave - (home-born-),ofinipa
193,slave - (servant),ọsomfo
193,slave - (destined for sacrifice),ọkãra
193,slave - (destined for sacrifice),ọkãrã
193,slave - (destined for sacrifice),akyere
193,"slave - (dealer, trader)",nnipa tọfo
193,"slave - (dealer, trader)",ṅkoatọṅfo
193,slave - phr. he calls him his -,ọbọ no anyãbú
193,slavery,ṅkoayẹ
193,slavery,afãnãyẹ
193,slavery,onyãyẹ
193,slay,kum
193,slay,Ak. kū
193,slay - to be slain,tẹ
193,sled,sukyerẹma so teaseẹnam atoroẽ
193,sleep,da
193,sleep,fa mu da
193,sleep - badly,ani sàre dwẹ
193,sleep - at the fire,da
194,slipper,odaṅmu asepatere
194,slippery,pȧtoropatoro
194,slippery,toro
194,slippery,torotoro
194,slit,sũane
194,slit,pae
194,slit,bae
194,slit,guae (mu)
194,slope,kyea
194,slope,tëu mu
194,sloth,akwȧdwɔ́rɔ
194,sloth,aniha
194,sloth,nyȧ
194,sloth,ye
194,sloth,ogɔm
194,slough,dontori
194,slough,atekye
194,slough,dèṅkyedèṅkye
194,slough,As. dotoyaṅ
194,sloven,buru
194,sloven,búrum'
194,sloven,obúfo
194,sloven,o-pȧtȧfó
194,slovenliness,buru
194,slovenliness,apȧtȧ
194,slow,berɛ̄o
194,slow,nyȧ
194,slow,dékedeke
194,slowness,nyȧye
194,slowness,ogɔ́m
194,slowworm,osunsoṅ
194,slowworm,Ak. oson-sóṅ
194,sluggard,okwadwɔfo
194,sluggard,onihafo
194,sluggard,werehunu
194,slumber,tɔ ṅko
194,sly,onitefo
194,small,ketewa
194,small,ṅketeṅkete
194,small,kũmā
194,small,kakrawa
194,small,fetefete
194,small,mfetemfetewa
194,small,nnodowa'nodowa
194,small,mesèmesɛ
194,small,mehɛmehɛ
194,small,sũa
194,small,susũa
194,small-pox,mpeté
194,small-pox,water-chicken
194,small-pox,bɔrompeté
195,smart,wabɛ̃n
195,smart,nea oyɛ wɛ́wɛ́
195,smart,nehɔ̃ twa
195,smart,oyɛ n'ade kàmkàm
195,smart,wàkawàka
195,smash,bo
195,smash,bobo
195,smash,pete
195,smear,so
195,smear,hɔ̃
195,smear,mu
195,smear,kã
195,smear,kekã
195,smear,sumã̃
195,smell,yi hũa
195,smell,bɔ̀̃
195,smell,hũa
195,smell,fwe
195,smell,te hũa
195,smell,hũam tie
195,smell,te
195,smell,h. fwe
195,smell,hũ
195,smell,ehũa
195,smell,ṅkã
195,smell,pămpã̃
195,smelt,nãú
195,smelt,nãne
195,smile,bɔ seretoa
195,smile,sere
195,smile,tĕu anim
195,smite,bɔ
195,smite,kum
195,smite,pira
195,smite,see
195,smite,fwe
195,smith,ɔtɔ̀mfó
195,smithery,atonsuo
195,smithery,tonasúm
195,smoke,owusiu
195,smoke,ǒwisie
195,smoke,fi wusiu
195,smoke,wisie
195,smoke,hɔ̃ nãm
195,smoke,nɔ̃m tã
195,smoke,nɔm abúa
195,smoker,tãnɔ̃mfo
195,smoker,ɔtãdwẽãm
195,smooth,mouommonom
195,smooth,tɔrotɔro
195,smooth,tɔrɔ̃mtɔrɔ̃m
195,smooth,fɛmm
195,smooth,dábɔ̃
195,smooth,akokwa
195,smooth,tɔrotɔró
195,smooth,tɔrɔ̃m
195,smooth,tɔrontɔrɔ̃m
195,smooth,hɔ̃
195,smooth,mu
195,smooth,kokwa
195,smooth,pata
195,smooth,defɛdefɛ
195,smooth,tɔ̃ ade so
195,smother,ye wusiu
195,smoulder,ye wusiu
195,smuggle,di nnukŭrogŭa
195,smutty,fífí
195,smutty,tantã
195,smutty,pɔ̀tɔ̃
195,smutty,dɔ̀té-dɔ̀té
195,smutty,nea eyɛ fere
195,snail,ṅwa
195,snail,ṅwau
195,snail,owánini
195,snail,otopé
195,snail,ṅwáṅwene
195,snake,ɔwɔ
195,snake,ɔtwẽasee
195,snake,opanténe
195,snake,enini
195,snake,ebɔre
195,snake,o-naṅkǎ
195,snake,ɔprãmiri
195,snake,ɔkyérebẽn
195,snake,ahabammóno
195,snake,atirenú
195,snake,asónawɔ
195,snake,ahurutoá
195,snake,bamiawu
195,snake,akitɔsũa
195,snake,osuwɔ
195,snap,so
195,snap,metɔ mesou
195,snap,afiri no hũãn
195,snare,afiri
195,snare,ɔdáanɔ̀
195,snare,okuntúu
195,snare,nteresó
195,snare,héntúa
195,snare,mpéteprã
195,snare,yi
195,snare,yi auɔ̃mã
195,snare,mpatã
195,snare,sum
195,snare,sua afiri
195,snatch,fwĩm
195,snatch,hotiri
195,snatch,h. ne nsam sekãn
195,sneak,dɛdɛ
195,sneak,wɛa
195,sneak,nam dekɛdɛkɛ
195,sneak,bɛrɛɔ
195,sneak,wiawia nehɔ̃
195,sneak,unɛdéeso
195,sneer,yi ahĩ
195,sneer,bu abomfĩa
195,sneeze,ṅwansĩ
195,snooze,tɔ uko
195,snooze,ṅkɔ̃m
195,snore,hũane ṅkóróm
195,snot,fwẽngɔrɔ
195,snot,hẽm
195,snot,fwẽnem
195,snout,ano
195,snout,fwẽne
195,snout,ùhwɛ̃n
195,snow,nsukyerɛma
195,snub,kã
195,snub,twi anim
195,snub,twa so
195,snub,si ano
195,snub,si kwãn
195,snub,sàre
196,snuff,asra
196,snuff,som asra
196,snuffbox,asratoa
196,"snuffers, a pair of candle-",adumgya
196,snuffle,hũãm tie
196,snuffle,"bo fwene or ủhwẽṅ kasa, kasa fwenem"
196,so,sa
196,so,sã
196,so,sẽ
196,so,so..as
196,so,as..so
196,so,senea
196,so,sẹdea
196,so,§268
196,so,sẹ..
196,so,sẹ..(te) neṅ
196,so,"so it is, sẹ ẹte ni or neṅ (ne no)"
196,so,"it is made-, eyi né sẹ(nea) woye no (fa or mã)"
196,soak,dòṅ
196,soak,donnóṅ
196,soak,"clothes for washing, dòṅ ntama"
196,soap,sãmina
196,soap,gyȧre
196,soap,"make -, kye or ye s"
196,sob,si
196,sob,osũ asi no
196,sober,ani da ho
196,sober,"he has become-, n'ani so ate; nsã ate n'ani so"
196,sociable,nim ago
196,sociableness,amanipe
196,sociableness,agoru
196,sociableness,nĩdoye
196,socialism,kososipe
196,socialism,akosọrope
196,socialist,kososidepefo
196,socialist,kosọropefo
196,society,asafo
196,society,feku
196,society,mfefo
196,society,aguasém
196,society,"of shareholders, okososém"
196,sock,soke
196,sodomite,obaniṅṅuamãṅ
196,sofa,unae
196,sofa,sofa
196,soft,bẹtẹ
196,soft,bẹtẹbẹtẹ
196,soft,"dough, bódọ"
196,soft,bódọ-bodo
196,soft,ntama)bòkọ
196,soft,bòkọb
196,soft,dábọ
196,soft,flattering) dẹfẹ
196,soft,fine-ground) fékọ
196,soft,fékọf
196,soft,múhũmúhũ
196,soft,"feeble, bodily) mméré"
196,soft,bĕrĕbĕrĕ
196,soft,bèrẹō
196,soft,walk-) dékẹdẹkẹ
196,soft,dòṅṅ
196,soft,"bring up-, yẹṅ..pọrọkyéwá"
196,soft,"tongue, oye) tękrẹmãbere"
196,soft,"to become-, dẅudẅo mu"
196,soft,asase no mu adẅ
196,soften,ye (brb.)mmere
196,soften,dẅudẅo
196,softness,mmere(ye)
196,soil,fa
196,soil,fam
196,soil,asase
196,soil,As. dãde
196,soil,dote
196,soil,Ak. nṅotee
196,soil,biri
196,soil,kekã mu
196,soil,ye fĩ
196,soldier,osrâni
196,soldier,okọfo
196,sole,oṅámmóṅ
196,sole,nañase
196,sole,ṅkō
196,sole,ara
196,sole,ṅkutō
196,sole,kōmm
196,sole,nehō kōmm na o-de aba
196,solemn,nea ekura animduru
196,solemn,anim ye fere
196,solemnisation,"of christ. marriage, awareso-ṅhyira (yebea)"
196,solemnisation,"of heath. marriage, asãsi"
196,solemnisation,"of yam-custom & Chief's stool, odẅira"
196,solemnisation,"of a new-built church, asgredaṅ anobue"
196,solemnise,hyira so
196,solemnise,si (ti) nsã
196,solemnise,tẅa dẅira
196,solemnise,bue..ano
196,solid,ye deṅ
196,solid,ase tim
196,solid,emu ye duru
196,solid,di mũ
196,some,ebi
196,some,"§60, 2"
196,some,kakra
196,some,kakrãbi
196,some,ketewãbi
196,some,"§133, 3"
196,some,"body, one, obi"
196,some,ebinom
196,some,"§60, 1"
197,somer-set,afiribú
197,somer-set,afiripatá
197,son,ọbá
197,son,ọbabarima
197,son,ọbabaniṅ
197,son-in-law,obabea kunu
197,son-in-law,ọbá
197,song,eḍwom
197,song,ṅu
197,song,ẹbádwom
197,song,ṅṅwoṅkoro
197,song,odakudw
197,song,dwaedw
197,song,akụrododw
197,song,onnibiamanedw
197,song,kwadw
197,song,saṅkụdw
197,song,agyemannare
197,song,antọrepira
197,song,ayeyidw
197,soon,utem
197,soon,sēsē
197,soon,amónom
197,soon,mpremreṅ
197,soon,anni dabi
197,soon,aṅkyẹ
197,soon,akakụmā
197,soothsay,kănā
197,soothsay,hye ṅkom
197,soothsayer,nyaṅkōnne-kyerefo
197,soothsayer,mpákyiwafo
197,sorcerer,ayéṅ
197,sorcerer,oban-yeṅ
197,sorcerer,ọbáyeṅ
197,sorcerer,ọbayifo
197,sorcerer,ọkọmfó
197,sorcerer,ọbọsomfó
197,sorcerer,osumāufo
197,sorcerer,būfréfó
197,sorcerer,mpákyiwafo
197,sorcerer,ntafoayifo
197,sorcery,bayi
197,sorcery,abayigoru
197,sorcery,asumansem
197,sorcery,ntafoayi
197,sore,ekuru
197,sore,akisikúru
197,sore,kòkoram
197,sore,ṅkuwaṅkúwa
197,sore,anomkúru
197,sore,apirakuru
197,"sore, a.",yẹ or tu kuru
197,"sore, a.",pira
197,"sorrow, n.",aweṛeho
197,"sorrow, n.",amane
197,"sorrow, n.",amanehunu
197,"sorrow, n.",ṅkọmmo
197,"sorrow, n.",yamgya
197,"sorrow, v.",weṛe ho
197,"sorrow, v.",di ṅkọmmo
197,"sorry, a.",nū nehõ
197,"sorry, a.",brb. hō
197,"sorry, a.",eye (no) ya
197,"sorry, a.",yea
197,"sort, n.",esú
197,"sort, n.",baṅ
197,"sort, n.",abóabaṅ
197,"sort, n.",abusũabaṅ
197,"sort, n.",ahoro
197,"sort, n.",ọkása ah. beběrē
197,"sort, n.",bi
197,"sort, n.",eso ntama bi ni
197,"sort, n.",kõ
197,"sort, n.",miṅhũ ntama kõ a ọpe
197,"sot, n.",ọkwasea
197,"sot, n.",tiboṅkósò
197,"soul, n.",ọkăra
197,"soul, n.",sunsum
197,"soul, n.",hoṅhom
197,"sound, v.",gyigye
197,"sound, v.",kă
197,"sound, v.",agyinamoa kă ne menewam
197,"sound, v.",kă asem
197,"sound, v.",bọ
197,"sound, v.",ose
197,"sound, v.",huro
197,"sound, v.",bọ diṅ
197,"sound, v.",hyèṅ
197,"sound, v.",abeṅ
197,"sound, v.",torobento
197,"sound, v.",adakabeṅ
197,"sound, v.",ṅkontwẽ
197,"sound, n.",gyigye
197,"sound, n.",ené
197,"sound, n.",nné
197,"sound, n.",gyegyēgye
197,"sound, a.",pintiṅṅ
197,"sound, a.",kontompe
197,"sound, a.",hõ ye
197,"sound, a.",hõ ye (no) deṅ
197,"sound, a.",di mũ
197,"soundness, n.",pintiṅṅye
197,"soundness, n.",ahõgdeṅ
197,"soundness, n.",akwàhősaṅ
197,"soundness, n.",mũdi
197,"soup, n.",ṅkwaṅ
197,"soup, n.",ṅkítá
197,"soup, n.",ṅkrūma-kwaṅ
197,"soup, n.",mmẹkwaṅ
197,"soup, n.",abẹkw
197,"soup, n.",ṅkàtekwaṅ
198,sour,nyĩnyã-nyĩnyã
198,sour,yerèyereu
198,sour,yèrèdede
198,sour,nyaṅ
198,sour,nyane
198,sour,kau
198,sour,pae
198,source,nsu-aniwa
198,source,nsuti
198,source,subonteṅ atifĩ
198,source,fibea
198,source,ase
198,soursap,Anona muricata
198,soursap,adukúntùṅkúm
198,soursap,Ak. ṅkraṅbōroɓe
198,south,epom'
198,south,po-fãm
198,south,nifã
198,south,fãm
198,south,kesē-fãm
198,sovereign,ohene
198,sovereign,otumfoo
198,sovereign,suru (boa)
198,sow,prako
198,sow,boyā
198,sow,kokotebere
198,sow,batafo
198,sow,dua
198,sow,gu (aba)
198,sow,pẽ
198,sow,petẽ
198,sower,ogufo
198,spacious,kese
198,spacious,teterẽ
198,spacious,hàhãrã
198,spacious,emu gō
198,spacious,emu tere
198,spacious,esõ
198,spade,hanspã
198,spade,dotesaudade
198,Spain,Spania (Sampãyã)
198,Spanish,Spania (Sampãyã)
198,span,nsáma
198,spar,aparó
198,spar,odamparee
198,spare,gye (ṅkwã)
198,spare,kyee (so)
198,spare,bo dwetiri
198,spark,ogya nturuturui
198,sparrow,akasanōmã
198,spawn,apatã ṅkesua
198,speak,kasa
198,speak,kã
198,speak,kã asem
198,speak,kã kyere
198,speaker,okyẽámé
198,speaker,abaṅkyẽámé
198,speaker,aséamán
198,speaker,okasafo
198,speaker,obebhfo
198,spear,peau
198,spear,peme
198,spear,wọ.peau
198,special,titiri
198,special,nea wọbo diṅ ye brb
198,specie,asikamono
198,specie,dare
198,species,esú
198,species,baṅ
198,species,ahoro
198,species,nipa-báṅ
198,species,aboa-
198,specify,bobo
198,specify,toto brb. diṅ (mfuamfua)
198,specimen,sample
198,speckled,ntokoá-ntòkoá
198,speckled,ntokontráma
198,spectacles,fwee
198,spectacles,aniwa afwe-
198,spectre,esẽsã
198,spectre,osãmaṅ
198,speculation,akosobiafwe
198,speditor,omãnãfo
198,speech,okasa
198,speech,asem
198,speech,kasee
198,speech,amanee
198,speech,anobĕrebĕre
198,speed,ntem
198,speed,ye
198,speed,ahōohare
199,spleen,tǎnĩ
199,spleen,Ky. tan
199,spleen,kătwi
199,splendid,hănăhănă
199,splendid,wofẇe a eṅfẇe
199,splendid,dàguã
199,splendid,anuonyam
199,splendor,ahǒhărãṅ
199,splendor,animonyam
199,splinter,duã
199,splinter,hǒ mpǒropǒrowa
199,split,pae
199,spoil,bọ
199,spoil,pǒro
199,spoil,sū
199,spoil,opǒro ne ba or ohyẹ ne ba pǒrọē
199,spoil,afọde
199,spoil,asade
199,spoil,nnomum
199,spoiler,osẹefo
199,spoiler,ofọfo
199,spoke,birimmírim
199,spokesman,okyẹ́áme
199,spokesman,odimãfo
199,spokesman,okasagyefo
199,spoliation,afọ
199,spoliation,asáde
199,spoliation,adẇoyi
199,sponge,osau
199,sponge,tòto
199,sponge,obósáu
199,sponge,brọdewa
199,sponge,ahensáu
199,sponge,sapó
199,sponge,posau
199,sponge,pa
199,sponge,popa
199,sponge,fou
199,sponge,pẹ adifude
199,sponsor,a(ka)gyinamdifo
199,sponsor,akabasodifo
199,sponsor,asubọ hǒ ọdansefo
199,sponsorial,a(ka)gyinam or akabásó hǒ asẹm
199,sponsorship,akagyinam
199,sponsorship,akabásó
199,sponsorship,asubọ hǒ adansedi
199,spoon,atere
199,spoon,kwaṅkorá
199,spoon,atoọ
199,spoon,etá
199,sport,agoru
199,sport,eféṅ
199,sport,eféne
199,sport,ahayo
199,sport,apomu-tẽetẽe
199,sport,"efene hyia a, wọni bio"
200,sport,goru
200,sport,difene
200,sport,twẽ akúrodo
200,sportsman,"nea odi (apomutẽetẽ, nsrabo, akánsí, atwẽ, aháyò, nnõmākõ, darewatõ, adwõkusi) fene"
200,sportsman,(enyẹ n'adwuma pọtẽ)
200,spot,bābi
200,spot,beabi
200,spot,fākõ
200,spot,"on the-, amónom ho"
200,spot,(stain) ṅekãe
200,spot,efĩ
200,spot,pẽ
200,spot,petẽ
200,spot,kekã
200,spot,(fig.) hura hō
200,"spotted, spotty",ṅwõraṅwõraṅ
200,"spotted, spotty",ntokoá-ntokoá
200,"spotted, spotty",ntokontráma
200,"spotted, spotty","beasts with- or striped skin, ṅwõraṅ-ṅwõraṅ-mmoa"
200,spouse,okunu
200,spouse,oyere
200,spouseless,nea odi sigya
200,spout,bo..gu
200,spout,fwie
200,spout,fifi
200,spout,pue fi
200,sprain,hùàn
200,sprain,ne naṅ ah
200,spread,(out) hata
200,spread,(over) kata (so)
200,spread,(the table cloth) tō (poṅ)
200,spread,(a mat) seu (kete)
200,spread,tere
200,spread,mu
200,spread,dādā
200,spread,phr. dua a wotẹe ẹṅkyee na adādā sẹ yi!
200,spread,"(scatter, strew) petẽ"
200,spread,bo..petẽ
200,spread,fwete
200,spread,pansám
200,spread,bo..gu
200,spread,(fig.) hyehye
200,spread,hyeta
200,spread,"phr. his fame has-, n'asẹm ahye, ne diṅ hyetae"
200,spread,"the disease has - over the whole country, oyare no a-hye asase ṅh. so"
200,sprig,dwobesare
200,sprig,dubã
200,sprintliness,nsoáfóro
200,sprintliness,mpófóro
200,spring,hurū
200,spring,h. si
200,spring,(leap over) h. tra
200,spring,"-out, h. fi"
200,spring,(rise above the ground) fi
200,spring,fifi
200,spring,pa
200,spring,pue
200,spring,(cleave) pae
200,spring,(commence) fi ase
200,spring,(origin) mfiase
200,spring,"-time, fefeubere"
200,spring,fifibere
200,spring,"water-, nsuaniwa"
200,spring,nsúti
200,spring,mmasu
200,spring,(clefts) mpāpae
200,springe,afiri
200,springe,also fig.; cf.snare
200,sprinkle,pẽ
200,sprinkle,petẽ
200,sprinkle,dwira
200,sprinkle,"phr. osu bo dwira me daṅ hō nti, ẹhō hyire ṅhĩnã ahohoro"
200,sprout,fefe
200,sprout,nyin
200,sprout,mfefee
200,sprout,mfifii
200,sprout,(shoot) dwobesare
200,sprout,dubã
200,spruce,kầmà
200,spruce,frénkyẽmm
200,spruceness,(ntama or ntade mu) ahōtwẽtwẽ
200,spruceness,frénkyẽmm-ye
200,spume,ahuru
200,spume,Ak. àhúro
200,spunk,mfahũ
200,spunk,(match) būrogya
200,spur,poṅkopĩadade
200,spur,(fig.) ase
200,spur,wo (opoṅko) dade
200,spur,pĩa
200,spurn,(kick) tia
200,spurn,(with hindfoot) tō anaṅkoti
200,spurn,(fling) pa
200,spurn,tō..kyene or gu
200,spurn,"(fig.) - at, to..hō mpẽ"
200,spurn,sopa (obi)
200,sputter,fe ntasu
200,sputter,Ak. ta
200,sputter,te or to ntasuo
200,sputter,hinam
200,sputter,"(talk indistinctly, besebese (n')ano"
200,spy,sra (kwaṅ)
200,spy,fwẽ
200,spy,"-glass, kyékyé"
200,spy,kyikyí
200,spy,osráfó
200,spy,pl. sráfó
200,spy,okwansrafo
200,spy,pl. a-
200,squabble,kasàkàsa
200,squabble,hàm
200,squabble,kō ntokwá
200,squabbler,nnébófó
200,squabbler,omãnefó
200,squabbler,wénãfó
200,squabbler,nea opẹ akasak'- nè kō dã
201,squad,asafo
201,squad,fɛkú
201,squad,dom-ṅkyɛmu
201,squad,domkū
201,squadron,akɔhyɛṅkū
201,squadron,apoṅkofokū
201,squall,sū denneṅ
201,squall,tɛɛtɛɛm
201,squall,oʍɛ̃nafo
201,squall,osūfo
201,squall,osū
201,squall,ntɛɛm
201,squaller,osūfo
201,squaller,oʍɛ̃nafo
201,squander,sɛe
201,squander,fɛre sika
201,squander,bo ahofẅi
201,squander,fwɛté
201,squanderer,sikasɛefo
201,squanderer,ohofẅini
201,squanderer,osatofo
201,square,ahiṅanaṅ
201,square,adáká
201,square,pràmá
201,squat,sɛṅ
201,squat,senseṅ ho
201,squat,koto
201,squat,butu ho
201,squeeze,fɛm
201,squeeze,mìa
201,squeeze,kyĩ
201,squeeze,pɛṅ
201,squeeze,tẅɛ
201,squib,osrãmãmma
201,squint,nyam
201,squint,bu anikye
201,squint,yɛ kyɛu
201,squint,n'ani anyàm
201,squint,n'ani akyɛu
201,squint,onyàm n'ani nifã
201,squirrel,opuro
201,squirrel,opurohemã
201,squirrel,ammoakúá
201,squirrel,adẅere
201,squirrel,otuakwaṅ
201,stab,wou
201,stab,fẅiro
201,stable,mmoadaṅ
201,stable,ṅṅuam
201,stack,safí
201,stack,bobāyémfĩ
201,stack,babā
201,staff,dua
201,staff,poma
201,stag,ofrote
201,stage,adefẅebea
201,stage,gũasogobea
201,stage,hyeṅ-tẅéne
201,stage,dibea
201,stage,atrapoẽ
201,stagger,to ntintáṅ
201,stagger,him
201,stagger,hima
201,stagger,omã ne ti himae
201,stagger,dañe
201,stagnant,nea ɛnsɛṅ
201,stagnant,ɛtã ho diṅṅ
201,stain,kã
201,stain,kekã
201,stain,ye fĩ
201,stain,gu hō fĩ
201,stain,hura hō
201,stain,efĩ
201,stain,ṅkekãe
201,stain,ntama no áyè
201,stain,nsopa
201,stain,aniwuhyé
201,stain,ahohorabó
201,stairs,ntrápóé
201,stairs,antẅérí
201,stairs,atẅereɛ
201,stake,eduá
201,stake,ṅkyia
201,stake,awowa
201,stake,kyia
201,stake,si awowa
201,stake,de.. to ne nsam
201,stake,si bo
201,stale,fĩ
201,stale,fufũfĩ
201,stale,ṅkwaṅfĩ
201,stale,kúkuradabi
201,stale,odáé
201,stale,kókúró
201,stale,tabau
201,stale,aduaṅ no at. = abeṅ atẅam
201,stalk,dutaṅ
201,stalk,būronaṅ
201,stallion,opoṅkonini
201,stammer,po dódó
201,stammer,ye
201,stammer,yare tɛkrɛmãbútū
201,stamp,si
201,stamp,siu
201,stamp,tia
201,stamp,tintim
201,stamp,hye usō
201,stamp,agyirae
202,"stanch, staunch",deṅ
202,"stanch, staunch",denneṅ
202,"stanch, staunch",pintíṅ
202,"stanch, staunch",pa
202,"stanch, staunch",nea ne hō ye deṅ
202,"stanch, staunch",twa
202,stand,gyina
202,stand,si
202,stand,tā
202,stand,gyina mu
202,stand,trã mu
202,stand,bo..gyina
202,stand,tim ho
202,stand,gyina ho pintíṅ
202,stand,anaṅ mu ye deṅ
202,stand,di a(ka)gyinam
202,stand,a-kabaso
202,stand,gyina ka ano
202,stand,di yare no
202,stand,gyina
202,stand,ho
202,stand,si
202,stand,eha na m'ano abesi
202,stand,sore
202,stand,sore gyina
202,standard,hō kwaṅkyere
202,standard,ofraṅkā
202,standing,dibea
202,standing,gyinae
202,standing,gyinabea
202,standing,beu
202,staple,dade kóṭokōrọ
202,staple,gũaso
202,staple,agũadesiebea
202,star,nsoroma
202,starch,kokonté
202,stare (at),(n')ani to (no so)dweṅ
202,stare (at),(n')ani ka (no) so
202,stare (at),fwe hã
202,stare (at),dō
202,stare (at),diṅṅ
202,stare (at),kómm
202,start,bo piru
202,start,bo birim
202,start,pimpini akyi
202,start,pini ṅkyiriṅkyiri
202,start,bo bum
202,start,twi
202,start,wi
202,start,sim'
202,start,si kwaṅ so
202,startle,bo piru
202,startle,birim
202,startle,mpū-nimpū
202,startle,aboa no abo me mp
202,starve,okom
202,starve,sukom tware or kum obi
202,state,kā (n')aṣem
202,state,kyere..ase or mu (akwaṅ)
202,state,yi..ano
202,state,bo ṅkūro
202,state,amaneẹ
202,state,tebea
202,state,dibea
202,state,omaṅ
202,state,omantam
202,state,ahōkyere
202,state,bamkyiniī
202,state,katamaṅ(so)
202,state,bam kyiniẹ
202,statement,aṣem
202,statement,nténne
202,statement,ṅkūrobó
202,statement,kaseé
202,statement,amaneé
202,statesman,nea onim maṅsofwé
202,statesman,omaṅsofwé-panyiṅ
202,station,trābere
202,station,gyinabea
202,station,adwuma-atrāe
202,station,dibea
202,station,atrāe titiri
202,station,mantiá-atrāe
202,station,amānāe
202,station,daṅ
202,station,kéteke-gyinabea
202,stationer,ṅhōmatoṅfo
202,stationer,ṅh.gũadifo
202,stationery,ṅhōma-toṅbea
202,stationery,ṅh.gũa
202,statue,obo
202,statue,dua
202,statue,dade
202,statue,ohoni a woaseṅ
202,statue,woagu no
202,statute,mmāra
202,statute,amammuiṣem
202,statute,emōm
202,statute,nsiesiei
202,statute,nseseue
202,statute,hye(or di) mmāra
202,statute,di mm. so
202,statute,tō mm
202,stay,trā
202,stay,gyina (ho)
202,stay,kye
202,stay,di
202,stay,odii ho nnansā
202,stay,gyina
202,stay,wanni gyina na osaṅbae
202,stay,tweṅ
202,stay,tweṅtweṅ(naṅ)ase
202,stay,saṅ
202,stay,sĩaṅka
202,stay,si(u) kwaṅ or ano
202,stay,sàre
202,stay,tā..bó
203,stay,gyina
203,stay,mũdua
203,stay,akyidua
203,stead,ofã
203,stead,fãkõ
203,stead (in his -),n'anaṅmu
203,stead (bed -),mpá
203,stead (bed -),nnàé
203,steady,ani kã ase
203,steak,nantwĩnăm-trã
203,steal,wia
203,steal,bọ kroṅ
203,steal,krono
203,steal away,wiawia (nehõ) kọ
203,stealth,ṅkokoamsẹm
203,stealth,aẅi
203,stealth,adewia
203,stealth,akrọmmọ
203,stealth,krono
203,stealth (to act by -),nam ase yẹ brb.
203,stealth (to come in by -),wiawia (nehõ) ba mu
203,steam,ahuruhúró
203,steam,botohuhu
203,steam-engine,afiri
203,steamer,owusihyẹṅ
203,steamer,oẅisihyẹṅ
203,steel,apagyà-dade
203,steel-pen,dade
203,steep,kũroṅkũroṅ
203,steer,dannaṅ kúdọ
203,steer,"kyere(hyẹṅ, korọ no) kwaṅ"
203,stem,dua
203,stem,dutaṅ
203,stem (pl.),un-
203,stem (of family),abusũa
203,stem (fig.),siu kwaṅ or ano
203,stem (oppose),di asi
203,stench,hũã
203,stench,pãmpãṅ
203,step,tia
203,step,naute
203,step,pere (kwaṅ)
203,step (move softly),doṅ
203,step (proudly),kyẽa
203,step,atrapoẽ
203,step,quámmóṅ
203,step (pl.),a-
203,step-brother,"agya- or ẹna-oba (-barima, -bã)"
203,step-sister,"agya- or ẹna-oba (-barima, -bã)"
203,step-child,okunu- or oyere-ba
203,sterile (of land),asasewui
203,stern (neuter),nea wabu kyẽneṅ
203,stern (of male),kărăwá
203,stern (of male),ọsatẅo
203,stern (of female),oboniṅ
203,stern (of female),-ini
203,stern (of female),kyẽneṅẽ
203,stew,fọrọfọrọ
203,steward,adiakyiri
203,steward,opiani
203,steward,ofiewẹfo
203,steward,obôni
203,steward (pl.),abôfó
203,stick,wọ
203,stick,bọ
203,stick,hyẹ
203,stick,bata
203,stick,fãm (họ)
203,stick,tua
203,stick,si
203,stick,tìm
203,stick,ka (họ)
203,stick,dua
203,stick,poma
203,stick,abà
203,stick (stay),epám
203,stick (pot-),betetá
203,stick (pot-),bebetá
203,stiff,a.deṅ
203,stiff,kyeṅkyereṅṅ
203,stiff (to grow-),kyẽṅ
203,stiff (to grow-),seṅ
203,stiff (to grow-),sinseṅ
203,stiffness,okyẽṅ
203,stiffness,oséṅ
203,stifle,siu
203,stifle,si mene
203,stifle (my voice fails),asiu me
203,stifle (fig.),siu brb. so
203,still,kómm
203,still,diṅṅ
203,still,démm
203,still,kònī
203,still,krãnã
203,still,kránanana
203,still (to be- from fear),bọm
203,still (to be- from fear),tẹm
203,still (phr.),brb. hõ hũ nti wabọm or watẹm
203,still,pata
203,still,dẅudẅo
203,still,mã..ti da
203,still,tẅa..bo tọ..yam
203,still,da so
203,still,kọ-
203,still,ara
203,still,kyẽu-kyẽṅ ara
203,still,nanso
203,still,eyẹ deṅ ara a
203,stilts,akoṅkoṅ
203,stilts,tùàkróṅtùàkróṅ
203,stilts,nnua-naṅ
203,stilts,nnua-pọṅko (a wọde nante)
203,sting,bọ
203,sting,wọ
203,sting,fẅiro
203,sting,ka
203,sting,keka
203,sting (a wasp has stung me),kotokúrodu abọ me
203,sting,ṅwowọe
203,sting,anoẹnnam
203,stinginess,ayamọṅwene
203,stinginess,kắne
204,stingy,oye ayamoṅwéne
204,stingy,káne
204,stink,hõ bòṅ
204,stink,yi hũã
204,stipulate,di..bo
204,stipulate,hye
204,stipulate,hye or kā to hǫ
204,stipulate,fua
204,stipulate,di fua
204,stipulation,anodi
204,stipulation,ṅkãtohǫ
204,stir,fono
204,stir,fontãṅ
204,stir,paṅhiṅ
204,stir,hintiṅ
204,stir,hwãnyaṅ mu
204,stir,kã
204,stir,kekã
204,stir,kãnyaṅ
204,stir,nũ (nũnũ) mu
204,stir,pũa
204,stir,tane ani
204,stitch,wǫ
204,stitch,pàm
204,stitch,tã mu
204,stock,dua
204,stock,dunsiṅ
204,stock,dutaṅ
204,stock,ase
204,stock,dẅetiri
204,stock,sikataṅ
204,stock,teṅ
204,stockade,aperee
204,stockade,akǫpěmpě
204,stockade,As
204,stocking,stokiṅ
204,stomach,dawadẅá
204,stomach,nsonokęsé
204,stomach,nsonopǫi
204,stomach,yam'kotoku
204,stomach,yafunum
204,stomach,ofuru
204,stomach,yafumpãṅ
204,stone,obo
204,stone,adua
204,stone,aba
204,stone,afwěãbo
204,stone,twábó
204,stone,abofasu
204,stone,obodẅumfo
204,stone,pa abo
204,stone,bǫ abo
204,stone,si(u) abo
204,stony,abo-abō
204,stony,abōm
204,stool,agua
204,stool,akǫṅṅina
204,stool,Ak.-ṅẅa
204,stool,abṷrogua
204,stool,akantaṅṅua
204,stool,mâṅǫ
204,stoop,koto
204,stoop,bǫ (ne)mu ase
204,stoop,"běrę (ne hǫ, ne mu)ase"
204,stoop,si (ne ti) ase
204,stoop,(crook-backed)bu akoṅkommua
204,stoop,adesoa soa nti wabu ak
204,stop,gyina
204,stop,gyae
204,stop,sĩaṅka
204,stop,bǫ..ano
204,stop,si kwaṅ or ano
204,stop,si(u)
204,stop,tua ano
204,stop,sàre
204,stop,soe
204,stop,si
204,stop,eha na m'ano abesi
204,stop,wau mpasṷa ano
204,stop,gyina hǫ! aye yiye!
204,stopper,ntuaano
204,stopple,ntuaano
204,store,afiase
204,store,adekorae
204,store,adekoradaṅ
204,store,akṷá
204,store,abaṅkṷá
204,store,pumpunu
204,storekeeper,ofiepanyiṅ
204,storekeeper,ǫdekorafo
204,storekeeper,opiadifo
204,stork,asukǫṅkǫṅ
204,stork,bakanṷma bi
204,storm,ahum
204,storm,oprannā
204,storm,gyegyēgye
204,storm,asàkasàka
204,storm,ahum tu
204,storm,mframa bǫ denneṅ
204,storm,bǫ (brb. so) dam
204,stormy,hū
204,stormy,hō
204,stormy,kirididi
204,story,asęm
204,story,asęṅkekãe
204,story,asęmma
204,story,anansesęm
204,story,ayésém
204,story,abǫrobǫsęm
204,story,abansoro
204,stout,kese
204,stout,deṅ
204,stout,denneṅ
204,stout,dùkuduku
204,stout,tǫtǫrǫtǫ
204,stout,oběraṷ
204,stout,oběrane
204,stout,ghǫǫdeṅfo
204,stout,ǫtwentẅěmfo
205,stoutness,obɛraṅ
205,stoutness,kɛse(yɛ)
205,stoutness,deṅ(yɛ)
205,stoutness,ahɔ̃odeṅ
205,stove,ofɔ̃nɔ̃nɔ̃
205,stove,mukyia
205,stow,sie
205,stow,kora
205,straight,tɛ
205,straight,tórodō
205,straight,trɛnɛ
205,straight,tɛ
205,straight,tene
205,straight,kɔ ntɛṅ
205,straight,tɛ
205,straight,tórododo
205,straight,(tu)ntɛṅ
205,straighten,tɛ
205,straighten,tɛɛtɛɛ
205,straighten,tene brb
205,straightness,otɛɛ
205,straightness,trɛnɛ(yɛ)
205,straightness,ntɛṅ
205,strain,kã mĩa..mu
205,strain,yere mu
205,strain,kyim
205,strain,sɔṅ so
205,strain,mĩa ani
205,strain,biri mogya ani
205,strain,mmĩaso
205,strain,mmɔdeṅ-traso
205,strain,ahɔ̃yɛre
205,strain,ntɛṅkye
205,strain,anãnãteṅ
205,strain,edwom
205,strain,ǹǹ
205,strain,dwontobea
205,strain,su nè baṅ
205,strain,ase-ade
205,strain,abusũa
205,strain,baṅ
205,strait,afae
205,strait,mpótam
205,strait,ahɔ̃hĩa
205,strait,ahɔ̃kyere
205,strait,ne hɔ̃ hĩa or kyere no
205,strait,n'ani atane
205,strait,pokwantɛã
205,strait,tɛã
205,strait,tɛatɛã
205,strand,mpoano
205,strange,adefoforo
205,strange,ǹwoǹwã
205,strange,sono
205,strange,sora
205,strange,aǹwoǹwãsem
205,strange,asɛm foforo bi
205,stranger,ohoho
205,stranger,oǹãnãni
205,strangle,seṅ
205,strangle,mene
205,strangle,siu mene
205,strangle,mĩa kɔṅ mu kum obi
205,strap,mpire
205,strap,kã mp
205,strap,twɔ́m
205,straw,sare
205,straw,ǹwura
205,straw,guàha
205,straw,pirebi
205,straw,sɛsea
205,straw,sarekye
205,straw,ǹkeresiakye
205,straw,pikyi
205,straw,kyakya
205,stray,yera
205,stray,hãra
205,stray,wọ ntwɛtwɛde
205,stray,kyiṅ
205,stray,kyini
205,streak,sensaṅ
205,streak,ǹworaṅǹworaṅ
205,stream,asu
205,stream,asuteṅ
205,stream,asubɔteṅ
205,stream,ahuhuwá
205,street,bɔ̀ṅ
205,street,abɔteṅ
205,street,bɔ̀rommá
205,street,osɛkye-dùá
205,street,setwɛdua
205,street,abɔteṅkɔ̃
205,street,gyedua
205,strength,ahɔ̃odeṅ
205,strength,deṅ(yɛ)
205,strength,obɛraṅ(yɛ)
205,strength,mmaninyɛ
205,strengthen,hyɛ deṅ
205,strengthen,ahɔ̃odeṅ
205,strengthen,mpãmdeṅ
205,strengthen,hyɛ baniṅha
205,strengthen,ǹkúraṅ
205,strenuous,deṅ
205,strenuous,pa
205,strenuous,mmarimaso
205,stretch,tɛɛ
205,stretch,twɛ(mu)
205,stretch,tere(mu)
205,stretch,yere mu
205,stretch,pɛṅ mu
205,stretch,sã
205,stretch,asu bi sã hɔ
205,stretcher,nnae
205,stretcher,akwantu-mpa
205,strew,pɛ
205,strew,petɛ
205,strew,gu
205,strict,deṅ
205,strict,kɛtɛɛ
205,strict,(ani) yɛ deṅ
205,stride,si apɔṅkonaṅ
205,stride,tutuanaṅ
205,strife,akasakása
205,strife,aperepere
205,strife,diokɔ̃
205,strife,atútù
205,strife,atutuo
206,strike,bo
206,strike,boro
206,strike,fwe
206,strike,pem
206,strike,fwen (n'asom)
206,strike,pa
206,strike,to
206,strike,to
206,strike (of lightning),duru
206,strike (of lightning),si
206,strike (of rain),dwira
206,strike (of rain),osu bo dw
206,strike,dan ho
206,strike (with hand or fist),bo me
206,strike (with hand or fist),pa asom
206,strike (said of men),to twere
206,strike (of women),bo tuturu
206,strike (of women),kuturumoa
206,strike (with the head),si
206,strike (phr.),aberekyi de ne mmen asi no
206,strike (down),ka..bo fam
206,strike (root),gye ntini
206,strike (root),uhin
206,striker,asraneperefo
206,striker,adwuma mansotwefo
206,string,hama
206,string (of cowries),oban
206,string (half a of cowries),tapo
206,string,kyekyere
206,string,sina
206,string,ban
206,strip,pa
206,strip,gua
206,strip,woro
206,strip,wore
206,strip,fetere
206,strip,bamma
206,strip,ntama b
206,strip,bena
206,strip,tomma
206,strip (whip),mpire
206,strip (whip),apunkoba
206,strip (flogging),ofwe
206,strip (flogging),mma
206,striped,cf. speckled
206,striped (cotton),aburokyiri-kente
206,stripling,ababumma
206,stripling,aberantewa
206,stripling,aberantekwa
206,strive,bo mmoden
206,strive,pere
206,strive,perepere
206,strive,di aperepere
206,strive (fight),ko
206,stroke,obo
206,stroke,asom pa
206,stroke,"eme (twere, kuturuku)"
206,stroke,wobo
206,stroke,srasra
206,stroke (to wipe),siam
206,stroke (fig.),defedefe
206,stroll,kyini
206,stroll,wontwetwede
206,stroll,bo
206,stroller,obadueduefo
206,stroller,okobofo
206,strong,den
206,strong,dennen
206,strong,pintinn
206,strong,primm
206,strong,primprim
206,strong (to be-),ho ye den
206,strong (to be-),pintinn
206,strong (to be-),ye oberan
206,strong (to be-),oye mu primm
206,strong (to be-),ne ho pr.
206,strong (man),ohodewfo
206,strong (man),otwentwemfo
206,strong (man),oberan
206,stronghold,aban
206,stronghold,woabram ho
206,structure,brb
206,structure,yebea
206,structure,sibea
206,structure,durubea
206,structure (phr.),odan yi sibea ye fe
206,struggle,opere
206,struggle,ntokwako
206,struggle (for a prize),agumadi
206,struggle (for a prize),ayensin
206,struggle (for a prize),akansi
206,struggle,ko
206,struggle,ntokwa
206,struggle,pere
206,struggle,si kane
206,struggle,di ayensin
206,strychnos,nux vomica
206,strychnos,aborototo
206,strychnos,Ak. nkrannyedua
206,stubble,awi-ntwakae
206,stubble (field),awifuo
206,stubble (field),woatwa ne nnobae
206,stubborn,a. to be-
206,stubborn,uweu
206,stubborn,ye mpi
206,stubborn,te ahi
206,stubborn,aso asoro
206,studio,kyereudan
206,studio,mfoniniyedan
206,studio,adwinnan
206,study,kyereudan
206,study,sua
206,study,nhomam' fe
206,study,nem adesua ho
206,study,da dwen
206,study,dwene
206,stuff,ade a wode no ye brb
206,stuff,ade
206,stuff,titiri
206,stuff (furniture),afide
206,stuff (furniture),ntama
206,stultify,bu..okwasea
206,stultify,di..ho fe
206,stumble,hintiu
206,stumble,Ak. fwinti
206,stumble,sunti
206,stumbling-block,hintidua
206,stumbling-block,suntibo
206,stump,esin
206,stump (of a tree),dunsin
208,subtraction,nyífim
208,subvert,muntum
208,subvert,daṅ ani butu
208,subvert,daṅ..asɔ̃
208,succeed,di akyiri
208,succeed,di anaṅmu
208,succeed,di ade
208,succeed,ko anim
208,succeed,ko so
208,succeed,fa or nyã s̃ade
208,success,s̃ade
208,success,ńkɔso
208,succession,anaṅmudi
208,succession,adedi
208,successor (to the throne),adiakyiri
208,successor (to the throne),ahenniakyiri
208,successor (to the throne),ɔdefo
208,succumb,di ńkɔgu
208,such,sã
208,such,sã..yi
208,suck,fẽu
208,suck,num (nufu)
208,suckling,onufunumfo
208,suckling,akokoã
208,suckling-woman,onufumãfo
208,suckle,mã..nufu
208,suckle,nufumã
208,suddenly,birim
208,suddenly,mpofirim'
208,suddenly,afreso
208,suddenly,mpaase
208,to do suddenly,patu(ye)
208,sue,sãmãnã obi
208,sue,me nè no wo
208,sue,di asɛm
208,suet,asãbo hɔ̃ srade
208,suffer,hũ amane
208,suffer,hũ brb
208,suffer,mĩa ani hũ
208,suffer (sick),yare
208,suffer (allow),mã okwaṅ
208,suffer (di),di
208,suffer (phr.),opatafo di abã
208,suffer (to- or pay for),tua
208,suffer (tua so ka),tua so ka
208,suffer (he has to- for it),..akã n'ani
208,suffice,do
208,suffice,sɔ
208,suffice,dɔ..sɔ
208,suffice,du (ano)
208,it is sufficient for me,edɔ me sɔ
208,it is not -for him,ennɔ no sɔ
208,it is enough!,edɔsɔ
208,it is enough! (neg.),ennɔsɔ
208,sufficiency,nea esɔ
208,sufficiency,edɔsɔ
208,sufficiency,edu
208,suffocate,siu mene
208,suffocation,menesiu
208,sugar,asikere
208,sugarcane,afwereu
208,sugarcane,afweree
208,wild sugarcane,fwereu
208,wild sugarcane,fweree
208,suggest,hye nyansã
208,suggest,tirim
208,suicide,ahɔkum
208,suicide by shooting,atúbó
208,to commit suicide,di nehɔ̃ dɔm
208,to commit suicide,gyene nehɔ̃
208,suicide (by hanging),sɛn ne mene
208,suicide (by shot),bɔ túo
208,suit,fata
208,suit,ko yiye
208,suite,kyerepɛn
208,suite of a Chief,ohene gyaasefo
208,suite of a Chief,aheṅkwã
208,suite of a fetish,abo sɔnkwã
208,suitor,nea osɛre ade
208,suitor (wooer),nea osɛre obã aware
208,suitor (wooer),obisa n'ase
208,suitor (jud.),nea wasãmãnã obi
208,sulkiness,anim-kum
208,sulkiness,an. mῦna
208,sullen,mῦna or kum anim
208,sullen,anim amῦna
208,sullen (phr.),wamῦna ahye me
208,sulleness,animkum
208,sully,ye fĩ
208,sully,pɔtɔ
208,sully,biri
208,sully,gu..hɔ fĩ
208,sultan,ńkrãmohéne
208,sum,ano
208,sum,ntoano
208,sum-up,bu
208,summary,ńkɔntã
208,summary,úṅwuma horo ńkàbom
208,summer,ahɔhurubere
208,summit,atifĩ
208,summit,sɔnsrɔn
208,summon,hyia
208,summon,fre
208,summon (jud.),sãmãnã
208,summon (euph.),bi poṅ so
209,summons,nhyia
209,summons,ofre
209,summons,sãmãnãnhōma
209,sun,oẅia
209,sun,aẅia
209,sun-beams,oẅia nsesẽe
209,sun-bow,nyãnkōntōn
209,sun-halo,kōntōṅküröẅi
209,sun-light,oẅia-hãṅn
209,sun-light,aẅia
209,sun-set,atgė
209,sun-set,oẅiatgė
209,sun-rise,apuei
209,sun-rise,oẅiapuei
209,sun-shade,asoẅia
209,sun-shade,akataẅia
209,sun-shine,aẅia
209,Sunday,Kwasida
209,Sunday (male person born on),Akwasi
209,Sunday (female person born on),Akosua
209,Sunday-offering,kwasidatō
209,Sunday-school,kw. asũae
209,sundries,nneema-horo
209,dealer in sundries,opēwadifo
209,sundry-man,opēwadifo
209,sundry-man,obatani
209,sunny,hărãṅn
209,sunny,hyènhyèṅṅ
209,sunny,nea oẅia bọ họ
209,sunny,ẹda aẅia ano
209,sunshade,akataẅia
209,sunshade,asoẅia
209,sup,fẹu
209,sup,taforo
209,superb,nea wofẅẹ a ẹnfẅẹ
209,superb,kōṅkrōmmaṅ
209,supercilious,n'ani tra ne nṭoṅ
209,supercilious,oyẹ ahōkyere
209,superficial,anianidé
209,superficial-work,aniani-orebinebidẅúma
209,superficially,aniani
209,superficially,fã-né-fã
209,superficially,ebi-nè-bi
209,to cover superficially,"nyĩnánnyĩnam (ani, so, mu)"
209,superfluity,tāmu
209,live in superfluity,di tāmu
209,superfluity (fig.),mmoroso
209,superfluity (fig.),ntraso
209,superintend,fẅẹ
209,superintend,di.so
209,superintendent,ofẅéfo
209,superior,nea ekyẹṅ
209,superior,edẹṅ só
209,superior,opanyiṅ
209,superior (he is my superior),me p. ne no
209,superiority,ṅkyẹṅso
209,supersede,gu ase
209,supersede,sãṅ
209,supersede (jud.),tue mmăra
209,supersede (dismiss),pam (fi adẅumam')
209,supersede (dismiss),tu (dibea) so
209,supper,aṅẅummeduaṅ
209,supper-time,aṅẅ.adidibere
209,supplement,ntaremu
209,supplement,ṅkāhō
209,supplement,mmatahō
209,supplement (bĕrease so),bĕrease so
209,supplicate,koto sẹre
209,supplicate,sẹre ahō
209,supplication,ṅkóto
209,supplication,ṅkotosẹre
209,supply,mă
209,supply,de mă
209,supply,hyẹ nsam
209,supply,tẅa ohĩa mu
209,support,boa
209,support,gyina akyi
209,support,tẅeri
209,support,sum
209,support,wau
209,support (encourage),hyẹ..deṅ
209,support (encourage),hyẹ mpãmdẹṅ
209,support (encourage),baniṅha
209,support (by food),bọ akoṅhãma
209,support (by food),fẅẹ obi
209,support,oboa
209,support,gyina
209,support,akyidua
209,support,mūdua
209,support (encouragement),deṅ-hyẹ
209,support (encouragement),baniṅhahyé
209,support (by food),akoṅhãmabo
209,support (by food),aduaṅmă
209,supporter,oboafo
209,supporter,okyigyinafo
209,supporter,aduaṅmãfo
209,suppose,susu
209,suppose,(ẹ)yẹ (me) sẹ
209,sure,nea ẹwom'ampa
209,surely,wonim ampa
209,surely,nokware
209,surely,ampa-ara
209,sure (he is of her faithfulness),onim ne tirim
209,surety,a(ka)gyinam
209,surety,di
209,surety,akabaso
209,surety,di
209,surf,asorokye
209,surge,awóro
210,surface,ani
210,surface,so
210,surface,hɔ
210,surface,nsuani
210,surfeit,didi ṅkwaseam
210,surfeit,didi tra so
210,surfeit,nɔm-
210,surfeit,di adibāra
210,surgeon,odu(ru)yɛfo
210,surname,mmāraṅ
210,surname,nsābraṅ
210,surpass,seṅ
210,surpass,kyeṅ
210,surpass,boro (so)
210,surpass,tra (so)
210,surpass,buṅkam (so)
210,surpass,deṅ (so)
210,surprise,tō hye or gu so
210,surprise,tua
210,surprise,patu
210,surprise,ṅwoṅwā
210,surprise,ntua
210,surprise,mpatusra
210,surrender,de..hɔ mã
210,surrender,daṅ mã
210,surrender,bɔ
210,surrender,bɔ bósom
210,surround,twa hɔ hyia
210,surround,--si
210,surround,bɔ hɔ kontoṅkroṅ
210,surround,--dantabaṅ
210,surround,bɔ hɔ mfamfiá
210,surround,di..barehyia
210,survey,fwe
210,survey,gyeṅ
210,survey,gyeṅ ani fwe
210,survey,fwe so
210,survey,susu (asase)
210,survey,ofwe
210,survey,osrafwe
210,survey,asase-susu
210,survey,mu kyekye
210,surveying,asase-susu nè mu-kyekye hɔ nimdee
210,surveyor,adwuma (biara) or nsase so fwefo
210,surveyor,opiafo
210,surveyor,osrabefwe
210,surviver,(owu) oykikafo
210,surviver,owunnyafo
210,suspect,susu(obi) hɔ bɔne
210,suspend,seṅ (so)
210,suspend,bɔ..to hɔ
210,suspend,tu so
210,suspend,pem ase
210,suspension,osenseṅ
210,suspension,mmotoho
210,suspension,mpemase
210,suspension,ntuso
210,suspicion,anibɔne
210,suspicion,osusumã
210,suspicion,osusukã
210,suspicious,oṅhũ or onnim ne tirim
210,sustain,sum
210,sustain,wau
210,sustain,tweri
210,sustain,di boa
210,sustain,yèṅ
210,sustain,bɔ akoṅhãma
210,sustain,mĩa ani hũ
210,sustain,di yare no
210,sustain,wodi mmoa
210,sustain,nṅoboa
210,sustain,hĩafwɛ
210,sustainer,oboafo
210,sustainer,aduaṅfwɛfo
210,sustainer,oyèṅfo
210,sustainer,akoṅhãmabɔfo
210,sustainer,omanehunufo
210,sustenance,nea wode fwɛ nehɔ
210,sustenance,nea wodidi so
210,sustenance,wode trã ase
210,swab,popa
210,swab,twũ
210,swab,twi (daṅ)
210,swag,dèṅ so
210,swag,seṅ
210,swagger,hoahoa nehɔ
210,swagger,yɛ ahu-pɔ
210,swagger,ahɔkyerɛ
210,swags-man,nea owia brb. toṅ
211,swallow,mene
211,swallow,memmene
211,swallow,asɔ̃mfã̃
211,swallow,asonomfɔ̃
211,swallower,adidifúrum
211,swallower,adipũ
211,swamp,aṭekyé
211,swamp,dèṅkyedèṅkye
211,swamp,dòntori
211,swamp,As. dotoyaṅ
211,swampy,ṭàkā
211,swampy,ṭàkataka
211,swampy,dòṭō
211,swap,sesã
211,swap,sene
211,swap,di nsesãgũa
211,swap,tu or pam...
211,swap,nsesãgũa
211,sward,prako or boyā were
211,swarming,mãyã-mãyã
211,swarming,piti-piti
211,swarming,pepé
211,sway,wo or nyã..so tumi
211,sway,di..so
211,sway,him
211,sway,hinhim
211,sway,tumi
211,sway,sodi
211,sway,ahenui
211,sway,ahim
211,sway,di ah
211,swear,kã
211,swear,ntám
211,sweep,pra
211,sweep,prapra
211,sweep,popa
211,sweepings,ṅwura
211,sweepings,dódó
211,sweet,de
211,sweet,dẹdé
211,sweet,bɔróbɔró
211,sweet,fẽmfẽnẽm
211,sweet,frẽmfrẽm
211,sweet,hũamhũam
211,sweet,fwãmfwãm
211,sweeten,mã eye frẽmfrẽm
211,sweeten,de
211,sweeten,gu mu asikere
211,sweetness,ọde(u)
211,sweetness,ohũam
211,sweetness,ahɔ̃ofe
211,sweetness,sikadé
211,swell,hɔ̃n
211,swell,soa
211,swell,pũn
211,swell,punu
211,swell,pumpũn
211,swell,apudũ
211,swell,yiri
211,swell,pram
211,swelling,ọhɔ̃n
211,swelling,ọsoá
211,swelling,nsoae
211,swerve,mãṅ
211,swerve,fɔ̃m(kwaṅ)
211,swerve,kyini
211,swift,harehare
211,swift,fwĩmfwĩm
211,swift,sɔrɔsɔrɔ
211,swift,ohareso
211,swift,ntem
211,swim,guare
211,swim,boro asu
211,swimmer,nea onim guare
211,swimmer,osuguarefo
211,swindler,ọsatofo
211,swindler,ọsapẽ
211,swine,prako
211,swine,boyā
211,swing,tō dɔṅkó
211,swing,odɔṅkó
211,swinge,fwé
211,swinge,kã mpire
211,swinge,mmã
211,swish,fa
211,swish,dọte
211,swish,ye or wou dọte
211,swish,fádáṅ
211,swish,fábáṅ
211,switch,abā
211,switch,mmā
211,switch,di abā
211,switch,fwé
211,switch,kã..mmã
212,"swoon, v.",to piti
212,"swoon, v.",to berau
212,"swoon, v.",ani so biri
212,"swoon, v.",(e)twàre (no)
212,"swoon, n.",pitito
212,"swoon, n.",berauto
212,"swoop, v.",(to pounce on) tō si..so
212,"swoop, v.",(-down) mene
212,"swoop, v.",Ak. mẽṅ
212,"sword, n.",ṅkránté
212,"sword, n.",afō
212,"sword, n.",afãṅ
212,"sword, n.",a-kōfãṅ
212,"sword, n.",tàta (ṅkrante anofãnú)
212,"sword-bearer, n.",ofōasoafo
212,"sword-bearer, n.",ofōafo
212,"syllable, n.",asɛmfua-fã
212,"symbol, n.",sɛṅkyerɛṅe
212,"symbol, n.",(creed) gyidikãsɛm
212,"symmetry, n.",ṅkyekyɛm a ebi nṅeṅ
212,"sympathise, v.",hũ mã..
212,"sympathise, v.",te mã..
212,"sympathy, n.",mmɔborohunu
212,"sympathy, n.",ahũ-mɔbo(ro)
212,"sympathy, n.",timɔbo
212,"symptom, n.",cf. sign
212,"symptom, n.",..hõ sɛṅkyerɛṅe
212,"symptom, n.",(-of sickness) nea wofwɛ de hũ or de to yare diṅ
212,"synod, n.",ṅhyiamkɛse
212,"synod, n.",(districts-) amantam-ṅhyiam
212,"synonym(e), n.",nsɛm abieṅ a ne ṅkyerɛase sɛ or aguam
212,"syntax, n.",okasa tórodō hõ nimdeekyerɛ
212,"syringe, n.",bɛntoà
212,"syringe, n.","apply a-, bọ"
212,"syrup, n.",cf. sirup
212,"system, n.",akwaṅso-akwaṅso adeyo
212,"system, n.",ṅhyehyɛe
212,"Tabernacle, n.",ntamadaṅ
212,"Tabernacle, n.",osésé
212,"Tabernacle, n.",pl. a.
212,"Tabernacle, n.","dim., asesewá"
212,"table, n.",opoṅ
212,"table, n.",didipoṅ
212,"table, n.",adwumpoṅ
212,"tabor, taboret, n.",mpintíṅ
212,"tact, n.",(fig.) ahõfwɛso
212,"tact, n.",nyansã
212,"tail, n.",dùa
212,"tail, n.","cow's-, (used as ornament) ahúgyá"
212,"tail, n.",bodua
212,"tailor, n.",opamfo
212,"tailor, n.",a(ta)depamfo
212,"take, v.",gye
212,"take, v.",fa
212,"take, v.",..de
212,"take, v.",kura
212,"take, v.",kita
212,"take, v.",so mu
212,"take, v.",kyere
212,"take, v.",yi
212,"take-back, v.",saṅ fa
212,"take-back, v.",gye
212,"take-allies, v.",gye adɔm
212,"take-(a city) by storm, v.",kō fa
212,"take-away, v.",yi
212,"take-away, v.",fa
212,"take-away, v.",twɛ
212,"take-away, v.",de(fa)..kɔ
212,"take-away, v.",yi ho
212,"take-down a roof, v.",pa daṅ so
212,"take-from, v.",gye..nsam
212,"take-from, v.",pa
212,"take-off, v.",yi(so)
212,"take-off, v.",de(fa)..kɔ
212,"take-off, v.",tëu so
212,"take-off, v.",tëu mu
212,"take-off, v.",pa
212,"take-off the loin cloth, v.",tu amõase
212,"take-out, v.",yi (mu)
212,"take-out, v.",tu
212,"take-out, v.",gye
212,"take-up, v.",gye
212,"take-up, v.",mã so
212,"take-up, v.",kukuru
212,"take-up, v.",tase (so)
212,"take-up (a heavy load), v.",tàm (adesoa)
212,"take-up (phr. we will- up the facts in question one after another), v.",me nè wo bɛtase so
212,"take-the reverse, v.",bọ..abirá
212,"tale, n.",asɛm
212,"tale, n.",asɛmma
212,"tale, n.",asɛṅkekãe
212,"tale, n.",anansesɛm
212,"tale-teller, n.",anans.tofo
212,"tale-bearer, n.",otékofó
212,"tale-bearer, n.",ofákonefábáfó
212,"tale-bearer, n.",asíeberennyà
212,"tale-bearer, n.",osi as. or oyɛ os--fó
212,"tale-bearer, n.",atéakosewa
212,"tale-bearer, n.",óyè at.
212,"tale-bearer, n.",kwasiàmaṅkwá
212,"tale-bearer, n.",óyè kw.
212,"talent, n.",adwɛne
212,"talent, n.",odõm-akyɛde
212,"talent, n.",(coin) (tetefo) dwetikɛse bi
212,"talisman, n.",sumãṅ bi
212,"talk, v.",kasa
212,"talk, v.",bọ ṅkɔmmo
212,"talk, v.",sɛmɔde
212,"talk, n.",okasa
212,"talk, n.",ṅkɔmmo
212,"talk, n.",osɛmɔdé
212,"talk, n.",asɛṅkekãe
212,"talk, n.",abaṅsosɛm
212,"talk, n.",(rumour) nsise
212,"talk, n.",akwaṅmusɛm
212,"talk, n.",(hearsay) atésɛm
213,talkative,kūro
213,talkative,bīrébīré
213,talkative,berèberę
213,talker,okasafo
213,tall,tenteṅ
213,tall,kaṅkră-mãnyaṅ
213,tall,kakamapã
213,tall,pánfweṅṅ
213,tall,páṅkraṅ
213,tall,tòtǒròtǒ
213,tall,ware
213,tall,Ak. wa
213,tall,oware sē
213,tallow,abórówòṅṅǔá
213,tallow,srade
213,talon,awěreu
213,talon,abówěre
213,tamarind,bōrofo sǒṅkòrãṅ
213,tambourine,mpintíṅ
213,tame,dwo
213,tame,hō dwo
213,tame,ani dwo
213,tame,dwudwo
213,tameness,odwo
213,tameness,anidwo
213,tan,hye (ṅhǒma)
213,tangent,nsensane a epem dantaṅ
213,tangle,bakyebakyé
213,tank,nsu-abura
213,tanner,ṅhǒmahyefo
213,tap,pěreu
213,tap,bore
213,tap,tī..hō
213,tap,bo(amãne)
213,tape,bámma
213,tape,běň
213,tar,amã
213,tardiness,ahǒtwětěwé
213,tardiness,ogǒm
213,tardy,berēō
213,tardy,nyã
213,target,botae
213,target,okyem
213,tarnish,ye fī
213,tarnish,gu..hō fī
213,tarry,di (nuansã)
213,tarry,kye
213,tarry,twěṅ
213,tarry,twěntwěṅ(naṅ) ase
213,tarry,pokye
213,tarry,bo sònsoṅkú
213,tarry,nam gyàbégyàbé
213,task,adwuma
213,tassel,(atade ano) dwō
213,taste,kà or so fwę
213,taste,kà ano
213,taste,te
213,taste,tie
213,taste,odéte
213,taste,agreeable-
213,taste,odé
213,taste,anom kum
213,taste,nsã-kã-anó
213,tasteful,ye de
213,tasteful,ye akoṅno
213,tasteless,titrī
213,tasteless,tóbǔrō
213,tasteless,tobǔrobō
213,tasteless,wǒ
213,tasteless,tówǒ
213,tasteless,tabau
213,tasteless,ye mfìṅ
213,tasteless,kum anom
213,tastelessness,anomkum
213,tatou,epra
213,tatter,ntamago
213,tatter,sunsǔane or tetěu (mu)
213,tattle,kasa papa
213,tattle,ano ye bīrébīre
213,tavern,ahǒhodaṅ
213,tavern,ahǒhosoee
213,tax,otō
213,tax,amánne
213,tax,akwánne
213,tax,afrihyiatō
213,tax,otogyefo
213,tax,otoyi-fo
213,tax,yi or di tō
213,taxation,atōgye
213,taxation,akwannegye
213,taxation,bobo
213,tea,tī
213,tea,tī-kope
213,tea,tī-kǔrúwa
213,tea,tī-ketere
213,teach,kyere
213,teach,kyerekyere
213,teach,kasa kyere
213,teacher,okyerekyerefo
213,team,(mmoa) mpãmhǒ
213,tear,nisu
213,tear,nusu
213,tear,abu ne koṅ
213,tear,tere or tetere no
213,tear,n'aniwa pǒropǒro nsu
213,tear,těu
213,tear,tete
213,tear,sǔane
213,tear,sunsǔane
214,tease,yi mfẽfẽwa
214,tease,gyigye
214,tease,huna
214,tease,hunahuna
214,telegram,akyiri - or hãmakyere-ṅhõma
214,telegram,hãma-mănă-ńh
214,telegraph,hãma
214,telegraph,akyiri - or hãma-kyereŋfo
214,telegraph,kà hãma
214,telegraphy,akyirikyereŋ
214,telegraphy,hãma-kyereŋfo
214,telephone,hãmakasafo
214,telephone,akyirik-
214,telescope,kyékyí
214,telescope,kyikyi
214,tell,kà kyere
214,tell,se
214,tell,kaṅ
214,tell,keṅkaṅ
214,tell,bu ano
214,teller,okãfo
214,teller,okeṅ-
214,temper,bo huru
214,temper,ani bere
214,temper,ani ye hye
214,temper,onseṅ ne werem
214,temperance,anidaho
214,temperance,ahõtua
214,temperance,ahõtuafo or nsãtuafo-feku
214,tempest,ahum
214,tempest,mframadeṅ
214,tempest,ntua
214,tempest,mansõ
214,tempest,amanehunu
214,temple,asoredaṅ
214,temple,asorefi
214,temple,asóntorem
214,temporary,nna tiã bi
214,temporary,nea eṅkye
214,temporary,adatam
214,tempt,so..fwę
214,tempt,gyigye
214,tempt,dãdã
214,temptation,sofwę
214,temptation,nnyigye
214,temptation,nnãdã
214,temptation,odãdãfo
214,tempter,osófwéfo
214,tempter,ogyigyefó
214,ten,edu
214,tenth,nea ótò só or ótĩa du
214,thousand,òpédu
214,millions,opèpédu
214,tend,weṅ
214,tend,sra
214,tend,bū
214,tend,sõm
214,tend,gyigye
214,tend,fwę
214,tend,fwefwę
214,tend,ani kyere
214,tendency,nea kwaṅ kyere
214,tendency,kwaṅkyere
214,tendency,ase
214,tendency,botae
214,tender,bètę
214,tender,bòdò
214,tender,dãmã
214,tender,hòrohoro
214,tender,nyãmõ
214,tendo Achillis,ntiṅkese
214,tendon,ntiṅ
214,tendon,ntini
214,tent,ntamadaṅ
214,tent,ebū
214,tepid,lukewarm
214,term,ohyé
214,term,adahye
214,term,nnyinasosęm
214,term,kã
214,term,wokã
214,term,me né no kã
214,term,yeṅkã
214,term,bo
214,term,wobo
214,term,o-nè me bo
214,term,fre
214,term,to..diṅ
214,terminate,twã ohye
214,terminate,twã so
214,terminate,twã
214,terminate,sã
214,termite,mfote
214,termite,mf. siu
214,terrible,hõ ye hũ
214,terrible,ahũboa
214,terrify,yi hũ
214,terrify,yi ahĩ
214,terrify,bo píru
214,terrify,tu bo
214,terrify,bo birim
214,terrify,toyám
214,terrify,wabirikyi
214,terrify,ne kōma apae ne yam
214,terrify,úketeṅkété akita or akyère no
214,terror,ehũ
214,terror,ahõḍwiri
214,terror,ahũde
214,terror,ahõḍwiride
214,test,so fwę
214,test,twã sika fwę
214,testament,sãmansé
215,testicle,afwẽabo
215,testicle,fweawabo
215,testify,di adanse
215,testimony,adanse
215,testimony,adansesem
215,tetrach,ománsiṅhene
215,text,nyitohosem
215,text,asem
215,texture,ntontaṅ
215,texture,ade-ṅwene
215,texture,ananse-ntámmá
215,than,seṅ
215,than,kyeṅ
215,thank,da ase
215,thank,aguare
215,thank,hyira..so
215,thank,tu..aseṅ mu ntoa
215,thank,wommeda no ase
215,thank,asedá
215,thank,aguarema
215,thankful,da ase
215,thankful,wo aye
215,thankfulness,asedá
215,thankfulness,aye
215,that,no
215,that,eno
215,that,nea
215,that,se
215,that,nea ebeyɛ na
215,thatch,kuru daṅ so
215,thatch,bua (so)
215,the,no
215,theatre,afwɛe
215,theatre,agorofwɛe
215,thee,wo
215,thee,w'
215,theft,awi
215,theft,kroṅ
215,theft,akrommo
215,theft,wia
215,theft,bo kroṅ
215,their,woṅ
215,their,yeṅ
215,their,woṅ de
215,their,dea
215,them,woṅ
215,them,woṅ ara
215,them,woṅ ankasa
215,them,woṅhõ
215,theme,asem-ti
215,theme,asentiti
215,then,afei
215,then,eno ansã na
215,then,eno na
215,then,enna
215,then,eno akyi
215,then,akyiri no
215,then,da no
215,then,ebere no
215,then,eho no
215,then,ehobere no
215,thence,efi sã da no ara
215,thence,efi ho ara
215,thence,eno nti
215,theocracy,Onyame-tumidi
215,theology,onyamekyere
215,there,eho
215,there,nom
215,there,do
215,there,dohã
215,there,ehonom
215,there,eno akyi
215,there,akyiri no
215,there,enti
215,there,eno nti
215,there,eyi
215,these,yi
215,these,eyinom
215,they,woṅ
215,they,yeṅ
215,they,wo
215,they,wɛ
215,they,ye
215,thick,pipri
215,thick,durudúru
215,thick,kesé
215,thick,pikãpikã
215,thick,a mire as
215,thick,as a meal-pap
215,thick,dontori p
215,thick,se abüro-mpampá
215,thick,kùsū
215,thick,kàbī
215,thick,bo
215,thick,pẽa
215,thick,piu
215,thick,fū
215,thick,bua kusū
215,thick,kyere
215,thick,da
215,thicket,odoto
215,thicket,ahabaṅ
215,thicket,kwae
215,thickly,cf. closely
215,thickness,pipripi
215,thickness,emu duru
215,thickness,kusū(yɛ)
215,thief,oẅifo
215,thief,okromfo
215,thigh,osérè
215,thigh,atāso
215,thigh,dwoṅku
215,thimble,timere
215,thin,fétefetɛ
215,thin,hãmahãma
215,thin,hátā
215,thin,hatahata
215,thin,téatẽa
215,thin,trátrã
215,thin,foṅ
215,thine,wo
215,thine,de
215,thine,dea
216,thing,ade
216,thing,adee
216,thing,ade
216,thing,nnewa
216,thing,nneɛma
216,thing,asem
216,thing,adebone
216,thing,asɛmmone
216,thing,asɛmmone
216,think,dwen
216,think,dwene
216,think,susu(tirim)
216,think,bo tirim (po)
216,think,dwen ho
216,think,kae
216,think,ani wo so
216,third,nea otia
216,third,oto so abiesa
216,third,mmiensa
216,third,mpɛrensa
216,third,nkyem-abiesa
216,third,biako
216,thirst,sukom
216,thirst,nni
216,thirst,sukom de
216,thirst,sukom
216,thirst,menewam wo
216,thirteen,edumiensa
216,thirty,aduasa
216,this,oyi
216,this,eyi
216,this,yi
216,this,adi = ade yi
216,this,ni = ne yi
216,thither,eho
216,thither,doha
216,thither,ehonom
216,thither,fam
216,thorn,nsoe
216,thorn,kasae
216,thorn,nnuare
216,thorn,ofwirem
216,thorny,nsoe-nsoe
216,thoroughly,kora
216,thoroughly,pe
216,thoroughly,pepepe
216,thoroughly,fe
216,thoroughly,fefefe
216,thou,wo
216,though,kansese
216,thought,adwene
216,thought,tirim
216,thought,tirim-asem
216,thought,nsusui
216,thoughtless,nea onnwene asem
216,thoughtless,oye asobi
216,thoughtless,annibi-annaso
216,thousand,apem
216,thrash,poro
216,thread,hama
216,thread,asawa
216,thread,ntama a emu ahaha
216,thread,adidi
216,thread,adidistika
216,thread,adidi-pa
216,thread,sina
216,thread,pane
216,thread,nhene
216,thread,nam
216,thread,nwa
216,threat,ateɛtɛe
216,threat,mpo
216,threaten,tɛetɛe
216,threaten,ye haehae
216,threaten,popo obi
216,threaten,bo koko
216,three,esa
216,three,nsa
216,three,abiesa
216,three,mmiensa
216,three,basa
216,three,toro
216,three,simpoa
216,threshing,awiporoe
216,threshing,awiporo-ade
216,threshing,firi
216,threshold,abobo-ano
216,threshold,ponase
216,threshold,aponnua-ase
216,thrice,mpen abiesa
216,thrice,mpɛrensa
216,thrift,mfaso
216,thrift,siade
216,thrift,yiyedi
216,thriftiness,ani-kaase
216,thriftiness,nkoso
216,thrifty,ani ka ase or fam
216,thrifty,kyee..nneɛma so
216,thrill,fwiro mu
216,thrill,fiti
216,thrill,wose
216,thrill,ayise pini obi
216,thrive,ko so
216,thrive,ye
216,thrive,di yiye
216,thrive,feu
216,thrive,fefeu
216,throat,konmu
216,throat,mene
216,throat,menewa
216,throat,menase da
216,throat,dawa
216,throne,ahennua
216,throne,ahennwa
216,throng,kyere so
216,throng,ketekete
216,throng,pepepe
216,throng,pitipiti
216,throng,nkyereso
216,throttle,mene
216,throttle,wa
217,throttle,bo abomporowa
217,throttle,bu koṅ mu
217,throttle,posa menewa
217,through,fa mu
217,through,nti
217,through,korā
217,throw,to
217,throw,tō
217,throw,sum
217,throw,bo
217,throw,pa
217,throw,yi
217,throw,tō kyene
217,throw,tō..gu
217,throw,fwe ase
217,throw,kā..gu
217,throw,fwe fam
217,throw,gu
217,thrust,bo
217,thrust,kā
217,thrust,mĩa
217,thrust,siu
217,thrust,pete
217,thrust,pem
217,thrust,fwiro
217,thrust,wo(u)
217,thumb,kokūrobeti
217,thump,de ṅkontimmā
217,thump,apori-bā boro
217,thump,pem obi
217,thunder,oprannā
217,thunder,oprannā bom’ bobom’
217,thunderbolt,Onyame abonua
217,Thursday,Yaoda
217,Thursday,Yào
217,Thursday,Yā
217,thus,sa
217,thus,sā
217,thus,se
217,thus,sē
217,thus,ne sā nti
217,thy,wo
217,thy,woara
217,thy,woaṅkasa
217,thy,wohō
217,tick,sõmmóre
217,tick,hadw̌u
217,tick,dw̌ie
217,ticket,ehõ kwaṅmā
217,ticket,akwanya ṅhõma
217,tickle,nũnũ
217,tickle,tītĩ
217,tickle,wanũnũ mè mã màseré
217,tide,epo (nsu) hǔaṅ
217,tide,tw̌ē
217,tide,epo ye mã
217,tidy,kámà
217,tidy,fréṅkyěmm
217,tidy,fefe
217,tidy,guaṅṅ
217,tidy,ehõ tw̌a
217,tie,kyekye
217,tie,kyekyere
217,tie,kā..bom’
217,tie,sǐaba (ntama)
217,tie,mantam
217,tie,sã (a-berekyi n. a.)
217,tiger,cat
217,tigernut,atádw̌é
217,tighten,mĩa (mu)
217,tighten,yere
217,tile,tayā
217,tile,hyefo
217,till,de
217,till,ko
217,till,ba
217,till,kā
217,till,pem
217,till,si
217,till,so
217,till,de-ko
217,till,de-kosi
217,till,du
217,till,pem
217,till,kā
217,till,sõ
217,till,de-ba
217,till,de-besi
217,till,na..ansā
217,till,"do(u) (asase, afu)"
217,tiller,odoufo
217,tiller,okuafo
217,timber,dua
217,timber,nnua
217,timber,unannua
217,timber,mpuraṅ
217,timber,mpunaṅ
217,timbersow,ṅhǔn-hūnii
217,time,adagye(u)
217,time,bere
217,time,mmere
217,time,eda
217,time,doṅ
217,time,peṅ
217,time,mpeṅ
217,time,ahoro
217,time,prèkõ
217,time,peṅkoro
217,time,mpeṅ abieṅ
217,time,mpěrennu
217,time,mpeṅ abieṣā
217,time,mpěreṅsā
217,time,doṅ ahẽ (or seṅ) ni
217,time,mpeṅ (ahoro) beběrē
217,time,anadw̌ofābere
217,time,aṅw̌ummere
217,time,anopa (bere)
217,time,adidii-bere
217,time,adidiikyiri
217,time,tete
217,time,bere
217,time,bēme
217,time,nteredē
218,timid,ohũfo
218,timidity,ehũ
218,tin,sãnyã
218,tin,kânkyẽ
218,tinder,mfahũ
218,tinge,hye
218,tinge,hye
218,tinge,kã aduru
218,tingle,gyigye
218,tingle,asõm ye yoṅṅ
218,tiny,keteketewa
218,tip,ano
218,tip,fwètì
218,tippled,bõ nsã
218,tippled,watia beréu sò
218,tire,hye obere
218,tire,guaṅ hõ
218,tire,ha(u)
218,tired,bere
218,tired,to
218,tired,pa abau
218,tired,afono(no)
218,tiredness,obere
218,tiredness,abaupa
218,tithe,ntoso du
218,title,dibea diṅ
218,title,mměraṅ
218,title,nsãběraṅ
218,tittle-tattle,toatoa nsem
218,tittle-tattle,twa ṅkurodo
218,tittle-tattle,ano ye berébere
218,tittle-tattle,bétebete
218,to,de ko
218,to,de ba
218,to,ṅkyeṅ
218,to,odi akoṅèabá
218,to,akosaṅ
218,to,aforo siãṅ
218,to,ahyemfiri
218,to,odi akrosimado
218,toad,apõṅkyereṅ
218,toad,kwaease-sonokese
218,toast,tōtō
218,toast,kyere nsã
218,toast,mã tiri-ṅkwã
218,toast,pae
218,toast,bọ nsãběraṅ
218,tobacco,tawə
218,tobacco,tã
218,tobacco,ahabantã
218,tobacco,asra
218,tobacco,tawa nta-baṅ
218,tobacco,kèsi
218,tobacco,abúa
218,to-day,abŭrobua
218,to-day,tāseṅ
218,to-day,omfá no ṅhyé tā
218,to-day,omfá no nyé fwē
218,toe,nánsóá
218,toe,koṅiwa
218,toe,těu kok
218,together,patã
218,together,bom'
218,together,hyia
218,together,mpatã ṅhõma abieṅ ṅkaṅ
218,together,woabom'
218,together,ohene hyiahyia ne maṅfo
218,toil,ye adwuma
218,toil,bere..hõ
218,toil,biri (ne) mogya ani
218,toilsome,nea ehye
218,toilsome,emã bere
218,toilsome,ehau..ani
218,token,seṅkyerene
218,token,úkáé-ade
218,token,otōgyeni
218,toll,otō
218,toll,akwánne
218,tomato,ntorowá
218,tomato,nnuadéwa
218,tomato,nnuafwē
218,tomato,nt.kyeṅ
218,tomato,nt.pa
218,tomato,nt.apó
218,tomato,atoropó
218,tomb,oboda
218,ton,hâse
218,ton,ṅkaribo mpennu
218,tone,eñē
218,tone,nné
218,tone,gyigye
218,tongs,adábáu
218,tongue,tekrema
218,tongue,tekyerema
218,tongue,okása
218,tonsure,sãmã
218,tonsure,nsãmã
218,tonsure,yi ns-
219,too,nso
219,too,bi
219,too,"§ 134, 36"
219,too,kã hɔ̃
219,too much,dodo
219,too much,papa
219,to be too much,dɔ̃sɔ papa
219,to be too much,boro so
219,to be too much,bu-
219,to be too much,tra-
219,to be too much,tŵam'
219,tool,dade
219,tool,adw̃innade
219,tooth,esẽ
219,tooth (cutters or fore-),adɔntéṅmusẽ
219,tooth (canine-),sɛbɔm-mɔfo
219,tooth (grinders),nnyépi
219,tooth-ache,ɔ̀kékáu
219,tooth-ache,ɔkáká
219,tooth-ache,adesẽ
219,tooth-ache,bòaduam
219,natural gap of t.,gyau
219,natural gap of t.,Ak. e-gyere
219,his t. are jutting,ne sĕ apenteṅ
219,gaping,téfŵire
219,to teeth,v. fi(ri) sĕ
219,top,eso
219,top,eti
219,top,atífĩ
219,top,mpampam
219,top,ntentennɔ̃a
219,top,ṅkɔá
219,top,sronsrɔṅ
219,top,ano
219,topic,nnyinasosɛm
219,topic,ṅkasahɔ̃sɛm
219,torch,ogyateṅ
219,torch-thistle,ákăráte
219,torch-tree,okántó (kokɔ)
219,torment,yɛ ayayade
219,torment,-aninyanne
219,torment,hyeahɔ̃oya
219,torment,cf.torture
219,tornado,ɔprânná
219,tornado,ahum
219,torso,akɔnsin
219,tortoise,akyekyeree
219,tortoise,awuru
219,tortoise,apowuru
219,tortoise,apohuru
219,tortoise-shell,akyekyere abɔṅ
219,tortoise-shell,apowuru-
219,torture,aninyanne
219,torture,ɔhau
219,torture,ahɔ̃oya-hye
219,torture,cf.torment
219,to death,de..goru atopĕre
219,toss,tō
219,toss (push),sum
219,toss (shake),woso
219,toss (shake),poso
219,to drive and-,de..di akɔ nè aba
219,total,emũ
219,total,amũ
219,say it at once,bɔ no mũ!
219,I'll sum it up and say,mebɔ no amũ makã sɛ...
219,totally,korā
219,totally,korakora
219,in neg.sent.,(not) at all
219,in neg.sent.,"§248, 4"
219,tottering,pósoposo
219,tottering,kòsokɔsɔ
219,toucan,akyéṅkyénã
219,toucan (large),ɔṅwám
219,touch,(de nsa) kã
219,touch,so mu
219,touch (relate to),pem
219,touch (slightly),pere(u)
219,touch (fall in with),du
219,touch (said of teeth),hyia
219,touch (said of teeth),ne sĕ hyia pe
219,touch (rub),tŵu
219,touch (rub),tŵi
219,touch (concern),fa..hɔ̃ brb.
219,touch (gold),tŵa sika fŵe
219,it - es you,"esɛ wo ara = you have to answer for, it is your own fault"
219,touch,ɔkã
219,touch,ṅkã
219,touch,ɔkãfŵe
219,tough,sã
219,tough,tŵã
219,tough,tŵãpã
219,tough,tŵãnĩ
219,tough,fã
219,tough,fãṅ
219,to be tough,sɔ hũã
219,towel,mpopahɔ̃
219,towel,Ak. mfofahɔ̃
219,tower,abantenteṅ
219,tower,abaṅ-atenteṅ
219,tower (siege-),ntua-abaṅ
219,town,kũro
219,town,omaṅ
219,toy,agode
219,toy,baduaba
219,trace,ɔnammoṅ
219,track,ɔnammoṅ
219,trace/track,sŭare
219,tract,sŭare
219,tract,ṅhɔ̃mawa
219,nobody knows where he roves about,obi nnim sŭare kɔ̃ a ɔnam so
219,trade,di gŭa
219,trade,di or tu bata
219,trade,daṅ
219,trade,egŭa
219,trade,agŭadi
219,trade,batá
219,trade,gŭadŵuma
219,your trade-fails,batá butu wo
219,trader,ɔbatani
219,trader,ogŭadini
219,trader,odetoŭfo
220,tradesman,odwumfo
220,trades folk,odwumfo
220,tradition,atetesɛm
220,tradition,nsam
220,traffic,hyɛde
220,trail,twɛ..hɔ ase
220,trail,tene
220,trail,tɛntene
220,trailing plant,hãma
220,train,kyerɛpɛn
220,train,santeɛ
220,train,akyidifo
220,train,dom
220,train,dùa
220,train,kɛteke
220,train,nteaseɛnam
220,train,twɛ
220,train,yɛn
220,train,kyerɛkyerɛ
220,train,tɛɛtɛɛ
220,train,tɛɛ n’apou mu
220,traitor,nea oyi..mã
220,traitor,ofátwãfo
220,traitor,kwasiàmaṅkwá
220,traitor,nsákyi-nsáyàm
220,tramp,tiatia so
220,tramp,de anaṅ pempem fam
220,trample,tiatia so
220,trample,de anaṅ pempem fam
220,trance,adetowoso
220,trance,atowoso
220,trance,ade atɔ no so
220,tranquil,komm
220,tranquil,diṅṅ
220,tranquil,dwɔdwɔ
220,tranquillity,asomdwɔe
220,tranquillity,ahɔtɔ
220,tranquillity,kommyɛ
220,transact,yɛ
220,transact,di
220,transact,di ano
220,transaction,odi
220,transaction,anodi
220,transaction,asɛm
220,transaction,adwuma
220,transcendency,mmuṅkamso
220,transform,daṅ
220,transform,sakra
220,transform,daṅ..hɔ
220,transgress,bu so
220,transgress,fɔm
220,transgress,tɔ
220,transgress,mmãra
220,transgress,ntam
220,transgression,ofɔm
220,transgression,mfɔmsɔ
220,transgression,mmãratɔ
220,transgression,de
220,transgression,mmãra atɔtɔ-atɔtɔ
220,transgression,bɔneye
220,transgressor,otɔ̃fo
220,transgressor,mmãratɔ̃fo
220,transgressor,odebɔneyɛfo
220,transgressor,sɛmmɔnedifo
220,translate,kyerɛ ase
220,translate,daṅ
220,translate,yi ano
220,translation,ṅkyerɛase
220,translation,asekyerɛ
220,transparent,nea ayɛ afwɛhũakyiri
220,transparent,afwɛanim-hũ-akyiri
220,transpire,tu huruhuro
220,transpire,fi nteresuo
220,transpire,fifiri
220,transpire,sɔṅ
220,transpire,fifi
220,transpire,sɛ kuku
220,transplant,tɛ(u)
220,transplant,tu kɔtɛ(u) bãbi
220,transport,agũade
220,transport,nnosoatwɛ
220,trap,afiri
220,trap,apa
220,trap,snare
220,trapper,ofirisumfo
220,trapping,afirisuá
220,trapping,afirisúm
220,trappings,ahyehyɛde
220,trappings,ahɔkekãdé
220,trash,adehunu
220,trash,ṅwura
220,trash,wuradódó
220,trash,ntɛtɛwa
220,trash,mmɛfɛ
220,trash,ṅkwaseasɛm
220,trash,ogyimi
220,travail,hau nehɔ
220,travail,berɛ
220,travail,kɔ awo
220,travail,oberɛ
220,travail,dũma
220,travail,awokɔ
220,travel,nante
220,travel,berɛ
220,travel,tu kwaṅ
220,travel,tu aperentɛṅ
220,travel,pɛ ntɛm tu kwaṅ
220,travel,fa epo
220,travel,nsu ani
220,travel,bɔ ṅkŭrotépã
220,traveller,onantefo
220,traveller,okwantemfo
220,travelling bag,akwantu-bɔtɔwa
220,travelling bag,obɛdɛ
220,travelling bag,ahagya
220,travelling bag,akyemmɛdɛ
220,travelling bag,akwapemmɛdɛ
220,travelling bag,apakaṅ
220,travelling bag,akɔtwɛ
220,travelling bag,kyɛṅkyɛṅ
221,traverse,de..bea mu
221,traverse,twa mu
221,traverse,nẇŏnã (daṅ)
221,traverse,siu kwaṅ
221,treacherous,nea oyi obi mã
221,treacherous,nea oyẹ fátẇafo
221,treacherous,oyẹ nsákyi-nsáyam
221,treachery,ṅkóntompo
221,treason,ṅkóntompo
221,treachery,yimã
221,treason,yimã
221,tread,tia
221,tread,tiatia(so)
221,tread,si
221,tread,nam
221,tread,nante
221,treasure,akorade
221,treasure,ademude
221,treasure,ahṷ
221,treasure,tu ahṷ
221,treasurer,ofotoosàṅfó
221,treasurer,osannáni
221,treasurer,sikakorafo
221,treasury,adekorae
221,treasury,sikakora-daṅ
221,treasury,osanná
221,treat,di
221,treat,yẹ
221,treat,kura
221,treat,ye or sṍm họho
221,treat,tṍ poṅ
221,treat,mṍmã họ
221,treat,kekã..họ usẹm
221,treat,boro
221,treat,bọ..mpọ
221,treat,yẹ pupópùpó
221,treat,sàkasàka
221,treatment,odi
221,treatment,oyé
221,treatment,ahọho-yẹ
221,treatment,som
221,treatment,apontṍ
221,treatment,anyádí
221,treatment,anyãdimo
221,treaty,apãm
221,treaty,mmom
221,treaty,anodi
221,tree,duá
221,tree,nnua
221,tree,dunsíṅ
221,tree,gyedua
221,tree,nny
221,tremble,popo
221,tremble,họ-
221,tremble,woso
221,tremble,poso
221,tremble,birikyi
221,tremble,..họ sau
221,trembling,ahọpopo
221,trembling,ahọhim
221,trembling,ṅketeṅkété
221,trench,ọkã
221,trench,amṍa
221,trench,amãnã
221,trespass,fṍm
221,trespass,bu sạ
221,trespass,nsa pa họ
221,trespass,ofṍm
221,trespass,mfṍmso
221,trespass,mmăratṍ
221,trial,sofẇẹ
221,trial,abisábísá
221,trial,asénni
221,trial,atemmu
221,triangle,ahiṅasã
221,tribe,abusṷaku
221,tribe,ọmaṅ
221,tribe,amaṅ
221,tribe,amaṅamaṅ
221,tribe,ọmánsíṅ
221,tribe,hunu
221,tribulation,ọhau
221,tribulation,ọtã
221,tribulation,amane
221,tributary,bọ..sṍṅkahire
221,tributary,abọmmá
221,tribute,tṍ
221,tribute,apeatṍ
221,tribute,afrihyíadé
221,tribute,yi or di tṍ
221,tribute,otṍsika
221,tribute,ogye woṅ sṍṅkahire
221,tricks,ṅkwadãsẹm
221,tricks,akṍntṍkyẽsẹm
221,tricks,di ak
221,trifle,goru (họ)
221,trifle,toto..ase
221,trifle,biribiwá
221,trifle,mfètemfétewade
221,trim,hyehye
221,trim,kekã
221,trim,wura
221,trim,baṅ ano
221,Trinity,Onyame basãkoro
221,Trinity,Ony. basãkoroda
221,tripe,ayamde
221,tripe,nsóno
221,triumph,nḭm
221,triumph,ṅkṍnim
221,triumph,ṅkṍnim abira ne ṅkṍgu
221,triumph,di nḭm
221,triumph,di ṅkṍnim
221,triumph,di ahurusi
221,triune,basãkoro
221,troll,pire
221,troll,kyiṅ
221,troll,kyini
221,troop,asafo
221,troop,ku
221,troop,fékṷ
221,troop,ẹdom
221,troop,nsrafo
221,troop,kṷ
222,tropic,ṅhĩmahõ-bea
222,tropic,dantabañ
222,tropical,asase a eso ye hye
222,troth,nokware
222,troth,di
222,trouble,ha(u)
222,trouble,guañ hõ
222,trouble,hĩa hõ
222,trouble,ohĩahĩa me hõ
222,trouble,ogũañ me hõ
222,trouble,hõ hĩa no
222,trouble,hõ guañ no
222,trouble,kyere no
222,trouble,di ṅkommo
222,trouble,amane
222,trouble,hunu
222,trouble,ahõntowoso
222,trouble,gha(u)
222,trouble,anitaneé
222,trouble,ayamhyehyéę
222,trouble,ahõkyere
222,trouble,ahõhĩa
222,trouble,ahõgũañ
222,trouble,ṅkommo
222,trouble,aŵerehosem
222,trouble,nehõ hĩa or kyere or yera no
222,trouble,ohũ amane
222,troubler,ohaufo
222,troubler,ghõguañfo
222,troublesome,"hau obí, gùañ..hõ, bọ..so dŵae"
222,trousers,trọs
222,trousers,ntŵontŵo
222,trousers,tŵàkoto
222,trousers,wònnó
222,truant,ọkwadŵofo
222,truant,onihafo
222,truant,ŵerehunu
222,truck,nteaseṅam a wọtŵě so nnoso or agũade
222,truck,nsesãgũa
222,true,ęwom (wo mu)
222,true,ye nokware
222,true,di nokware
222,truly,ampá! nokwáre! wommoá!
222,trumpet,abeṅ
222,trumpet,torobento
222,trumpet,abōro-beṅ
222,trumpet,hyeṅ ab
222,trumpet,torob
222,trumpeter,torobentohyeṅfo
222,trunk,dunsiṅ
222,trunk,duasiṅ
222,trunk,akọnsiṅ
222,trunk,ṅhõma-adáká
222,trunk,mfàre
222,trunk,mfaro
222,truss up,sĩaba (ntama)
222,trust,de ani to..so
222,trust,de nehõ to..so
222,trust,ani da..so
222,trust,dàṅ
222,trust,tŵeri
222,trust,bata
222,trust,gyina so
222,trust,anidaso
222,trust,ahõdaso
222,trustee,ọboayifo
222,trustful,nea odi nokware or aseṅkoro
222,trustworthy,onokwáfo
222,truth,nokware
222,truth,nokwasem
222,truth,ampá! nokwáre! wóm`moá! kórā!
222,try,sọ..fŵe
222,try,kã..fŵe
222,try,ye..fŵe
222,try,kyere
222,try,kekare (n'anim)
222,try,sọ (ne) tuo
222,try,"misom' a, enso"
222,tsetse,otẹṅ
222,tub,tộpó
222,tube,ọdorobeṅ
222,tube,ọdódobeṅ
222,tuber,mpo(u)
222,tuber,wo mpó mfé da
222,tuck up,sĩaba (ntama)
222,tuck up,fetere
222,tuck up,worọ(u)
222,Tuesday,Běnǎda
222,Tuesday,Kwàběná
222,Tuesday,A`běná
222,tuft,mpesẹ
222,tuft,bọ mp
223,tug,twẽ
223,tug,twẽtwẽ
223,tug,tu
223,tug,tutu
223,tuition,oyɛṅ
223,tuition,okyerɛ
223,tuition,ṅfwɛso
223,tumble,fwɛ(ase)
223,tumble,pire
223,tumble,yantam
223,tumbler,kɔṅ'kó
223,tumbler,tomere
223,tumult,hò
223,tumult,gyegyēgye
223,tumult,wi
223,tumult,twi-bo
223,tumult,kyiṅkyiraṅ(bo)
223,tumultuous,ye hō
223,tumultuous,ye hò-bobobo
223,tumultuous,bo wi
223,tumultuous,twi
223,tumultuous,kyiṅkyiraṅ
223,tun,hâse
223,tun,ṅkaribo mpennu
223,tune,dŵom
223,tune,dŵontobea
223,tune,gyigye
223,tunnel,oŵisikwaṅ
223,tunnel,bɛpo mu kwaṅ (a woabore afa mu)
223,tunnel,bɛpom-afae
223,turban,abotitɛṅ
223,turbid,tuṅkum
223,turbid,nsu ani at-
223,turkey,krakum
223,Turkey-red,adidi
223,turn,daṅ
223,turn,daṅ..kyerɛ
223,turn,de..kyerɛ
223,turn,tōtō
223,turn,kisã
223,turn,sakra
223,turn,tŵa nehō da fã
223,turn,tŵa nehō or n'ani
223,turn,daṅ n'ani
223,turn,bu ṅkompo(fwɛ..akyi)
223,turn,mãṅ
223,turn,fa bābi
223,turn,kwae
223,turn,yi akwa
223,turn,hima
223,turn,paṅkyɛrɛ (so)
223,turn,saṅ
223,turn,pini n'akyi
223,turn,daṅ akyiri
223,turn,n'akyi
223,turn,daṅ kyerɛ fam
223,turn,butu
223,turn,n'asɛm abu
223,turn,asɛm no asi (me) yiye
223,turn,muntum
223,turn,daṅ ani butu
223,turn,adunnaṅ
223,turn,di
223,turn,nnaṅe
223,turn,dibea
223,turn,yɛbea
223,turn,adu me so
223,turtle,aburuburu
223,turtle,átúrukùku
223,"turtle, river-",osukyɛkyere
223,"turtle, river-",osúhuru
223,"turtle, river-",súpurupù
223,"turtle, river-",osudánná
223,"turtle, sea-",apowuru
223,"turtle, sea-",apòhuru
223,tusk,batafosɛ
223,tutor,okyerɛkyerefo
223,tutor,oyɛṅfo
223,tweak,tĩ
223,tweak,tĩtĩ
223,tweak,fɛm
223,twelfth,nea oto or otĩa dumienu
223,twelve,edumieṅ
223,twelve,dumienu
223,twelve,nnoṅdumieṅ
223,twenty,adùonu
223,twice,mpɛṅ abieṅ
223,twice,mpɛrennu
223,twig,duabasa
223,twig,dubã
223,twig,mfeɛ
223,twig,abã
223,twig,"bedaub a- with lime, bau amãne"
223,twilight,ade rekyɛ a anim baebae
223,twilight,anim bɔɛbɔɛ
223,twilight,bue
223,twilight,yɛ fòntãfòntãṅ or ṅwániṅwáni
223,twilight,anim yɛ ŵé
223,twilight,ade sà a anim yɛ ṅwániṅwáni
223,twilight,anadŵo fã fomm
223,twilight,ade(re)sã
223,twin,ata
223,twin,atá
223,twin,Ata panyiṅ
223,twin,Ata kũmã
223,twin,obiwom
223,twin,Atã
223,twine,kyĩm
223,twine,fira
223,twine,ṅwene
223,twine,hãma
223,twine,mfiriwa
223,twine,edou
223,twine,edowa
223,twinge,tĩtĩ
223,twinge,fɛm
223,twinge,keka
223,twinge,tutu
223,twinkle,bu (bubu) ani
223,twinkle,di ani-wabubu
223,twinkle,mũa (n')ani tẽu
223,twist,kyĩm
223,twist,fira
223,twist,ṅwene
224,two,enu
224,two,abieṅ
224,two,mmienu
224,two - persons,bānu
224,two - times,mpeṅ abieṅ
224,two - times,mpĕrennu
224,type,ṅfwẹso
224,type,nsẹso
224,type,sẹnnahọ
224,type - printing,ntintimī
224,tyrannise,di..nyã
224,tyrannise,yẹ atirimoḍenne
224,tyrannise,anyãḍimo
224,tyrannise,yẹ ṅhyesoḍeṅ
224,tyrannise,bo..so ḍwae
224,tyranny,atirimoḍeṅ
224,tyranny,anyãḍimo
224,tyranny,ḍwaebo
224,tyranny,ṅhyesotraso
224,tyranny - phr. he is mad with,ḍwaebo abọ no dám
224,tyrant,ọtirimoḍeṅfo
224,tyrant,ḍwaebofo
224,tyrant,nea ọyẹ anyãḍimo
224,Udder,nufu
224,ugly,taṅ
224,ugly,tantáṅ
224,ugly - person,o-múmọ
224,ugly - person,mūmọ
224,ulcer,ekuru
224,ulcer,Ak. kuro
224,ulcer,akisi-kuru
224,ulcer - a boil,pòmpó
224,ulcer - dress an,tőtő kuru
224,ulcerate,tu kuru
224,ulcerous,nea otu kuru
224,ulcerous - oyare kòkoram,oyare kòkoram
224,ultimate,nea etwa to
224,ultimate,ewie
224,ultimate,edi akyiri
224,umbrella,akatawia
224,umbrella,asowia
224,umbrella,Ak. kyiniẹ
224,umbrella - state,katamánsò
224,umbrella - state,bamkyiniẹ
224,umpirage,ateṅ
224,umpirage,nteṅ
224,umpirage,atemmu
224,umpire,otemmufo
224,umpire,osẹnnifo
224,unable,to be - nea ontumi
224,unable - nsa nsọ so,nsa nsọ so
224,unabridged,nea woantwa so
224,unabridged,mũ
224,unadulterated,kroṅkroṅ
224,unadulterated,nea woamfra mu
224,unadvisedly,mpaso-mpaso
224,unadvisedly,sé-sẹkwã
224,unaided,nea obi nsó no mú
224,unaided - woatëu no ayeram,woatëu no ayeram
224,unappeasable,nea ontie mpata
224,unarmed,nea ọnam nsa-nsa
224,unarmed - person,asansani
224,unaware(s),mpaso
224,unaware(s),mpaase
224,unaware(s),mpofirim
224,unaware(s),aworau
224,unbelief,ogye a wonnye nni
224,unboiled,amono
224,unboiled,momono
224,unbound,to be - ẹhọ da họ
224,unbound,ọkwaṅ da (no) họ
224,uncertainty,akyinnye
224,unchastity,efĩ
224,unchastity,fiadeye
224,unchastity - ani a enna họ,ani a enna họ
224,uncle - mother's brother,wofa
224,uncle - father's br.,agya (kūmā)
224,unclean,buru
224,unclean,burum
224,unclean,fĩ
224,unclean,fĩfĩ
224,unclean - nea ne hō yẹ fĩ,
224,unclean - to be,bu so
224,unclean - phr. minni nea abu so,minni nea abu so
224,uncleanness,efĩ
224,uncleanness,afĩde
224,uncleanness,mpebebé
224,uncleanness,apãtã
224,uncork,tue..ano
224,uncovered,(ọdaṅ) ṅkáṅṅũãṅ
224,uncovered - to be,ẹso da họ
224,under,ase
224,under - foot,ase
224,under - foot,nea ẹwọ naṅ ase
224,undercloth,amọase
224,undercloth - garment,ọtãm
224,undercloth - garment,dánta
225,underground,nea ewo or efa asase ase
225,underline,saṅ brb. ase
225,underneath,ase
225,underneath,fam
225,understand,hũ
225,understand,te
225,understand,hũ ase
225,understand,hũ mu
225,understand,te ase
225,understand,"one-ing and speaking an Europ. language, oborofotefo"
225,understand,"hard to be understood, ase ye deṅ"
225,understand,ye hũ nã
225,understanding,nimdee
225,understanding,ṅhũase
225,understanding,nseṅhũ
225,understanding,ṅhũmu
225,understanding,ṅhũano
225,understanding,ti
225,understanding,tirim
225,understanding,"good-, anitee"
225,understanding,tipá
225,undertake,so or ye..fwe
225,undertake,kã..fwe
225,undertake,kekare (n'anim)
225,undertake,si..bo or koko
225,undertake,phr. wasi ne bo se obeko
225,undertake,mesi me bo maye
225,undress,yi atade
225,undress,pa ntama
225,uneasiness,ahõhĩa
225,uneasiness,ahõyera
225,uneasiness,Ak. ahõhãra
225,uneasy,"to be-, (ne) hõ hau no"
225,uneasy,hwãnyaṅ-
225,uneasy,pere-
225,uneasy,nseṅ-
225,uneasy,tĩtĩ-
225,unemployed,okwa
225,unemployed,phr. onam ho kwa
225,unemployed,onye fwe
225,uneven (rough),awere-awere
225,uneven (rough),apoapo
225,uneven (rough),aboṅkyĩ-aboṅkyĩ
225,uneven (rough),wòserekã
225,unexpected,nea woanfwe okwaṅ
225,unexpected-ly,mpofirim
225,unexpected-ly,mpaase
225,unexpected-ly,putúpúrú
225,unexpected-ly,aworau
225,unexpected-ly,"to do or happen-, v. patu (ye brb.)"
225,unexpected-ly,obi or brb. patu ba
225,unfair,nea enye fe
225,unfair,emfata
225,unfair,enye pote
225,unfair,"to be-, ye amim"
225,unfold,sãṅ mu
225,unfold,tere or bae mu
225,unfortunate,"to be-, hũ amane"
225,unfortunate-day,dabone
225,unfriendliness,anim-mũna
225,unfruitful (bare of trees),patã
225,unfruitful (barren),obonini
225,unfruitful (barren),kyeneẽ
225,ungrateful,nea oyi amõ
225,ungrateful,onni aye
225,ungrateful,oye bonniaye
225,ungrateful,omõyifo
225,ungratefulness,bonniaye
225,unhandy,nea wosom' a enso
225,unhappiness,ahõyera
225,unicorn,okõ
225,uniform,ahyensõ-atade
225,uniform,nsrafo atade
225,unimportant,nea aheṅhaṅ..ani
225,"uninhabitable, uninhabited",tũ
225,"uninhabitable, uninhabited",fõ
225,"uninhabitable, uninhabited",(used only in cpds.) afitũ
225,"uninhabitable, uninhabited",odantũ
225,"uninhabitable, uninhabited",ntamafõ
225,"uninhabitable, uninhabited",kŭrofõ
225,"uninhabitable, uninhabited",amamfõ
225,union,biakõye
225,union,mmom'
225,union,ṅkãbom
225,unite,ye biakõ
225,unite,bom'
225,unite,(mã) ano ko beṅ korom'
225,universal,nea efa amansaṅ or ẇiase hõ
225,university,asũae kŭnini
225,university,nyansã-mpatãbom
225,university,nyansãpoṅ-asũae
225,unjust,nea ontẽ
225,unjust,entẽ
225,unjust,"to be-, ye amim"
225,unjust,bu nteṅkye
225,unkind,oyamoṅwenefo
225,unkind,"to be-, bo ayamoṅwene"
225,unleavened bread,apíti
225,unless,gye se
225,unlimited,nea enni ano or ohye
225,unlimited,enye ano bi ni
226,unload,yi..gu
226,unload,tu..gu
226,unload,soe
226,unlock,hie
226,unlock,bue poṅ
226,unloose,sãṅ
226,unloose,Ak. sãne
226,unlucky,nea oye okăra-biri
226,unlucky,nehõ ade nsi yiye
226,unmanly,nea onye mmarimayo
226,unmarried,osigyafo
226,unmarried,ohõkafo
226,unmarried,di sigya
226,unmeaning,hunn
226,unmeaning,nea enni ase
226,unmingled,kroṅkroṅ
226,unmingled,kurennyeṅ
226,unparalleled,biakõ
226,unparalleled,nea eso bi nni (bãbi)
226,unpleasant,nea enye fe
226,unpleasant,de
226,unpleasant,enso ani
226,unpolite,nea ompoe
226,unpolite,onnim agŭasosem
226,unpolished,nea ompoe
226,unpolished,onnim agŭasosem
226,unprepared,amono
226,unprepared,momono
226,unprepared,futuru
226,unprepared,nea wansiesie nehõ
226,unprepared,nea wonnyã nsiesiei e
226,unprincipled person,nea n'asem n'asem ye k. or deṅ
226,unquiet,petěrěpětěrě
226,unquiet,harehare
226,unquiet,pěrěpěrě
226,unreasonable,kátě
226,unreasonable,deṅ
226,unreasonable,n'asem ye k. or deṅ
226,unreasonable,asem a enni asõ or ase
226,unreasonable,"asem a wokã no bãbi (scil. a,) emma"
226,unreasonable,o-nè no di asem kátě
226,unreasonable,o-nè me di ayésem
226,unreasonable,ogyiyirifo
226,unrighteous,ontěe
226,unrighteous,ontene
226,unrighteous,odi fo
226,unrighteous,obu..ntéṅkye
226,unrighteousness,otěe a obi ntěe
226,unrighteousness,amim
226,unrighteousness,ṅkóntompo
226,unrighteousness,ṅkoṅkoṅsá
226,unrighteousness,nteṅkye
226,unripe,buṅ
226,unripe,nea emmeree e
226,unripe,emmoe e
226,unripe,abuntwěre
226,unripe,akyěṅkyěṅ
226,unroot,tu
226,unroot,tu ase
226,unruly,kitikiti
226,unruly,kŭrokŭro
226,unruly,kylkyirikyikyíri
226,unruly,těu ahǐ
226,unseal,těu..ano
226,unselfish,nea onye ahõpe or ohõnamkã
226,unselfish,onni peseneṅkonyã
226,unselfish,onye woroběṅ
226,unsociable,onnim ago
226,unstable,unquiet
226,unstable,unruly
226,unstaid,unquiet
226,unstaid,unruly
226,unsteady,unquiet
226,unsteady,unruly
226,unsuitable,nea ense
226,unsuitable,emfata
226,unsuitable,enye fe
226,unthrifty,nea osee ade
226,unthrifty,ontumi ṅkyee ade so
226,unthrifty,obo ahofwi
226,unthrifty,oye or obo asasatoro
226,unthrone,tu..so
226,unthrone,tu..agua so
226,untie,sãṅ
226,untie,sãne
226,until,till
226,until,to
226,unto,till
226,unto,to
226,untouched,emũ
226,untouched,nea woaṅkã no dekyé
226,untouched,enni dem
226,untouched,edi mũ
226,untrue,ennim'
226,untrue,ennim'sa
226,untrue,woboa
226,unused,nea eda ho kwa
226,unused,wonyee hõ brb. e
226,unused,wontã nye or ṅkã
226,up,so
226,up,soro
226,up,foro
227,upbraid,asɔbúá
227,uphold,mã..so
227,uphold,fwe..so
227,uphold,(wo)wau
227,upon,so
227,upon,atifĩ
227,upon,ani
227,upper part,eso
227,upper part,osoro
227,upper part,tí
227,upper part,atifĩ
227,upper part,atifĩ-fãm
227,upright,trẽnẽ
227,upright,kyerebeńń
227,uproar,hõ
227,uproar,atũatee
227,uproar,mansɔ̃twẽ
227,uproar,sakasaka
227,uproar,ntanẽani
227,upset,butu
227,upset,dań..butu
227,upside down,butu
227,upside down,dań..butu
227,upstairs,abansoro
227,upward,nea ekyere osoro
227,upward,akyiri
227,urge,pĩa
227,urge,pũa
227,urge,sum atiko
227,urge,toa..
227,urge,hau
227,urge,kãnyań
227,urgency,ohĩa
227,urgency,abɔkyere
227,urgent,hĩa
227,urgent,pĩa
227,urgent,pũa
227,urine,dwenso
227,urine,gu nsu
227,urine,dwenso
227,us,yeń
227,usage,amánne
227,usage,atóremùdè
227,use,de
227,use,kura
227,use,de..ye brb.
227,use,ye hõ brb.
227,use,di
227,use,fwere
227,use,di
227,use,see
227,use,ehõ adeye
227,use,ne di
227,use,ne yebea
227,use,ne kàbea
227,useful,nea ehõ wo mfaso
227,useful,eye mã obi or brb
227,useless,hunu
227,useless,kwa
227,useless,teta
227,useless,huhu
227,useless,fõ
227,useless,nea emfra
227,useless,wo mfa nye fwe
227,useless,emfra korã
227,usual,adedàdé
227,usual,adedadã
227,usual,ade or nsa a eka
227,usual,nea ewo ho dedãda
227,usurper,nea otu obi so
227,usurper,anãñadeperéfo
227,usury,huru fem
227,usury,sika
227,usury,hye hurufem
227,utmost,korã
227,utmost,akyirikyiri
227,utmost,ano nohõ tońń
227,utter,nea ewo akyiri
227,utter,kã
227,utter,kã asem
227,utter,efi (n')ano
227,utterance,asem
227,utterly,se ayere so
227,utterly,emu aye deń a
227,vacate,gyau
227,vacate,da mpàń or ntú
227,vaccinate,sesa (mpete)
227,vagabond,kobofo
227,vagabond,kabonnãfo
227,vagabond,obadueduefo
227,vagabond,oseńkyeni
227,vagabond,aseńkyebofo
227,vagabond,osesani
227,vagabond,bo ko
227,vagabond,to wuram
227,vagabond,akobo
227,vagina,twẽ
227,vain,hunu
227,vain,huhu
227,vain,kwa
227,vain,entetam
227,vain,wosom'a enso
228,deed,ahuhusɛm
228,deed,asɛnhu
228,deed,ahuhude
228,glory,ahɔkyerɛhunu
228,glory,anuonyaùhunu(pɛ)
228,vale,oboṅ
228,vale,osuboṅ
228,vale,o-bóṅkã
228,valley,oboṅ
228,valley,osuboṅ
228,valley,o-bóṅkã
228,valiant,osabarímá
228,valiant,okata-kyi (kwatakyi)
228,valo(u)r,nnam
228,valo(u)r,mmaninyɛ
228,valuable,nea ɛhɔ yɛ nã
228,valuable,ɛwɔ or di bo
228,valuable,bo yɛ deṅ
228,value,ɛbo
228,value,ano
228,value,tiade
228,van,twafo
228,vanguard,twafo
228,vandal,ohamuni
228,vandal,osɛɛfo
228,vandal,otirimɔdeṅfo
228,vanish,yera
228,vanish,hãra
228,vanish,tu yera
228,vanish,sɛṅ kɔ
228,vanish,twa m'
228,vanity,ahuhude
228,vanity,ahuhusɛm
228,vanity,adehuhu
228,vanity,agohunu
228,vanity,adehunu
228,vapour,ahohɔ
228,vapour,ahuhū
228,vapour,huruhuro
228,variable,nea ɛsakra(sakra)
228,variable,edi adannaṅ
228,variance,nsakrae
228,variance,akayɔ
228,variance,mansɔ
228,variance,atutu
228,to be at,yɛ aka
228,me nè no anyã,sc. ɔkɔ
228,variation,nsakrae
228,variation,adannaṅ
228,variation,nsonoé
228,variation,nsonsonoé
228,variegated,cf. speckled
228,variegated,spotted
228,variety,ahoro
228,various,horo (a.)
228,various,ahoro (n.)
228,various,sono
228,various,sonsono (v.)
228,varnish,(ɛhyɛ) ṅkãhɔduru
228,vegetable,afumduaṅ
228,vegetable,ɛfáṅ
228,vegetable kinds,kūrókūró
228,vegetable kinds,ṅkontómméré
228,vehement,denneṅ
228,vehement,pī
228,vehement,bebɛrē
228,vehement,kɛse
228,vehement,sɛ
228,vehement,bam
228,vehicle,cf. carriage
228,veil,ṅkataanim
228,vein,ntini
228,velvet,seda
228,velvet,ago
228,velvet (yellow),bofua
228,venerable,to be- nea n'anim yɛ duru or fɛre
228,venerable,ɔwɔ anuonyam
228,venerable,odi..nĩ
228,venerate,bu
228,venerate,di..nĩ
228,venerate,di..fori
228,venison,hanãm
228,venison,bónám
228,venom,ɛbóre
228,venom,owɔ-bore
228,ventilate,fita
228,ventilate,hū
228,ventilate,gye mframa (ba..mu)
228,venture,sɔ..fwɛ
228,venture,kekare (anim)
228,venture,si..bo yɛ brb
228,venture,abosi
228,venture,kokosí
228,"to-at, to do for or at a-",tō asunsumabo
228,venus,Hellafo ɔdɔ-nyamewā-(diṅ)
228,venus (a star),owúòdi
228,veranda,abɛrãnná
228,verb,ṅkasae
228,verbal,anom-asɛm
228,verbal,asɛm a wode ano kã
228,verdigris,kɔbere hɔ ṅkãnare
228,verify,foa nsɛmmoa
228,verify,hyɛ mu deṅ
228,verify,si..so dua
228,verily,ampa
228,verily,nokware
228,verity,nokware
228,verse,ṅkyekyɛm
228,vertex,atifī
228,vertex,mpampam
228,very,pa
228,very,pɔtɛ
228,very,trɛnē
228,very,ara
229,very,much
229,very,sɛ
229,very,sɛ biribi
229,very,papa
229,very,dodo
229,very,kɛse
229,very,pī
229,very,bebɛrɛ
229,very,yiye
229,very,kata-baṅ
229,very,kɛtɛ
229,very,pām
229,very,búm
229,very,bútū
229,vessel,àdé
229,vessel,adee
229,vessel,pl. nneɛma
229,vessel (ship),ehyɛṅ
229,vessel (ship),pl. a.
229,vessel (ship),okóró
229,vessel (ship),pl. a.
229,vestibule,apatám
229,vestibule,ntwironoá
229,vex,hau
229,vex,guaṅ hō
229,vex,Ak. dẇaṅ hō
229,vex,gyigye
229,vex,yimfɛfɛwá
229,vex,bọ..so dẇae
229,vex,yɛ dẇae
229,vex,hĩahĩa..hō
229,vexation,ohau
229,vexation,ahōguaṅ
229,vexation,amemmenemfɛ
229,vexation,dẇaebọ
229,vexatious,"person, ohōguaṅfo"
229,vexatious,ohaufo
229,vexatious,pl. a.
229,vexatious,mfɛfɛwáyífo
229,viaduct,etwéne (a woahye da ato)
229,vibrate,hĩhĩm
229,vibrate,to dónkó
229,vibrate,di akonèabá
229,vicar,osofo adiakyiri
229,vicar,osofowá
229,vice,bọne
229,vice,yɛ
229,vice,amumoyɛ
229,vice,ànómmane
229,victim,akyere
229,victim,pl. ṅ
229,victim (sacrifice),afore
229,victor,ṅkōnimdifo
229,victorious,to be
229,victorious,cf. victory
229,victory,ṅkōnim
229,victory (phr. his-turned defeat),ṅk. abira ne ṅkōgu
229,victory (to gain the-),di (ṅkō)nīm
229,victory (to gain the-),kum or pam or yi dọm
229,victory (to gain the-),fa..so
229,vie,tumi obi
229,vie,"§ 203, Rem."
229,vie,di ayénsiṅ
229,view,fẇɛ
229,view,hū
229,view,ofẇɛ
229,view,adefẇɛ
229,view (fig.),nea obi susu brb. hō
229,view (fig.),ṅhūmu
229,vigilant,to be
229,vigilant,nea oẇɛṅ
229,vigilant,n'a-ni wo nehō so
229,vigilant,osi pɛ
229,vigorous,kànẇɛ
229,vigorous,nea nehō pīrimm
229,vigorous (person),ohōodeṅfo
229,vigorous (person),pl a.
229,vigour,ahōodeṅ
229,vigour,tumi
229,vigour,nnam
229,vigour,mmarimasɛm
229,vigour,mmaninyɛ
229,village,kūro
229,village,pl. ṅ
229,village,akūrowa
229,village,akurā
229,villain,ohuhuni
229,villain,pl. a.--fo
229,villain,onipahuhu
229,villain,bọne
229,villain,pl. n-
229,villain,omumoyɛfo
229,villain,pl. a.
229,vinegar,mfiniger
229,vineyard,bobetūro(m)
229,vintage,bobeaba-tɛu
229,vintage (treader),bobeaba-ẇofo
229,vintner,nea odi nsā-gẇa
229,vintner,nsā-tọfo
229,violence,ahōodeṅsɛm
229,violence,anuodeṅsɛm
229,violence,akokobírisɛm
229,violence,akakabɛnsɛm
229,violence,asɛnníni
229,violence,ntíntimànsɛm
229,violent,nea oyɛ kekã
229,violent,okekãfo
229,violent (a-death),opatuwu
229,violent (a-death),awusiṅ
229,violent (-ly),akakabɛnsò
229,violent (-ly),akokobírisò
229,violent (-ly),aporiso
229,violent (-ly),abɛraṅso
229,violin,osàṅkū
229,violin,pl. a.
229,viper,oẇo
229,viper,pl. a.
229,viper,ahurutoa
229,viper,pl. ṅ
229,virgin,abábá
229,virgin,obábuṅ
229,virgin,pl. mm
229,virginity,mmabābere
229,virginity (fig.),mūdi
229,virtue,mmaninyɛ
229,virtue,abaninsɛm
229,visage,anim
229,visible,nea wohū
229,visible,ani tua
229,visible,kureṅ
229,visible (phr. the hills are -),mmepọ gyinae k.
229,visit,fẇɛ
229,visit,befẇɛ
229,visit,kofẇɛ..anim
229,visitor,osrasrafo
229,visitor,pl. a.
230,vivid,wéwé
230,vivid,kàmkàm
230,vocable,asɛmfua
230,vocable,nsɛm-nsɛm
230,vocabulary,okasa mu nsɛmfua mmoa-ano
230,vocabulary,nsɛm-mmoa-ano
230,vocation,ofrɛ
230,vocation,dʒumadi
230,vocation,ayéde (a yɛwɔ yɛ)
230,voice,ɛnɛ
230,voice,nné
230,voice,ɛnɛ kɛse
230,void,hunu
230,void,patā
230,volcano,ogyabepɔ
230,volley,trań
230,volley,otrań
230,volley,asapokań
230,Volta,Firau
230,volume,ńhōmapó
230,volume,ńh. mmobɔe
230,volunteer,ahɔfamã(som)fo
230,vomit,fe
230,vomit,abofono
230,vomit,yam fontań (no)
230,voracious,nea odi fù
230,voracious,ɔpe
230,voracious,oye adifude
230,voracious,ɔntwɛn ne nsa
230,voracious,oye amim
230,voracity,adidifúrum
230,voracity,adifudepɛ
230,vote,opau
230,vote,pau
230,vote,dɛntɔnto
230,voucher,adanse-ńhōma
230,voucher,mmati-tɔńh
230,vow,hyɛ bɔ
230,vow,hyɛ ase
230,vow,aboadé
230,vow,ńhyease
230,vow,bɔhye(de)
230,voyage,akwantu
230,voyage,pòsó akw.
230,voyage,nsuanifa
230,vulgar,nea ɛyɛ ahamusɛm
230,vulgar,adesé
230,vulgar,mmubui pa
230,vulture,opété
230,vulture,akrampã
230,vulture,kokosakyi
230,vulture,obɔrebiń
230,vulture,kwakye
230,Wad,safí
230,Wad,otosau
230,Wad,sapó
230,wadding,asāwa-mfútúru
230,wag,him
230,wag,hińhim
230,wag,woso
230,wage,so..fwɛ
230,wage,kyia
230,wage,si..bo
230,wage,awowa
230,wage,akatua
230,wage,apā-bɔde
230,wage,asránne
230,wage,afrihyiade
230,wager,ńkyia
230,wager,kyia
230,waggle,tɔ ntintań
230,waggle,hińhim
230,waggon,teasɛnam
230,waggoner,teasɛnam-kāfo
230,waggoner,nsoromason
230,waif,ahūtu
230,waif,odwɛń
230,waif,nɛa enni odédé
230,wail,sū
230,wail,twa (agya)dwɔ
230,wail,be kwadwom
230,waist,asɛnmu
230,wait,twɛń
230,wait,fwɛ okwań
230,wait,wɛń
230,wait,kyɛ
230,wait,tɛu
230,wait,bū
230,wait,di abō
230,wait,sōm
230,waiter,abofra
230,waiter,obōni
230,waiter,osomfo
230,wake,ani so da hɔ
230,wake,sipe
230,wake,nyań
230,wake,kānyań
230,wake,pésí
230,wakefulness,ani a ɛso da hɔ
230,wakefulness,ani a ɛnkum
230,wakefulness,pésí
230,walk,nam
230,walk,nante
230,walk,fa
230,walk,tu mpase
230,walk,nantenante
230,walk,duedue
230,walk,dɔń
230,walk,kyɛa
230,walk,di..akyi(ri)
230,walk,pere
230,walk,nam ano-ano
232,water-pot,ahina
232,water-pot,atáhiná
232,water-pot,opódò
232,water-pox,bǒrompété
232,water-snake,osúwó
232,waterway,osukwáṅ
232,watery,fòsō
232,watery,fòsofoso
232,watery,takā
232,wave,osorokyé
232,wave,epo bọ as
232,wave,nyãma
232,wave,pa
232,wave,po
232,wave,tō
232,waver,hiṅhim
232,waver,gyigya
232,waver,to ntintaṅ
232,wax,ewo)fẅéā
232,wax,fẅéàwa
232,wax,hõawa
232,way,okwaṅ
232,way,osa
232,way,otempoṅ
232,way,bǒroṅ
232,way,nnantam
232,way,akwammā
232,way,okwaṅmu
232,way,akwantemfī
232,way,okwaṅkyeṅ
232,way,yera
232,way,hăra
232,way,tō or fōm kwaṅ
232,way,yi or bọ kwaṅ
232,way,tẅa sa
232,way,akwamfō
232,way,nkwammoé
232,waylay,teu
232,waylay,bū
232,waylay,sra
232,waylay,te(u) dua
232,waylay,te(u) kwaṅkyeṅ
232,we,yeṅ
232,we,ye
232,weak,mméré
232,weak,berèō
232,weak,bètē
232,weak,betebete
232,weak,bòkō
232,weak,bòkoboko
232,weak,bǒròkō
232,weak,bǒrògō
232,weak,gòrō
232,weak,dufudufu
232,weak,fèfā
232,weak,fétèfete
232,weak,hòdẅō
232,weak,hodẅoho
232,weak,dẅo
232,weak,horòhoro
232,weak,nǎ
232,weak,nī
232,weak,nyámō
232,weak,sĩàmō
232,weak,pósoposo
232,weak,kòsokoso
232,weak,gō
232,weak,hodẅo
232,weak,gurō
232,weaken,gō(mu)
232,weaken,hodẅo
233,wealth,ade
233,wealth,ahõnyãde
233,wealth,tāmudi
233,wealthy,nyã or wo ade
233,wealthy,nyã nehõ
233,wealthy,di tāmu
233,wealthy (man),odefo
233,wealthy (man),osikani
233,wealthy (man),ohõnyãfo
233,wealthy (man),obirɛmpoṅ
233,wean,twa nufu
233,weaning,nufutwa
233,weapon,akõde
233,weapon,dade
233,weapon,ṅkrante
233,wear,hye
233,wear (a hat),asepatere
233,wear (shoes),petea
233,wear (a ring),fura
233,wear (bear s.th. hung up),sẽ
233,wear (girded about the loins),siane
233,wear (a sword),bo
233,wear (a crown),aboso
233,weariness,obere
233,weariness,abaupa
233,weary,bere
233,weary,pa abau
233,weary (of waiting),(n')ani bu
233,weary,hye bere
233,weary,pa abau
233,weasel,kokobó
233,weather,wim
233,weather,ewi
233,weave,ṅwene
233,weave (mats),bo or ṅwene kete
233,weaver,o(tama)ṅwemfo
233,weaver's shuttle,akorokorowa
233,web (spider's),húhúa
233,web (spider's),ntóntán
233,webster,otamaṅwemfo
233,wed,hyia
233,wedding,ayeforohyia
233,wedding garment,ayeforo-atade
233,wedding ring,awarekā
233,wedding guests,ayeforohyia mma
233,wedge,dame
233,wedge,nnamé
233,wedlock,aware
233,Wednesday,Wùkúda
233,Wednesday (male born on),Kwàkú
233,Wednesday (female born on),Akúá
233,wee,ofrétekwaṅ
233,wee,akwansimma
233,weed,wúrá
233,weed,ṅwúrá
233,weed,dódó
233,weed,ṅwura
233,weed,ṅwane
233,weed (abūro ase),dou ase
233,week,dapéṅ
233,weekly,dapéṅ mu prɛkõ(pe)
233,weekly,dã nnaawotwě
233,weekly report,dapɛnsem
233,weep,sũ
233,weep,nusu gu no
233,weep,tere no
233,weep for,sũ
233,weep for,gyam obi
233,weft (of hair),püa
233,weft,ntakuá
233,weft,si
233,weft,saŵerepüa
233,weigh,kari
233,weigh,to.ano
233,weigh,so(ne)duru fwɛ
233,weigh anchor,tu sekyɛ
233,weigher,okarifo
233,weigher,okarikari
233,weighing-machine,ṅkaripoṅ
233,weight,ṅkarii
233,weight,(ne)duru
233,weight,obo
233,weight,abrammó
233,weighty,nea (wokari a) eye duru
233,weighty,etwě
233,weighty,duruduru
233,weighty (fig.),asɛm a emu ye deṅ
233,weird,sumãṅ
233,weird,ne
233,weird (fate),anyaṅkõnné
233,weird (fate),ṅkărabea
234,welcome,kyia
234,welcome,gye tom
234,welcome,aba(ō)
234,welcome,akwaba(ō)
234,welfare,yiyedi
234,welfare,asiyé
234,welfare,omaṅ-nyiná
234,well,yiye
234,well,papa
234,well,ampa
234,well,yiu
234,well,yiẹ
234,well,wiẹ
234,well,àyō
234,well,hō ye
234,well,hō tiye(pésē)
234,well,berēō
234,well,hō asãṅ
234,well,hō ato(no)
234,well,hō aye(no) deṅ
234,well,(ne)yare agyae or asã
234,well,aye or woaye(no) yiye
234,well,mo
234,well,woaye ade
234,well,abura
234,well,asubura
234,well,nsuti
234,well,nsuaniwa
234,well,mmású
234,well-bred,nea wa-
234,well-mannered,nea wa-
234,wench,obeawa
234,wench,afãnã
234,wench,mpãnã
234,wench,obãguamãṅ
234,wentletrap,ṅkyimī-trapoē
234,west,atifī
234,west,atgẹ(fãm)
234,wet,fōnonono
234,wet,fòkyē
234,wet,fosō
234,wet,"fou (dòtō, dòtō, tà-kā, tòkō)"
234,wet,fou brb
234,whale,bònsu
234,what,deṅ
234,what,ẹdeṅ
234,what,seṅ
234,what,deebeṅ
234,what,ẹdeṅ ade
234,what,beṅ
234,what,"nea, dea, dekōde a"
234,what,biribiara a
234,wheat,aẅi
234,wheat,pânó
234,wheat,bódobodo
234,wheel,teaseẹnam-naṅ
234,wheel,úkyĭmí
234,wheel,ntẅahōnaṅ
234,wheel,kudó
234,wheel,úkyimfiri
234,wheel,nteaseẹnam-yẹfo
234,wheel,tẅa nehō
234,whelm,"yiri fa or kata..so, bu..siu"
234,when,ẹbere a
234,when,da kō a
234,when,da biara a
234,whence,fi hẽ
234,whence,nea..fi
234,where,ehẽ
234,where,ẹhene
234,where,nea or dea..họ
234,where,esĭane sẹ or efi sẹ
234,where,ẹdeṅ
234,where,nti(a)
234,where,nea enti
234,whet,se(u) or bọ ano
234,whet,oserebo
234,whether,sẹ
234,whether,sẹ..ana-sẹ
234,whether,ō
234,whether,"gba ō, omma ō"
234,which,beṅ
234,which,nea ọ
234,which,nea ẹ
234,while,bere
234,while,akye
234,while,aye or akye kakra
234,while,ekyẹe kakra no
234,whinny,bọ mmoṅ
234,whip,abā
234,whip,mpire
234,whip,apoṅkobā
234,whip,sikafẹre
234,whip,tẅóm
234,whip,kã..mmā
234,whip,mpire
234,whip,tẅóm
234,whirl,di kyinhyia
234,whirl,atẅasi
234,whirl,atẅasi tutū
234,whirligig,okówá
234,whirligig,akówa
234,whirlwind,atẅasiframa
234,whirlwind,kyinhyia-mframa
234,whiskers,bogyesẹpútu
234,whisky,mmŏrọsã bi
234,whisper,tu or tutu asu
234,whist,ṅhōma(tō)
234,whist,tō ṅhōma
234,whistle,bọ fẅiremá
234,whistle,hyeṅ bọto-wa
234,whistle,atẹntẹbẹṅ
234,white,fúfu
234,white,fitā
234,white,furubaṅ
234,white,hyẹṅṅ
235,very,fitafitã
235,very,fufufufufitã
235,very-ants,mfote(e)
235,very-clay,hyire
235,very-lie,ohĩatoro
235,very-man,Oburoni
235,very-man,pl. A--fo
235,very-to become,hoa
235,very-to become,sẽreṅ
235,whiten,hoa (hõ)
235,whiteness,fitã
235,whiteness,fúfu
235,whiteness,hoa(e)
235,whitewash,sra hõ hyire
235,whitewash,akado
235,whitish,fúfu
235,whitish-to grow,hoa
235,whitish-to grow,sẽreṅ
235,whither,ehẽ?
235,whither,ehẽfã?
235,whither,nea..ho
235,whitlow,nsa hõ keka(u)
235,Whit-Monday,Hoṅhom Krenkroṅ fwieguda akyiri Dwoda
235,who,ehena
235,who,Ak. hwãna
235,who,hõna?
235,who,pl. ehenanom?
235,who,ehẽfo?
235,who,nea o..
235,whole,emũ
235,whole,ne ṅhĩnã
235,whole,ṅka-ṅhĩnã
235,whole-to be,di mũ
235,whole-ly,korã
235,whole-ly,pe
235,whoop,tẽem
235,whoop,di..akyi
235,whoop,huro
235,whore,agũamãṅ
235,whore,obãgũamãṅ
235,whore-v,bo agũamãṅ
235,whore-v,twẽ mpãnã
235,whore-dom,agũamãmmo
235,whore-monger,ogũamãmmofo
235,whore-price of a,apede
235,whore-price of a,mmãpede
235,whore,bo agũamãṅ
235,whore,twẽ mpãnã
235,whose,hena (hwãna) de?
235,whose,nea ne...
235,why,edeṅ?
235,why,Ak. deebeṅ
235,why,deeṅ
235,why,seṅ
235,why,edeṅ ntia?
235,why,nea enti
235,wick,(kanea) ntamã
235,wick-yarn,k. asáwá
235,wicked,bone
235,wicked-to be,mũo
235,wicked-to be,ye bone
235,wicked-to be,di asemmone
235,wickedness,bone
235,wickedness,abonefosem
235,wickedness,amumoye
235,wicker,nea woaṅwene no (se asẽréṅ)
235,wicker-basket,kenteṅ
235,wicker-basket,kyereṅkye
235,wicket,berapae
235,wicket,abobo
235,wicket,opoṅwá
235,wicket,op. tẽatẽã
235,wide,bàyã
235,wide,bayábàyã
235,wide,tẹterẹ
235,wide,tẹterẹté
235,wide,hàhărã
235,wide,hàhărǎhǎ
235,wide-to be or become,(emu) tere
235,widen,tere mu
235,widow,"okunafo (ok. bea, ok. barima"
235,widow-or,obã-kunafo
235,widow-or,o-barima-k.)
235,widow-a married by right of inheritance,kunabá
235,widow-a married by right of inheritance,ofa no k.
235,widowhood,kuna
235,widowhood,kunaye
235,width,(brb. ne) terem'
235,width,n'atwẽm'
235,wife,oyére
235,wife,Ak. oye
235,wife,pl. -nom
235,wife-fellow,okòrafó
235,wife-fellow,kòrà
235,wife-fellow,pl. a--fo
235,wild,kekã
235,wild,kitikiti
235,wild,krãmãkrãmã
235,wild-to be,krãṅ
235,wild-to be,gyimi
235,wild-to be,ani bere
235,wild-to be,ani ye hye
235,wild-to be,ye dennẽnneṅ
235,wild-to be,ani ye krãmãkrãmã
235,wild-to be,do ṅkrãṅ
235,wild-beast,ahaboa
235,wild-boar,batafo
235,wild-boar,kokote
235,wild-dog,odòmpó
235,wild-dog,hatwẽá
235,wild-dog,odemerefúá
235,wild-jackal,sakramaṅ
235,wild-fig,odomá
235,wild-horse,saresopoṅko
235,"wild-man, person",okekãfo
235,"wild-man, person",pl. a-
235,"wild-man, person",ohamuní
235,"wild-man, person",pl. a--fo
235,"wild-man, person",n'asem ahamsẹm
235,wild-yam,ahabàyére
235,wilderness,(savanna) sare
235,wilderness,sere
235,wilderness,sarem'
235,wilderness,sareso
235,wilderness,ṅhwẽaso
235,wilderness,epauso or apãso
235,wilderness,sare patã
235,wilderness,(dry land) ùkyerekyerewa (..kyerã)
235,wilderness,(dense forest) wuram
236,wildness,kekã
236,wildness,anibere
236,wildness,anuohyeɛ
236,will,pe
236,will,fwe
236,will,fwefwe
236,will,ope
236,will,nea wope
236,will,sãmanse
236,willingly,ope-so
236,willingly,ayamyi-so
236,win,nyã
236,win,fa
236,win,so
236,win,di ṅkõnim
236,win,dã..asõ
236,win,di mmoã
236,wind,mframa
236,wind,mfare
236,wind,hū
236,wind,hyeṅ
236,wind,abeṅ
236,wind,bare
236,wind,bebare hō
236,wind,fefa hō
236,wind,bɔ
236,wind,bobɔu
236,wind,daṅ
236,wind,dannaṅ
236,windings,ṅkyiṅkyimii
236,windings,ukyimī
236,windings,atrapcē
236,windlass,afiri a wọde mã ade so
236,windlass,okukurubọ
236,windlass,okukuruaotumi
236,windlass,akoabaṅ
236,window,mfensere
236,window,tokuru
236,window-frame,apọṅṅua
236,window-frame,apọṅṅwa
236,window-glass-pane,mfensere afwefwe
236,wine,nsã
236,wine,bobesã
236,wing,ntabaṅ
236,wing,ṅkyeṅmu
236,wing,nifã
236,wing,beṅkum
236,wing,nnawase
236,wing,atakarabóa
236,wing,atuboa
236,wink,bu
236,wink,kã ani gu so
236,wink,aniwabubu
236,winnow,hū..so
236,winnow,pọ..so
236,winter,awọbere
236,wipe,pa
236,wipe,popa
236,wipe,pra
236,wipe,prapra
236,wipe,twū
236,wipe,twī
236,wipe,twitwī
236,wipe,sīãm
236,wire,utwēe
236,wire,hãma
236,wire,kọberé
236,wire,awowa
236,wire,dade ntwē
236,wire,soma
236,wire,kã hãma
236,wisdom,nyansã
236,wisdom,nimdeẹ
236,wise,nim nyansã
236,wise,hū nimdeẹ
236,wise,anitĕu
236,wise,da họ
236,wise,kã ase
236,wise-person,onyansãfo
236,wise-person,onimdefo
236,wish,pe
236,wish,fwefwe
236,wish,fwe
236,wish,ope
236,wish,nea obi pe
236,wish,fwefwe
236,wit,aseṅkwā
236,witch,bayi
236,witch,ayéṅ
236,witch,baninyeṅ
236,witch,ọbāyeṅ
236,witch,obayifo
236,witch,ọbonsam
236,witchcraft,báyi
236,witchcraft,abayidé
236,witchcraft,abayigoru
236,witchcraft,abayisem
236,with,ṅkyeṅ
236,with,de
236,withal,nso
236,withal,bi
236,withal,sãara
236,withal,kã hō
236,withdraw,yi
236,withdraw,twē kọ
236,withdraw,twē
236,withdraw,saṅ
236,withdraw,kọ
236,withdraw,kọda
236,withdraw,wiawia nehō kọ
236,wither,guàṅ
236,wither,bótō
236,wither,kisã
236,wither,kagyau
236,wither,nyãm
236,wither,twãm
236,wither,kã..gya
236,withhold,saṅ
236,withhold,sĩañka
236,withhold,sàre
236,within,emu
236,within,fãm
236,without,out of doors
237,without,kwati
237,without,kwae
237,without,gyau
237,without,nnim'
237,without,siane
237,withstand,si(u) ano
237,withstand,kwaṅ
237,withstand,di asi
237,withstand,wau ano
237,witness,adanse
237,witness,di
237,witness,odansefo
237,witness,adansekrum
237,witness,adansewia
237,witness,odansekrumfo
237,witness,di adanse
237,wizard,ayéṅ
237,wizard,oban-inyeṅ
237,wizard,obáyeṅ
237,wizard,obayifo
237,wizard,osumaṅfo
237,woe,eyau
237,woe,amane
237,woe,mmusu
237,woe,ai!
237,woe,aĩ!
237,woe,agy'e!
237,woe,bóboé!
237,woe,mirewuó!
237,woe,minnue!
237,woe,ónnue!
237,wolf,opatakú
237,wolf,kuutumpã'
237,woman,obea
237,woman,obā
237,woman,mmā
237,woman,obābasia
237,woman,obábére
237,woman,opémfó
237,woman,obākokonini
237,womb,yafunu
237,womb,awotwěā
237,wonder,ye..ṅwoṅwã
237,wonder,ani so ye
237,wonder,ṅwoṅwã
237,wonder,ahōbō
237,wonder,ṅkon-yã
237,wonder,aṅwoṅwãde
237,wonder,ahōḍwiride
237,woo,gye aware
237,woo,awaregye
237,wood,wura
237,wood,kwae
237,wood,ha
237,wood,ham'
237,wood,ahabaṅ
237,wood,ahaham
237,wood,dua
237,wood,ogya
237,wood,nnyentia
237,wood,ko anyaṅ
237,wood,nnyina
237,wood,ṅhūṅhũnii
237,wood,nnuapaefo
237,wood,nnuatōfo
237,wood,twafo
237,wood,bufo
237,wood,abōromã
237,wood,aburuburu
237,wood,akokofweree
237,wood,asāmauté
237,wood,obommofo
237,wool,oguanteṅ hō ṅhwĩ
237,woollen,kuntū
237,woollen,tam
237,woollen,k. kyé
237,woollen,k. atade
237,word,asɛm
237,word,asɛmfua
237,word,okasa
237,word,ose
237,word,kaseɛ
237,word,amaneɛ
237,word,ṅkāra
237,work,ye (ade)
237,work,ye adwuma
237,work,di dẅuma
237,work,di bonnó
237,work,di.pā
237,work,asɛmpatere adwuma
237,work,di nngoboa
237,work,adwuma
237,work,ye
237,work,dẅuma
237,work,di
237,work,bonnó
237,work,adẅiṅ
237,work,adẅinni
237,work,nsɛuɛ
237,work,ananseakete-ṅwene
237,worker,odẅumayefo
237,worker,opāni
237,workshop,adẅinnaṅ
237,workshop,adẅumayebeu
237,world,eẅiase
237,world,eẅi
237,world,ẅiasefo
237,world,ade
237,world,ade ṅhĩnā
237,world,bāra
237,world,abārabu
237,world,amammui
237,world,agẅasɛm
237,world,de
237,world,nnipa
238,nether-,asãman
238,-ling,wiaseni
238,-ling,wiasefo
238,-ly life,wiasetrã
238,-ly life,wiase amammui
238,phr. nnansã yi miṅhũ wi yim yiye bio,null
238,worm,osunsón
238,worm,osonsoṅ
238,worm,obannyá
238,wood-,aboã (aboawa)
238,slimy mud left by -s,ṅhũṅhũnii
238,slimy mud left by -s,púpú
238,to produce -s,do mmoawa
238,to be - eaten,ṅhũṅhũnii
238,-wood,awo-ṅwene
238,-wun,null
238,worry,hau
238,worry,guaṅ hõ
238,worry,hye bere
238,worship,koto
238,worship,sore
238,worship,sõm
238,worship,gyau (bosom)
238,worship,di.nĩ
238,worth,ebo
238,Kindness,papa
238,Kindness,yiye
238,dignity,nĩdi
238,dignity,animduru
238,worthiness,mfataso
238,worthiness,animduru
238,worthiness,papa
238,worthiness,mmaninye
238,worthless,nea emfra
238,worthless,huhu
238,worthless,hunu
238,he is -,oye nnabrabá
238,he is -,otwa adabereko
238,- fellow,otweá
238,worthy,se
238,worthy,fata
238,worthy,so ani
238,worthy,wo bo
238,worthy,di
238,worthy,edi sa
238,worthy,edi siriù
238,he is a -man,ofra (sc. nnipa bi mu)
238,you are good for nothing,womfrá
238,this th. is quite useless,ade yi mfrá korã
238,- of death,akũnne
238,wound,pira
238,wound,pirapira
238,wound,bo..fe
238,wound,bobo afe
238,wound,opirá
238,ekuru,apirakuru
238,fé,null
238,his - became ulcerous,ne fe no atu
238,ulcer,akisikuru
238,ulcer,kokoram
238,to heal a-,kum or sa kuru
238,his - has collected pus,ne k. ado nsu
238,his - has swelled the skin with serum,ne k. ado mpumpunase
238,his - has become purulent,ne k. atu
238,his - has become putrid,ne k. apõro
238,his - has healed,ne k. asã or awu
238,oda akuru mu =,nehõ ṅhĩnã atutu ak.
238,to be -ed,get a-
238,to be -ed,pira
238,to be -ed,tu kuru
238,to be -ed,tutu akuru
238,a person full of -s,opirafo
238,a person full of -s,okufo
238,wrap,bobou (hõ)
238,wrap,dura (hõ)
238,wrap,mũnúm
238,wrap,mũrúm
238,wrapper,nnurahõ
238,bag,kotoku
238,bag,bóto
238,wrath,abufu
238,wrath,abohuru
238,wrath,anibere
238,wrath,yamgya
238,wrathful,obufufafo
238,wreath,ṅhabamma a woakyekye
238,wreath(e),kyekye(re)
238,wreath(e),ṅwene
238,wreck,gu asu
238,wreck,hyeṅ-gõ
238,wreck,fõ
238,wrest,kyĩm
238,wrest,fwim
238,wrest,hotiri
238,the knife fr. his hand,hotiri ne nsam sekaṅ no!
238,wrestle,tam
238,wrestle,sũa ntǫkwa
238,wrestle,kõ
238,wrestle,pere
238,si káne,di aguma
238,si káne,di ayénsiṅ
238,embrace,tàm
238,embrace,fãm (obi)
238,wrestler,okõfo
238,wrestler,ogumadifo
238,wrestler,okàusifo
239,wrestling,káne
239,wrestling,agumá
239,wrestling,a-yénsiṅ
239,wretch,mmoboroni
239,wretch,akyere
239,wretch,ohuhuni
239,wring,kyĩm
239,wring,kyebau
239,wring,bakye
239,wrinkle,pono
239,wrinkle,pompono
239,wrinkle,mõṅkyẽm
239,wrinkles,mpomponoe
239,wrist,bákóṅ
239,writ,ahyẹde
239,writ,mmăra
239,writ,ṅkŭroboṅhõma
239,writ,Anyamesẹm
239,write,kyereu
239,write,kuru-kyereu
239,writer,okyereufo
239,writhe,kyĩm
239,writhe,fira
239,writhe,petẽré
239,writhe,daṅ
239,writing,ṅhõma-kyereu
239,writing,kyereupoṅ
239,writing,ṅhõma
239,writing,krãtã
239,writing,bõroṅhõma
239,wrong,bọne
239,wrong,nea enye
239,wrong,entẽe
239,wrong,akyea
239,wrong,nea woboa
239,wrong,nteṅkye
239,wrong,n'asẹm nye dẹ
239,wrong,odi fo
239,wrong,bọne
239,wrong,amim
239,wrong,mfomso
239,wrong,ye bọne
239,wrong,di amim
239,wry,kõntõṅkyẽ
239,wry,nea akyea
239,Yacht,ehyẹṅ
239,Yacht,ahyemma
239,Yacht,akǎnsi-hyeṅ
239,Yacht,agumahyeṅ
239,yam,odé
239,yam,odee
239,yam,gyau
239,yam,àkwako
239,yam,krúkrupǎ
239,yam,ṅkantámi
239,yam,ká
239,yam,mǎde
239,yam,ṅkaní
239,yam,bàyéré
239,yam,kókóra
239,yam,pepeá
239,yam,afasẹe
239,yam,afasékàní
239,yam,afasetuntúm
239,yam,apúka
239,yam,ménsǎ
239,yam,ṅkámfó
239,yam,odetu
239,yam,mmotọkrõmǎ
239,yam,mpo
239,yam,odwira
239,yam,odefua
239,yam,fua òdé
239,Yankee,Amerikani
239,yard,adiwo
239,yard,abaṅnua
239,yard,abasamfǎ
239,yard,man's-
239,yard,obarima
239,yard,koté
239,yarn,asǎwa
239,yawn,yeram
239,yawn,hăram
239,yawn,emu bae
239,yawn,tẹ ano bàyǎ
239,yaws,gyato
239,yaws,ogyatofo
239,ye,mo
239,ye,hom
239,yea,yiu
239,yea,wiè
239,yea,ampa
239,yea,mpo
239,yea,m-mom
239,year,afe
239,year,afrihyia
239,yearn,(ne)yam hyehye(no)
239,yearn,fe
239,yearn,ani gyina obi
239,yell,tẹem
239,yell,tẹetẹem
239,yell,bobọm'
239,yell,kekau mu
239,yell,ṅkekau-mu
239,yellow,kọ
239,yellow,kokọ
239,yellow,aṅkāhono
239,yellow,bofua
239,yellow,odubẹṅ
239,yellow,adidisika
239,yellow,bere aṅkāhono
239,yes,yiu
239,yes,yiẹ
239,yes,ẽ
239,yes,ẹhẽ
239,yes,wiè
239,yesterday,nnera
239,yesterday,nnara
239,yesterday,nnọra
239,yesterday,nnẹ nnansǎ
239,yesterday,unansǎ ne nnẹ
239,yet,da so
239,yet,oda so
239,yet,otoa so
240,yield,yi
240,yield,mã
240,yield,yi-
240,yield,pene
240,yield,mã okwaṅ
240,yoke,koṅdua
240,yoke,mpãmhõ
240,yolk,ṅkesuam' kokroḅotò
240,yon,no
240,yon,eho no
240,yon,noho
240,yon,nohõ
240,yon,Ak. dohã
240,yon,agya or anim nohõ
240,yore,tete
240,yore,nteredē
240,yore,bere
240,you,mo
240,you,Ak. hom
240,young,foro
240,young,duforo
240,young,gyataforo
240,young,oba
240,young,mma
240,young,abofra
240,young,kūmā
240,young,abótafowa
240,young,mm-
240,young,akokoā
240,young,okwadā
240,young,pl. ṅ-
240,young,mmofra
240,young,nṅemma
240,young,abĕrante
240,young,pl. mm-
240,young,akwaṅkwá
240,young,pl. ṅ-
240,young,abábá
240,young,pl. mm-
240,young,apopayam
240,young,okáàkyíre
240,young,opōsie
240,young,Ak. opièsíe
240,your,mo
240,your,Ak. hom
240,your,mo de
240,your,dea
240,your,Ak. hom dee
240,your,moara
240,your,moaṅkasa
240,your,mohõ
240,youth,mmofraase
240,youth,mmĕrantebere
240,youth,mmabābere
240,youth,mmere
240,youth,abofra
240,youth,okwadā
240,youth,pl. ṅ-
240,youth,abĕrante(wa)
240,youth,akwaṅkwā
240,youth,obábuṅ
240,youth,pl. mm-
240,youth,mmofra
240,youth,mmĕrante
240,youth,mmabā
240,youthful,onipamóno
240,youthful,kåṅwĕ
240,youthfulness,mmĕranteyẹ
240,youthfulness,bereye
240,Zeal,anibere
240,Zeal,mmoḍeṅ
240,Zeal,bo
240,Zeal,nimĩa
240,Zeal,ṅkétekràkyé
240,Zeal,si ṅk.
240,zealful,be-
240,zealful,bo mmoḍeṅ
240,zealful,ye nsi
240,zealful,añem
240,zealful,mĩa n'ani
240,zealot,oniberefo
240,zealot,mmoḍeṅbofo
240,zenith,atifĩ
240,zenith,osoro
240,zephyr,ahum or mframa boṅkō (bi)
240,zigzag,apompono
240,zigzag,nea kontoṅ
240,zink,sãnyã
240,zone,ṅhĩmahõ-bea
240,zone,dantabaṅ
240,zoographer,mmoadomã hõ nseṅkyereufo
240,zoolatry,mmoadomã hõ nyamesomtoro
240,zoologist,mmoadomã hõ nyan sãfo or kyerekyerefo
240,zoology,mmoadomã hõ nimdee
241,Abasement,abotu
241,Abasement,abaupa
241,Abasement,mpemase
241,abashment,aniwu
241,abashment,anitõ
241,abashment,aniwuhye
241,abashment,animguase
241,aberration,nterehõ
241,aberration,mferehõ
241,aberration,nsĩanehõ
241,aberration,owae
241,aberration (of intellect),odám
241,aberration (of intellect),gyé
241,abjective,nea esee bãra-pa
241,abrogation,mmãra-tue
241,absolute,obi ṅkã no abóatwàu
241,abuse,oyau
241,abusive,nea oyau
241,abusive,odidi atem
241,abusive,nea osee ade kwa
241,accommodation,asetrã mu mfatae
241,accommodation,nea emã onipa hõ bã no or sepe no
241,accommodation,odan mu nneema pa
241,accusation,owétare
241,accuse,we tare obi
241,acidify,nyan
241,acidify,kau
241,acidify,pae
241,acre,asase
241,acre,nsase
241,acre,afu
241,acre (square measure),asase susubea bi
241,acrobat,hãma so saufo
241,addictedness,brb. hõ akonno
241,addictedness,esu
241,addictedness,nea aye obi su
241,adieu,mekó mabà
241,adieu,minnyau w'ase
241,adieu (reply),nanteyiye õ!
241,adieu (reply),ṅkyer' õ!
241,adieu (reply),ṅkyere ba õ!
242,admission,okwaṅ(mã)
242,admission,nnyetom
242,admission,nnyehyeṃ
242,adulate,defédèfe
242,adulate,bọ adáfá
242,advance,payment
242,advance,ntoase
242,affiance,aware-gye
242,affiance,mã
242,affinity,abusũa
242,affinity,baṅ
242,affinity,ntoṅ
242,affinity,ntóro
242,affirmative,nea woagye pene
242,affirmative,woapene
242,affirmative,woasi so dua
242,afloat,ad
242,afterbirth,etam
242,alert,wẹṅ brb.
242,alert,fwe (ne) hō so
242,allay,tã..bo
242,allay,dǔudwọ
242,allay,kum kọm
242,allay,sukọm
242,allocution,aseṅkã
242,alternately,ad
242,alum,abereduru
242,alum,bere (sika n. a.) hō
242,alum,hye (..aduru)
242,alumniate,adesũa-bere
242,alumniate,okyeresũafi mu bere (a obi trã mu)
242,alumnus,osũani
242,alumnus,a--fo
242,ambassador,okyěáme
242,ambassador,a-
242,amenable,nea wọde..hō asem bisa no
242,amenable,nea ọsọm
242,anabaptise,san bọ..asu (bio)
242,animosity,ọtaṅ
242,annoyance,ọhau
242,annoyance,abufuyi
242,annoyance,abohuru
242,annuity,afrihyiade
242,appendix,ntaremu
242,as,for me
242,as,tọ or ka me ṅkọ a
242,as,far
242,as,bẹpem
242,as,kọpem
242,ashamed,to be-
242,ask,he asks of what family he is or he woos her
242,ask,obisa n'ase
242,ask,he asks for an explanation
242,ask,obisa no ase
242,assault,ntua
242,assault,oyau
242,assault,mpoatwa
242,assault,tua (obi or brb.)
242,assault,yau
242,assault,twa..poa
242,assizes,asenni
242,assizes,bere a atemmufo trã ase
242,assume,to - modest words
242,assume,ye n'ano berèbere
242,astride,to stand -
242,astride,bae ne naṅ mu gyina (fãkọ)
242,astute,to be-
242,astute,hō bẽn
242,asylum,(hospital) ayarefo-fi or -daṅ
242,asylum,lunatic or insane -
242,asylum,agyéfo- or dagyéfo-fi
242,asylum,abọdámfo-daṅ
242,asylum,orphan -
242,asylum,nyisã- or ṅwisã-daṅ
242,await,fwe anim
242,B. A.,Bachelor of Arts
242,B. A.,dibea mmãraṅ bi
242,back,to be or to come - (again)
242,back,saṅ ba (bio)
242,back,to go -
242,back,saṅ (kọ)
242,back,to push -
242,back,sum
242,back,sum..kyene
242,back,to take - a spoken word
242,back,saṅ
242,backward,to be - in one's duty
242,backward,to(to) (n')adwuma ase
242,backward,to..apomafo
243,bad,su-bɔne
243,bad,abărabɔ bɔne
243,bad,bărakye
243,bad,eyi de
243,bad,enyé korã
243,bad,n'asɛm redaṅ
243,bad,n'asɛm resi (no) bɔne
243,bag,post-
243,bag,amũãe-
243,bag,ademã-nãe-bɔto
243,bail,agyinam
243,bail,di agyinam mã obi (sɛ o-reṅñũaṅ)
243,bald,kwátī
243,bald,kwátikwati
243,bald,kwáwó
243,bald,patā
243,bald,pa
243,bald,po
243,bald,ne ti apa
243,bald,oyare bi apa ne ti
243,bald,dua yi apo
243,bald,nnua no apopo
243,bald,dua no hɔ or so (yɛ) kwátī
243,bald,dua no hɔ or so (yɛ) patā
243,ball,asa(u)
243,ball,asaufo-ṅhyiam
243,ball,tutu asa(u)
243,balloon,atufa-hyeṅ
243,banana,bakua
243,banana,kwadu b
243,ban,otu-mmăra
243,ban,nnuabɔ
243,ban,ṅhyira
243,banns,aware so bɔ or pae
243,band-master,atɛntɛ-kyerɛfo
243,band-master,odwɔṅkyerɛfo
243,baptise,bɔ.asu
243,baptise,sɔre obi
243,baptist,osuboni
243,baptist,an anabaptist
243,bareness,adagya(u)
243,bareness,kwáti- or patā-ye
243,bareness,ohĩa
243,barn,pútu
243,bar-room,asǎnom-bea
243,bar-room,ahghodaṅ
243,barterer,obatani
243,barterer,nse-săgũa-difo
243,basin,hyeṅ-gyina-bea
243,basin,hyeṅ-maṅ-hõ-bea
243,basket,obɛde
243,basket,ahagya
243,basket,akyemmɛde
243,basket,akwapemmɛde
243,bast-fibre,bahá
243,bast-fibre,mposae
243,bathe,guare
243,bathe,guare po
243,bathe,sămina
243,bathe,nsuohye
243,bauble,(mmofra)agode
243,bauble,biribiwa
243,bauble,kakrá
243,bauble,ogyimfo
243,bawler,oẇɛnãfó
243,bawler,dawuru-bofo
243,be,sɛ eyi te sã (de) a...
243,bear,far
243,bear,kɔ akyiri
243,becoming,nea ekɔ obi yiye
243,becoming,efata obi
243,bed-clothes,mpa or nnae so ntama
243,bee,As. owowa
243,beefsteak,nantẇinãm-trā
243,beef-tea,eṅãm-mu-nsu
244,belfry,abantene
244,belfry,ntua-aban
244,bell,nnā
244,bell,adoṅṅwa
244,belly-ache,ayamkeká
244,bench,asennifo
244,bench,atemmufo (ṅhyiam)
244,benight,duru sũm
244,benight,ye tùmm
244,benight,adwene duru sũm
244,benignant,yam ye
244,benignant,ye nido
244,benignant,eha mframa ye mã (me) or ye (me) yiye
244,berg,iceberg
244,berth,nea hyeṅ (ko) tā so
244,berth,hyeṅ-mpatēa or nnae
244,berth,dibea
244,berth,adwuma
244,bet,As. to nsa
244,betroth,si siyere
244,betroth,si asiwa
244,betrothed,As. asiwa
244,bewail,bọ bẽnā
244,bewail,twā agyādwo
244,Bible,Kyereu Kroṅkroṅ or Anyamesem-ṅhōma-mũ
244,Bible,Apānnedau
244,Bible,Apãmfoforo
244,bid,mã akyẽ
244,bid,mã adwọ
244,bid,kyia
244,bid,twā..poa
244,bid,ye mpì
244,bit,kakrābi
244,bit,fwē fwē ara
244,bit,gyina họ e! twēṅ kakra!
244,biweekly,dā nnapēṅ abieṅ or dā dadu-nna-nnaṅ
244,biweekly,nnaawotwẽ mu mpĕrennu or dapeṅ mu mp
244,blacken,biri
244,blast,"to-stones with powder, de atuduru pae abo"
244,blaspheme,dome
244,blaspheme,hyira
244,bloom,yi bọmmā
244,blossom,mpesee
244,blossom,bọmmā
244,blow,twere
244,blow,ọbọ
244,blow,abëu
244,blow,asĩane
244,blow,tō twere
244,blow,ọ bọ tw.
244,blow,yi twēdee(de bọ obi)
244,boa,eniṅ
244,boa,enini
244,boa,ọpanténe
244,bother,guaṅ..hō
244,bother,dwane hō
244,bother,hau
244,bother,ṅhau me!
244,bother,ṅnuaṅ me hō!
244,bother,ahō-guaṅ or - dwane
244,bread,bodobodo
244,breath,ne home si so
244,breath,ensi so
244,bride,ayeforo dansefo
244,bride,adamfo or - hōkāfo
244,brighten,hoa
244,brighten,nyinam
244,bully,ye kwàsĩare
244,bully,bọ ..dwae
244,bulwark,pie
244,bulwark,ntuabaṅ
244,burial,sãmaùpọ
244,burial,asọreeso
245,bush,ahaham
245,busy-body,ohunahunafo
245,busy-body,nea ode nehõ fra obi nsɛm mu
245,butcher,nãmkumfo
245,butcher,mohammedan nãṅkwanseni
245,butter,As. dagyi
245,by,and-
245,by,ṅkakra-ṅkakra
245,by,soon
245,by,ereṅkye
245,by,eye kakra a...
245,Cable,soma or kã hãma
245,call,to call at
245,call,ba or kọ..akyi
245,call,kyia
245,calumniate,w̌e tare obi
245,carefulness,ahõf̌weso
245,carnal,person
245,carnal,nea odi n'a-kọnno akyi
245,cash-box,sika-adaka
245,cash-box,apem
245,castigation,asõťwẽ
245,castigation,animkã
245,castigator,oyeṅfo
245,castigator,of̌wẽfo
245,catalogue,ebo- or ano-kyere ṅhõma
245,catalogue,ṅhõma-mmoaano
245,catechise,bisabisa (nsɛm)
245,causality,ase
245,causality,nea ase firi
245,causation,emã brb. bae
245,cauterise,hye or hyehye anim or ani-ani
245,caveat,nea wọwọ kã tia brb
245,champion,ọkõfoni
245,charge,of̌wẽ
245,charge,aďwuma
245,charmer,As. odunseni
245,chaste,nea..hõ nni f̌i or dɛm
245,cheer,hye baniṅha or ṅkuraṅ
245,cheer,kyekye..w̌ere
245,cheer,mã aba
245,cheer,bọ..se
245,cheer,baniṅha- or ṅkuraṅ-hye
245,cheer,ǎwerekye-kye
245,cheer,abodam
245,cheer,anigye
245,cheer,huro
245,cheer,osebọ
245,chess,agoru bi
245,child,ọkwadã
245,child,abofra
245,Christmas,bŭroṅyã or borowonyã
245,cipher,bu
245,cipher,akõntã
245,cipher,bu ano
245,cipher,kyereude
245,cipher,akõtã-ṅky
245,civil,war
245,civil,ofiemansõ
245,clasp,f̌ã (obi)
245,clasp,atū
245,clean,a person not fair but-
245,clean,omumọ-w̌ésewa
245,clean,"opp., oyiyebúru"
245,clench,bobọ nnadewa akyi
245,clerical,osofo
245,clerk,of court
245,clerk,abaṅkyéáme
245,clog,epọu
245,clog,dunsiṅ
245,clog,akwanside
245,clog,adesoa
245,clyster,sa etc. (X clysterize)
245,codify,boa (mmăra horo) ano de hye ṅhõma mu
245,codification,mmăra-mmoaano
245,cogency,tumi a wọde kãṅyaṅ obi aďwene (mã ọte ase)
245,cold,catarrh
245,cold,papŭṅ
246,collar,abokoŋ
246,collar,mm-
246,colony,kŭro
246,colony,asase
246,commissioner,"distr.-,l.3."
246,commissioner,o-mántam bi so difo or panyiṅ
246,compensation,anaṅmu-hye
246,compensation,si
246,compensation,obutĕu
246,complain,kã (n')ahĭasɛm
246,completely,bútŭ
246,completely,korã
246,completely,papãpa
246,compliment,l. 3.
246,compliment,obo ne mu ase
246,confession,l. 4.
246,confession,auricular-
246,confession,asŏm-bonekã
246,confession,general-
246,confession,mpatã-bom-bonekã
246,confession,private-
246,confession,bonemfuakã
246,confine,ohyé
246,confine,a-
246,confine,ano
246,conform,sɛ
246,conform,so
246,conform,bo so
246,conform,mã brb. sɛ or bo so (pɛ)
246,congratulate,mã tiri ṅkwã
246,conjugation,ṅkãbom'
246,conjugation,mmom'
246,conjurer,osúmanni
246,conjurer,a--fo
246,conjurer,obayifo
246,conjurer,a-
246,connection,ṅkãbom
246,connection,ṅkyekyerebom'
246,connection,okã (a o-nè no kã)
246,connection,ayoṅkõfa
246,conquest,woakõ afa..
246,conquest,ṅkõnimdi
246,consecration,(of a chapel) asredaṅ anobuei
246,consecration,odwira
246,consecration,kroṅkroṅye
246,constrain,kã..mĩa
246,constrain,hye obi
246,constrain,"kyere.., de. gu afiase"
246,contagious,yɛ ṅsaṅ
246,contagious,"war casily complicates others, okõ yɛ ṅsaṅ"
246,contaminate,yɛ or gu..fĩ
246,contaminate,biri
246,contention,cf. contest
246,contention,akã-mekãme
246,contention,akõkõ-akókó
246,contention,atutū
246,contest,pere
246,contest,perépère
246,contest,kãme
246,contest,si kãne
246,context,ntoatoaso
246,context,ṅkõakõam
246,context,ntõatõam
246,contrast,abira
246,contrast,nea ensɛ
246,contrast,eṅhyia
246,convocation,ofre
246,convocation,ṅhyia
246,convocation,gŭabo
246,convoy,bū
246,convoy,fwɛ
246,convoy,gya..kwaṅ fwɛ
246,cookery,aduaṅ-nõa
246,cookery,hõ nyansã
246,cooler,kŭruwa (a wodwo mu nsu)
246,cooperate,bom' yɛ adwuma
246,cope,pere
246,cope,bo mmodeṅ
246,cope,kõ
246,copious,pĩ
246,copious,bebĕrē
246,copious,dodo
246,copious,dõm-āṅkāmā
246,copious,"to be-, bu or boro so"
246,copulate,kã..bom'
246,copulate,toa
246,copulate,(sex.) wo
246,corkscrew,(ntuano)-tudade
246,cultivator,okuafo
246,cultivator,a-
246,cultivator,(fig.) opȧmago
246,cupboard,opoṅwa
246,cupboard,(aduaṅ) adaka
246,cure,ayaresa
246,cure,aduru(yɛ)
246,curry,amakoduaṅ(bi)
246,curtain,(mfɛnsere anim)ntón-tán-tãm
246,Dash,tõ
246,Dash,hye or gu..so
246,decade,mfe du
246,decade,mfrihyia du
247,decadence,osɛe
247,decadence,pɔrɔɛ
247,decalogue,mmara-nsɛm du
247,decide,bua asɛm
247,decide,si (asɛm) gyinae
247,declaim,"be, kã fi tirim"
247,defamation,ɔwɛtare
247,defamation,mmotoso
247,defamation,diṅ-sɛe
247,defamation,nsopa
247,defamation,ahohorabo
247,defame,wɛ tare obi
247,defective,nea ɛka so bi
247,defective,ennu
247,defective,nea ennu ano
247,defective,ɛnsɔ
247,defence,nyiano
247,defiance,mpoatwa
247,defiance,animtiãbu
247,defiance,anuodeṅ
247,defy,twa..poa
247,defy,otwa me poa
247,defy,wotwitwa yɛṅ mpoa
247,degrade,pem ase
247,degrade,bɛrɛ..ase
247,delegate,soma
247,delegate,tu or yi bɔfo
247,delegate,osomafo
247,delegate,obɔfó
247,delivery,osaṅ
247,delivery,okyɛ(a wode 'bi hɔ kyɛ no)
247,delivery,ogye
247,demand,"an addition, bisa or gye ntom'"
247,denouncer,ɔfátwafo
247,describe,kyɛkyerɛ mu akwaṅ
247,dessert,akyiri-aduaṅ
247,destiny,ohyɛbea
247,destiny,ṅkărabea
247,determination,tirim-bɔ or -pɔ
247,determination,ebosi
247,detract,yi..fi mu
247,detract,tëu..so
247,diamond,ɔdeṅkyɛmmóo
247,diamond,afwɛfwɛbo
247,dictate,kã kyerɛu
247,dictate,hye
247,dictator,katabākɔ
247,diet,aduaṅ
247,diet,akoṅ or akwaṅ
247,digest,wɛsá
247,digest,wosa
247,digest,hãma
247,dilute,(de nsu) fra..mu
247,dirty,biriborɔ
247,disband,gya (nsrafo) kwaṅ
247,disband,mã..kɔ ofie
247,discovery,abɔrehũde
247,disdain,aniwuhyɛ
247,disdain,animtiãbu
247,disengaged,nea ɔde ne hɔ
247,disengaged,nea onni brb. yɔ
247,disengaged,nea woasaṅ or woagu n'aware
247,disinter,As. sa funu
247,dismission,ɔpam
247,dismission,otu
247,disobedient,seante
247,disobedient,osɛrántèfɔ́o
247,disregard,animtiãbu
247,dispute,anobābae
247,disseminate,(fig.)terɛ(asɛm)
247,disseminate,hye
247,disseminate,hyeta
247,distortion,ɔsempim
247,distress,ani atu atɔ ne nsam
247,divest,worɔ atade
247,divest,pa ntama
247,divinity,Onyame-yɛ
247,divinity,su
247,docile,mmere or hare
247,dog,hatwɛá
247,dog,odòmpó
247,dolphin,twafóròbi
247,doom,hyɛbea
247,doom,abărawie
248,dove,atúrukùku
248,drizzle,"it drizzles, osu regu"
248,drizzle,tĩ n'aẅereu mu
248,duty,"tribute, apeatō"
248,dynasty,ahene-anã(to)
248,dysentery,bammahõ
248,Earnest,"to be in-, eye (no) asempa"
248,ease,tō dua kyene
248,edge,tu or bo ano
248,efface,"to be -d, ..ani akum"
248,eject,pū
248,eject,"turn out, tu(fi..mu)"
248,elaborate,de mmodeṅ or animĩa ye or di dẅuma
248,elegance,oyimã
248,elegance,opou
248,elevate,pagya
248,elude,nyã kwaṅ fi mu
248,elude,"kwae, kwati, yi akwa"
248,embrace,fãm (obi)
248,embryo,oyem mfiase
248,embryo,"of men, mfofahõ"
248,embryo,"of animals, obato"
248,emergency,"opue (ba or fi), osore"
248,emergency,"aseṅkese, asema ebõ hĩa"
248,emotion,"ayamhyeéhyeè, ayamhyehyé"
248,emotion,"rage, abohuru"
248,empty,hunu
248,empty,pãṅ
248,empty,mpãṅ
248,empty,"in cpds., odampãṅ"
248,empty,"an -house, nsapãṅ"
248,empty,"hand, yafumpãṅ"
248,empty,"stomach, to be -, dampãṅ"
248,empty,"pãṅ, m-"
248,empty,"ad. phr. their houses are built at considerable distances fr. each other, woṅ adaṅ sisi pãṅ pãṅ"
248,emulation,ofẅesũa
248,emulation,osũafẅe
248,emulation,"competition, akansi"
248,encounter,bo ani
248,energy,animĩa
248,energy,ahõodeṅ
248,engage,"to- in fighting, bare or bo ani, bore so"
248,engrave,di..mu adẅini
248,enjoin,"hye, hye (asem mu) deṅ"
248,enjoin,"jud., băra"
248,enjoyment,okãfẅe
248,enjoyment,anigyede
248,enlargement,"extension, afefare"
248,enlargement,"phr. the area of this house and of this garden are alike, odaṅ yi afefare nè tῠro yi de se"
248,enlargement,"the circumference of this tree will be four feet, dua yi afefarem' beye anammoṅ nnaṅ"
248,ensnare,sua or sum
248,ensnare,to afiri
248,ensnare,hentia
248,entertain,"guests, ye or sõm..hoho"
248,entice,bo asou
248,entitle,"mã (hõ) kwaṅ or tumi, to..mmati"
248,entrap,sua or sum
248,entrap,to afiri
248,envy,ani bere (brb.)
248,envy,taṅ
248,envy,anibere
248,epilepsy,atotogyauẽ
248,epilepsy,ahuṅmu si or ade to obi so
249,episcopate,oṣofopanyiṅ-di-bea
249,episcopate,aṣofo-mpanyiṅtrabe
249,episcopate,aṣofo-mpanyiṅ-kū
249,erratum,ntintimī-mfom
249,espouse,si siyere
249,essay,so (brb.) fwe
249,essay,hyehye or kyereu nṣem
249,essay,sofwę
249,essay,"okyereu, nṣem-ṅhyehyeę"
249,essayist,okyereufo
249,essential,"nea (ehō) hĩa, nea wo-ye a, ebeye 'ye, -edi..mu àkóteṅ"
249,estimate,di..fori
249,estimate,"ano-bu, -kyere (brb. hō) ṅkōntābu"
249,eternity,"mmere a ensā da, bere-ensā"
249,evacuate,"gyau, sore (bābi)"
249,evacuate,"fa ase, nōm afaseduru"
249,everlasting,"nea eto ntwa da, -ensā dà, -ennyae dà, dāpem"
249,every,obiara
249,every,dabiara
249,every,"biribiara, ebiara"
249,evident,"nea ehō nni aṣem or akyinnyé, -eso da hō, -eda adi"
249,examination,sofwę or srafwę
249,examination,"abisabísa, emu fē-fē or pēpē"
249,examine,pēpē or fēfē mu
249,examiner,"oṣofwęfo, oṣrafwęfo"
249,examiner,"nea ofwēfwę or o-pēpē aṣem no mu, -odi aṣem no"
249,Excellency,amrádò or bōrghene or opanyiṅ mmāraṅ (bi)
249,excellent,"perfect man, onipatéṅ"
249,exception,nyiyim
249,exception,ànká anōmá
249,"excitation, excitement",abo
249,"excitation, excitement","huru, abufuo"
249,"excitation, excitement",ntaneanimansō
249,exclusion,otu or oyi (a wotu or woyi obi fi..) mu
249,executioner,a-fo
249,exempli gratia,"e. g., ene se..."
249,exequatur,dibea or panyinni hō mmatito- or adanse-ṅhōma
249,exhaust,piti etc.
249,exhort,hye kyere
249,exhortation,"afotu, kasanyansā"
249,exhume,"sa funu, tu..fi amānām"
249,expect,"fwe..anim, As...ani da kwaṅ (so)"
249,expect,ani wo..so
249,expect,n'ani ye no kwaṅmu-kwaṅmu
249,expectation,akwaūfwę
249,expectation,anidaso
249,expensive,"nea ewō or edi bo, -ebo wom', nea (ne) bo ye deṅ"
249,export,osōtoṅ
249,exposition,afwęę
249,exposition,asekyere
249,express,nea woahye da asoma no
250,expunge,popa
250,expunge,twa or sensan mu
250,expunge,"see, tore ase"
250,extend,"to fill a space: fefare, fofare"
250,extreme,edi asenseŋmu
250,Fable,to anansesem
250,Fable,boa etc.
250,fabricate,ye brb.
250,fabricate,to mix with water: ye kafekatwo
250,fabricate,hye kubo
250,fabulist,anansesemtofo
250,fabulist,otoro-fo
250,faculty,for languages: okasasuati
250,faculty,officers of a college: asuaekese mpanyimfo or akyerekyerefo
250,false,witness: adansewia
250,family,prayer: ofie-asore
250,family,head of: abusua-panyin
250,"fancy, fantasy",tirim (adwene)
250,"fancy, fantasy","brb. ho do, akonno"
250,"fancy, fantasy",efene
250,far-about,"to go: kwae, man babi or kwati kwan ko akyirikyiri"
250,farina,asikresiam
250,fashion,borofo-nsaano
250,fastidious,nea (n')anom ye (no) de
250,fastidious,fig. nea n'ani nso fwe
250,fastidiousness,anomdeu
250,fat,ho aba..ho or ..ho aye fofo
250,feather,ho rebore
250,ferment,to -cocoa: bu koko
250,ferocious,nea oye agyigya
250,ferry,they put a boat on the river: wokyere mpa-ta asuo no so
250,fervency,ayamyi
250,fervency,mmodebo
250,fervent,yi..yam (ye brb.)
250,fester,akisikuru
250,fester,pompo
250,fester,kokoram
250,fester,kuru do mpumpun-ase
250,fetish,house: obosonna
250,fetter,dawemfo
250,fetter,gu daw
250,fever,to get: atiridii or hurae bo obi
250,fib,ohia-toro
250,fickle,nea oye fatafata
250,fickle,oye kabiotie
250,fidelity,nokwaredi
250,fidget,bo or koma pere or tutu katirikatiri
250,fidget,ntumi ntra fako
250,file,a series: nhoma nhyehyee or mmoa-ano
250,film,were hatahata
250,film,tratra
250,find,before ahutu an n
250,finger,names of fingers: the thumb: kokurobeti
250,finger,fore-f.: akyerekyerekwan
250,finger,middle-f.: nsateahene
250,finger,ring-f.: ahenni-akyiri
250,finger,little-f.: kokobeto
250,finger,phr. he replied by an abusive gesture: kokurobeti da (gya or dwa) so
250,finger,prov. 221: wonkwati kokurobeti mmo po
251,finish,n'ano ato
251,finish,asi
251,finish,apem
251,firearm,otúo
251,fire-engine,adumgya-afirí
251,fireside,muka-ase
251,fireside,odaṅ(mu) fǒnǒnǒ
251,fireside,ofie
251,fire-water,mmǒrɔsã
251,fire-water,mpáhyewa
251,firman,ṅkrãmohéne mmăra
251,firman,ahyeḍe
251,firmness,pintiṅṅye
251,firmness,deṅ a eye
251,first,opôsie
251,first,opiesie
251,fish,to- by wicker-basket
251,fish,si adwǒkú
251,fish,akyé
251,fitter,osiesiefo
251,fitter,ohyehyefo
251,fitter,afiripamfo
251,flatten,kã sram..so
251,flatten,tã so
251,flatten,te-
251,flatten,bĕre ase
251,flattery,adabereko
251,flutter,osere
251,flutter,sere
251,foetus,embryo
251,fold,sheep-
251,fold,ṅnuam-maṅ
251,foment,kã..gya
251,foment,hō
251,foment,guare usuohye
251,fond,pe (brb. or obi)
251,fool,otontŭroni
251,forerunner,odikaṅfo
251,forerunner,nea odi..anim
251,foretaste,de..kã..ano
251,foretaste,kã..fwẹ
251,forfeit,yera
251,forfeit,tō kyene
251,forget,eyee me aŵerefiri
251,forgiveness,ofafiri
251,forgiveness,ofakye
251,forgiveness,fa-asem-kyẹ
251,fortress,abaṅkese
251,fortress,abannenneṅ
251,fortress,ntua-abaṅ
251,fortune,nea okyere senea ebewie obi
251,France,Franse-asase
251,freeborn,odéhye
251,fret,twi
251,fret,tëu mã ehǐ
251,friar,okokoráni
251,friar,okok sĕresĕrefo
251,friar,utwĕhǒni
251,frolic,ani gye
251,frolic,bu afiripata
251,frolic,di ahurusi
251,fructify,mã..ba aduaṅ
251,fructify,mã ye bebĕre
251,fructify,mã..do or fefẹu
251,fructify,sō (aba)
251,fructify,mã nṅobae
251,function,fwẹ-adwuma
251,fur,ṅhōma hutŭhutŭ
251,fur,huătuhuăt
251,gage or gauge,susu brb
251,gaiety,anigye
251,gaiety,ahurusidi
251,gaiety,animtĕu
251,gain,fa
251,gain,nyã so
251,gaiters,nantu ṅyehǒ
251,gaiters,akye-kyerenăṅ
251,gall,nitáṅ
251,garrison,asrāfodaṅ
251,garrison,nsrāfofi
251,gasp,(me-) home ṅhome
251,gasp,gu a home
252,genealogy,awo-ntoa(tca)so
252,giddiness,anisobiri
252,gladsome,gay
252,glory,ebere
252,glory,"nanã, mã wo hō bere so e"
252,glove,"for working, dotwa, adonsá"
252,gluttony,adin
252,godfather,asubo hō dansefo
252,godmother,asubo hō dansefo
252,gong,odáwúru
252,gong,nnawutá
252,gong,akonawuru
252,gormandise,z
252,govern,hye nehō so
252,government,"provisional-, nsi-anaṅmu maṅsofwɛ"
252,government,ebinèbi
252,graceful,elegant
252,gratification,odõm akye-de
252,gratification,"ode(u), anigye"
252,grind,ṅwɛṅ (ne) sē kyere obi
252,gripe,dẅɛdẅɛ
252,gross,"kokŭrō, nea esõ"
252,gross,"tòtǒròtō, nea oye obɛraṅ"
252,gross,"nea ompoe, -opū n'ani kyere"
252,grovel,twɛ or pa...
252,guess,asunsumabo
252,guide,okwaṅkyerefo
252,guiltless,asem atotore no
252,haberdasher,"opēwadifo, koṅkosifo"
252,hackney,opoṅko or teaseenaṅ (a woafɛm trã so or mu)
252,hammock,"carriers of a Chief, asoàmfo"
252,hand,nea ennui nsa
252,hand,kúntunsiṅ
252,handicap,apoṅko-akansi
252,handicap,"kwaṅ, sĭaṅka, sàre"
252,hang,si n'ani or ne ti ase
252,hang,woasi woṅ ti ase or woamūna te hō komm
252,harbour,ṅkōmãnõá
252,harbour,"hintabea, gŭaṅdobea"
252,harem,mmã(ṅkõ)-fi
252,harem,ahenyerenom (trãbe)
252,harmonious,nea egyigye (so) pepe
252,harmony,nné horo-gyigye
252,harry,"fō, sẹe"
252,harvest,pàṅ (odé)
252,harvest,tu (odé)
252,haste,"kã..nsa, mã..naṅ so"
252,haughty,oye dẅae
252,haughty,"mpanyinyo, odi mpanyinseṅ"
252,haven,"gŭaṅdobea, hintabea"
252,havoc,"(ade)sẹe, odẅiri"
252,havoc,okuṅkese
253,he-goat,apoṅkyẽnini
253,he-goat,amp
253,heinous,bọ mmusu
253,here,Ak. néhã
253,heretic,gyidiani-daṅfo
253,heretic,sakra
253,hero,okokobírifo
253,hesitate,As. woro dodo
253,hint,yi apra
253,hint,asitiu
253,hive,nnowa-bū
253,H.M.S.,ohene diṅ or sọm (mu)
253,honest,di sẹṅkwáṅmù
253,honesty,sẹṅkwáṅmudi
253,hoot,sū denneṅ
253,hoot,tẽetẽeṃ
253,hoot,huro obi
253,hoot,bọ..tutū
253,hopeless,nea n'anidaso ayera or abọ no
253,horsewhip,apoṅkobā
253,humbug,ṅkwasea-sẹm or ṅk-ade
253,humbug,ogyimi
253,humbug,nnādā
253,humbug,nsisi
253,humbug,bu..kwasea
253,humbug,sisi
253,hymn-book,ṅṅwom-ṅhọma
253,hymnology,ṅṅwọṅ-horo hō nimdee or nyansā
253,humpbacked,akyẹkyẹwá
253,humpbacked,kyá
253,humpbacked,afū
253,hungry,ọkọm de
253,hungry,ọkọm de me
253,hungry,tāọkọm
253,hungry,nām-kọm
253,hungry,osukọm de me
253,hypocrisy,dabereko
253,hypocrisy,twa d
253,Ideal,nea ewie ani so peyẹ
253,Ideal,ṅfẹso-pepe
253,identical,same
253,identify,mã esẹ (so) pe
253,identify,hyehye ti or ase bākọ ase
253,identify,hye..su (nè baṅ) agyirae
253,idler,onihafo
253,idler,ọkwadwọfo
253,idol,dua-nipa
253,idolatry,ahonisom
253,idolatry,abosonsóm
253,illegal,nea etia mmāra
253,illegal,ẹntẹe or entene
253,illness,As. ofoé
253,illustrate,(de ntotohọsẹm) kyerẹ ase or kyerẹkyerẹ brb. mu
253,imaginary,nea ewọ..ani so kwa
253,imaginary,ewọ nsusui ṅkọ mu (nanso woṅhũ na enyẹ ampa)
253,imagination,tirim-nsusui or nsusuhọ
253,immature,"ebuṅ, bunu"
253,immature,akyẽṅkyẽṅ
253,immature,akutu-buṅ
253,immature,an unripe orange
253,immature,nea ne mmere nnui ẹ
253,immature,abantem dodo
253,imminence,abẽu (a ẹrebẽu obi)
253,imminence,asiane
253,imminence,amane (a ẹreba)
253,immoral,asesam
253,immoral,ohọfwini
253,immoral,afideyẹfo
253,immoral,o-gũamãmmọfo
253,immorality,asesasẹm
253,immorality,ahọfwibọ
253,immorality,afideyẹ
254,immovable,nea etim hɔ
254,immovable,eṅkã nehɔ
254,immovable,esi nea esi
254,immovable,nea ogyina n'asɛm so
254,immovable,nea woṅnan ani
254,immunity,mmăra ase kwaṅ a obi nyã
254,immunity,ahɔ̃fadi
254,impair,sɛe ade
254,impair,mã brb.sɛe
254,impair,gũrõ
254,impartial,nea onnyina or oṅkɔ obi n'afã
254,impartial,obu ntɛntrɛnẽ
254,impassionate,kãnyaṅ
254,impassionate,hwanyaṅ
254,impassionate,hyɛ abufu
254,impede,si(u) ano or kwaṅ
254,impend,brb.deda akwaṅ
254,(e)ye aba,(e)ye aba
254,impenetrable,nea woko mu a eṅkɔ
254,impenetrable,wontumi ṅf̃wiro mu
254,impenetrable,nea woṅhũ mu or ase da
254,impenetrable,nea wonte-ṅkà (adwɛnem)
254,impenitence,adwɛne a ɛnsakra
254,impenitence,kōma-pirim
254,impenitent,nea ompɛ adwɛnsakra
254,impenitent,ne kōma aseṅ or apirim
254,imperfect,nea ennyã nyee
254,imperfect,eka so bi
254,imperfect,woṅwíe e
254,impertinence,opɔ̃
254,imply,pĩa
254,imply,kã
254,imply,kãnyaṅ
254,impression,ade a wode amĩamĩa brb.so
254,impression,ususuhɔ
254,I have the- that...,eye me se...
254,inauguration,asɔredaṅ anobuei
254,inauguration,asefi-pa
254,inauguration,adwuma or dibea-mu-hyɛ
254,incapable,utumi
254,incapable,nsa nsɔ so
254,gratitude,nni ahɔ̃deṅ (de ye brb.)
254,gratitude,nni ayɛ
254,incase,fa or de hye (adaka) mu
254,inclusive,a.efram'
254,inclusive,ekã hɔ
254,inclusive,edim'bi
254,incommodation,ohau
254,incommodation,ahɔ̃guaṅ
254,incommodation,ahɔ̃oya-hyɛ
254,incompetent,nni tumi or nni hɔ kwaṅ
254,incompetent,nea woanto no mmati
254,incomplete,nea woanwĩe
254,incomplete,eka so bi
254,incomplete,fã-nè-fã
254,he left his work-,wanye n'ade na ode agyau hɔ kɔ
254,inconcealable,nea wontumi ṅhinta or nsiu so
254,inconcealable,wohinta (a) enye 'ye
254,inconsistent,nea onyina n'asɛm so
254,inconsolable,nea wokyekye ne wɛre a eṅkyèkyè
254,inconsolable,wontumi ntwa ne bo nto ne yam
254,inconsolable,nea onni awɛrɛkyekye biara
254,inconvenience,cf. incommodation
254,incriminate,yi (bɔne hɔ) ntɛn
254,incriminate,bɔ ṅkŭro
254,incubate,butũ (ṅkesua) so
254,incubate,sɔ
254,incubator,nea obutu (aba) so
254,incubator,afiri a (wonam ahɔ̃huru so) de sɔ ṅkesua
254,incur,to- debts
254,incur,bɔ ka
254,incur,nyã or yi ka
254,incurable,nea wosa (a) eusa
254,incurable,aduru (biara) ntumi no bio
255,indebted,enna korā
255,indebted,etɛn ani
255,indebted,ani nna bābiara
255,indecisive,nea onnim nea ónyɛ
255,indecisive,ontumi nsi ne bo nyɛ fwɛ
255,indecisive,ode fa ha na ode kɔ hɔ
255,independent,he is-
255,independent,ode ne hɔ
255,independent,oso ne kɔn or ne kyɛ
255,independent,odi ne ti mũ
255,India-rubber,amãṅ
255,India-rubber,bɔ a
255,indifferent,he is-
255,indifferent,oye trā hɔ fwɛ
255,indifferent,oye fa wo ani fwɛ
255,indiscernible,"nea woṅhũ (ase, mu, so) yiye"
255,indiscernible,wɔpe no a woṅhũ no
255,indiscreet,nea ontumi ṅhye or ṅfwɛ nehɔ (so)
255,indiscreet,nea ommu or ɔmfɛre obi
255,indiscreet,nea oṅkora ne tɛkrɛmā so
255,indiscreet,ommũa n'ano
255,indiscreet,oyi (obi) nsɛm adi
255,indolence,aniha
255,indolence,akwadwɛro
255,indolent,nea oyɛ wɛrehun u or a-niha
255,indolent,biribiara ṅkanyaṅ no
255,indoors,ofie
255,indoors,oḍaṅ mu
255,indoors,pia-
255,induce,di..asɔ̃
255,induce,hũ
255,inducer,opiafo
255,inducer,okāfo
255,inebriate,to make drunk
255,inebriate,(nsā) bɔ (nipa)
255,ineffective,nea ɛhɔ
255,insinuate,asɔ̃ or tirim
255,insinuate,yi apra
255,insolent,impertinent
255,institution,nsiesiei
255,institution,nsesɛue
255,institution,ṅhyehyɛe
255,institution,asũafodaṅ
255,intercept,and stop
255,intercept,sare
255,interdict,bāra (brb.)
255,interdiction,mmāra
255,interested,wɔ..hɔ anigye or kōma pa
255,interested,pɛ ahũ mu yiye
255,interim,ntam no
255,intermit,gyae (bere kakra)
255,intermit,brb. gyae na esaṅ ba (bio)
255,intermit,ekɔ na eba
255,international,nea ɛfa amansaṅ hɔ
255,international,amansaṅ-afwɛe
255,interrogation,abisabisa
255,interrogation,pɛ
255,interrogation,asɛmmisa
255,introduction,okyere
255,introduction,de obi kyerɛ obi
255,introduction,de brb. foforo kyerɛ
255,introduction,ṅhyeṅmu
255,invention,mmɛda-hũ
255,invention,yo
255,irksome,nea ɛhyɛ or ɛmā beré
255,iron,nnade-ḍworo
255,item,asɛm
255,item,ade
255,item,àkóteṅ
255,item,ahǐasɛm
255,item,adetitiri
255,itinerancy,akwantu
255,itinerary,nea otukwaṅ
255,itinerary,oṅam
255,itinerary,oṅenam
256,Jail,kukum
256,Jail,baṅkua akyi
256,jam,nnuaba a woahye no asikere anoa
256,jam,nnuaba mu nsu mpiho dede
256,jar,woso
256,jar,brb. ne..bo abira
256,jar,kasa-kasa
256,jar,de..ho hye (asem bi) mu
256,jargon,poto
256,jaundice,bereboo yare bi a ema wosereṅ or wohoa
256,jeer,sere obi
256,jeer,si..atwetwe
256,jeer,huro
256,jeer,di..ho fe
256,jeering,fedi
256,jeering,ahiyi
256,jeering,ohuro
256,Jew,Iudani
256,Jew,Hebrini
256,jilt,gyau (ne mpana) a kope foforo
256,jolly,cf. gay
256,journalist,nsem-nsemkyereufo
256,journalist,atesem-kyereufo
256,journey,tia (ne) nan akyi
256,journey,bo apro
256,journey,aprobo
256,judicial,nea efa asenni or asennifo ho
256,judicial,mmara- or aten-so
256,jug,borotoa
256,Knowledge,wafi m'akyi ako
256,Knowledge,mintumi mimfi wo akyi menye
256,Lack,"poverty always sticks to one destined to be poor, ohia nsare da"
256,Lack,"work never fails to present itself, adwumaye nsare or nsa da"
256,lackey,asapate
256,lackey,di as.
256,lackey,di aponkonanase
256,lament,As. to ayinan
256,lamentation,osu
256,lamentation,As.ayinanto
256,lancer,peau- or pemetofo
256,lancer,kurafo
256,language,owo kasasuate
256,language,"obscene-, burukasa"
256,language,"phr. it does'nt agree with the idiom of the-, ensi kasa so"
256,lapse,ntereho
256,latch,apratwom
256,lay-out,brb. ho nhyehye or kekare
256,leave,it (undone)! ma enka!
256,lechery,akonno (bone)
256,lechery,agua-mammo
256,lechery,aguamanhoru
256,leer,anim
256,leer,tebea
256,leer,anikye
256,lees,"to show grief etc. the sediment of palmwine (epu) is poured out to the ground and rubbed with 2 fingers, with which, then, 2 strokes (asafe) are made on the shoulder, nsa-fufu ase potopoto no (epu) a woafwie agu fam na wode nsatea"
257,luggage,okwantufo
257,luggage,nneema
257,luggage,boto
257,lunatic,dagyéfofi
257,lunacy,dagyé
257,luxuriously,kyê
257,luxuriously,nea ẹhõ tĕu fĕrĕmm
257,luxuriously,asẹm biara nni hõ
257,Machinist,nea onim mfiri hõ adeyo
257,Machinist,mfiriyefo
257,Machinist,kéteke-so-ni
257,madman,madwoman
257,madman,oḍámfó
257,magazine,pamphlet
257,magazine,nsẹm-ma-ṅhõma
257,magazine,nsẹm-anoboa ṅh
257,magnificence,anuonyam
257,magnificence,hăraṅ
257,magnitude,kẹseye
257,magnitude,emu duruyẹ
257,mail,post
257,mail,amănăe
257,mail,boto
257,majority,woṅ mu dodo (ara)
257,malaria,atiridii
257,malaria,hurae (bi diṅ)
257,man,as a rational being
257,man,odesăni
257,man,adesă-mma
257,mandate,ẹmõm
257,mandate,mmăra
257,mandate,ahyeḍe
257,mandate,jud. tumi-mă
257,mandate,mmati-to
257,mania,oḍám
257,mania,adámmó
257,mania,gye
257,manikin,onipawá
257,manikin,píra
257,manor,opanyiṅ
257,manor,oḍehye n'akură ase
257,manor,abaṅ
257,manor,oḍaṅ
257,manual,nsa-ano-ade
257,manual,nea woḍe nsa na eyẹ
257,manual,labour
257,manual,afumḍwuma
257,manual,adwínní
257,manual,small book ṅhõ
258,ma(wa),nea nsa-teã mĩa or bobo so
258,marginal,ano- or ṅkyeṅ-ṅkyereuέ
258,mark,sŭáre
258,marvellous,nea eye dodo
258,marvellous,eye ṅwoṅwã
258,mattress,bŭropa
258,mattress,mpikyi
258,M. D.,oduruyefo (diṅ or mmĕraṅ)
258,mediate,di mmou
258,mediation,mmou
258,mediation,mpata
258,membership,ayoṅkōfa(di)
258,membership,asafo(bo)
258,membership,feku(bo)
258,memento,ṅkáé
258,memento,nea e-káe obi
258,memento-mori!,kae wúda!
258,memorandum,ṅhōma or ṅkye-reuέ (a wode so adwene sisi)
258,memorial,ṅkáe
258,memorial,ṅkae-ade
258,memorial,ṅkae-ṅhōma
258,mental,nea efa adwene or nsu-sui hō
258,mental,adwene mu
258,mental,tirim
258,mentor,okwaṅkyerefo
258,mentor,ofotufo
258,mentor,nea obo (obi) ṅkáe
258,miasma,pāmpāṅ or ehŭã a eye nsaṅ
258,miasma,nsaṅ-pāmpāṅ
258,misbelief,ogye a woṅnye nni
258,mischief,asĩammone
258,misconduct,bărakye
258,misconduct,bărabone
258,mishap,asefwέ
258,mishap,afwease
258,mister,owura
258,mistle-toe,ahúm-nè-ahám
258,mistle-toe,nyāṅ-kōnnúru
258,mitigate,tĕu..so
258,mitigate,hŭaṅ so
258,mitigate,d̆wu-dwo
258,mitre,osofopanyiṅ kye
258,mitre,aboteṅ
258,mobilisation,domanoboa
258,mobilisation,osáyέ
258,mobilise,nōa or kyère (or kyekyere) sá
258,mode,okwaṅ a woṅam so ye brb.
258,mode,oyesuɔ
258,moment,in a-
258,moment,afreso
258,moment,mpofirim
258,month,obosom
258,monument,ṅkáe-bo
258,monument,dum
258,money,serewá
258,money,dárέ
258,money,kapĕre
258,mother-spot,asãmannyá
258,motive,adwene (or dekōde) a ekã or epĩa obi mã oye brb.
258,mouth,piece (nea e-hye or etua) ano
258,mouth,okyĕame
258,mouth,okasafo
258,M.S.,nsaano-ṅkyereuέ
258,M.S.,nea wode nsa akyereu
258,mummy,amùkyĕṅέ
258,myriads,opehuhâ
258,myriads,opepehâ
258,myriads,opepetó
258,mystify,dādã
258,mystify,sisi (obi)
259,Namesake,nea ne diṅ nè obi de hyia
259,neat-handedness,"nsa-pa (a wo-de ye brb. a, eye fe nè pepe)"
259,needful,cf. necessary
259,nest,"pesu, pl. m-"
259,neuter,"-gender, nea enye onini nye obere"
259,neutral,"nea neho or n'ano nni obi asem mu, -onnyina obi afa"
259,nipple,torowa
259,nominate,to.din
259,nominate,"bo (obi) din (se ofata dibea bi), ma dibea or adwuma"
259,noon,owigyinae
259,nose,"destruction of the-, afwentu; he bleeds at the-, opon afwene; a noseless person, ofwento"
259,notch,(carp.) pee mu nè hye
259,notify,"ka kyere, pae, ma..aso ite"
259,null,"..nni ho, nea fwe (or aho-oden) nni mu or ho"
259,null,"to declare- and void, twa..mu, gu (mmara)"
259,numerously,"biribiri, pitipiti"
259,Observatory,awene
259,observe,"-ing of times, nna-kyi"
259,obstruction,"akwansi(u), akwanside, akwansisem"
259,obtain,"by force, fa..aberanso"
259,obtain,aporiso
259,obtain,dwen
259,occultation,"nsiuso, (nsiso)"
259,occupy,"he is -ied with s. th., ogu so reye"
259,ochre,"he rubbed his eyebrows with red-, ode ntw.etc."
259,onanism,boasipem
259,onanism,"to practise-, pem boasi; (boasipe)"
259,optative,"nea ekyere (obi) pe or adwene, nea obi fwefwe or pe"
259,optic,nea efa aniwa or ade-fwe ho
259,optics,hanni (or aniwa) ho kyere or nimdee
259,opulence,cf. wealth
259,orange,"-coloured, akutusu, -hono"
259,ordain,hye dibea or adwuma
259,ordain,(eccl.) hye (obi) sofo
259,ordinance,emom
259,ornithology,nnoma (horo) ho nimdee or nyansa
259,orphan,"agyanka, pl. nn-"
259,ostentatious,"to be-, nea oye ahokyere or ahohoahoa"
259,outdoors,abontenso (enye ofie)
259,outfit,ayeyede
259,outline,mpempenso
259,outrage,ntintimanim
259,outrage,"oyau, nsopa, ahohorabo"
260,outrage,di ntintimansɛm
260,outrage,di asɛnníni
260,outrage,yau
260,outrage,sopa obi
260,outrage,bọ..aho..hora
260,outrun,twa..ano
260,outskirt,"of town, ṅkwántía"
260,overcharge,kyekyere or soa obi adesoatraso
260,overcharge,hyɛ hurufɛm
260,overcharge,pẹ..adifude
260,overcharge,di..amim
260,overthrow,muntum
260,overthrow,daṅ..butu
260,overthrow,kã
260,overthrow,gu
260,overthrow,sẹe
260,own,hũ
260,own,pene
260,own,paem’ kã (sẹ..)
260,Paddle,"to beat the water with hand and foot, bore asu, boro po"
260,painless,nea ɛnyɛ ya or deṅ
260,painless,wommerɛ hō
260,pair,mmọhō
260,pair,mpãmhō
260,pale,"to grow-, tu késé"
260,pall,ṅkataso
260,pall,ntama (a wọde kata funnaka so)
260,palm,ọbẹḍwō or antweri-bẹ
260,palm,"date-, ṅkeresia, a-"
260,panel,ṅhyehyɛmu tere
260,pap,torowa
260,paraclete,oboafo
260,paraclete,oŵere-kyekyefo
260,partial,ọfã-ṅkō
260,partial,ọfã-nè-fã
260,partial,"to be-, kyea asɛm"
260,partial,kyea (n’)asō bu..ntẹṅkye
260,passable,nea wotumi fa hō or mu
260,passable,"nea woye a, ebẹye yiye kakra"
260,passable,eṅwĭe fẹ- or de-yọ
260,passport,akwannya-ṅhōma
260,patent,"ano or ẹso da hō, nea wọabue so"
260,patent,nea wonim no gŭa-so
260,patent,ẹda gŭa
260,patent,ne yọ hō tumi a onō ṅkō wọ ye
260,patent,..hō kwaṅ a obi ṅkō
260,pave,sẹu
260,pave,tẹu
260,pave,tetẹu
260,pave,wọ
260,pavilion,mframadaṅ
260,pavilion,mfaredaṅ
260,peak,bẹpotifĭ
260,peal,(of bell) gyigye
260,peal,(noise) gyegyĕgye
260,pedal,nantiaso
260,peep at,"with stretched neck, bọ (ne) ṅkonteṅ fẅẹ brb"
260,peevish,nea omūna n’anim
260,peevish,ọyẹ mpĭ
260,peevish,ọtĕu atŭa
260,peg,duā
260,peg,nnuā
260,pen,"to- down, kyerẹu (to hō)"
260,penal,nea ẹsẹ asōtẅĕ
260,penal,"servitude, afiaseda"
260,penal,"sum, mmăratōde, atẹnyi"
260,penitent,"he is-, wanŭ nehō, ne ẅerẹ ahō (ne bọne hō)"
260,Pentecost,Hoṅhom Kroṅkroṅ fẅieguda
260,perception,adẅene
260,perception,ṅkáté
260,percolate,sọṅ..so
260,percolate,tĕu..ani
260,percolate,mu
260,percuss,de abā poso brb
260,percuss,bọ fẅiro
260,perfect,ẹhō nni asɛm
260,perplex,also written nnye-nnyaṅ
260,perspiration,nteresu
261,perspire,fi nteresu
261,perspire,nteresu tetere obi
261,peruse,gō n'ani kan ṅhŏma
261,peruse,dwo n'ani kan ṅhŏma
261,peruse,fwefwe..mu yiye
261,pestle,otŭrùmmá
261,petitioner,osĕresĕrefo
261,photograph,mfonini a wode...
261,pipe-tube,krãmmeṅ
261,plunge,de..bo..mu
261,plunge,"měm, do asuko"
261,pole,kwaennua
261,poll,to- branches
261,poll,sŭá
261,porcupine,otoagyaṅ
261,position,1. sibea
261,possible,nea etumi ye
261,possible,nea wotumi ye
261,possible,woye a ebeye yiye
261,posterity,aséfó
261,potentate,ohéne
261,potentate,otumfoo
261,pounder,otŭrùmmá
261,poverty-struck,he is- odi hĩa
261,poverty-struck,ahĩa no
261,poverty-struck,he has become- ohĩa de no etc.
261,preamble,ṅhyeṅmu
261,preamble,anim-ṅkye-
261,precept,abyede
261,precept,mmăra
261,precept,okyere
261,precept,okasakyere
261,prejudge,bu (tirim) ateṅ (ansã na wowie asem no di)
261,prejudge,kyea asem no
261,prejudice,nteṅkye
261,pretence,ṅkateanim
261,primer,keṅkaṅ-ṅhŏma(aedikaṅ)
261,proclamation,asem so bo
261,proclamation,mmăra so bo
261,proclamation,asem so pae
261,proclamation,mmăra so pae
261,production,product
261,profanation,ṅhurahŏ
261,profanation,(ehŏ) fĩ gu
261,profanation,mmusubo
261,profession,(vocation) adwuma (a obi asũa ye)
261,profession,(declaration) okã
261,profession,paemukã
261,proficiency,ṅkosopa
261,proficiency,ti-pa
261,proficiency,nsapa
261,proficiency,adwempa
261,prominent,kòṅkroṅṅ
261,proper,colanut
261,proper,besĕkyĭm
261,proper,besĕpa
261,protest,wompene nti wo- kasa
261,protuberant,kòṅkroṅṅ
261,pulp,aduaba mu nãm
261,pulp,aduaba mu aduaṅ
261,purposely,eye no anidaho
261,purposely,I shall do it- meyi me yam meye
261,putrefaction,pŏrŏe
261,putrefaction,osẹe
261,pygmy,píra
261,Quack,sũ (se dabodabo)
261,Quack,hoahoa..hŏ
261,quarantine,(ehyeṅ mu) nsaṅyare-ṅkāhyeṅ
261,quarantine,adaduanaṅ-ṅkāhyeṅ
261,quarrelsome,nea ope asem
261,quarrelsome,ofwefwe ntokwa
261,quarrelsome,akasakásá
261,quarterly,(dã) asram mmiensã
261,quarterly,abosom mmiensã
261,quarterly,abieṣã
261,quartz,obohémmã
262,quash,pete
262,quash,bobo
262,querulous,nea ọtā sũ (gu obi asọm)
262,quote,(obi asẹm a wo-) kā bọ so
262,rafter,"framework of a roof, dampareẹ"
262,rain,"the water of a heavy-, nsunsũaṅ"
262,raise,mã so
262,raise,kukuru
262,raise,"to or breed, yẹṅ"
262,raise,"to collect taxes, gye or gyigye tō"
262,ration,aduaṅ (a obi bedi or benyã dakoro)
262,ration,aduaṅ-ṅkyẹm
262,reading-book,keṅkaṅ-ṅhọma
262,ready,"they are quarrelsome, woṅ nsa ye pọripori"
262,realm,ahenní
262,realm,ahemmaṅ
262,rebel,twẹ mansọ
262,rebel,tëu atũa
262,rebel,sore (tia)
262,recite,be
262,recite,"he knows to-songs, onim ṅuọm be"
262,reckless,nea ọúṅwẹneakyiasẹm hō
262,reckless,oye asọ- or ani-biannaso
262,reclaim,saṅ fa or gye brb. (bio)
262,reclaim,ye brb. yiye or siesie bio
262,reclamation,ọkasatia
262,reclamation,opene a wompene brb.
262,reclamation,ogye a obi saṅ gye ṅ'ade
262,reconcile,di mmọu
262,reconciliation,mpátá
262,reconciliation,mmọu
262,reconciliation,ntam-siesie
262,recur,saṅ
262,recur,ba
262,recur,bọ..họ agua
262,recur,kae (ne tirim)
262,recur,kākae
262,Red-Cross Society,aseṅdua-kō-feku
262,Red-Cross Society,apirafo- or ayarefwẹ-feku
262,redeemer,agyeṅkwã
262,redeemer,ogyefo
262,redress,siesie
262,redress,seseu
262,redress,gye
262,redress,kyekye..wẹre
262,redress,dǔudwọ
262,refectory,asakẹse (a wodidi họ)
262,relief,ogye
262,relief,ọboa
262,relief,ahọdwọ
262,relieve,gye or boa (obi)
262,relieve,mã..họ dwọ (no)
262,reluctance,ani a ẹnsọ (obi)
262,reluctance,asẹm a ẹnsọ..ani
262,reluctance,ṅkọmpónó
262,reluctantly,ṅkọmpónósò
262,reluctantly,mfi kọmam
262,rely,gu..so
262,rely,"many rely on me for support, therefore I do not come to rest, nnipa pì gu me so nti, mēberẹ"
262,remand,saṅ (frẹ or soma) obi
262,remand,(jud.) saṅ obi (kọ afiase)
262,remonstrate,di anobábáé
262,renegade,okyiri-saṅfo or -pafo
262,renew,"to- or take up a case, fũe asẹm mu"
262,renouncement,"self-, ahọpa-"
262,repose,tẹẹ (ne) mu
262,reprimand,"kā or twi..anim, bua..so"
263,resort,bo fodoā
263,responsible,nea obu..hõ a-kõntā
263,reunite,saṅ bo
263,reunite,kã..hõ bio
263,reunite,bo mu
263,reunite,bom
263,reverend,asɔfo mměraṅ or diṅ
263,rhinoceros,ɛsommeṅkoro
263,ripen,bere
263,ripen,bo
263,ripen,hoa
263,rivet,bobo (nnadewa) akyi
263,riveting,akyi-bobo
263,rough,kekrãkekrã
263,rustic,okuraaseni
263,rustic,ṅ--fo
263,rustic,okuafo
263,Salubrious,nea ɛmã ahõgdeṅ or ahõsaṅ
263,samovar,nsuohye-kŭruwa (bi diṅ)
263,sanctify,tĕu..hõ
263,sanctify,dŭira..hõ
263,sandy,ṅhwĕa-ṅhwĕa
263,savanna,sareso
263,savanna,serem
263,savanna,sereso
263,savour,ṅkãte
263,savour,oḍeu
263,savour,ehŭã
263,scandalise,to hintidua
263,scandalise,yi..ahĩ
263,scandalise,sɛe..diṅ
263,scandalise,bɔ..ahohora
263,science,nyansã (horo anoboa)
263,science,nimdeɛ (ṅkãbom)
263,seamstress,obã-adepamfo
263,second,di boa (obi)
263,second,yɛ..abia
263,second,foa..nsemmoa
263,secrete,hinta
263,secrete,kora
263,secrete,-so
263,secrete,siu..so
263,seize,fua mu
263,severely,búm
263,sexual,nea ɛfa onini or obere hõ
263,sexual intercourse,obarima nɛ obã ntam ayoṅkõfa
263,sharply,bútū
263,shelter,osisiá
263,ship,ɛhyeṅ
263,shower,osukɛse
263,shower,nsunsŭaṅ
263,shower,nsunsŭansu
263,sieve,soŭĕ
263,simulate,pa mpayare
263,sit,to- at the fire
263,sit,gya
263,site,dabea
263,site,sibea
263,site,bãbi
263,site,afã
263,sixth,nea oto so or otia asĩa or nsĩa
263,size,(ne) kɛse
263,size,-kokŭrokó
263,size,(n')afefarem
263,sketch,mpempeṅso
263,slander,wĕ tare (obi)
263,slander,oẇĕtare
263,soldier,okõfoni
263,soluble,nea wohono a ɛbɛhono
264,solution,hono a wohono brb.
264,solution,nãṅ a woṅãṅ brb.
264,solution,asekyere
264,solution,ṅkyerease
264,sort,odõmãkwádéẹ ṅhĩnã
264,space,nnaho
264,space,nnedaho
264,speak,tutu ano sisi
264,speak,tua ano
264,speak,tõtõ ano
264,spelling-book,keṅkaṅ-ṅhõma
264,spice,fẅentẽã
264,splendour,splendor
264,spume,pũ
264,spume,fi ȧhúro (ahuru)
264,spume,ȧhúro
264,spume,ahuru
264,squash,poto(poto)
264,squash,mpòtompótọ
264,stigma,etẅã
264,stigma,ohyeano-tẅã
264,stigma,atapé
264,strength,bere
264,stress,mmĩamu
264,stress,ahõgdeṅ
264,stress,duruye
264,stride,fa anammọnténtén
264,stumble,pem
264,stumble,epem no
264,subdue,bẹre..ase
264,subdue,kã
264,subdue,bọ..fẅefam
264,subdue,gye..sõṅkahire
264,subsidise,(de sika) boa (obi)
264,subsidise,ye.. (sika) abia
264,subsidy,oboa
264,subsidy,(sika mu) boa
264,suppress,bẹre..ase
264,suppress,kã..gu
264,suppress,bọ
264,suppress,pam..gu
264,surmise,yẹ (obi hõ) osusukã
264,surmise,mmọtosó
264,surmise,ntẅatoso
264,surmise,wọ..hõ anibọne
264,surmise,anibọne
264,surmise,osusukã
264,surmise,mmọtosó
264,surmise,ntẅatoso
264,swindle,(yẹ ade a ẹkyeṅ obi na onni hõ sika)
264,swindle,yẹ osatoro
264,Tandem,nsesãso
264,Tandem,nnidiso
264,Tandem,(senea edidi so mmãkõ-mmãkõ)
264,tandem,aṅkõnamfiri
264,tandem,nteaseṅam bi
264,take,fẅẹ..mu
264,take,asem no mu afẅẹ
264,talent,okasasẅati
264,talent,owo ok
264,tariff,apãbọde-
264,tariff,tõ-ṅhõma
264,tart,nnuaba a woaṅhyẹ no asikere na woaṅõa
264,tax,asikaef
264,tax,ṅwafe
265,tedious,nea ehye bere
265,tedious,eha(u) ani
265,teem,(n)yem
265,teem,ninseŋ
265,teem,fa afuru
265,teem,wo
265,teem,bu..so
265,teem,do
265,teem,hye
265,tenor,àkóteṅ
265,tenor,asentiri
265,tenor,ńńwonto mu mmarima-
265,tenor,nné
265,tent,pin or -peg
265,tent,bọfùnnúá
265,tent,si ntamadaṅ
265,thank-offering,aseda-afore
265,thanksgiving,asèdá
265,thermometer,ahohuru-kari-afiri
265,thermometer,ahuru-ṅkarii
265,thick,odé abọ
265,thick,bọrode no abọ
265,thick,abŭro abọ
265,thick,pẽa
265,thick,piu
265,thick,ńkwaṅ or aduru apiu
265,thick,kwae yi mu piu
265,thick,emu nnua piu
265,thick,fũ
265,thick,okwaṅ yi afũ
265,thick,ne ti afũ
265,thick,anōmā no afū ntakāra
265,thick,bua kusu
265,thick,odé no abua kusu
265,thick,kyere and da
265,thick,nufusu
265,thick,ńńó
265,thick,akyère or ada
265,think,n'aniwa ato dweṅ
265,thrashing,ofwé
265,thrashing,wodi no mfuaṅfwé
265,timbal,obọmmā
265,timbal,atŭmpăṅ
265,time,aṅkă adagye bẹbọ me
265,tiresome,nea ehye or emã bere
265,title,elhō-asẹm
265,titter,sere
265,titter,seresere
265,titter,bọ seretoa
265,tolerate,mã brb. hō kwaṅ
265,tolerate,pene..so
265,tongue,né kasa
265,tongue,okása a edi aduasã or ok. ahoro beběrẽ
265,top,ńkōa
265,top,ntenteṅnōa
265,top,dua atifíbã
265,top,srọnsrọṅ
265,top,ano
265,top,peau ano
265,top-knot,púa
265,top-knot,ntakuá
265,touch-stone,twábó
265,touch-stone,obo bi a wode twa sika (kokō) fwẹ se eye sika pa
265,train,mmeresánteṅ or nnasanteṅ ńhĭnā
265,train,nnipasánteṅ
266,transfer,yi or soma (obi) de koṭrābābi
266,transfer,de mã
266,transfer,de.hye nsa
266,transmit,mãnã
266,transmit,soma
266,transport,soa..ko
266,transport,yi..de ko...
266,tray,dua-somfo
266,tray,dutrā (a wode aduaṅ or anõnne si so de som hoho etc.)
266,tribunal,atemmu-or asenni-agua
266,tribunal,atemmufo or asennifo (uhyiam)
266,triple,mmọhọ mmiẹnsã
266,triple alliance,amaṅ-mmiẹnsã-apãm
266,triple-crown,abotisã
266,trousseau,awarede
266,trousseau,ayeyede
266,trowel,awàré
266,trowel,id. [tómpo]
266,trump,sisi
266,trump,dãdã
266,trump,twa..ṅkón
266,trusses,ọpọuko (bi a wogyina so ye adwuma)
266,tune,dẇom
266,tune,ṅṅẇom
266,tune,ṅṅẇontobea
266,Ubiquity,mmã-ṅhĩnã-wọ
266,unarmed,nea onyẹ otufo
266,unascertainable,nea woṅhũ ano
266,unascertainable,wope no a woṅhũ or woṅhũ mu yiye
266,uncertain,nea emu ntëu
266,uncertain,woṅhũ mu biakõ
266,uncertain,obi nnim hõ brb
266,uncleanness,"he neglects cleanliness and order in his room, oye ne daṅ mu apãtã"
266,undergo,hũ yau
266,undergo,amane
266,undergo,gyina..ano
266,undersign,de ne nsa hye..ase
266,undetermined,"I am- what to do, ahiṅ me ahaṅ me"
266,undo,"sãṅ (hãma, kotoku, adesoa) hĩe (poṅ)"
266,undo,"(fig.) sãṅ, sãne, gu"
266,unfetter,"yi or sãṅ (fi ṅkyehãma mu), gye (obi)"
266,unfit,nea omfata
266,unfit,ontumi (nye
266,unhealthy,nea emã or ebọ yare
266,unhealthy,nea odi yaresusõ
266,unhealthy,nehõ nye deṅ
266,unimportant,"it has become so- in my eyes that.., oheṅhaṅ a aheṅhaṅ m'ani so nti, memfa menye brb. bio"
266,uninhabitable,ntamafõ
266,unpresuming,nea onyẹ ahõkyere or ahõmãso
266,unpresuming,oṅkate n'anim
266,unpresuming,nea n'ani kã ase or fam
266,unpretending,nea onyẹ ahõkyere or ahõmãso
266,unpretending,oṅkate n'anim
266,unpretending,nea n'ani kã ase or fam
266,unroof,pa (daṅ) so
266,unsavoury,nea enye de
266,unsavoury,eṅkã sĕ
266,unsavoury,woṅte mu de
266,unsavoury,nea enye hũãm
266,unsubmissive,nea ommĕre nehõ ase (mmã)
266,unsubmissive,onyẹ osetie
266,unusual,nea woṅtã nye or ṅhũ
266,unusual,woṅyee so bi peṅ
266,uprightness,seṅkwáṅmù
266,uprightness,di nokwaredi
266,useless,..fõ
266,useless,"in cpds.e.g., ntamafõ, akwamfõ, akŭrofõ etc."
266,utterly,bútū
266,utterly,"they disgraced him -, woabọ no ahohora bútū"
266,uvula,menãse dá or dawa
267,Vacation,nnahọkwa
267,Vacation,nnapàn
267,Vacation (holidays),akwammã-bere
267,vain,amfua
267,valuable,ade yi hō ye me nã or ẹhō hĩa me yiye
267,value,bu (brb. kesé)
267,value,di..ano
267,vanity,ohurohuro
267,vary,gu ahorro
267,vary,(e-nè brb.) nse or ṅkọ so pẹ
267,vassal,akoa
267,vassal,ọsomfo
267,vassal,nea ọsọm
267,vassal,ọwọ obi ase
267,vast,kesé
267,vast,kòkūrō
267,vast,kàkrā
267,vaunt,yi (nehọ) aye
267,vaunt,ye ọnopọnhunu
267,vaunt,hoahoa or kyere (ne)họ
267,vaunter,ọhọkyerefo
267,vaunter,ọnopọhfo
267,velocipede,ankōnamfiri
267,velocipede,dade-pòṅkó
267,vengeance,aŵeredi
267,vengeance,aŵeretó
267,viaticum,akwansoduaṅ
267,viaticum,akwaúhyede
267,viaticum,adidide
267,viaticum (cath. eccl.),Awurade Adidi a edi akyiri no
267,view,ani wo..so
267,view,fwefŵe brb.
267,view,aye or ahū
267,vis-à-vis,nténteṅ-so
267,vis-à-vis (to stand to s. b.),gyina obi nténteṅ
267,vis-à-vis (I am sitting to you),mete wo nténteṅso
267,vision,ani-so-ade
267,vision,anisoadehū
267,voluntarily,ayamyiso
267,voluntarily,ọpeso
267,voluntarily,ọdoso
267,voluntary,nea efi pẹ or dọ mu
267,voluntary,ọhyẹ nè mpĩa nni hō or mu
267,vomic-nut,abọrọtótó
267,vomic-nut,ṅkranyèduá
267,vouch,fre (obi) adanse
267,vouch,di..ad.
267,voucher,adanse
267,voucher,ṅhōma
267,voucher,mmatito-ṅhōma
267,Wander,n'ani so atere no
267,Wander,n'ani so ayẹ no tẹterẹ
267,way,akwámmo
267,witness,adansefo gyinabea
267,witty,aseṅkwā
267,witty (he is a -fellow),óyè nseṅkwā sẹ brb.
267,worm-eaten,ṅhùṅhūnii
267,worm-eaten (he fell a -tree),watō dua ṅhùṅh. ṅkō
267,worn-out,gō
267,worn-out (he is -and looks pale),n'anim atu késé
267,worn-out (asẹm aba no so na n'anim apatu ahoa),asẹm aba no so na n'anim apatu ahoa
267,wrangle,twa ọnokō
267,wrangle,kasákàsa
267,wrangling,ọnokō(twa)
267,wrangling,akasákásá
267,wretched,nea ohū amane
267,wretched,n'a-de ye mmobo
267,wretched,oye mmoboro
267,wretched,nea ọmfra
267,wretched,ommu bāra-(pa)
269,Pestle,dɔteɛ
269,Pet,aboa a wɔwɔ no fie
269,Petition,srɛdeɛ
269,Petroleum,petroleam
269,Petticoat,ntama a wɔhyɛ aseɛ
269,Petty,ketewa
269,Phantasm,ahuhuro
269,Phantom,saman
269,Pharmacy,adurotwa
269,Phase,berɛ
269,Pheasant,akokɔsereɛ
269,Phenomenon,adeɛ a ɛyɛ nwanwa
269,Phlegm,kaka
269,Phonetics,nneɛma a ɛfa nneɛ ho
269,Photograph,mfoni
269,Phrase,asɛmfua
269,Physical,nneɛma a yɛde yɛn nsa ka
269,Physician,oduruyɛfoɔ
269,Physics,fisiks
269,Physiology,nneɛma a ɛfa nipadua ho
269,Piano,piano
269,Pick,yi
269,Pick,twa
269,Pickaxe,pikaase
269,Pickle,nnuan a wɔde nkyene ayɛ
269,Pickpocket,kɔkɔɔ
269,Picnic,apɔmuden dwumadie
269,Picture,mfoni
269,Pie,pae
269,Piece,fã
269,Pier,po so kwan
269,Pierce,twitwa
269,Piety,nyamesuro
269,Pig,prako
269,Pigeon,aburuburo
269,Pigment,ahosuo
269,Pile,dɔteɛ
269,Pile,bɔ mu
269,Pilfer,wia
269,Pilgrim,akwantufoɔ
269,Pill,aduro
269,Pillar,dɔteɛ
269,Pillow,tiri mu
269,Pilot,ɔkannifoɔ
269,Pimp,pimp
269,Pimple,pimpim
269,Pin,pin
269,Pincers,nsɛnkyerɛnne
269,Pinch,piti
269,Pine,paen
269,Pineapple,abro
269,Ping-pong,ping-pong
269,Pinion,nko
269,Pink,pink
269,Pinnacle,soro
269,Pioneer,kwan a ɛdi kan
269,Pious,nyamesuro
269,Pipe,paep
269,Pistol,pistol
269,Pit,amena
269,Pitch,pich
269,Pitcher,kuruwa
269,Piteous,ahummɔborɔ
269,Pith,aduru
269,Pity,ahummɔborɔ
269,Pivot,pivɔt
269,Place,bea
269,Placid,dwoodwoo
269,Plague,yareɛ
269,Plain,pɛpɛɛpɛ
269,Plaint,su
269,Plait,nwene
269,Plan,adwene
269,Plane,plane
269,Planet,planet
269,Plank,dua
269,Plant,dua
269,Plantain,ɔbɔdɛɛ
269,Plantation,afuo
269,Plaster,plasta
269,Plastic,plastik
269,Plate,pɛɛtɛ
269,Plateau,pɛɛtɛo
269,Platform,pɛɛtɛfɔm
269,Platter,pɛɛtɛ
269,Plausible,adeɛ a ɛyɛ nokware
269,Play,agoru
269,Player,agordifoɔ
269,Playful,agoru
269,Playground,agordibea
269,Playmate,agordiyɔnkoɔ
269,Plaything,agoru
269,Playwright,agoru kyerɛwfoɔ
269,Plea,srɛdeɛ
269,Plead,srɛ
269,Pleasant,anigyeɛ
269,Please,sɔ ani
269,Pleasure,anigyeɛ
269,Pledge,apam
269,Plenary,pɛɛnari
269,Plenipotentiary,pɛɛnipotɛnsiari
269,Plentiful,dɔɔso
269,Plenty,dɔɔso
269,Pliable,adeɛ a ɛyɛ mmerɛ
269,Pliers,plia
269,Plight,amaneɛ
269,Plod,nantew
269,Plot,pɔtɔ
269,Plough,plao
269,Plover,plova
269,Ploy,pɔe
269,Pluck,yi
269,Plug,plag
269,Plum,plam
269,Plumber,plamba
269,Plume,pluom
269,Plump,plamp
269,Plunder,planda
269,Plunge,planj
269,Plural,dɔɔso
269,Plus,ka ho
269,Plush,plash
269,Ply,ple
269,Pneumonia,niumonia
269,Poach,pɔch
269,Pocket,pɔkɛt
269,Pocket-knife,pɔkɛt-naef
269,Pocket-money,pɔkɛt-mɔni
269,Pod,pɔd
269,Poem,pɔem
269,Poet,pɔet
269,Poetry,pɔetri
269,Poignant,pɔinant
269,Point,pɔint
269,Poise,pɔis
269,Poison,pɔisɔn
269,Poke,pɔk
269,Polar,pɔla
269,Pole,pɔl
269,Police,pɔlis
269,Policeman,pɔlisman
269,Policy,pɔlisi
269,Polish,pɔlish
269,Polite,pɔlait
269,Politic,pɔlitik
269,Political,pɔlitikal
269,Politician,pɔlitishan
269,Politics,pɔlitiks
269,Poll,pɔl
269,Pollen,pɔlɛn
269,Pollute,pɔlut
269,Polygamy,pɔligami
269,Polyglot,pɔliglɔt
269,Polygon,pɔligɔn
269,Polyp,pɔlip
269,Pomegranate,pɔmigranat
269,Pomp,pɔmp
269,Pompous,pɔmpɔs
269,Pond,pɔnd
269,Ponder,pɔnda
269,Poniard,pɔniad
269,Pontiff,pɔntif
269,Pontoon,pɔntun
269,Pony,pɔni
269,Poodle,pudl
269,Pooh,pu
269,Pool,pul
269,Poop,pup
269,Poor,pua
269,Pop,pɔp
269,Pope,pɔp
269,Poplar,pɔpla
269,Poplin,pɔplin
269,Poppy,pɔpi
269,Populace,pɔpulas
269,Popular,pɔpula
269,Populate,pɔpulat
269,Population,pɔpuleshɔn
269,Populous,pɔpɔlɔs
269,Porcelain,pɔselin
269,Porch,pɔch
269,Porcupine,pɔkupaen
269,Pore,pɔa
269,Pork,pɔk
269,Porous,pɔrɔs
269,Porpoise,pɔpɔis
269,Porridge,pɔrij
269,Port,pɔt
269,Portable,pɔtabl
269,Portage,pɔtij
269,Portal,pɔtal
269,Portend,pɔtɛnd
269,Portent,pɔtɛnt
269,Porter,pɔta
269,Portfolio,pɔtfɔlio
269,Portico,pɔtikɔ
269,Portion,pɔshɔn
269,Portly,pɔtli
269,Portrait,pɔtret
269,Portray,pɔtre
269,Pose,pɔs
269,Posit,pɔsit
269,Position,pɔsishɔn
269,Positive,pɔsitiv
269,Possess,pɔsɛs
269,Possession,pɔsɛshɔn
269,Possessive,pɔsɛsiv
269,Possible,pɔsibl
269,Possibly,pɔsibli
269,Post,pɔst
269,Postage,pɔstij
269,Postal,pɔstal
269,Postcard,pɔstkad
269,Poster,pɔsta
269,Posterior,pɔstɛria
269,Posterity,pɔstɛriti
269,Posthumous,pɔsthumɔs
269,Postman,pɔstman
269,Postmark,pɔstmak
269,Postmaster,pɔstmasta
269,Postpone,pɔstpɔn
269,Postscript,pɔstskript
269,Postulate,pɔstulat
269,Posture,pɔstua
269,Posy,pɔsi
269,Pot,pɔt
269,Potable,pɔtabl
269,Potash,pɔtash
269,Potassium,pɔtasiɔm
269,Potato,pɔtetɔ
269,Potency,pɔtɛnsi
269,Potent,pɔtɛnt
269,Potential,pɔtɛnshal
269,Pother,pɔtha
269,Potion,pɔshɔn
269,Pottage,pɔtij
269,Potter,pɔta
269,Pottery,pɔtɛri
269,Pouch,pɔuch
269,Poultice,pɔltis
269,Poultry,pɔltri
269,Pounce,pɔuns
269,Pound,pɔund
269,Pour,pɔa
269,Pout,pɔut
269,Poverty,pɔvɛrti
269,Powder,pɔuda
269,Power,pɔua
269,Powerful,pɔuaful
269,Powerless,pɔualɛs
269,Practicable,praktikabl
269,Practical,praktikal
269,Practice,praktis
269,Practise,praktis
269,Practitioner,praktishɔna
269,Pragmatic,pragmatik
269,Prairie,prɛri
269,Praise,prɛis
269,Prance,prans
269,Prank,prank
269,Prate,prɛt
269,Prattle,pratl
269,Prawn,prɔn
269,Pray,prɛ
269,Prayer,prɛa
269,Preach,prɛch
269,Preacher,prɛcha
269,Preamble,prɛambl
269,Prebend,prɛbɛnd
269,Precarious,prɛkɛriɔs
269,Precaution,prɛkɔshɔn
269,Precede,prɛsid
269,Precedence,prɛsidɛns
269,Precedent,prɛsidɛnt
269,Precept,prɛsɛpt
269,Preceptor,prɛsɛpta
269,Precession,prɛsɛshɔn
269,Precinct,prɛsinkt
269,Precious,prɛshɔs
269,Precipice,prɛsipis
269,Precipitate,prɛsipitat
269,Precipitation,prɛsipitashɔn
269,Precise,prɛsais
269,Precision,prɛsishɔn
269,Preclude,prɛklud
269,Precocious,prɛkɔshɔs
269,Precursor,prɛkɔsa
269,Predatory,prɛdatɔri
269,Predecessor,prɛdɛsɛsa
269,Predestination,prɛdɛstinashɔn
269,Predicament,prɛdikamɛnt
269,Predict,prɛdikt
269,Prediction,prɛdikshɔn
269,Predilection,prɛdilɛkshɔn
269,Predispose,prɛdispɔs
269,Predominant,prɛdɔminant
269,Pre-eminent,prɛ-ɛminɛnt
269,Pre-empt,prɛ-ɛmpt
269,Preen,prɛn
269,Pre-exist,prɛ-ɛgzist
269,Preface,prɛfas
269,Prefect,prɛfɛkt
269,Prefecture,prɛfɛktua
269,Prefer,prɛfa
269,Preferable,prɛfɛrabl
269,Preference,prɛfɛrɛns
269,Preferment,prɛfɛrmɛnt
269,Prefix,prɛfiks
269,Pregnancy,prɛgnansi
269,Pregnant,prɛgnant
269,Prehensile,prɛhɛnsail
269,Prehistoric,prɛhistɔrik
269,Prejudice,prɛjudis
269,Prelate,prɛlat
269,Preliminary,prɛliminari
269,Prelude,prɛlud
269,Premature,prɛmatua
269,Premeditate,prɛmɛditat
269,Premier,prɛmia
269,Premise,prɛmis
269,Premium,prɛmiɔm
269,Premonition,prɛmɔnishɔn
269,Preoccupy,prɛɔkupi
269,Preordain,prɛɔden
269,Preparation,prɛparashɔn
269,Preparatory,prɛparatɔri
269,Prepare,prɛpɛa
269,Prepay,prɛpɛ
269,Preponderate,prɛpɔndɛrat
269,Preposition,prɛpɔsishɔn
269,Prepossess,prɛpɔsɛs
269,Preposterous,prɛpɔstɛrɔs
269,Prepuce,prɛpus
269,Prerogative,prɛrɔgativ
269,Presage,prɛsij
269,Presbyter,prɛsbita
269,Prescience,prɛshiɛns
269,Prescribe,prɛskraeb
269,Prescription,prɛskripshɔn
269,Presence,prɛzɛns
269,Present,prɛzɛnt
269,Presentable,prɛzɛntabl
269,Presentation,prɛzɛntashɔn
269,Presentiment,prɛzɛntimɛnt
269,Preservation,prɛzɛrvashɔn
269,Preserve,prɛzɛrv
269,Preside,prɛzaed
269,Presidency,prɛzidɛnsi
269,President,prɛzidɛnt
269,Press,prɛs
269,Pressure,prɛshua
269,Prestige,prɛstij
269,Presume,prɛzum
269,Presumption,prɛzamshɔn
269,Presumptive,prɛzamptiv
269,Presumptuous,prɛzamptɔs
269,Presuppose,prɛsapɔs
269,Pretence,prɛtɛns
269,Pretend,prɛtɛnd
269,Pretension,prɛtɛnshɔn
269,Pretentious,prɛtɛnshɔs
269,Preterite,prɛtɛrit
269,Preternatural,prɛtɛnatural
269,Pretext,prɛtɛkst
269,Prettify,prɛtifai
269,Pretty,prɛti
269,Prevail,prɛvɛl
269,Prevalent,prɛvalɛnt
269,Prevaricate,prɛvarikat
269,Prevent,prɛvɛnt
269,Prevention,prɛvɛnshɔn
269,Previous,prɛviɔs
269,Prevision,prɛvizhɔn
269,Prey,prɛ
269,Price,praes
269,Priceless,praeslɛs
269,Prick,prik
269,Prickle,prikl
269,Pride,praed
269,Priest,priist
269,Prig,prig
269,Prim,prim
269,Primacy,praemasi
269,Primal,praemal
269,Primary,praemari
269,Primate,praemat
269,Prime,praem
269,Primer,praema
269,Primeval,praemival
269,Primitive,primitiv
269,Primogeniture,praemɔjɛnitua
269,Primordial,praemɔdial
269,Primrose,praemrɔs
269,Prince,prins
269,Princely,prinsli
269,Princess,prinsɛs
269,Principal,prinsipal
269,Principality,prinsipaliti
269,Principle,prinsipl
269,Print,print
269,Printer,printa
269,Prior,praea
269,Priority,praeɔriti
269,Prism,prizm
269,Prison,prizɔn
269,Prisoner,prizɔna
269,Pristine,pristain
269,Privacy,praevasi
269,Private,praevat
269,Privation,praevashɔn
269,Privilege,privilij
269,Privy,privi
269,Prize,praez
269,Probability,prɔbabiliti
269,Probable,prɔbabl
269,Probate,prɔbat
269,Probation,prɔbashɔn
269,Probe,prɔb
269,Probity,prɔbiti
269,Problem,prɔblɛm
269,Problematic,prɔblɛmatik
269,Proboscis,prɔbɔsis
269,Procedure,prɔsɛjua
269,Proceed,prɔsiid
269,Proceeding,prɔsiiding
269,Proceeds,prɔsiidz
269,Process,prɔsɛs
269,Procession,prɔsɛshɔn
269,Proclaim,prɔklɛm
269,Proclamation,prɔklamashɔn
269,Proclivity,prɔkliviti
269,Procrastinate,prɔkrastinat
269,Procreate,prɔkriat
269,Proctor,prɔkta
269,Procurator,prɔkurata
269,Procure,prɔkua
269,Prod,prɔd
269,Prodigal,prɔdigal
269,Prodigious,prɔdijɔs
269,Prodigy,prɔdiji
269,Produce,prɔdus
269,Producer,prɔdusa
269,Product,prɔdakt
269,Production,prɔdakshɔn
269,Productive,prɔdaktiv
269,Profane,prɔfɛn
269,Profanity,prɔfaniti
269,Profess,prɔfɛs
269,Profession,prɔfɛshɔn
269,Professional,prɔfɛshɔnal
269,Professor,prɔfɛsa
269,Proffer,prɔfa
269,Proficiency,prɔfishɛnsi
269,Proficient,prɔfishɛnt
269,Profile,prɔfail
269,Profit,prɔfit
269,Profitable,prɔfitabl
269,Profligate,prɔfligat
269,Profound,prɔfɔund
269,Profuse,prɔfuz
269,Profusion,prɔfuzhɔn
269,Progenitor,prɔjɛnita
269,Progeny,prɔjɛni
269,Prognosis,prɔgnɔsis
269,Prognosticate,prɔgnɔstikat
269,Program,prɔgram
269,Progress,prɔgrɛs
269,Progression,prɔgrɛshɔn
269,Progressive,prɔgrɛsiv
269,Prohibit,prɔhibit
269,Prohibition,prɔhibishɔn
269,Project,prɔjɛkt
269,Projectile,prɔjɛktail
269,Projection,prɔjɛkshɔn
269,Projector,prɔjɛkta
269,Proletariat,prɔlɛtariat
269,Prolific,prɔlifik
269,Prolix,prɔliks
269,Prologue,prɔlɔg
269,Prolong,prɔlɔng
269,Promenade,prɔmɛnad
269,Prominence,prɔminɛns
269,Prominent,prɔminɛnt
269,Promiscuous,prɔmiskɔs
269,Promise,prɔmis
269,Promissory,prɔmisɔri
269,Promontory,prɔmɔntɔri
269,Promote,prɔmɔt
269,Promotion,prɔmɔshɔn
269,Prompt,prɔmpt
269,Promulgate,prɔmɔlgat
269,Prone,prɔn
269,Pronoun,prɔnɔun
269,Pronounce,prɔnɔuns
269,Pronunciation,prɔnɔnsiashɔn
269,Proof,pruf
269,Prop,prɔp
269,Propaganda,prɔpaganda
269,Propagate,prɔpagat
269,Propel,prɔpɛl
269,Propeller,prɔpɛla
269,Propensity,prɔpɛnsiti
269,Proper,prɔpa
269,Property,prɔpɛrti
269,Prophecy,prɔfɛsi
269,Prophesy,prɔfɛsai
269,Prophet,prɔfɛt
269,Prophetic,prɔfɛtik
269,Propinquity,prɔpinkwiti
269,Propitiate,prɔpishiat
269,Propitious,prɔpishɔs
269,Proportion,prɔpɔshɔn
269,Proportional,prɔpɔshɔnal
269,Proportionate,prɔpɔshɔnat
269,Proposal,prɔpɔzal
269,Propose,prɔpɔz
269,Proposition,prɔpɔzishɔn
269,Propound,prɔpɔund
269,Proprietary,prɔpriaetari
269,Proprietor,prɔpriaeta
269,Propriety,prɔpriaeti
269,Propulsion,prɔpalshɔn
269,Prorogue,prɔrɔg
269,Prosaic,prɔzɛik
269,Proscribe,prɔskraeb
269,Prose,prɔz
269,Prosecute,prɔsɛkut
269,Proselyte,prɔsɛlait
269,Prosody,prɔsɔdi
269,Prospect,prɔspɛkt
269,Prospective,prɔspɛktiv
269,Prospectus,prɔspɛktɔs
269,Prosper,prɔspa
269,Prosperity,prɔspɛriti
269,Prosperous,prɔspɛrɔs
269,Prostitute,prɔstitut
269,Prostitution,prɔstitushɔn
269,Prostrate,prɔstrat
269,Prostration,prɔstrashɔn
269,Protagonist,prɔtagonist
269,Protean,prɔtiɛn
269,Protect,prɔtɛkt
269,Protection,prɔtɛkshɔn
269,Protective,prɔtɛktiv
269,Protector,prɔtɛkta
269,Protege,prɔtɛzhɛ
269,Protest,prɔtɛst
269,Protestant,prɔtɛstant
269,Protestation,prɔtɛstashɔn
269,Protocol,prɔtɔkɔl
269,Protoplasm,prɔtɔplazm
269,Prototype,prɔtɔtaep
269,Protozoa,prɔtɔzɔa
269,Protract,prɔtrakt
269,Protrude,prɔtrud
269,Protuberance,prɔtubɛrans
269,Proud,prɔud
269,Provable,prɔvabl
269,Prove,pruv
269,Provender,prɔvɛnda
269,Proverb,prɔvɛb
269,Proverbial,prɔvɛrbial
269,Provide,prɔvaed
269,Providence,prɔvidɛns
269,Provident,prɔvidɛnt
269,Providential,prɔvidɛnshal
269,Province,prɔvins
269,Provincial,prɔvinshal
269,Provision,prɔvizhɔn
269,Provisional,prɔvizhɔnal
269,Proviso,prɔvaezɔ
269,Provocation,prɔvɔkashɔn
269,Provoke,prɔvɔk
269,Provost,prɔvɔst
269,Prow,prɔu
269,Prowess,prɔuɛs
269,Prowl,prɔul
269,Proximate,prɔksimat
269,Proximity,prɔksimiti
269,Proxy,prɔksi
269,Prudence,prudɛns
269,Prudent,prudɛnt
269,Prudential,prudɛnshal
269,Prudery,prudɛri
269,Prune,prun
269,Prurient,pruriɛnt
269,Prussian,prashan
269,Pry,prae
269,Psalm,sam
269,Psalmist,samist
269,Psalter,salta
269,Pseudo,sudo
269,Pseudonym,sudɔnim
269,Psychiatry,saekiatri
269,Psychic,saekik
269,Psychology,saekɔlɔji
269,Pub,pab
269,Puberty,pubɛrti
269,Public,pablik
269,Publican,pablikan
269,Publication,pablikashɔn
269,Publicity,pablisiti
269,Publicize,pablistaez
269,Publish,pablish
269,Publisher,pablisha
269,Puce,pus
269,Puck,pak
269,Pucker,paka
269,Pudding,puding
269,Puddle,padl
269,Puerile,puɛrail
269,Puff,paf
269,Pug,pag
269,Pugilist,pujilist
269,Pugnacious,pagnashɔs
269,Puisne,puni
269,Puissant,puisant
269,Puke,puk
269,Pull,pul
269,Pullet,pulɛt
269,Pulley,puli
269,Pullulate,palulat
269,Pulmonary,palmanari
269,Pulp,palp
269,Pulpit,palpit
269,Pulsate,palsat
269,Pulse,pals
269,Pulverize,palvɛraez
269,Puma,puma
269,Pumice,pumis
269,Pump,pamp
269,Pumpkin,pampkin
269,Pun,pan
269,Punch,panch
269,Punctilious,panktiliɔs
269,Punctual,panktual
269,Punctuate,panktuat
269,Punctuation,panktuashɔn
269,Puncture,panktua
269,Pundit,pandit
269,Pungent,panjɛnt
269,Punish,panish
269,Punishment,panishmɛnt
269,Punitive,punitiv
269,Punk,pank
269,Punster,pansta
269,Punt,pant
269,Puny,puni
269,Pup,pap
269,Pupa,pupa
269,Pupil,pupil
269,Puppet,papɛt
269,Puppy,papi
269,Purblind,pablaend
269,Purchase,pachas
269,Pure,pua
269,Purgative,pɔgativ
269,Purgatory,pɔgatɔri
269,Purge,pɔj
269,Purification,purifikashɔn
269,Purify,purifai
269,Purism,purizm
269,Purist,purist
269,Puritan,puritan
269,Purity,puriti
269,Purl,pɔl
269,Purlin,pɔlin
269,Purloin,pɔlɔin
269,Purple,pɔpl
269,Purport,pɔpɔt
269,Purpose,pɔpɔs
269,Purr,pɔ
269,Purse,pɔs
269,Pursue,pɔsu
269,Pursuit,pɔsuit
269,Purvey,pɔvɛ
269,Purveyor,pɔvɛa
269,Pus,pas
269,Push,push
269,Pusillanimous,pusilanimɔs
269,Puss,pus
269,Pustule,pastul
269,Put,put
269,Putative,putativ
269,Putrefy,putrifai
269,Putrid,putrid
269,Putt,pat
269,Putty,pati
269,Puzzle,pazl
269,Pygmy,pigmi
269,Pyjamas,pijamas
269,Pyre,paea
269,Pyrites,pairaetis
269,Pyrotechnics,pairɔtɛkniks
269,Python,paithɔn
