page,twi,eng
23,"Asase terew, na Onyàmè ne panyïn.","Of all the wide earth, the Supreme Being is the elder."
25,Onyàmè,"Deriv. given by natives, onyã, to get, and mẽ, to be full, satiated, (by metonymy the sky, which is looked on as his abode)."
25,Onyankõpɔn,"The derivation of this word as Onyàmè-nkõ-pɔn (Onyàmè, alone, great one) seems borne out by noting the word in the Akyem dialect, where it is Onyan-koro-pɔn, (Onyàmè, one, great)."
25,Tweaduampɔn,The derivation of this is almost certainly twere-dua-ampɔn (lean on a tree and not fall).
25,Bore-Bore,"Derivation bọ ade, bọ ade (make things, make things), Creator."
25,Qtumfo,"Tumi, power, to be able, and fo the personal suffix."
25,Onyankõpɔn Kwame,"That Onyankõpɔn who was born on Saturday, or came into existence on a Saturday."
25,Odõmaŋkõmã,"Deriv. unknown, but the word is used somewhat as the equivalent of 'inventor'."
25,Ananse kokõrko,"The Great Spider, see note on No. 175 on ananse."
29,Obi kwan nsi (or ntwa) obi kwan mu,No man's path crosses another man's path
30,"Wope akã asem akyere Onyankõpoŋ a, kã kyere mframa.","If you wish to tell anything to the Supreme Being, tell it to the winds."
30,Obi nkyere abofra onyàmè.,No one shows a child the sky.
30,"Obi nkyere otomfo ba atono ; onim atono a, Onyàmè na okyeree no.","No one instructs the son of a smith how to forge ; if he knows how to forge, it is the Supreme Being taught him."
30,"Onyankõpoŋ ammã asonomfõa katakyi biribi a, omãã no ahõdannañ.","If the Supreme Being gave the swallow nothing else, He gave it swiftness in turning."
31,"Osansa se, ‘Ade a Onyàmé aye ṅhĩna ye’.","The hawk (poised aloft) says, ‘All things that the Supreme Being made are beautiful (good)’."
31,"Me a meda ayannya miṅhũ Onyankõpoṅ, na wo a wubutuw ho!","I, who lie on my back looking upwards, do not see the Supreme Being, so what do you expect who are sprawling there on your belly!"
31,"Onyankõpoṅ mpe aṣemmone, nti na okye diṅ mmiakõ-mmiakõ.","Because the Supreme Being did not wish any bad words, He gave a name to each thing, one by one."
31,Onyàmé ṅkrabea nni kwatibea.,The destiny the Supreme Being has assigned to you cannot be avoided.
32,"Wokra Onyankɔ̃pɔn a, obi nnyina ho","When you take leave of the Supreme Being, no one stands by"
32,"Onyàmé ayi no, asamaŋfo ayi no","The Supreme Being has driven him out, the spirit folk have driven him out"
33,"Asem a Onyàmé adi asie no, oteasefo nnaṅ no.","The fate (lit. words) that the Supreme Being has beforehand ordained, a human being does not alter."
33,"Onyankõpoṅ ṅkum wo na odasãni (oteasefo) kum wo, wuṅwu.","If the Supreme Being does not kill you but a human being kills you, you do not die."
33,"Onyankõpoṅ hye wo nsã kora mã na oteasefo kã gu a, ohyia wo so bio.","When the Supreme Being fills your gourd cup full of wine and a human being (comes and) pours it away, He will fill it up again for you."
34,"Onyàmè mã wo yare a, omã wo aduru.","If the Supreme Being gives you sickness, He (also) gives you medicine."
34,Onyàmè na owo basin fufu mã no.,It is the Supreme Being who pounds the fufu for the one without arms.
34,"Nnipa ũlãnã ye Onyàmé mma, obi nye asase ba.","All men are the children of the Supreme Being, no one is a child of the earth."
34,Odõmaŋkõmã bo owu mã owu kum no.,The Creator created death (only) for death to kill Him.
34,"Obosom a onnii guan da, ohũ guan aniwam' mpẽ a, ose, 'Eye srade'.","The fetish that has never had a sheep given to it, when it sees even the matter in the corner of a sheep's eye, says 'It is a fat one'."
36,Onyàmè.,A Supreme Being (see No. 1).
36,Abosom.,"'Fetishes', i. e. spirit, power, mana from or of the Supreme Being."
36,Suman.,"Minor deities, deriving their power from the abosom."
36,Suman.,"Amulets or charms, a lower grade of the above (3)."
36,Asaman.,"A spirit world, inhabited by asamanfo spirits (see note on No. 34, osaman)."
36,Bayifo.,"Witches and wizards, human vampires (see No. 56)."
36,Bonsam.,"Monsters, half human, half devil (see note on No. 56, sasabonsám)."
37,Obosom a oyẹ nnam na odi aboadé.,The fetish that is sharp (clever at predicting events) is the one that has offerings vowed to it.
37,"Obosom Kyeré nantwi, womfá mfa abonteŋ, womfa mfa afikyiri, nso ewo nea wodé fá.","The fetish Kyere's cow is not taken down the street, and is not led behind the town, nevertheless a way is found to take it."
37,"Obosom anim, woko no mperensã.",One goes before a fetish as often as one likes.
37,"Obosom so, yeŋko no mperensã.",One is not taken before a fetish a great number of times.
38,Abosom na ɛkyerɛ akomfo ntwahõ.,It is the fetishes who show the fetish priests how to turn when dancing.
39,"Obosomaketere hye ohye a, ohye.","If the fetish lizard (chameleon) is predestined to be burned, it will be burned."
39,"Obosomfó kã ne ṅkõnim, na ʋṅkã ne ṅkőgu.","The fetish priest tells of his victories, but not of his defeats. (That is, boasts of his successful prophecies, but says nothing about the unfulfilled ones.)"
39,"Eto sikyi ō, eto mfuaté ō, yenyã okomfo kum no.","Whether the die falls sikyi or whether it falls mfuaté, we are going to kill the fetish priest."
40,"Owu de ne pasũa fa ofi mu a, obosomfo aduru dan nsu.","When death encamps over against a household, the medicine of the fetish priest turns to water."
40,Okomfo uni ṅkontoro na wontwa obosonsofo ti.,"When the fetish priest has given a false prophecy, the fetish carrier's head is not cut off."
40,"Akomfo aduasã fĩre oyarefo a, wodi atoro.","When thirty fetish priests are looking after a sick man, (some of them) are lying."
40,"Sika nti, na okomfo mene agyan.","For the sake of gold dust, the fetish priest swallows an arrow."
41,Obi ṅkyerẹ ọkọmfo ba akọm.,No one shows the child of a fetish priest how to dance.
41,"Akọkọ wọ ṅkwã adurŭ a, aṅkã yẹde no tẅa abọsọm sọọ?","If a fowl possessed life-giving medicine, would it be taken and sacrificed over fetishes?"
41,Adurŭ a ẹfi kọmfọ nsam' ṅhĩnã yẹ aduru-pa.,All the medicine (charms) that come from the hands of the fetish priest are good (real) charms.
41,Obi mfa ntẅahõ nsisi kọmfọ.,No one deceives a fetish priest by dancing.
42,Oteasefo na omã osaman kon do otó.,It is the living man who causes the denizen of the spirit world to long for the mashed yam.
43,Osamaṅ-twẽn-twẽn.,A spirit or ghost that is seen at intervals by living persons.
44,"Woye ‘me-ńko-medi’ a, wunyã osamaṅ ńhũi.","If you are an ‘eat-by-myself’ person, you will often see a spirit."
44,Osamaṅ-pa hyira ne ba.,A good spirit (ghost) looks after its child.
44,"Nsamampow mu soduru, wo nĩ wu a, wo abusũa asã.","Bent stick in the spirit grove, when your mother is dead that is the end of your family."
45,Wo nĩ wu a.,"Lit. when your mother dies, in this case when the parent tree, on which the hooked stick grows, is cut or falls down."
46,Oyere (plu. -nom),Wife
46,Agya (lit. father),Uncle (paternal)
46,Wofa,Uncle (maternal)
46,Ena,Aunt (maternal)
46,Osewa,Aunt (paternal)
46,Wofasewa,Niece
46,Wofase,Nephew
46,"Oba (lit. child, son, or daughter)",Child
46,"Oba (lit. child, son, or daughter)",Niece
46,"Oba (lit. child, son, or daughter)",Nephew
46,Onua,Cousin
46,Agya ne nua ba,Cousin
46,"Nana (Nana-barima, Nana-ba)",Grandparent
46,Oba nana,Grandchild
46,Nanankanso (lit. 'Grandparent not touch (his) ear'),Great-grandparent
46,Ase,Father-in-law
46,Osew,Mother-in-law
46,Akonta,Brother-in-law
46,Okunu (lit. husband),Brother-in-law
46,Oyere (nua) (lit. wife),Sister-in-law
46,Akumma,Sister-in-law
47,"Nĩwamma nsae a, wofase uni ade","When (one's) mother's children are not finished, (one's) nephew does not inherit."
49,Osamane ahõfĩwam ne nunúm.,The smell of a ghost is the smell of the 'nunúm' shrub.
49,"Osamañ tẽe ne nsa kyia wo a, wopono wo de mu.","When a ghost puts forth its hand to greet you, you draw your's back."
49,Osamañ ṅtẽeñ teasefo ansã-na wadidi.,A ghost does not wait for the living to begin to eat before it begins to partake.
49,"Asamañ nni biribi a, ɛwọ ṅhyehye-wo-ákyi.","If the spirit world possesses nothing else, it has at least the power of its name."
50,"Asamaŋ, woŋko nsaŋ mma.",The spirit world is not a place one can visit and return from again (as a living man).
50,"Asamaŋ, wommănã.",Things cannot be sent to the spirit world (?). (Meaning obscure.)
50,"Asamantawa se enim pae a, ɛte sɛ atawa pa.","When the ‘spirit’ tawa tree declares it knows how to pop, at best it can hope to do so (only) like the real tawa tree (if as well even as that)."
50,"Onipa wu (wɔ) samampow mu a, womfá no mma ofie bio.","When a man dies in the spirit grove (cemetery), he is not brought back to the home again."
50,"Wunni samaŋ aduaŋ a, womfa wo nsa nto mu.","If you are not going to partake of the spirits’ food, do not put your hand in it."
50,"Wubu wɔ sumáŋ asumammá a, ekita wo.","If you call your amulet a trifling thing, it will seize hold of you (kill you)."
51,Opanyiṅ ano seṅ sumaṅ.,The advice (lit. mouth) of a man of ripe experience is more potent than (your) little guardian deity.
51,"Sumaṅ kafirmã nye biribi a, na eye amĩade.","If the little kafirma charm is good for nothing else, it is at any rate an adornment."
51,"Enni bãbiara a wotrã ẅe yisa hinam sumaṅ so a, enye nnam.","There is no special place where one should sit and chew guinea pepper and blow it out over one's tutelary deity, to make it a sharp (clever) little amulet."
51,"Obi mfa nea wawu sumaṅ ṅkã se, ‘Mã me ṅkwã nè akwãhõsaṅ’.","No one takes the amulet of one who has died (and whom therefore it has failed) and addresses it, saying, ‘Give me life and health’."
51,"Wo kra nye a, na wunyã asafo nsam' amanne.","If your soul is not a lucky one, you fall into the hands of a ‘company’."
52,Ṅkrabea nhĩnā usé.,All destinies are not alike.
52,"Wode wo kra kaw, na woantua no a, ofa wo abufuw.","If you are in debt to your soul, and have not paid it, (your soul) gets angry with you."
52,Obi ṅkwati Tanno nko aka ase.,No one consults the lots without calling on (his) fetish (lit. Tanno).
53,"Sasabonsám kò ayi a, osɔe obayifo fi.","When a sasabonsám (devil) goes to attend a funeral, he lodges at a witch's house."
54,Asasabonsam,"The asasabonsam is a monster of human shape, living far in the depths of the forest, and only occasionally met by hunters. It sits on tree-tops and its legs dangle down to the ground and have hooks for feet which pick up any one who comes within reach. It has iron teeth. There are female, male, and little sasabonsam. A large fungus growth very like a big cabbage in appearance often found growing on trees is called sasabonsam kyew. i. e. devil's hat."
54,Ayi,"Burial, funeral. Deriv. yi, to take away, to remove. (For custom of burying slaves, wives, &c., with a dead master, see note on No. 467.) The grave is a deep trench from 6 to 8 feet deep in one side of which a cavity is again dug, forming as it were a room, with three walls. (Cf. the Chinyanja mudzi, 'village' or last home.) The body is placed in this case, which is then fenced or screened off. Chiefs and men of importance are buried in the house in which they die, which then becomes their tomb."
54,Obayifo,"Deriv. bayi, sorcery (synonymous term ayen), a wizard, or more generally witch. A kind of human vampire whose chief delight is to suck the blood of children whereby the latter pine and die. Men and women possessed of this black magic are credited with volitant powers, being able to quit their bodies and travel great distances in the night. Besides sucking the blood of victims, they are supposed to be able to extract the sap and juices of crops. (Cases of coco blight are ascribed to the work of the obayifo.) These witches are supposed to be very common and a man never knows but that his friend or even his wife may be one. When prowling at night they are supposed to emit a phosphorescent light from the armpits and anus. An obayifo in everyday life is supposed to be known by having sharp shifty eyes, that are never at rest, also by showing an undue interest in food, and always talking about it, especially meat, and hanging about when cooking is going on, all of which habits are therefore purposely avoided. A man will seldom deny another, even a stranger, a morsel of what he may be eating, or a hunter a little bit of raw meat to any one asking it, hoping thereby to avoid the displeasure of one who, for all he can tell, is a witch or wizard. (See No. 76.) The obayifo can also enter into animals, &c., c. g. buffalo, elephant, snakes, and cause them to kill people. The obayifo is discovered by a process analogous to the 'smelling out' of witches among the"
55,"Sasabonsám té ase, wose oye obayifo, na menne se osi odum atifĩna odum nso sow mmoatia.","When a sasabonsám devil is down on the ground he is called a wizard, how much more when he is perched on top of an odum tree, and the odum tree is also bearing a crop of tailless monkeys as its fruit."
56,"Sɛ odum osi hɔ a, ose oyɛ Otanno, na obonsam abesi so . . . .!","When an odum tree stands there, it declares it is Tanno, but when a devil comes and perches on it . . . .!"
56,"Owu a akum wo nã nè wo agya vọ hɔ a, wunnye diṅ sɛ, ‘Aka me ṅkõ’.","When Death which has killed your mother and your father is there (with you again), you do not say to him, ‘I alone remain’."
56,"Owu bekum wo se nè wo nĩ a, nsũ sɛ, ‘Me se nè me nĩ awu’, na sũ sɛ, ‘Me nè m’agya nè me nã bɛko’.","If Death has come and killed your father and your mother, do not weep, saying, ‘My father and my mother are dead’, but weep and say, ‘I and my father and my mother will go (with you)’."
56,"Owu bekum wo na wofre no agya a, obekum wo, wofre no eṅã a, obekum wo.","If Death comes to kill you and you supplicate it, calling it ‘Father’, it will kill you, and if you supplicate it, calling it ‘Mother’, it will kill you."
56,Owu adare nnoŋ fãkõ.,Death's sickle does not reap one place alone.
56,Owu ṅhĩnã ye owu.,All the different forms Death takes are just the one Death.
57,"Owu na wannyã bābi aŋkọ a, na ọkọ asāmaŋ.","When Death has no particular place to go to, then it goes off to the world of spirits."
57,"Owu nè wo ase hyẹ wo adwuma-yẹ a, owu de na wokọ kaŋ.","If both your father-in-law and Death appoint a day for you to do some work, it is Death's you will go about first."
57,"Owu to wo a, wunse se, ‘Fwẹ aberewa!’","When Death overtakes you, you do not say to it, ‘Look, there is an old woman (take her)!’"
57,Owu wo okyẹkyẹfo adaka ano safẹ.,Death has the key to open the miser's chest.
57,Owu nye pia na woadi mu ahyemfiri.,Death is not a sleeping-room that can be entered and come out of again.
57,"‘Mirewu kyẹna, mirewu ne’, na yede ye ayie?","‘I am going to die to-morrow, I am going to die to-day,’ do they begin the funeral custom (because of such words)?"
57,"Wurewu a, wunse se, ‘Mirewu ō! mirewu ō!’","When you are (really) dying, you do not say, ‘Oh, I am dying! Oh, I am dying’!"
57,"Obi nim nea owu wo a, aŋkã onsi ho ara da.","If one could know where Death resided, one would never stop there."
57,"Nea wahintiw awu no, wontutu ’mirika ṅko n’ayi ase.","When a man has met his death through having stumbled (fallen), one does not run to attend the funeral of such an one."
58,Qkom nye Krakye Dente nye.,"Hunger is not good (good, in sense of, ‘to be lightly thought of’), neither is Krakye Dente."
59,"Obayifo ba wu a, eye no yaw.","When a witch's child dies, it makes her sad."
59,"Obayifo oreko e! obayifo oreko e! na wonye obayifo a, wuntwa wo ani.","A witch is passing! a witch is passing! (some one cries), but if you are not a witch you do not turn your eyes to look."
59,"Obayifo kum wadi-wamma-me, na onkum wama-me-na-esua.","The sorcerer kills (by magic) the one who eats and gives him nothing, but he does not kill him who eats and gives him (even) a little piece."
59,Efunu a ebesi nnim sudew.,The corpse which is coming to knock against (some one) cares nothing for cries of sorrow.
60,"Kontromfĩ se, ‘Qberan wu né kóko’.","The monkey says, ‘The brave man dies because of his brave heart’."
61,"Kontromfĩ se, ‘Afei ne ampa’.","The monkey says, ‘Well now I shall really speak the truth’."
61,"Kontromfĩ se, ‘Me suman ne m’aniwa’.","The monkey says, ‘My talisman (against surprise and enemies) is my little eyes’."
61,"Kontromfĩ se, ohũa ayi akyẽafo adi.",The monkey says that there is nothing like poverty for taking the conceit out of a man.
61,"Kontromfĩ se, ‘Wohye m’afonom’ a, na meyi asempa makã makyere wo’.","The monkey says, ‘If you fill up my cheeks (with food), then I shall reveal the truth and tell you’."
61,"Yenim se kontromfĩ koŋ wo ho, na yede hãmã to n’aseŋmu.","We know the monkey has a neck, but we nevertheless take a string and attach it to its waist."
62,Obi ṅhyẹ kontromfĩ mmã onni soṅ.,"No one compels a monkey to eat the tamarind (?) fruit. (The oṣoṅ, tamarind (?), is the favourite food of monkeys)."
62,"Oduahyeṅ se, ‘Nea ewo m'afonom nye me dea, nea ako me yam' na eye me dea’.","The white-tailed one (the black colobus monkey) says, ‘What is in my cheek is not mine, but what has gone into my belly that is my very own’."
62,Kontromfĩ akwakorā na oware kontromfĩ aberewa.,It is Mr. Old-man-monkey who marries Mrs. Old-woman-monkey.
62,"Kontromfĩ kyẽa senea akyẽafo kyẽa, nso ne to kō.","The monkey struts about just as a conceited person does, but its bottom is red nevertheless."
63,"Mahũ kontromfĩ a ne yerɛ awu na wasiw atimum, na wo wansaŋ de, efa wo hɔ dɛn?","I have seen a monkey whose wife has died and he has let his hair grow long in consequence, but as far as you are concerned, Bush-buck, how does it concern you?"
63,Esóno akyi nni aboa.,After the elephant there is no other animal (to compare with it in size and strength).
64,Esóno akyi aboa ne bòmmofó!,"After the elephant is a (still greater) animal, the hunter!"
64,Esóno kuntaṅ na adowa di panyiṅ.,The elephant is big and bulky but the (little) duyker has most experience and sense.
64,"Esóno nni wuram' a, ankã ekó ye obopoṅ bi.","If the elephant were not in the jungle ('bush'), then the buffalo would be one of the greatest of the beasts."
64,"Esóno tia afiri so a, eṅhũaṅ.","When the elephant treads on a trap, it does not spring (on it)."
64,Okáka bu sono sê.,Toothache breaks the elephant's tusk.
64,"Nea esóno wui n'afikyiri no, eho ahaban ṅhĩnã sãe.","Where an elephant died, all the leaves in his backyard were spoiled. (Trampled down by people coming to cut up the meat.)"
65,"Osekaṅ-tiá biako ṅṅuá ɛsóno, ṅṅua ko, ṅṅua oḍeṅkyem-mirempɔṅ, na wasaṅ agua oṅaṅkã, na wasaṅ atwa wo wura nsa, na woṅhɔṅ wo nto ade mu ana?","One little knife which cannot flay an elephant, which cannot flay a buffalo, which cannot flay a big-throated crocodile, and yet you have gone out of your way (lit. turned back) to flay a python, and gone out of your way to cut your master's hand, will you not be plucked from your handle and cast into some place (out of the way)?"
65,Esóno di asãwa.,An elephant eats the (little) asãwa berries.
65,"Esóno afɔṅ a, woṅné mpakam-mã ọha.","When an elephant is thin, that is not to say its meat will not fill a hundred baskets."
65,"Esóno afɔṅ a, woṅṅua no berew so.","(Even) when an elephant is thin, it is not skinned on a palm leaf."
65,Esóno hɔ na wọbọ apuruwá.,It is from the elephant that big lumps of meat are cut.
65,"Esóno kàkrã, na adowa na ọde ne ha.","The elephant is a huge beast, but it is the duyker that is the (real) king of 'the bush' (jungle)."
66,"Esóno nyã wo a, adowa bọ wo mẽ.","When the elephant has got you in his clutches, the (little) duyker (comes up) and slaps you."
66,Obi nnyae sóno akyi di ṅkodi aseredoa akyi.,No one gives up following an elephant to go and follow the little aseredoa bird.
66,Obi nni sóno akyi mmoro hũãsú.,No one (who) is following an elephant has to knock the dew off the grass.
66,"Wudi sóno akyi a, wontõa.",When you follow an elephant you do not get entangled (with creepers).
66,"Obiakõfo na okum sóno, na amansaṅ ṅhĩnã di.","It is one man who kills an elephant, but many people who eat its flesh."
66,"Ebia wobedi sóno na biribi ṅhĩa wo, na wudi apatã a, na dompe ahĩa wo.","Perhaps you will eat a whole elephant and nothing will stick in your throat, and then you eat a (little) fish and lo! a bone has stuck in your throat."
66,"Wode kokŭrokó na edi amim a, ankã esóno beba ofie.","If mere bulk and size could be used to further greed and violence, then the elephant would have come to the haunts of men (to seize what he wanted)."
67,"Wode sóno ṅhõma bu kotuku, na wode deṅ ahyem'?","You may make a bag out of an elephant's hide, but what are you going to find to put in it?"
67,Obi nnim nea esóno di yee kese.,No one knows what the elephant ate to make it big.
67,Obi nsusu sóno yam' mmu ahaban.,No one breaks off a leaf in order to measure the size of an elephant's belly with it.
67,Enye aduan na esono nya di kyeṅ adowa nti na oye kese seṅ no.,It is not the greater amount of food that the elephant eats than the duyker that makes it greater in size than he.
67,Womfá akărā ntow sóno.,A wax (bullet) is not used to shoot an elephant.
67,"Gyata dōsō ṽiram' a, aṅkā nnipa nnyā bābi ntrā.","If lions were very numerous in 'the bush', then man would have no place to stay."
67,"Woboro gyata a, wo tiri pā wo.","If you strike a lion, your own head will pain you (you will not do the lion any harm)."
67,"Gyahene hō nye deṅ a, onné kaṅkaṅ.","Even when a lion is not a strong lion, it is not called a civet cat."
67,"Ade hĩa osebo a, owe wura.","When a leopard is hard pressed for food, it chews grass."
69,Obi nkyerɛ osebo ba atow.,No one teaches a leopard's cub how to spring.
69,"Wode sebɔ ǹhõma sũa adw̌inni a, na wode aẅie.","When you use a leopard's skin for practising leather work on, it shows you have mastered your trade."
69,"Osu fĩwe sebɔ a, ne hɔ na eḟow, na ne ṅwǎrǎṅ-ṅwǎrǎṅ de, empopa.","When rain beats on a leopard it wets him, but it does not wash out his spots."
69,"Eko kum Krǎnni a, meṅko no ayi, na Okrǎnni kum 'ko a, minni ne nãm.","When a buffalo kills an Accra man, I do not go to his funeral, and when an Accra man kills a buffalo, I do not eat its flesh."
70,"Otũẽ dua ye tia a, nea ode pra nehõ ara nẽ.","The duyker's tail may be short, but it brushes its body with it notwithstanding."
70,Otũẽ nhõma suane nea eye hare.,The duyker's skin (hide) splits where it is thinnest.
70,"Otũẽ anko gua, ne nhõma ko.","The duyker does not go to market, but its skin does."
70,"Otũẽ ne otũẽ kõ na wohũ gyahene a, na woko afa na woguan.","When two duykers are quarrelling, and they see a lion (coming), off they run together (forgetting their quarrel)."
70,"Otũẽ ani ansen a, na efi bommofo.","When the antelope is unhappy, it is the hunter who is the cause."
71,"Otĭwẽ nyã nantu a, wokyi.","When (you see) a duyker which has a (thick) leg, that is something you avoid (make a taboo)."
71,Otĭwẽ m'pŏrow adu kŭrom!,Let the antelope rot in the hollow of the tree! (A congener of our 'dog in the manger'.)
71,"Odeŋkyem da nsu mu, nso ọnom mframa.","The crocodile lies in the water, but it also drinks (breathes) the air."
72,Odeŋkyem weree sene were-pá de.,A crocodile's skin is sweeter than any other skin.
72,"Funtumfrafu deŋkyem frafu, wowo yafunu koro nanso wonyã biribi a, wofom, nanso woŋ nhĩnara wo yafunu koro, nanso wodi no amenemutwitwi.","The 'Two-headed crocodiles' have but one belly for both, yet when either of them get anything they fight among themselves for it, for though they both have only one belly for each of their separate heads, each wants the food to pass down its own throat."
72,"Wutwa asu wie a, na wuse odeŋkyem ano pow.","When you have quite crossed the river, you say that the crocodile has a lump on its snout."
73,Okótó a oda siká hõ po twĕre abé.,"Even the crab, that lives where the gold dust is, eats palm nuts."
73,Okótó ṅwo anõmã.,A crab does not give birth to a bird.
73,Okótó bene asuo 'ti na onim asuo kasā.,Because the crab lives near the river he knows the language of the river.
73,"Okótó bo pemmo a, osaṅ n'akyi.","When a crab falls down plump on its bottom, it turns back."
73,Okótó foforó aperew mu nni nãm.,A young crab has no meat in its claws.
73,"Okótó guaṅ a, oguaṅ ko pom'.",When a crab runs away it is towards the sea it flees.
74,Okɔtɔ́ na onim sika dabere.,It is the crab that knows where the gold dust is to be found.
74,Okɔtɔ́ annyã adayé nti na oda amɔ̃a mu.,"Because the crab has no good place to sleep in, it lives in a hole."
74,"Okɔtɔ́ po di sukɔm, na menne okwaku a oda osoro.","Even the crab gets thirsty, not to speak of the monkey that sleeps up above."
74,Aboa dompɔ nni asumguarede nti na ɔnam asu hɔ̃ bɔ akɔtɔ́.,"Because the otter (?) has made no preparation for the washing of its soul, that is why it walks about digging for crabs (to offer to the soul)."
75,"Koṭókó reko koṭókó a, omfa adidide.","When the porcupine is going to visit the porcupine, he does not take any food with him."
75,"Aboa akyekyereɛ nni ntuma, nsoso awow nne no da.","The tortoise has no cloth, hair, or wool, nevertheless it does not ever feel the cold."
75,"Mmoadõmã ńhĩnã foro bo, akyekyere ń'koforo bi, wapoṅ afĩwe.","All animals (can) climb stones, but let the tortoise try to, and he tumbles down. (Said of an unlucky person.)"
75,"Akyekyere nni nufu, uso owo a, onim nea oye yeṅ ne ba.","The tortoise has not any milk, but when it gives birth, it knows how to rear its child."
75,Akyekyere ko serew serew na oguaṅ ara neṅ.,"The tortoise goes off in a laughable manner, but he can escape all the same."
75,Akyekyere na okyere ne bobere na woho no.,It is the tortoise itself that exposes its vulnerable spot (the head) and has it struck.
75,"Akyekyere pe ne yere amanne, ose, ‘Wow m’akyi mmeṣã (wow mmeṣã gu m’atiko), ná meṅkofĩwe agoru’.",
76,"Akyɛkyere se, ‘Obarima mfɛre aguan’.","The tortoise says, ‘A man need not be ashamed to run away’."
76,"Akyɛkyere se, ‘Ntɛm ye, na odɔm ye’.","The tortoise says, ‘Haste is a good thing and deliberation is also a good thing’."
76,"Nhwi nye-nã a, ankã akyɛkyere nni bi?","If hair was not difficult to grow, would not the tortoise have some?"
76,"Woko awuru kũrom’ na odi dɔte a, wudi bi.","When you go to the village of the tortoise and it eats earth, you eat some oo."
76,"Awuru rewea (na) ne ba rewea, (na) hena na obegye wɔn tãtã?","The tortoise crawls, and his child crawls, and which will take the other and teach him how to walk upright?"
76,Okétɛw a otare pɔdɔ hɔ bo ye tow-nã.,It is difficult to throw a stone at a lizard which is clinging to a pot (without breaking the pot).
77,Okétέw nὲ ketebɔ sε diŋ na wɔnsέ hɔnam.,"The lizard (okétέw) and the antelope (ketebɔ) have names which are similar, but their appearance is not the same."
77,Okétέw nim sε ayanikaw bεba nti na obutuw siei.,"Because the lizard knows its belly will become painful, it lies down on it (before the pain comes)."
77,"Okétέw wo yam aduru a, aŋkã yam ansi no adurade.","Had the lizard medicine against eczema, then its body would not be clothed with eczema."
77,Okétέw ńwε mako na fifiri mfi atǐwεrɔrɔ.,The lizard does not eat pepper and sweat break out on the frog. (A man bears the brunt of his own actions.)
77,"Ńwaw de nehɔ sie a, na wofa no tope.","If the snail takes care of itself, when it is taken, it will be taken as a big snail."
78,"Ṅwaw wu ṅkwaṅ mu a, empŏrow.","When a snail dies in the soup, it does not rot."
78,Ọwọ de ahõyerew na ọka.,It is owing to being disturbed that a snake bites.
78,"Ọwọ aduru, wọtew no ahõọhare.",The herbs to apply to a snake bite are quickly plucked.
78,Ọwọ ṅka onipa kwa.,A snake does not bite a man without a cause.
78,"Ọwọ ṅkesua ṅkõ na ebesuw wuram' a, aṅkã biribiara nseee ẹ.","If it were only snakes' eggs that were addled in 'the bush', that would not have mattered at all."
78,"Ọwọ te sẹ hãmã, na wọmfa ṅkyekyere ade.","A snake is like rope, but it is not (for that reason) taken to bind a thing with."
78,"Aboa naṅkã nim adekyẽe a, aṅkã ọda ṅwia-da?","If the python knew when it was dawn, would it sleep in the day-time?"
78,"Wọnhũ ọwọ ti a, wọmmọ no abã.","Unless you see a snake's head, you do not strike at it (any other part of the body)."
78,Ọnankanini da ase anyã ọṅwãm.,The python lies on the ground and has got a toucan.
79,Aboa ananse nam na ọso ne daṅ.,The spider walks and carries his house (web).
79,"Ananse a ọmpe aṅwene bi aṅwene, na ọṅwene tempoṅ mu.",A spider which does not really wish to spin spins its web on a much frequented road (where the people passing soon break it).
80,"Ananse se asantrofi se, ‘Se wobɛfiri aseɛ so a, firi aseɛ so, se wopɛdi ŋkorowa hene a, firi ŋkorowa hene so di’.","The spider says to the night-jar (!) ‘If you are going to look after the beans, look after the beans, but if you are going to be leader in the ŋkorowa dance, then confine your energies to that’ (lit. be leader in the ŋkorowa dance)."
80,Ananse antoŋ kasa.,The spider has not sold words.
80,"Agya Ananse adi asɛmmɔne na yepam no, na wannya babi ankoro na ɔseɛ padeɛ ani.","Father Spider did wrong and we drove him away, and as he had no place to go he hangs from the crossbeams of the roof."
81,Agya Ananse ṅwoo ne ba Ntikũmã na owo nea oso ne boto.,Before Father Spider begot his son Ntikũmã he had some one to carry his bag.
81,Efere nti na agya Ananse de otwẽ kyew hye adow.,Because of shame Father Spider takes an antelope skin hat when he goes to ask people to come and assist him at his hoeing.
81,"Mireguare suohyew na ananse reguare ne mma, na meguare suonwini e?","I bathe in hot water, and the spider keeps washing his children in it, so I shall wash in cold water and what can he do then?"
81,Obi ntó anansesem ṅkyere Ntikũmã.,No one tells stories to Ntikũmã.
82,"Ńwansana de ne nsa gu n'akyi a, ose, ‘Nea aka akyiri na ɛdɔsõ’.","When the fly stretches his legs (lit. hands) behind him, he says, ‘There still remains a lot to come’ (lit. what is behind is much). If one watches a fly closely it will sometimes be seen to stretch its feet backward over its body. This proverb is used in the sense of ‘I have done a great deal for you, but you can still hope for future signs of favour.’"
82,"Ńwansana ampa funu hɔ a, wode no sie.","When a fly does not get up off a dead body, he is buried with it."
82,"Ńwansana pobi, onni ano, na ótǐwère bebuŋ.","The bluebottle fly (?) has no mouth, but it can strip the green palm nuts."
82,"Ńwansana pobi si abeyā mu a, wotaforo mu.","Though the bluebottle fly sits on the dish, you lick inside it."
82,"Ńwansana ye sisi a, onsi gya mu.","Wherever else a fly is going to alight, it does not alight on fire."
82,"Ohurii di bem, ńwansana na oyę me sē.","Now surely the tsetse had good reason to bite me (as every one knows it is a biting fly), for here is the common house fly doing the same (and it is not supposed to bite at all)."
83,Ohurii nni gyamfo.,The biting fly has no one to come to his aid in trouble.
83,Ohurii si akyekyere akyi kwa.,The biting fly gets nothing by alighting on the back of the tortoise.
83,"‘Meka nnipa ṅhĩnā,’ nti na ohurii annyã ogyamfo.","‘I shall bite all men,’ because of that the tsetse has no one to come to his aid in trouble."
83,Mfóté pấm ansã-na woaye yā.,Ants have to unite (in great numbers) before they (can) make a noise.
83,"Mfotee te se dǐwie, nanso o nè no nse.","A white ant is like a louse, and yet they are not really the same."
83,"Mfote a wuwu a wobedi wo nãm no, na wote ho a, wowe wo tam.","The white ants that will, when you die, devour your flesh, when you are alive eat your clothes."
83,"Obi ṅkotoa ohãhíni wo né bón anò ná onse se, ‘Wo ho bọ̀n’.","No one tracks a black ant to the mouth of its hole and then says, ‘You stink’."
84,Obi nnyina ṅkráṅ mù ntutú ṅkráṅ,No one stands among black ants and picks off black ants.
84,"Ṅkesua to ṅkráṅ mu a, mã eṅna mu, na woṅam hõ kwa.","When an egg falls among black ants, let it lie there, for they will walk over it without being able to do it any harm."
85,Obi nton ne kokobere kwà.,No one sells his (laying) hen without a good reason.
85,"Akoko nom nsu a, ode kyere Onyankõpoŋ.","When a fowl drinks water, it (first) takes it and shows it to the Supreme Being."
85,"Akoko di wo yoŋkõ aŵi a, pam no, na dabi obedi wo de.","When a fowl is eating your friend's grain, drive it away, for some day it will eat yours."
85,Akoko ani sã bŭrofua.,The fowl's eye is keen to see the single grain of corn.
85,"Akoko se, ‘Ade ansã a, aṅkã memẽe?’","The fowl says, ‘If it had not got dark, should I have had my fill?’"
85,Akoko naṅ ṅkum ba.,The hen's foot does not kill (her) chicken.
85,"Akoko hyeṅ kye ofie a, obere.","When a white fowl remains a long time in a house, it gets red (with earth and dust)."
86,Akoko ntakāra na ɛmã akoko yɛ kese.,It is the feathers on a fowl that make it big.
86,"Akoko ntakāra nyin a, etuatua ne hōnam mu.","When the feathers of a fowl grow, they still remain attached to its body."
86,"Wo kyere akokotaṅ a, wo tase ne mma kwa.","When you have caught the mother hen, you pick up the chickens without difficulty."
86,Obi ntwa akoko ano mmã akyɛ.,No one says ‘Good morning’ before the cock has done so.
86,"Akokobere nim adekyɛe, na ofiɛ onini ano.","The hen knows when the dawn comes, but she nevertheless looks to the cock (to make it known)."
86,Akokonini bow nsã na ne wɛre afi akōrōmã.,When the cock is drunk he forgets about the hawk.
86,"Akokonini se, ‘To tamfo ṅkō a, aṅkã maboṅ anadwo na woakum me’.","The cock says, ‘Had I nothing but enemies left, then when I have crowed in the night I should have been killed’."
87,"Okokonini, gyae wohõ kyerɛ, na wo nã ne kesua hóno.","O cock, leave off being puffed up with pride; after all, your mother was only an egg-shell."
87,"Obi mfa akokɔ nañase ade, mfa ṅkɔto akokofĩwerew nañase.",No one takes the string of beads off a fowl's leg and goes and puts it on the leg of a partridge.
87,"Akokɔ nni asõ nanso ónnyã ne sõtore a, wode bɔ no ara.","A fowl has no ears, so does not get them boxed, but it gets its beating all the same."
87,"Akokɔ-pa na ɔwo asense, asense (se), ‘Me ṅkɔ mifi hẽ?’","An ordinary fowl hatches out an asense chicken, and the asense one (asks in wonder) saying, ‘I alone, where did I come from?’"
87,"Akokɔ se, ‘Kyerɛ akyekyere tutu no’, na ono akyekyere se, ‘Na wo de, woabĕre’.","The fowl says, ‘Catch the tortoise and pluck it,’ but he (the tortoise) replies, ‘As for you, you will (lit. have tired) tire of trying that’."
87,Akokɔ ti si ahẽ na wɔrebɔ mu fe?,How big is a fowl's head that they should be striking at it?
87,"Okokonini, gyae akuntuṅ-akuntuṅ, na yeṅ ṅhĩnã ye kesua mma.","Cock, desist from self-glorification, for we are all the children of eggs."
89,"Aboa kòkosakyi nni tuo, na oṭoṅ asommeṅ.","The vulture has not a gun, but he sells elephants' tusks."
89,Aboa kòkosakyi se akasadi nti na oka sumăna so.,The vulture says it is in order to avoid payment (for what he eats) that he remains on the dung-hill.
89,"Aboa akrampã, wudi bi biṅ na obi nni wo de.","Vulture, you eat the excrement of every one, but no one eats yours."
89,"Kòkosakyi akrampã, ne diṅ anye de, na ne hõ anye hũãm.",The vulture has not a good name and its body has not a good smell.
89,"Kòkosakyi mpe ofie aba a, aṅkã onsisi sumăñã so.","If the vulture did not wish to come into the house, it would not stand about on the dung-hill."
89,"Kòkosakyi se, odompo hõ boṅ.",The vulture says that the civet cat stinks.
90,"Opete takŭra tŭa oŭira ṅkontompo a, otu tŭene.","When a vulture's feather tells its master a lie, he (the vulture) plucks it out and casts it away."
90,"Opete hō na eye ṅkwasea, nanso okyi aguare-anni.","A vulture's body is a foolish looking thing, yet even he does not eat without first having had his bath."
90,"Osansa firi ahunum' reba se, ‘Mekokyere nipa madi’, na afei akoŭia akoko.","The hawk comes swooping down from the sky saying, ‘I am going to catch a man and eat him’, and behold! he makes off with a fowl."
90,"Osansa ko abuw a, ode n'akyi gyaw akrōmā.","When the hawk goes to sit on her eggs, she leaves the akrōmā (another kind of hawk) to keep her watch (in the sky)."
90,"Akō ntakŭra, se wuhū ne ṅko a, ntow no bo, na ofi dodow mu.","A parrot's feather, if you see but a single one, do not throw a stone at it, for it comes from where there are a great many more."
90,"Akō ano ye deṅ a, obi ṅkyere no nni.","Because the parrot has a loud voice, no one catches hold of it to eat it."
90,Akō mpe se obi hū ne ṅkesua nti na otow gu duam'.,A parrot lays its eggs in the hollow of a tree because it does not wish any one to see them.
91,"Anõma biakõ wọ wo nsam' a, eye seṅ nnõmã du a ewọ ahunum'.",One bird in your hand is better than ten birds in the sky.
91,"Anõma biara wu wọ soro a, eye deṅ ara a, ne ntakara ba gu fam'.","When any bird dies in the sky, whatever happens (lit. whatever it does), its feathers come falling to the earth."
91,Anõma bone na osee ne berebuw.,The bad bird fouls its own nest.
91,Anõma de ako-nè-aba na eṅwene berebuw.,The bird makes (lit. weaves) its nest by going and coming.
91,"Anõma kese antu a, obua da.","When a big (full-grown) bird does not trouble to fly (in search of food), it goes to sleep hungry."
91,"Anõma koro di awi a, otiatia so.","When one bird alone eats the grain, it treads it under foot (there being more than it can eat)."
91,"Anõma kye dua so a, ogye bo.","When a bird remains too long on a tree, it has a stone thrown at it."
91,Anõma nãm ṅkosõ kye.,There is not enough meat in a bird to divide up (among a number of persons).
92,Anõma ne nua ne nea ọ nè no da.,It is one of its own family that a bird roosts with.
92,"Anõma ano ware a, ode didi asuogya na omfú ntwa asu.","When a bird has a long bill, it uses it for eating on its own side of the river and not for stretching across the water (to eat on the opposite bank)."
93,"Okrãmãñ a ọkọ ahayọ wañhũ, na agyinamoa na obẹyẹ dẹñ?","The dog which has gone a hunting has not had any luck, so what can the cat (hope to) do?"
93,"Wo krãmãñ se obẹkyere sóno amã wo a, ọdãdã wo.","When your dog says he will catch an elephant for you, he is deceiving you."
93,"Okrãmãñ se oremfa oyere da, na ofa oyere no, ofa n' agya yere.","The dog says he will never commit adultery, but when he does so, he commits it with his own father's wife."
93,"Okrãmãñ ne atiremsẹm da ne bo, na ẹna ne tirim.","A dog's thoughts lie in his chest, but not in his head. (That is, he is always barking (talking) and never keeps anything to himself.)"
93,"Obi se wo se, ‘Okrãmãñ ani yẹ anañ’ a, oboa, abieñ yẹ ṅhwĩ.","If any one says, ‘A dog has four eyes’, he is lying, two are (tufts of) hair."
94,"Wo nè krāmãñ bo abusũa a, nisu mpa wo ani ase da.","If you take a dog (i.e. a quarrelsome, noisy person) as a relation, tears will never dry in your eyes."
94,"Okrāmãñ anom ye no de a, oñwe ne koñmu nnawa.","Even when a dog's mouth is watering, he does not gnaw at the bells round his neck."
94,"Okrāmãñ fa kesua a, ebebo wo n' anom.","When a dog picks up an egg, it will break in his mouth."
94,"Okrāmãñ na obu be se, ‘Ade kese nyera’.","The dog has a proverb which runs, ‘A big thing does not get lost’."
94,"Okrāmãñ si pata so na enyé ono na oforee a, na obi na omãã no so sii ho.","When a dog is (found) up on top of the store rack, and could not have climbed up himself, then some one must have lifted and put him there."
94,"Okrāmãñ se, ope 'mirika-húnu atú, na menne se n'ase guan atew ayera.",The dog says he likes to run about without any particular reason; how much faster will he run when he hears his mother-in-law's sheep has broken loose and is lost.
95,"Agyinamoa wo p̃afo a, aṅkã oye nnam kyeṅ krãmãṅ.","Had the cat only some one to help it, it would be sharper even than the dog."
95,"Agyinamoa nam fie s̃e ne kotoku a, anad̃oboa mfa ne nsa ntom'.","When the cat walks about the house carrying his bag, the night animal (the mouse) does not put his hand inside."
95,"Agyinamoa wu a, ṅkura yam'.","When the cat dies, the mice rejoice."
95,Agyinamoa akoa ne botokura.,The cat's slave is the mouse.
95,Obi ṅkyere agyinamoa akrommo.,No one teaches a cat how to steal.
95,Obi ṅkyere agyinamoa apákyi mù fǐé.,No one teaches a cat how to look into a calabash.
95,"Aboa agyinamoa nni biribi, nanso owo ahõohare.","If the cat has nothing else, it has agility."
96,"Aboa agyinamoa nim se ntṷẽmu ye de a, ankã ọtṷẽ ne mu du Abṷrokyiri.","If the cat really thought stretching itself (after a sleep) was a delightful sensation, it would go on stretching and stretching till it reached to Europe."
96,Oguanteṅ ṅwo aberekyi.,A sheep does not give birth to a goat.
96,Nea oguaṅ gyinae na ne ba gyinae.,Where the sheep stands its kid stands.
96,Obi mfa aberekyi nto guanteṅ hṍ.,No one compares a goat with a sheep.
96,"Oguaṅ bewu, na onnyã ṅwui a, wọmfre no guaṅfunu.","When a sheep is going to die, but is not yet dead, it is not called a dead sheep."
96,"Oguaṅ ano kã ṅkyene a, onnyae ẅe.","When a sheep's mouth touches salt, it does not stop eating it."
96,Oguaṅ funu mpaw ọsekaṅ.,A dead sheep does not choose the knife (it is to be cut up with).
96,Oguaṅ wuda ye ọdesãni wuda.,The day on which a sheep dies is also the day on which a man dies.
96,"Oguanteṅ se, ‘Mefḭwe ọsebo na mawo no so’.","The sheep says, ‘I shall look on a leopard that I may give birth to one like it’."
97,"Odwɛnnini yɛ asisi a, efiri ne kɔma emfiri ne mmɛn.","When a ram is brave, (its courage) comes from its heart and not from its horns."
97,"Aberekyi se obɛdan guantɛn a, tuntum mpa mu da.","Though the goat determines to turn into a sheep, there will always be a patch of black somewhere."
97,"Aberekyi se, obi nnamtew ṅkowu.",The goat says no one will (willingly) walk to his death.
97,"Aberekyi se, nea abogyabum wɔ no, ɛho na adidi wɔ.","The goat says that where there is much blood, there is food."
97,"Aberekyi se, ‘Woato me nã, na woanto me’.","The goat says, ‘They have bought my mother, but they have not bought me’."
97,"Aboa aberekyi na obu ne bɛ se, ‘Ade pa na wokata so’.","The goat has a saying which goes, ‘A good thing is (sure to be) covered over’."
97,"Nantwi mmɛn ani awo, nso ase yɛ mono.","The outer surface of a cow's horns is hard, but underneath is soft."
97,Obi ntɔ nantwi nammɔn.,No one buys a cow's footprint.
97,Ɛnyɛ nantwi ṅkɔ na ofiri Sàruha baa Kumase.,It is not only cattle that come from Salaga to Coomassie.
98,Opoŋko mmaŋ kwa.,"A horse does not turn to the side without a cause. (That is, it is answering to the rein.)"
98,"Opoŋko agyimi a, nea ote no so nnyimii e.","Though the horse is a fool, it does not follow at all that the rider is a fool."
98,"Opoŋko aŋko osa a, ne dua ko.","If the horse does not go to war, its tail does."
98,"Opoŋko wo dua, esóno wo dua, na opoŋko de kyeŋ sóno de kākrā.","A horse has a tail and an elephant has a tail, but that of the horse is a little larger than that of the elephant."
99,"Akura te sɛ nantwi a, na agyinamoa akoa ara neŋ.","Even if the mouse were the size of a cow, he would be the cat's slave nevertheless."
99,"Akura se, ‘Nea okum me nye me yaw sɛ nea ode me fiwe fam’.","The mouse says, ‘He who kills me does not hurt me as much as the one who throws me on the ground’ (after I am dead)."
99,"Ŋkura dɔdow bɔre tũ a, eŋŋo.","When a great number of mice dig a hole, it does not become deep."
99,"Aboa kisi nyã fufũ a, obedi, na owoma na eŋko ne boŋ mu.","When the rat gets fufu (pounded yam, cassava, &c.), he will eat it, but the pestle (used for pounding it) does not go into his hole."
99,"Okisi kofa adwe na Oŋyàmέ bɔ-ayeremu a, odaŋ atwene.","When the rat goes to eat palm nuts and the Supreme Being flashes the lightning, he throws them away."
99,Okisi apo adwe.,The rat is tired of palm nuts.
99,"Okisinini aŋhũ adwe-bɔ, na obére bɔ a, owe bi.","When Mr. Rat does not know how to crack a palm-nut kernel, but Mrs. Rat does, he eats some (of her's)."
100,"Woko okisi kŭrom' na ọwẹ ṅṅwẹa a, woowe bi.","When you go to the rat's town and he eats palm-nut kernels, you eat some too."
100,Obi mfi aboa no anim mmọ hama.,No one begins to twist creepers into a rope in front of an animal (he hopes to catch).
100,Aboa a obẹba nnim waw.,The animal that is coming (towards the hunter) knows nothing about the man lying in wait for it.
100,"Aboa a ne họ wọ nhwi fi fifiri a, wonhũ.","When an animal with a hairy skin sweats, it is not (so easily) noticed."
100,"Aboa bi rẹnka wo a, ọnnwẹn ne sẹ nkyerẹ wo.","When an animal is not going to bite you, it does not show its teeth at you."
100,Aboa ne nea ọwẹ wura wọ wuram'.,It is the animal that eats grass that lives (is to be found) in the grass.
100,Aboa no nhintaw nnyaw ne dua.,That animal does not hide and leave its tail sticking out.
100,Aboa no kaw nea n'ano sõ.,That animal bites wherever its mouth reaches to.
100,"Mmoadõmã ṅhĩnã fi fifiri, na nhwĩ na emmã yẹnhũ.","All animals sweat, but the hair on them causes us not to notice it. The saying is used in the sense that a rich or powerful man can bear losses or troubles better than a poor one, though both may equally have their worries."
101,"Dom gu a, woŋhyeŋ no abeŋ.",When an army suffers defeat a horn is not blown in its honour.
102,"Dom ṅnui a, woṅkaṅ atofo.",The slain are not counted before the (hostile) army has been routed.
102,"Dom, wokõ no abooduru, na woṅkõ no ahĩ-dodow.","An army is driven back by courage and not by insults, however many."
102,"Dom kum ano-sese-ade, na dom ṅkum dommarima.","The (victorious) army slays him who shouts out challenges and insults, but it spares the brave man."
102,Dom nnim dom akyi.,An army does not know what is at the rear of an army.
102,"Obarima, voye no dom āno, na woṅyé no fie.",A man is made in the forefront of battle and not (by remaining) at home.
103,"Okõ aba a, na nsise aba.","When war has come, rumours have come."
103,"Okõ ba a, na nsise bo kŭrow.","When war comes, it is rumours that cause the fall of the town."
103,"Wokõ, ko wo anim a, na wuyi dom.","When you fight and press on to your front, then you will conquer."
103,"Wokõ ṅkrãṅ na eṅko a, wontwene abe ṅṅu mu.","When you are fighting black ants and they will not go away, you do not peel palm nuts and put amongst them."
103,"Wokõ na wunyi dom a, womfá nnommúm.","When you fight and do not win, you do not lead away captives."
103,"Osa, woko no ṅkatae dodo.",Many gun-lock covers go to war.
104,"Osa, woko no woŋ agya mma.","When one goes to war, it is against one's father's children (i.e. brothers by one father but by different mothers)."
104,Obi nturu yarefo ṅkó 'sá.,No one carries a sick man on his back when going to war.
104,"Obòfó à wókodi nò yaw na otuo apae akã ne nsa yi, na wo de, woso brode bedew reko hẽ?","The hunter to whom you serve as attendant has been wounded in the hand by the bursting of his gun, so, as for you, where are you setting off to with the bundle of plantains?"
104,Obòfó aboa a wafõm no bíara nye ketewa da.,No animal that a hunter has ever missed is small.
104,"Obomofo, a woakum pete (a wonn ine nãm), woasee wo atuduru.","Hunter, who have killed a vulture (the flesh of which cannot be eaten), you have wasted your powder."
105,Obomofo aboa a oko na osõ.,To the hunter the animal that gets off is (always) the big one.
105,Obomofo din bata sõnnam hõ.,The hunter's name clings to the elephant's meat.
105,"Obomofo fi wuram ba na okura mmere a, wommisa ahayo mu asem.","When the hunter comes from the bush carrying mushrooms, he is not asked for news of his hunting."
105,"Obomofo ko wuram' mã osu to afiwe no, mã ntummoa keka ne hõ, mã awow ade no, mã ofiwerem' awo no, ne nhinana ye due na mede memãe.","When a hunter goes to the bush and is beaten by the rain, and bitten by flies, and suffers from the cold, and is pricked by thorns, all these hardships are included, when I tell him I am sorry for him."
105,"Obomofo kotew dua na aboa amma a, osan ba ofie.","When the hunter crouches behind a tree, but the game for which he is lying in wait does not come, he returns home."
105,Obomofo nnim aboa yarefo.,The hunter does not spare (lit. know) the sick animal.
105,"Osu to na obomofo bekum aboa a, efi ne katae.","If the rain falls and the hunter kills an animal, that is thanks to the skin cover of his gun lock."
105,"‘Gye akyekyere komã agya,’ nso ye ahayo ?","‘Here take the tortoise and go and give it to father,’ would you also call that hunting?"
106,Enyɛ obi nè bomofo na ekɔɔ wuram'.,"No one went with the hunter to the bush (i.e. there is no one to contradict you, for you were alone when it happened)."
106,"Otuo nyã otiafo a, na odi abaninsem.","It is (only) when a gun has a man to cock it, that it performs war-like deeds."
106,"Otuo paé kã obomofo a, wommisa nea odi obofo nam.","When the gun bursts and wounds the hunter, the man who happens to eat venison is not blamed for the accident. (Lit. is not asked about it.)"
106,Otuo mpae Abŭrokyiri mmɛkã onipa wo Abibirim'.,A gun does not burst in Europe and wound a man in Africa.
106,"Wo atuo sŭa a, na wo asɛm sŭa.","When your guns are few, your words are few."
106,"Otuo tã hŭaṅ a, na ɛ ne poma sɛ pɛ.","When the lock of a gun is out of order, it (the gun) and a stick are just alike."
106,Otuo ntow aboa bi nnyae ṅkohyehye aboa bi ĭwere mu.,A gun-(shot) does not wound one animal and cause pain to another animal. (Lit. the skin of another.)
106,"Otuo yera nĭfã mu nà èkofi adoṅteṅ mu a, na eṅkɔɔ bãbi ɛ.","When a gun (a soldier) is missing from the right flank of the battle and appears in the forefront of the fight, it did not go amiss."
106,Tw̌erebo nti na otuo di abaninsem.,Thanks to the flint-stone the gun performs warlike deeds.
107,"Oba a obeye yiye, wonyen no kete-pa so nko.",The child which is to turn out any good is not reared entirely on (even) a beautiful mat.
107,"Oba se ose, nanso owo abusua.","A child (may be) like his father, but he belongs to the mother's side from which he takes his name."
107,"Oba nsu a, womma no nufu?",Is it only when a child cries that he is given the breast?
107,"Wo ba ne to gu wo sere so a, wode baha na eyi, na womfa osekan ntwa.","When your child's excrement falls on your lap, you wipe it off with dry plantain fibres, but you do not take a knife and cut (the place) off."
107,"Wo ba saw asa-bone a, se no se, ‘Wo asaw nye fe’, na nse no se, ‘Okra, tete gu mu’.","When your child dances badly, tell him, saying, ‘Your dancing is not good’, and do not say to him, ‘(Little) soul, just dance as you want to’."
108,"Wo ba sisi wo kora ba a, enyé, nanso wo kora ba sisi wo ba a, enye.","When your own child cheats your fellow wife's child, that is not right, and when your fellow wife's child cheats your own child, that is not right either."
108,Oba-bone nnim kasakyere.,A bad child does not take advice.
108,Nea abofra pe ototo.,What a child wants he buys. (Said of a foolish person who must have everything he sees and fancies.)
108,Abofra bo ṅwaw na ommo akyere yere.,"A child breaks a snail, but he does not break a tortoise."
108,Osekaṅ-fua na egye nehõ abofra nsam'.,It is the knife-blade without the handle that frees itself from the hands of a child (by cutting him).
108,Abofra nsam' ade nye hye-nã.,It is not difficult to fill a child's hand.
108,"Woye abofra a, nserew akwatia.","When you are a child, do not laugh at a short man."
108,"Abofra nte ne nã nè n' agya asem a, eye mmusu (... odi aduaṅ a ṅkyene nnim').","When a child does not hear the words of its father and mother, there is misfortune in that (... he partakes of food in which is no salt)."
109,"Abofra hũ ne nsa hohoro a, na ọ ne mpanyiŋfo didi.","When a child knows how to wash his hands thoroughly, he and (his) elders (can) partake of food together."
109,"Abofra tŭa fufū a, otŭa nea ẹbẹko n'anom'.","When a child cuts off a piece (of boiled) yam, he cuts off what will go into his mouth."
109,"Abofra kā na ẹŋkọ opanyiŋ nsa, na n'aduaŋ de ẹko panyiŋ anom.","A child's ring does not go on an elder's finger, but as for his (the child's) food it goes into the elder's mouth."
109,Obi nsoma abofra ńfwẹ n'ani akyi.,No one sends a child on an errand and looks to see if he is pleased or not.
109,"Wọkọ kŭrow bi mu, na d̆wom a mmofra to no na mpanyimfo na ẹto gyaw wọŋ.","When you go into some village, the songs which the children sing, the old folk once sang and left behind to them (that is, tradition is handed down)."
110,"Abofra sũ a, wommo no duam'.","When a child cries, he is not bound to a log."
110,"Abofra ye nea wonye a, ohũ nea wonhũ.","When a child does what is not (usually) done, he perceives what is not (usually) perceived."
110,"Abofra ye nea opanyin ye a, ohũ nea opanyin hũ.","When a child does what a grown up person does, he sees what a grown up person sees. (Meaning, he is punished as a grown person is punished.)"
110,"Abofra boápa wù a, woboápa sié nò.","When a child pretends to be dying, (the best thing to do) is to pretend to bury him."
110,Abofra a okọ asu na obọ ahina.,The child who goes for water is the one who breaks the pot.
110,"Abofra bọ mmusu akroṅ a, ofa mu anum.","Out of nine mischievous tricks a child thinks to play on others, he suffers for five of them himself."
110,"Abofra kọda gya na opere hṍ a, ne ntama hyew.","When a child goes to lie by the fire and is fidgety, his cloth catches fire."
110,Abofra ṅfĩwe ọkwanseṅ ase kwa.,A child does not look into the soup pot for nothing (he expects to be given some).
110,"Abofra ketewa bi te fi kẹse bim' a, mã nò due, na wahũ amanne","When a small child lives (alone) in a great big house, pity him, for he has seen misfortune (that is, he has responsibility beyond his years)."
111,Abofra kotow panyiṅ ṅkyeṅ.,The child squats beside the elder.
111,"Abofra ano ye deṅ a, ode hyeṅ abeṅ, na omfa ṅhyeṅ woadúru.","Even when a child has a strong mouth, he blows a horn with it and not a mortar."
111,"Abofra se okoforo dunsiṅ a mã omforo, na okosõ anim asaṅ aba.","When a child says he is going to climb the stump of a tree, let"
112,"Abofra se obeso gya mu, mã onso mu, na ɛhye no a obedaŋ akyene.","When a child says he will catch hold of fire, let him catch hold of it, for when it burns him he will (soon) throw it away."
112,"Abofra se obeye mpanyinne a, mã onye, na ebia obenyã opanyin a, obi nnim.","When a child says he wants to act as if he were already a chief, let him do so; as to whether he will ever become one, that no one knows."
112,"Abofra sika te se anyaŋkôma gya, wotwa so a, na adum.",A child's gold dust is like a firebrand of the anyankoma tree; when it is broken up it soon burns out.
112,"Abofra sũa adwini-di a, enye osebo ŋhôma na ode sũa.","When a child is learning his trade as a leather worker, he does not practise on a leopard's skin."
112,"Mmofra hũ kore a osu ato aboro no a, wose oye opete.","When children see an eagle draggled by the rain, they say it is a vulture."
112,"Mmofra ŋ'kotu a, woaŋhũ tu; mpanyin ŋ'kotu a, wotiatia so.","When children go to pluck them (the mpempema mushroom), they do not do so skilfully; when grown-ups go to do so, they trample on them."
113,Obi nsoma abofra osoro na oṅhũaṅ' ase antwĕri.,No one sends a child up aloft and then knocks away the ladder from beneath him.
113,Obi nsoma abofra na ommefa no so abufuw.,No one sends a child on (a difficult) errand and gets angry (if he does not perform it well).
113,"Opanyiṅ fere ne mma a, na ne mma suro no.","When an elder (a parent) is strict with his children, then his children fear him."
113,"Opanyiṅ se ná wanyé à, mmɔfra nsuro no.","When the grown-up threatens to punish, (lit. says) but does not carry out his threat (lit. but does not act), the children do not fear him."
113,"Opanyiṅ kyɛ a, edw̃o.","When an elder portions out the dish, it becomes cool. (A wise (old) man knows how to settle disputes)."
113,Opanyiṅ nyiṅ wo ne batw̃ew.,An elder grows at the elbow (i. e. becomes rich).
113,Obi ututu anomã ṅkokyerɛ opanyiṅ.,No one plucks a bird and goes and shows it to an elder (to inquire its name).
113,"Opanyiṅ di nsem ṅhĩnã akyi a, oman bo.","If an elder were to follow up every (little) offence (in order to inflict punishment), a people (nation) would (soon) go to ruin."
113,Opanyiṅ nni abansosem akyi.,An elder gives no heed to idle rumours.
114,"Opanyiŋ a wanyiŋ né nea wako Asante aba, ne nea wako Abŭrokyiri aba, atorofo a ewo omaŋ mu neŋ.","The elder who has grown very old is the one (who says) he has gone to Ashanti and returned; (who declares) he has been to Europe and back, a liar among the people is he."
114,"Opanyiŋ didi adibone a, oyi n'asaŋka.","If an elder eats greedily, (he finds) he has to remove his own dish."
114,"Opanyiŋ due, ‘Mante, mante’.","An elder evades responsibility by saying, ‘I have not heard, I have not heard’."
114,"Opanyiŋ begye me nsam' akoŋŋua a, onnyé asase a mete so.","Though an elder may take from my hand the stool I sit on, he cannot take from me the ground I sit on."
115,Opanyin mɛ̃ nsòno.,"An elder can satisfy his hunger with his intestines. (That is, he has other resources to fall back on when needs be, when hunger (used metaphorically for trouble) overtakes him.)"
116,"Opanyiŋ nè mmofra hũ nantew a, wosoa ne boṭo.","When the elder and the children know how to adapt their steps to one another's, they (the children) carry his bag."
116,Opanyiŋ anim asɛm ye ọkã-nã.,It is not an easy matter to speak face to face with an elder.
116,Opanyiŋ ano seŋ sumaŋ.,(The words from) the mouth of an old man are better than any amulet.
116,Opanyiŋ tirim na wóhọ̀n akũmã.,It is on the elder's head that the axe-head is knocked off (the shaft).
117,"Opanyiṅ to asã a, na ewo mmofra de mu.","When the old man's bottom is flat, its fatness has gone to the children."
117,Opanyiṅ ntõ bo-hyew nto abofra nsam'.,An elder does not roast a hot stone and place it in the hand of a child.
117,Opanyiṅ ntrã ofie na asadua mfow.,The elder does not sit in the house and (allow) the loom to get wet.
117,"Opanyiṅ wo ṅkwã a, onni mfensã.","Even when an old man is strong and hearty, he will not live for ever."
117,"Mpanyimfo na ebu be se, 'Gya me naṅ', na wonse se, 'Gya me ti'.","Experienced men have a saying, 'Leave my legs alone', but you will not hear them saying, 'Leave my head alone'."
118,"Mpanyimfo se, ‘Maye se wo pei’.","The elder (lit. elders) says, ‘I have done as you (are doing now) once upon a time (or, I was as you are)’."
118,"Se mpanyimfo pe wo atɔtɔ awe a, wunhuruw ntra ogya.","If the old people want to roast and eat you, you do not jump over a fire."
118,"Mpanyimfo ye wo guanŋuan, na se wuguan a, akyin no woserew wo.","When the grown-ups (frighten you to) make you run off, and you do so, afterwards they laugh at you."
118,Akwakora te ho ansana wowoo panyin.,An old man was in the world before a chief was born.
118,Aberewa a onni se no n'atadwe gu ne kotokum'.,The old woman with no teeth has ‘tiger’ nuts in her bag. (She may have some reason unknown to you for keeping them.)
118,"Aberewa fwe akoko, na akoko fwe aberewa.",The old woman looks after (her) hens and the hens look after the old woman (by laying eggs and hatching out chickens for her).
118,"Aberewa ko asu a, obeba, na ne ntem na yerepe.",When an old woman goes to fetch water (we know) she will come
119,"Aberewa nim ade a, ónnye ne baṅ.","If an old woman (says) she knows (every)thing, let her put up her own fence."
119,"‘Makyẽ, makyẽ,’ kum aberewa.","‘Good morning, good morning,’ (eventually) kills an old woman."
120,"Ohem-mone nni bābi, na osafohene-bone na owo bābi.","There is no such thing anywhere as ‘a bad king’, though ‘a bad vassal chief’ may be found."
120,"Ohene a obekum wo mmae a, na wokaṅ ahene dodow a woasōm?","When the chief who will kill you has not yet come (on the stool), can you count how many chiefs you have served under?"
120,"Ohene bi bere so wohu, na obi bere so woáyére.","In one chief's reign skins are treated by having the hairs singed off, in that of another the skins are spread in the sun. (Times and manners change.)"
120,"Ohene bedi wo kasa a, efi mamfo.","When a chief is going to compel you to do something, he does so by the authority of the people."
121,"Ohene bekum wo a, ennim ahamatŭẽ.","When a chief is going to kill you, it is useless consulting the lots."
121,"Ohene nè wo kã a, na okum wo.","When a chief and you are on (too) intimate terms, (some day) he will kill you."
121,"Ohene anim na woŋkã, na n'akyi de, wose.","One does not speak out one's mind in the presence of a chief, but behind his back one does."
121,"Ohene nufu dẽsõ a, amansãñ na enũm.","When a chief has plenty of milk, then all people drink of him."
121,"Ohene nyã ahõtrãfo pa a, na ne bere so dwo.","When a king has good councillors, then his reign is peaceful."
121,"Ohene nnyã wo a, na wuse, ‘O nè me kã’.","As long as a chief leaves you alone, you say, ‘He and I are good friends’."
121,Ohene asõ te se 'sono asõ.,The ears of a chief are as the ears of the elephant (i.e. he hears all that is going on).
121,Ohene asõ te se soñẽ; emu akwan boro apem.,The ears of a chief are like a strainer; there are more than a thousand ways to them.
122,"Ohene ntam te sɛ bayɛrɛ amɔa, obi ntɔ mu mfa nehɔ tɔtrɔtɔ mfi adi da.","A chief's oath is like the hole a yam is planted in, no one falls into it and gets out again unhurt."
122,Ohene tamfo ne nea ɔ nɛ no fi mmofraase.,The enemy of a chief is he who has grown up with him from childhood.
122,"Ohene te sɛ odum, onni anim nni akyiri.","A chief is like an odum tree, he has no front and no back."
122,Ohene ba ntutu 'mirika ṅkofwɛ tiri.,A chief's child does not run to look at a head (that has been cut off).
122,Ahenkwā di adwene na wadwɛn asɛm.,A chief's servant eats fish and gets ideas.
122,Ahenkwā na ɔmā ohene hɔ yɛ hū.,It is the chief's servant that causes the person of the chief to excite fear.
122,Osafohene nsua na wakɔ.,A war captain does not take the oath before going to fight.
123,Ade a ohene pe na woye ma no.,Whatever a chief wishes is done for him.
123,"Nnipa nhina pe ohene aye, na (woanya?) woannya na wose, mpo ahenni ye yaw.","All men would like to be chief(s), but when they cannot get what they want they declare that even to rule as a chief has its worries."
123,"Ade hia ohene nana a, okita tuo, na onsoa akete.","When a chief's grandson is poor, he holds a gun but he does not carry a mat."
123,"Ade hia odehye a, ehia no kakra.","When a free man lacks something, it is something very big he lacks."
123,"Odehye bo dam a, wofre no asabow.","When a man of noble family is mad, people say he is only the worse for wine."
124,Odehye din nyera da.,A free man's name is never lost.
124,"Odehye, wodi no apatā, na wonni no sono.","Nobility should be borne as one eats fish (humbly) and not as one partakes of elephant flesh (proudly, and boasting about it)."
124,"Odehye ṅyehye, na sika na ehyehye.","Fame of being noble born does not spread abroad, it is the fame of riches that spreads."
124,"Odehye ankõ a, akoa guaṅ.","When the free man does not fight, the slave runs away."
124,Odehye mu nni abofra.,Among royalty no one is a child.
124,"Odehye, woṅnõa wonni, na sika ne asem.","An ancient name cannot be cooked and eaten ; after all, money is the thing."
124,"Odehye, wompae.",A man of royal blood does not need to have his name proclaimed.
124,"Odehye nsore, wosi no mfensã.",The offering on the grave of one of the royal house is placed there for many years.
125,"Odehye te ho a, akoa nni ade.","When the free man is there, the slave does not take command."
125,"Odehye wu a, akoa di ade.","When a free man dies, a slave succeeds."
125,Odehye nye abofra na woabo ne din abo owu din.,One of royal rank is not a common fellow that he should have his name coupled with the name of Death.
125,Akoa mpaw wura.,A slave does not choose (his) master.
126,Akoa ṅhyẹ nehõ ntu sa.,A slave does not make up his own mind about going to war.
126,Akoa nim wura.,A slave knows (his) master.
126,"Akoa di guaṅ a, ne hõ guaṅ no.","When a slave eats a sheep, he is in trouble."
126,"Akoa ampow a, na efiri ẅira.","When a slave is not well behaved, the cause can be traced to (his) master."
127,Akoa nni awu na wonkum owura.,"When a slave does not commit murder, his master is not killed."
127,"Akoa nim sɔ̃m a, ofa ne ti ade di.","When a slave knows how to serve (his master well), he is permitted to take his own earnings."
127,Akoa a onim sɔ̃m di ne wura ade.,A slave who knows how to serve succeeds to his master's property.
127,"Akoa nyã nehõ a, ofre nehõ Sonani.","When a slave becomes a rich (and free) man, he calls himself one of the Asona family (a noble family)."
127,Akoa di fo.,A slave is (as a matter of course) guilty.
127,Akoa ṅkyere nnannua.,A slave does not point out where good sticks for building are to be found.
127,Akoa nni mpow kwa.,A slave does not eat the second yam crop without good reason.
128,Akoa nyansa wo ne wura tirim.,A slave's wisdom is in his master's head.
128,"Akoa sure asuko na womã oko a, oguan.","When a slave has ceased to go for water and is (again) made to go, he runs away."
128,"Akoa te se kyekyire, wode nsu kakra gu no so a, na ahono.","A slave is like unto corn ground into flour; when a little water is sprinkled on it, it becomes soft. (A slave is easily influenced by kind treatment.)"
128,"Akoa te se twerebo; enni otuo ano a, enye 'ye.","A slave is like the flint on the striker of the gun which, if it were wanting, would make the gun useless. (He is a necessary member of the community.)"
128,"Wo nkoa suro wo anim asem a, wonni nim mma wo.","If your slaves fear (to speak) before your face, they will not gain victories for you."
128,"Nnonkofo banu fure nantwi a, okom kum no.","When two slaves look after (your) cow, hunger kills it."
129,"Ahĩa me na fwe mã me, nti na obi yee akoa.","I am in want, so look after me, that is why some men became slaves (lit. one became a slave)."
129,"Owura nè akoa ntam' nni, twẽ mã mentwẽ.",Between master and slave there is no 'pull and let me pull' (no striving for the mastery).
129,"Wo wura tan wo a, na ofre wo akoa dehye.","When your master hates you, then he calls you a free-born slave."
129,Obi nto akoa na ommehye no so.,No one buys a slave to act as a restraint on himself.
129,"Wunni wura a, obi kyere wo, ton, di.","When you have no master, some one catches you and sells you for what you will fetch."
129,"Wofere wo afana a, wudi nnuanfin.","When you fear to reprimand your slave girl, you eat stale food."
129,"Akoa ohantanni, wode no sie funu.",A proud slave is taken and buried with the corpse (of his master).
130,Obi nhũ bi kwaberaŋ ṅhuruw nsi.,No one sees a strong slave belonging to another man and jumps for joy about it.
130,"Obi akoa di péreguaŋ na womã asũãsã to no a, oyi kaw sũã mã wutua.","When some one's slave who is worth a péreguaŋ of gold dust (£8) is sold to you for an asũãsã's worth (about £6), he is pretty sure to go and incur some debt for a sũã's worth (about £2) that you will have to pay."
130,"Abusũa ṅhĩnã ye abusũa, na yefwefwe mmetẽmã so de.","All family names are family names (and good enough at that), but we search well between the thorns of the oil palm for the good nuts nevertheless."
131,"Abusũa te sɛ ńfwiren, egugu akuw-akuw.","Family names are like flowers, they blossom in clusters."
131,"Abusũa ye dom, na wo nã oba ne wo nua.","The family is an army, and your own mother's child is your real kinsman (brother or sister)."
131,"Abusũa dua, wontwá.",The family tree is not cut.
131,Nea oman bi kã serew na oman bi kã sũ.,"What one people talk and laugh about, another people talk and cry about."
131,"Oman rebebo a, efi afi mu.","When a nation is about to come to ruin, the cause begins in the homes (of its people)."
131,"Oman bo, na menné abobow.","A nation is (can be) destroyed, how much more one home (lit. a gate)."
131,"Oman Akuapem, wokonyã ade a, wose, ‘Obusufo!’, nso woannyã a, wose ‘Okărabiri!’","The Akuapem people say, when you get wealthy, ‘Mischievous fellow!’, and when you have nothing, they say ‘Unlucky one!’."
131,"Oman kum wo a, na ohene kum wo.","When (the united) people (want to) kill you, then the chief kills you."
132,"Omaṅ te se adesoa, woṅhũ mu ade dakoro.","A people are like unto a load (containing many things), you cannot perceive all the contents in a single day."
132,"Omaṅ tẅa wo sãmã a, wompopa.","When it is the unanimous wish of a people that you dress your hair in a certain way, you are compelled to do so (lit. you do not rub it out)."
132,"Omaṅ rebebo a, oṃáṃpám na ókùra pōma.","When a nation is about to come to ruin, then the salamander holds the staff."
133,"Agya, gyae na meŋkã, wokyi.","Father, stop, and let me tell (you what you ought to do), it is not permitted to speak so."
133,"Agya mma nyã a, mepe; eŋã mma nyã a, mepe papāpa.","When (my) father's children get (anything), I like that; when (my) mother's children get (anything), I like that even better."
133,"M'agya dea, mémfa, me nã dea mémfa, na ebere awi.","It is my father's, so let me take it; it is my mother's, so let me take it, that brings (a child) to stealing."
133,"Wo agya akoa twa dua a, wuse, ‘Eye merew’.","When your father's slave cuts down a tree, you say, ‘It is soft wood (easy to cut)’."
134,"Wo nã ba ne Kobuobi a, ankã wobese sɛ kyene kɛse fata no ana?","Even if your mother's son is 'Kobuobi', would you tell him that the big drum was a fit thing for him to carry?"
134,Wo nã oba ne wo nua.,Your mother's child is your kinsman (brother or sister).
134,"Wo nã di hĩa a, wunnyae no ṅkofa obi nye nã.","When your mother is poor, you do not leave her and go and make some one else your mother."
134,"Wo nã aṅkõ gua a, na womãnã wo nã né kòra.","When your own mother does not go to market, then your step-mother is sent."
134,"Wo nã wu na wobeye ayi a, didi wie ansã, na ṅkoto piti na wo ani ṅkowu mpanyimfo anim.","When your mother has died and you are about to celebrate the funeral custom, finish eating first, lest you go and faint and shame yourself before the elders."
135,"Wo nã awu a, wo abusũa asã.","When your mother dies, you have no kindred left."
135,"Wo nã nye a, na wo nã ara neñ.","Even if your mother is not a good woman, she is your mother nevertheless."
135,"Wudi wo agya akyi a, wusũa ne nantew.","When you follow behind your father, you learn to walk like him."
135,"Wunni nã na woko obi fi agoro a, na otu ne mma fo a, wode tu wohõ bi.","When you have no mother and you go to some one's house to play, and she (the mother) admonishes her children, you profit by some of that advice yourself."
135,"Agorũ a ɛreba wo nã nè wo agya abóbów ano nó, wompe ntem ṅkofwe.","The dance which is coming to your mother's and your father's door, you do not go off in haste to look at elsewhere."
135,"Wokã wo agya a, wokã wo nã bi.","When you swear the oath of your father, you should also swear that of your mother."
137,Memeneda Koromante,Koromante Saturday
137,ntam kese,the great oath
137,Akantamansu,oath from the name of a battle near Dodowa
137,Wukuda,Wednesday's oath
137,Abañakyi,"lit. after or behind the castle, castle being used as the personification of the English Government; this oath referring to the last rising in 1900 in Ashanti"
137,sepow,a skewer-like knife used to pierce through both cheeks of a man about to be executed to prevent him from 'swearing the king's oath'
137,Obosom nkum ohene,May a fetish kill the king
137,edwira,the sacred (blessing or sprinkling) on the king
138,Obi mfi bea akyi ntu ne tam.,No one can pull the loin-cloth off a woman without her knowledge.
138,"Obea ko aguare na wamma ntem a, na osiesie nehõ.","When a woman goes to bathe and is a long time in returning, then (you can be sure) she is decking herself out."
138,"Obea tenten so abɛ a, oŋwam di.","When a tall girl carries palm nuts, the toucan eats (them)."
138,Mmea ǹhĩnã ye bākõ.,All women are alike.
138,"Mmea n'nyae ankā aguare, na ahohow hõ bọ̀n.","Let women cease to bathe with limes, for even the (ahohow) red ant has an offensive smell."
139,Mmea pẹ nea sika wo.,"Where the gold dust is, that is where the women like to be."
139,"Mmea se, ‘Wo hō ye fe’ a, ene ka.","When the women say (to you) ‘You are a handsome fellow’, that means you are going to run into debt."
139,"Obā hō ye fe a, efi ne kunu.","When a woman is beautiful, it is from her husband she gets her beauty."
139,Obā na onim kunu.,It is the woman who knows her husband.
139,"Obā nyinsen na waṅwo bā a, owo baniṅ.","When a woman conceives and does not give birth to a girl, she gives birth to a boy."
139,"Obā tĭwa bommā a, etv̆eri barima daṅ mu.","Even when a woman makes (lit. cuts) a drum, it leans against the man's house."
142,"O-ba-yi-fo, o-do-man-ko-ma, kye-re-ma se, o-re-se-re, wo, ba-bi, a-gyi-na.","O wizard, the sacred drummer says he craves of you a place to stand."
142,"Twe-re-bo-a, Ko-di-a, Bi-rim-pon, o-do-man-ko-ma, kye-re-ma, se, o-ko-o, ba-bi, a, wa-ma ne ho m-me-re-so, fir-im-pon, da-mir-i-fa, da-mir-i-fa, da-mir-i-fa!","O cedar tree (from which the drum is made), the mighty one, the divine drummer says he had gone elsewhere for a while, but that now he has returned, pity, pity, pity."
142,"O-bu-a, yen-kye-re-du, o-do-man-ko-ma, kye-re-ma, se, o-ko-o, ba-bi, a, wa-ma ne ho m-me-re-so fi-rim-pon, da-mir-i-fa, da-mir-i-fa, da-mir-i-fa!","O obua tree (from which the pegs are cut that hold down the skin), the divine drummer says he had gone elsewhere for a while, but now he has returned, pity, pity, pity."
142,"Bo-fu-mu, am-pa-se-kyi, o-do-man-ko-ma, kye-re-ma se, . . . (as before).","O bofumu apasekyi (the tree from which the bark is stripped to make the string with which the skin is fastened down to the pegs), the divine drummer says . . . (as before)."
142,"A-fe-ma, dun-si-ni, ne, a-sa-re n-kon-ta, o-do-man-ko-ma kye-re-ma, se . . . (as before).","O afuna tree (from which the drumsticks are cut), the divine drummer says . . . (as before)."
143,"E-so-no, o-bu, a-ku-ma, o-do-man-ko-ma, kye-re-ma, se, . . .","O elephant (lit. the great one), breaker of the axe, the divine drummer says . . ."
143,"A-si-a-ma-To-ku-A-sa-re, o-twe-a-du-am-poŋ, o-nyà-mé, o-do-man-ko-ma, kye-re-ma, se, o-ko-o, ba-li, a, wa-ma, ne-ho, m-me-re, so, o-bo-o, de-en, o-bo-o o-seŋ, na, o-bo-o, o-kye-re-ma, na o-bo-o, o-bra-fo ti-ti-ri.","Asiama-Toku-Asare (the first king who sat on the stool of Mampoŋ), Supreme Being, God, the divine drummer says he had gone elsewhere, but has now returned. What did He create; He created the herald, He created the drummer, but above all He created the executioner."
143,"O-do-man-ko-ma, bo-o, a-de, Bo-re Bo-re bo, a-de, o-bo de, e-beŋ, o-bo-o o-seŋ, o-bo-o, kye-re-ma, o-bo-o, Ku-a-ku, Ak-wa, bo-a-fo ti-ti-ri Ko-nin-sa-mo-agya, Gya-me, A-mo-a-gya e-seŋ, be-gye, wo, fo-kye, o-gya, wo de e-beŋ o-gya, wo, a-ka-bu, o-gya, wo a-to-per-e o-gya, wo, Gya-me, A-m-poŋ-sa-kyi, A-m-pon-sa, Mam-poŋ, A-som Gyi-ma, bi-rem-poŋ fi-rim-poŋ, da-mir-i-fa, da-mir-i-fa, da-mir-i-fa !","The Supreme Being created things, the Creator created things, what things did He create? He created the herald, He created the drummer, He created Kwaku Akua (meaning unknown), but chiefly He created the executioner, Koninsamoagya, Gyame, Amoagya"
144,"Wo yere a onye no, na ete se obi aguaman.","When your wife is a woman of no morals, then she might as well be some one else's harlot."
145,"Wo yere anyin a, wuntutu 'mirika na ɛkohyia no.",Before your wife has reached puberty you do not run to meet her.
145,"Wo yere nom anum a, wo tɛkrɛma anum.","When you have five wives, you have five tongues."
145,"Wo yere apem a, wo asɛm apem.","When you have a thousand wives, you have a thousand 'palavers'."
145,"Obea nɛ ne kunu asɛm, obi nnim mu.",The conversation between husband and wife no one knows about.
145,"Oyere te sɛ kũntũ; wòdè katá wo sò a, wo hɔ̃ keka wo, wuyi gu hɔ nso a, awɔw de wo.","A wife is like a blanket; when you cover yourself with it, it irritates you, and yet if you cast it aside you feel cold."
145,Oyere nye nãm na woakyekye amãnã.,A wife is not meat that she should be parcelled up and sent out to others.
145,"Wo yere nye a, ɛnte sɛ wo ǹkõ wo da.","Even if your wife be a bad lot, that is not to say you are going to sleep alone."
145,"Asɛm a wontumi ǹkã no abɔntɛn so no, wo nè wo yere te fie a, ǹkã ǹkyerɛ no.","When you have anything to say which could not be spoken on the street, do not tell it to your wife when you and she are together at home."
145,"Woko na obi nè ne yere rekõ a, mpɛ ntɛm mmua, na ɛwo nea wayɛ no.",When you go (to a man's house) and find him fighting with his
146,Nea orefwɛfwɛ yere nto mmea hɔ mpɛ.,One who is looking out for a wife does not speak contemptuously of women.
146,Aware foforo sa ode.,"On the honeymoon the yams always taste sweet. (Lit. (in) a new marriage, the yams mix well.)"
146,"Wowo ba bone a, wofa okasabɛre.","When you give birth to a bad child, you (will) grow weary of speaking."
146,"Wowo nipa, na woawo ne tamfo.",A man is brought forth; his enemy has (already) been born.
146,"Wowoo tafoni ba no, na onkura ta.","When the archer was born, he did not hold a bow."
146,"Mawo wo mabɛre, wokyi.",'I am weary of having born you' is something no one ever wants to say.
146,Obi nhyee da nwoo panyin peŋ.,No one ever yet fixed on a particular day to give birth to an elder (i. e. a man who was to be of importance some day).
147,"Wowoo ‘ Wo di amim’ Kwasida, na wowoo ‘ Wo yi adwɔw’ Dwɔda.",The greedy person was born on Sunday and the extortioner on Monday.
148,Ohoho akyi mpa asem.,After a stranger has gone there is always something to be said about him (good or bad).
148,Ohoho ama woanya sika ama woanya kaw.,A stranger causes one to get money (but) he also is the cause of one getting (bad) debts.
148,"Ohoho ani akese-akese, nanso enhu man mu asem, na nea ode kurow aniwa nkete-nkete na ohu mu asem.","A stranger may have big big eyes, but he does not see into what is going on among the people he is among, whereas the town's man, with little little eyes, he knows all the town's affairs."
148,Ohoho nsoa funu ti.,A stranger does not carry the head of the corpse.
148,"Ohoho soe wo fi na wannyaw wo biribi a, ogyaw wo kaw.","When a stranger stops at your house and does not leave you anything else, he leaves you debts."
149,Ohoho te se abofra.,A stranger is like a child.
149,Ohoho te se sunsuansu.,A stranger is like unto the water running over the ground after a rain storm (which soon dries up and leaves little trace behind.)
149,Ohoho nto mmara.,A stranger does not break laws.
149,"Ahohoduan ye wo de a, wo anuonyam ye ketewa.","When you accept the hospitality of a stranger, your dignity is small."
149,"Aburokyiri nye ko-na, na po na ehua.","It would not be difficult to go to Europe, if it were not for the sea."
149,"Aburokyiri a mereko ehua me, mpoano na ehua me.","(The thought of) Europe, where I am going, does not distress me, it is (surf on) the beach that is the difficulty."
149,"Nnipa nhina pe Aburokyiri ako, na onya na wonnya.","All men would like to go to Europe, it is the opportunity they lack."
149,"Oburoni a ote abantenten mu, se owu a, na oda fam'.","The white man who lives in the castle, when he dies he lies in the ground."
150,Obŭroni toŋ asekaŋ na ne ti afuw.,"It is the white man who sells knives, yet his head is overgrown with hairs."
150,Brofo adaworoma na yeṅ ṅhĩnā furafura ntãmã.,It is thanks to the white man that we all wear cloths.
150,Brofo de nyansa na eforo po.,By virtue of wisdom the white men mount the sea.
150,Obrọfotefo na ọmā obŭroni ye aye.,It is the native who knows English who directs the white man whom to praise (and whom to blame).
151,"Obi nim se ohĩa behĩa no a, aṅkã oko Brofo mã 'yewo no.","If any one had knowledge previous to his birth that he was going to have to suffer from poverty, then he would have gone to the white men that he might have been born of them. In the native mind all Europeans must be prosperous and rich."
151,"Wudi Bŭroni ade a, woko aprem ano.","When you eat the white man's pay, you fight at the cannon's mouth."
151,"Wo nã te Abibirim' na wo agya te Abŭrokyiri, na wope ade a, woṅkye nyã.","When your mother lives in Africa and your father in Europe, and when there is a thing you want, you do not have to wait for it."
152,"Ọkọm de aberewa a, na ose, ‘Tọt õ biribi mã mmofra na wonni’.","When an old woman is hungry, then she says, ‘Roast something for the children that they may eat’."
152,"Ọkọm de họho a, oda, na odidi mẽ a, obisabisa nkũrofo yerenom.","When a stranger is hungry he sleeps, but when he has eaten his fill he goes about accosting the town's folks' wives."
152,"Ọkọm de họho a, ode fi ne kũrom.","When a stranger is hungry, he brought it (hunger) with him from his own village."
152,"Ọkọm de akoa, na okọm de hene.",Hunger is felt by a slave and hunger is felt by a king.
152,"Ọkọm de wo a, ede wo nkõ.","When you feel hungry, it is only you who feel hungry (one does not feel hungry for another)."
152,"Ọkọm de wo a, womfá wo nsa abién nnidi.","When you are hungry, you do not use both your hands for eating with."
152,"Ọkọm nè ka, na efanim ka.","Of (the two) hunger and debt, debt is preferable."
152,"Oyare a ebekum wo bo wo a, wonkae duruyofo.","When the illness that is going to kill you comes upon you, you forget the doctor who could have cured you."
153,"Qyare, wokõ no ahohora.",Illness is driven off by insults (fear of insults)?
153,"Qyare nsãe a, wonnye ayaresade.",The physician's fee is not paid till the sickness is over.
153,Qyare see akyẽafo.,Sickness destroys even he who is most worthy.
153,"Woyare anomdew a, na woyare ntoto.","If you suffer from a complaint that is always crying out for delicacies, then you (also) have a complaint that is always calling for buying."
153,Oduruyefo nnõm aduru mmã oyarefo.,The physician does not drink the medicine for the patient.
153,"Wopa opayare a, oyare pa gye wo mu.","When you make pretence of being ill, a real illness lays hold on you."
153,Obi nyaré ayamka ṅkye akyebŭro mfa nsa nehõ yare.,No one who has belly-ache tries to cure himself with parched corn.
153,"Nnua ṅhĩnã ye aduru, na wunnim a, na wuse, eye bone.","All plants are medicinal, but you do not know and say this one is (useless) bad."
154,"Mâ me aduru mprempreŋ, nye aduru.","Give me medicine at once, you cannot expect that to be good medicine."
154,Suro nea obeŋ wo.,Fear him who is near you.
154,"Suro nea ose, obegye, na nsuro nea ose, ‘Meremã wo’.","Fear him who says he will take from you, but do not fear him who says, ‘I am going to give you’."
154,Misuro kum nti na maye me koŋ tiã.,Because I fear to be killed I have made my neck short.
154,"Yensuru dom anim, na menne asem anim.","We do not fear the front of battle, much less the front where words are weapons."
154,"Wusuro nnimmo a, wode wo sekaŋ gua oŋaŋkã.","If you are afraid to incur unpopularity, you have your knife taken (borrowed) to flay a python."
155,"Wusuro odoŋko bi a, wofwɛ no mpreŋsã.","When you fear (to remove) a slave's excrement, you look on it many times."
155,"Wusuro guamsem a, wo abaguade ye ketewa.","When you fear to take part in public disputes, your share of fees (for attending such 'palavers') is small."
155,"Wusuro ahenware a, wowo nnofowa ba.","If you fear to marry a chief, you will give birth to a nameless child."
155,"Wotaṅ wo yoŋkõ ba a, wo ba wu awusiṅ.","When you hate your friend's child, your own child dies a sudden death."
155,"Wotaṅ nipa a, womã oye nneema ṅhiṅã.",When a man is disliked he is blamed for all kinds of things.
155,"Obi taṅ wo a, na oparuw wo mparuṅwoma.","When some one hates you, he makes malignant remarks about you."
156,"Obi taṅ wo a, eṅworaṅwora wo.","When some one hates you, he scratches you."
156,"Obi taṅ wo a, na obọ wo aboa ade.","When some one hates you, he reminds you of the promises you made (and have not fulfilled)."
156,"Wo atamfo abieṣã ko agyina, na hena na abebu wo bem ?","When three people who hate you go aside to deliberate on the verdict to be given on you, who is going to find you innocent ?"
156,"Wo tamfo di wo aṣem ase kaṅ a, wokã ṅkyene a, edaṅ mako.","When one who hates you gets the first chance to state a case he has with you (before the elders), when you talk salt it turns to pepper."
156,"Wo tamfo sũa wo asaw a, okyeakyea ne pã.","When one who dislikes you imitates you dancing, he bends his waist sideways."
156,Otaṅ nni aduru.,There is no medicine to cure hatred.
157,"Wotañ bi a, na wofa ne yere.","When you hate some one, then you seduce his wife."
157,"Wotañ wo nĩ a, womfá no mmã dom.","(Even) if you hate your mother, you do not hand her over to the enemy."
157,"Wo yoŋkõ di wo amĩm na wunni no bi a, na ete se wusuro no.","When your friend helps himself to the larger share (when eating with you) and you (next time you are eating with him) do not do likewise, then it is as if you fear him."
157,Qyoŋkõ mu wo oyoŋkõ.,Among friends there are some who are (greater) friends (than others).
157,"‘Yoŋkõ, yoŋkõ,’ na emã asem terew.","‘Friend, friend (I will tell you a secret),’ that is how news spreads."
157,"Ade to wo ani so a, wo yoŋkõ na oyi mã wo.","When something gets in your eye, it is your friend who removes it for you."
157,"Woko wo yoŋkõ ṅkyeŋ agoru na ne nã pam no a, na ode wo.","When you go to your friend's house to play, and his mother drives him off, it is really you she means (to send home)."
157,"Wo ani bere wo yoŋkõ ade a, woye bi, na wunwĩia.","When you covet something belonging to your friend, you work for it, but you do not steal (it)."
158,"Okwasea na ose, ‘Wode me yoŋkō, na woŋné me’.","It is the fool who says, ‘They mean my friend, but not me’."
158,"Okwasea na wobu no be a, wokyere no ase.","When the fool is told a proverb, the meaning of it has to be explained to him."
158,"Okwasea, na ne guaŋ tew mpeŋ abieŋ.",It is the fool’s sheep that breaks loose twice.
158,"Okwasea redi ne sika a, ose ne nseŋia ye merew.","When a fool is squandering his gold dust, he says his scales are out of order."
160,"Okwasea ani te a, nã agoru agu.","By the time the fool has learned to play the game, the players have dispersed."
160,"Okwasea unim biribi a, onim ne fufū tow.","If the fool knows nothing else, he (at least) knows all about his plantain dumpling."
160,"Nea wuresisi kwasea no, na onyansafo te ho fīe wo.","Where you are taking advantage of a fool, there a wise man is, looking on at you."
160,Okwasea na wotew ne ntorowa toŋ no.,It is the fool whose own tomatoes (?) are plucked and sold to him.
160,Nyansa nye sika na woakyekyere asie.,Wisdom is not gold dust that it should be tied up and put away.
160,Onyansafo de pesewa gye okwasea nsam' pereguaŋ.,The clever man takes one penny worth of gold dust and receives from the hand of the fool gold dust of the value of £8.
161,"Anyansafo bānu goru a, ntōtō ba.","When two men of equal wisdom play together, discord arises."
161,"Anyansafo bānu kye mensā, obākō daṅ si ho, na obākō redaṅ butuw ho.","When two wise men are dividing up a yam between them, one turns a piece over and puts it down (for the other), but the other again turns it over and exposes the other side."
161,"Obi ṅkyekyere nyansa-kotoku mfa ṅkoto adakam' mmegyina adiho, nse no se, ‘Kyere me asem’.","No one ties up a wisdom-bag, and takes it and puts it away in a box and comes and stands in the courtyard and says, ‘Explain the matter to me’."
161,Nokware mu nni abra.,In truth there is no deceit.
161,Nokware nye ahẽ (nnōsō) na woatwa mu ṅkontompo.,There is not so much of truth that it should be cut off by falsehood.
161,"Wutwa ṅkontompo a, wusuro Kumase.","When you tell a lie, you fear Coomassie."
162,"Otɔrofo de mfe apem tu kwan a, onokwafo de dakoro tiw no to no.","Whereas the liar takes a thousand years to go a journey, the one who speaks the truth follows and overtakes him in a day."
162,"Otɔrofo gye agua; ose, ‘Manyã obo’.","Smooth-tongued one take a seat; he says, ‘I have got a stone’."
162,"Otɔrofo na ose, ‘Me dansefo wo Aburokyiri’.","The smooth-tongued one says, ‘My witness is in Europe’."
162,"Wode nkontompo ka asem a, wobere.","When you speak falsehoods in stating a case, you become weary."
162,"Wode nkontompo pe ade mfe apem a, onokwafo de nokware gye wo nsam' dakoro.","When you seek for a thing for one thousand years by the aid of falsehood, the truthful man, using truth, takes it from your grasp in a day."
162,Atokoro see nokwapem.,One falsehood spoils a thousand truths.
162,Eha bateni ha pani.,"When the hirer is in want, the hireling is in want."
163,"Ehĩa onipa a, ọda wuram'.","When a man is in want, he sleeps in the forest. That is, he is compelled to go far afield, hunting or fishing, in order to find food."
163,"Ehĩa wo a, na worewe sumãnã-dwé.","When in want, then you eat the palm nuts off the refuse heap."
163,"Ehĩa wo a, ṅwu.","When you are in want, do not die. That is, do not give up hope."
163,"‘Ahĩa me na fịwe mã me,’ nti na obi yee akoa.","‘I am in want, so look after me,’ it is thus some became slaves, (lit. one became a slave)."
163,"Ohĩa, wodi no fie, na wonni no gua so.","When you are a poor man, you remain at home and do not mix in public affairs."
163,"Ohĩa hĩa wo a, woŵe aberekyi wére.","When you are in want, you chew a goat's skin. In times of scarcity the skins of goats and sheep are cut up and boiled."
163,"Ohĩa hĩa wo na wutĩ abeté a, edań' fán.","When you are in want and pick out the maize from the pot, that even turns into a leaf. Roasted maize, which only the poor eat."
164,"Ohia hĩa wo na wotɔ nsu-oŋwinim' a, ɛhye wo.","When you are suffering from poverty and happen to fall into cold water, it scalds you."
164,Ohia nhyɛ da.,"Poverty does not fix on a day (to come upon one), (i. e. its arrival will be unexpected)."
164,Ohia na ɛmã odehye yɛ akoa.,It is poverty that causes the free man to become a slave.
164,Ohia na ɛmã otwɛa ko anopa-be soo.,It is poverty that causes the dog (i.e. the dog's master) to have to turn out for the early morning palm-nut cutting.
164,Ohia ne gyimi.,"Poverty is stupidity. That is, a poor man is reckoned a fool."
164,"Ohia nni Aburokyiri a, ankã Oburoni ammehata ne ntama Abibirim'.","If there had been no poverty in Europe, then the white man would not have come and spread his cloths in Africa."
165,"Ohĩa te se 'wo, ɛnno fākō.","Poverty is like honey, it is not peculiar to one place alone."
165,Ohĩa nti na aseredowa sisi abŭrobia so.,It is want that causes the little 'aseredowa' bird to alight on the 'bŭrobia' plant.
165,Ohĩa tumi nyɛ tumi-pa.,"The display of power exhibited by poverty is not real power. A poor man having nothing to lose and becoming desperate, sometimes commits acts which some one having anything at stake would hesitate to do."
165,Ohĩa yɛ adámmo.,Poverty is madness.
165,Ohĩa-da na wohũ nipa.,On the day of poverty it is then you perceive who is a man. (a friend)
165,"Ohĩani abāwa koro ṅkyɛ bɛrɛ, nso waṅko a, yennidí.","The poor man's only slave girl soon gets wear, but if she does not go (and work) we do not eat."
165,Ohĩani bo mfuw.,The poor man does not get in a rage.
165,"Ohĩani bu bɛ a, ɛnhye.","When a poor man makes a proverb, it does not spread abroad."
165,"Ohĩani di powade a, eye se odi dwane.","When a poor man eats something of the value of a halfpenny, it is as if he partakes of a sheep."
166,"Ohĩani fura kyɛmɛ a, eye sẹ efura dunsĩn.","When a poor man wears a silken robe, it is as if it decked a tree stump."
166,"Ohĩani hyẹ sika a, wobu no aẅowa.","When a poor man is decked out in gold, people say it is brass."
166,Ohĩani nè ọdefo ṅṅoru.,The poor man and the rich man do not play together.
166,"Ohĩani nni biribi a, ọwọ tẹkrẹma a ọde tutu ka.","If the poor man has nothing else, he at least has a tongue with which to defer the payment of his debts."
166,Ohĩani nni yoṅkõ.,The poor man has no friend.
166,"Ohĩani nom tawa-pa a, eye sẹ tāsẹnfĩ.","When a poor man smokes good tobacco, it is as if he were smoking the remains of some old tobacco in a pipe."
166,"Ohĩani pam akorogow a, na eye no sẹ odidi sãnyãm'.","When the poor man mends his broken wooden bowl, it serves him just as well as if he ate off a pewter dish."
166,Ohĩani mpaw dabere.,A poor man does not chose his sleeping-place.
167,"Ohĩani aṣem', 'yedi no ntiantiam'.",The complaint a poor man brings is investigated briefly.
167,Ohĩani asommẹ́n ne batafọsẹ̀.,The poor man's elephant tusk is the wart-hog's tooth.
167,"Ohĩani yane gorọw a, 'yese oyane ńńwahama.","When the poor man wears a necklace of the soft silky 'gorow' leaves, it is said he is wearing a sheep's halter."
167,Obi mfa ohĩa ntow adọtebẹ.,Not even poverty will make a man fell a palm-tree that stands in a swamp.
167,Obi mfa ohĩa nsi apempem.,No one can extort from another by using his poverty as a threat.
167,"Obi bọ wo dua se, 'Mã ońwu!' a, ẹnyé yaw sẹ ose, 'Mã ohĩa ńkã no!'","If any one invokes a fetish against you, saying, 'Let this man die', he is not harming you as much as he would were he to say 'Let poverty lay hold on him'."
167,"Wunni ntrama a, na wuse, nsã nyẹ dẹ.","When you have not a cowry shell, then you say that wine is not sweet."
168,Osikani ne panyin.,The rich man is the elder (i.e. man of importance whose words carry weight in council).
168,"Wonni sika a, ankã wofre no nhwẽa kwa.","If one could not make use of gold dust, then it would merely be called sand."
168,"Sika nni adagyew a, womfa mpe bosea.","When one has just sufficient money for one's own needs, one does not let it out at interest."
168,"Sika nni, ‘Kã wo nsa pe’.","With gold dust (money) it is not (a case of), ‘Put forth your hand and find’."
168,Sika nko adidi nsan mma kwa.,Money does not go out to earn its livelihood and come back empty-handed (i.e. it earns interest).
168,Sika kyeŋ nkrante nnam.,Money is sharper than a sword.
169,"Sika pereguan da kŭrom' a, ewo amansan.","If there is a pereguan worth of gold dust in a town, it is for the whole people."
169,"Wo sika resã a, na wo ani tew.","When your gold dust is becoming finished, then you become prudent."
169,"Sika seŋe, biribi anseŋ bio.","Wealth (is) beyond everything, nothing is beyond that again."
169,"Sika te se akoa, woaŋhũ no so fĩe a, oguaŋ.","Gold dust (money) is like unto a slave, if you do not look after it well, it runs away."
169,Sika ye fe na opegyafo ye nã.,"Wealth is a fine thing, but to find an heir is not easy."
169,"Wo sika ye wo yaw a, okom de wo.","If (spending) your money gives you pain, you will go hungry."
169,"Wo sika ye wo yaw na wokõ a, wunyi dom.","If (spending) your money gives you pain and you go to war, you will not win."
169,Sika-dŭwuma biara nye aniwu.,It is no shame at all to work for money.
170,"Osikafo nom nsã bow a, wofre no yare.","When a sick man is drunk, he is merely said to be unwell."
170,"Osikafo wo ho yi, ofura ntamagow.","When a man is wealthy, he may wear an old cloth."
170,"Osikani de, wonhwãnsĩ no bone ara da.","As for a rich man, he is never sneezed at unluckily."
170,"Sika beŋ wo a, ehoa.","When gold is close to you, it is pale (no longer glitters)."
170,"Wunyã ade a, wotaŋ wo ; wunnyã ade a, wofre wo bone.","When you are rich, you are hated ; when you are poor, you are called a bad man."
171,Ogya a ɛbɛdɛw nɛ ne wisie ṅkɔ.,The fire which is going to blaze up has a different smoke (from other fires).
171,Ogya a ɛyɛ nnam ṅkyɛ afuw so.,The firewood which is good for fuel does not remain long in the plantation. (It is soon carried home for fuel.)
171,Ogya dedaw ano nyɛ sɔ-nã.,Wood already touched by fire (and rendered dry) is not hard to set alight.
171,"Ogya hye wo a, woperɛw to wo ba so ansã-na woayi afi no so.","When a spark from the fire burns you, you shake it off on to your child before you (finally) take it off him (again)."
171,"Ogya hye wo a, ɛnyɛ wo de, na woretafo.","When fire burns you, you do not find it sweet, but you keep licking the place nevertheless."
172,"Ogya pirɛw a, ɛhye nea ɔda ano.","When a firebrand rolls out from the fire, it burns the one sleeping nearest to it."
172,Ogya nè atuduru nna.,Fire and gunpowder do not sleep together.
172,"Yenim sɛ wɔde gya bɛko akogu sumăna so, nanso wɔde fi wuram' ba a, wɔde ba ofie ansã.","We know that ash is taken and thrown out on the ash heap, yet when it was brought from the bush (as firewood), it was first of all taken to the house."
172,"Asu a yenni mu adwene no, yemfá mu pow.","From the river whose fish we do not eat, we do not (even) take a nugget."
172,"Asu a wońńuare no, wońnom.",A river (lit. water) you would not bathe in is not drunk from.
172,Asu et ɛtā hɔ diǹn na ɛfa onipa.,It is the water which stands there calm and silent that drowns (lit. takes) a man.
173,"Asu a ɛte sɛ bosɔ̃rɔpo na ṅkyene atĭwam' yi, na ɛwɔ ase.","A body of water like the great sea, which is so very salt, there must be a reason for that."
173,"Asu biara bɔ po mu a, na ne diṅ ayera.","Whatever the river that falls into the sea, its name is lost."
173,Asu bɔ biribi diṅ na ɛwɔw.,Water adjures the name of some thing (utters a spell) and then dries up. (Water does not dry up without a cause.)
173,"Asu fa wo a, ɛhɔ ṅhama ṅhĩnā taṅ wo.","When a river is taking you (i. e. drowning you), then all the creepers on its bank (you clutch at) hate you (and will not let you get a hold)."
173,Asu nyiri ṅwam.,A river does not flood out the toucans (which roost on the tops of high trees).
173,"Nsu a wɔde redum gya, wompɛ no kroṅkroṅ.",Clear water is not sought for to quench a fire.
173,"Nsu fa wo a, wonom bi.","When water is drowning you, you nevertheless drink some of it."
173,"Nsu-hunu ye ɔmɛ a, aṅkã akā mfa darewa.","If plain water was satisfying enough, then the fish would not take the hook."
174,"Nsu kye toam' a, eboŋ.","When water remains long in a calabash, it stinks."
174,Nsu potopoto! tiatia mu na kosaw nsu-pá!,Muddy water! pass through it and go and draw the pure.
174,Nsu asã asum' nti na osánsá refa apatã.,Because the water has dried up in the river the fish eagle is catching the fish.
174,"Nsu ansõ aguare a, esõ nom.","Water which is not sufficient for bathing in, is sufficient for drinking."
174,"Nsu-nsu ǹhĩnã dõsõ, na bósonopo ne panyin.",Of all the many waters the sea is the old man among them.
174,"Nsu yiri a, na apatã aye ahantaŋ.","When the water is in flood, the fish is proud."
174,"Osu a eto Krobow no, ebi ato Siade.",Of the rain that falls on the Crobo hills some has fallen on the Shai mountains.
174,"Osu boro bo a, etim' nea etim'.",Though rain beats on a stone it (the stone) stands firm where it stands.
175,"Osu ẅe fwo a, wuse, ‘Wafẅe me’, na wunse se, ‘Opetẽẽ me so’.","When the rain beats you, you say, ‘It has beaten me’, but you do not say, ‘It drizzled on me’."
175,"Oso to a, wokum komfo; osu anto a, wokum komfo.","When the rain falls, the fetish priest is killed; (and) when the rain does not fall, the fetish priest is killed."
175,"Oso beto a, mframa na edi kan.","When the rain is going to fall, it is the wind that comes first."
175,"Oso ato aboro asense, ‘Monnserew me, me hṍ bewo’.","The rain has fallen (and) beat on the ‘asense’ fowl (and she says), ‘You need not laugh at me, I shall get dry’."
175,"Osu to fẅe wo na oẅia fi hye wo a, na wuhṹ abrabṍ yaw.","When the rain falls and beats upon you and the sun comes forth and scorches you, then you behold (as it were) the troubles of life."
175,Osu to gu po mu.,"The rain falls, pouring into the sea."
176,"Oso to na egu biribi so ansã-na ekã wo a, enyé yaw.","When the rain falls and drops on something else first before touching you, it does not hurt."
176,"Osu to anadwo na woanhũ a, adekyẽẽ, woanhũ fam ana?","When the rain falls at night and you have not known of it, at dawn have you not seen the ground?"
178,Obi abusudé yẹ obi akăradé.,What is bad luck for one man is good luck for another.
178,Obi busuyefoo ne bi nipa-pa.,A knave for one is a good man for another.
178,"Obi ade-dedaw ko obi nsam' a, eye no foforo.","When an old thing belonging to one person gets into the hands of another, it becomes a new thing for him."
178,"Obi afom akum a, wo nso mfom ṅṅua!","When some one has killed something by mistake, as for you, do not flay it by mistake!"
178,"Obi fre wo Sẹwósé a, mpe ntem nserew; ebia wo agya ye obonnātőfő.","If some one remarks you are like your father, do not be in too great a hurry to laugh (i.e. be flattered); for all you know, your father may have been a ravisher of women."
178,"Obi afuw ső a, womfá mpampā na efow.","Though some one may have a very large plantation, that is not to say people are to bring their bowls and loot."
179,"Obi gyina obi'mati, na ohũ-guam'.","When one stands on another's shoulders, then he sees over the market."
179,Obi kwaṅ ṅkyẹ na esi bi de mu.,One man's road does not go far without meeting another's.
179,"Obi kye wo ade a, (na) woda n'ase.","When some one gives you a present, (then) you thank him."
179,Obi mfa obi ade ṅhoahoa nehõ.,No one boasts of what belongs to another.
179,Obi mfa ọbomũ ṅhow gya so.,No one takes a whole animal and dries it over a fire.
179,"Obi mfa ade ṅkoyi mmusu wo kŭrotia, na ọsaṅ ṅkofa bio.","No one places his propitiatory offering at the entrance of the village, and turns back again to remove it."
180,Obi mfa adidi mfa adepe.,One cannot both feast and become rich.
180,Obi mfa dọkonsín kwáŋkyeŋ mmisa nea otwaa so.,One does not take half a loaf from the wayside and then inquire who cut the other half.
180,Obi mfa fere ńware obi ne nua a ne pãm pow.,"No one, lest he should be called shy, would marry some one's sister who had a lump at the base of her spine."
180,Obi mfa ahina hunu mu ńkyere opanyin.,One does not show the inside of an empty pot to an elder.
180,Obi mfa ńhõma nto nsu mu ńko ahemfi.,One does not put a hide in water and then go off to the king's palace (where one has been summoned).
181,Obi mfa hyirew ntiw nea watɔ wuram'.,No one takes white clay and follows some one who has run off to the forest (in order to rub it on him).
181,Obi mfa amanne a wahũ ntutu kaw.,"No one tells how bad a state his affairs are really in, when asking for time to settle a debt."
181,Obi mfa n'afuru mmutuw bŭropatá so na ne mfefo ntwẽtwẽ mfa n'ase.,"No one uses his own belly to cover up his corn store, that his friends may pull some out from under him."
181,Obi mfa ne naṅ abieṅ nsusu asu.,No one tests the depth of a river with both his feet.
181,Obi mfa ne nsa beṅkum ṅkyere n'agya amamfɔ so.,No one takes his left hand to point out his father's old village.
182,Obi mfa ne nsa nto bi anom' na ɔmpae n'atifĩ.,No one puts his finger in another man's mouth and then beats him over the head.
182,Obi mfa ne sẽ mmobɔ adwẽ mmã ne yɔŋkɔ.,No one cracks a palm nut with his own teeth and gives it to his companion.
182,Obi mfa toamũm mfa ṅkosẽre ṅno.,No one takes a calabash without an opening in it to go and ask for palm oil.
182,Obi mfi agyama so mma fam' mmepe okótokoro.,No one descends from the 'gyama' shrub to the ground and then says he wants a forked stick.
182,Obi ṅwɛfɛwɛɛ odabere na ade ṅkyɛe da.,No one ever kept looking for a sleeping-place (and continued the search) till dawn.
182,Obi ṅhintaw nsɔ gya.,No one hides himself and (then) lights a fire.
182,Obi ṅhinti prɛkɔ mmɔ ahina.,No one breaks the water-pot the first time he stumbles.
183,"Obi ṅhũ ‘Aṅkănă’, ṅkita ‘N’aṅkănă’, nnyā ‘N’aṅkănă’, na onse se, ‘Mihũi a, aṅkănă’.","No one who has seen ‘Had I known, I should not . . .’, who has laid hold of ‘Had I known, I should not . . .’, who has (ever) possessed ‘Had I known, I should not . . .’, would ever say (again) ‘Had I known, I should not . . .’"
183,"Obi ṅhũ nimdeɛ ṅko ayi (ase) na okosore a, waserew.","No one has any sense (who) goes to attend a funeral custom, and on rising up to take his departure, laughs."
183,"Obi ṅhũ onipa dakoro nse no se, ‘Woafon’.","One does not see a man for one day only (or for the first time), and say to him, ‘You have become thin’."
183,Obi ṅhũ onipa aẅia na anadẅo onso kanea ṅfẅe n’anim.,No one sees a man by day and at night lights a lamp to look at his face.
183,Obi ṅko obi akurā ṅkyere n’ase.,One man does not go to the village of another and tell (the chief of that village) its origin (history).
184,"Obi ṅkɔ́ obi kũrom' ṅkofrɛ nehɔ̃ se, ‘Agyeman’.",One does not go to another's village and call himself ‘Agyeman’.
184,Obi ṅkɔ́ ahũã ná oṅkã ṅkwã̃.,No one (who) goes begging a meal is the one to serve out the soup.
184,"Obi aṅko ná obi amma a, aṅkã yebeye deŋ ahũ se okwaṅ mu nye?","If no one had gone and no one had come, what should we have done to find out if the road were safe (or not)?"
184,"Obi ṅkose se, ‘Putu ṅhyew! Putu hyew a, yehũã bi adi’.","No one says (when the yam store is on fire), ‘Let the yam store burn! When it does we shall scrape roasted yams to eat’."
184,Obi ṅkotew bisekyim mfa mfra bisetoro ṅkotoṅ mmã ne mãnn.,No one picks good kola nuts and mixes them with spurious ones and goes and sells them to his own countrymen.
184,Obi nkwati kokũrobeti mmo pow.,No one dispenses with the thumb in tying a knot.
185,"Obi ṅkyerɛ obi se, ‘To ṅkyene di’.","No one shows another, saying, ‘Buy salt and eat’."
185,"Obi nnim a, obi kyerɛ.","If one man does not know, another man explains."
185,Obi nnim adekyɛe mu asem.,No one knows the story of to-morrow's dawn.
185,Obi mpɛ obi yiye.,No one wishes well for another.
185,"Obi ntó ntasu nto fam’, mfa ne tɛkrɛma mfa.",No one expectorates on the ground and then takes his tongue and licks it up (lit. takes it up).
185,Obi ntwɛn Firaw ansã-na wahoro ne tãm.,No one waits (to reach) the Volta river before washing his cloth.
185,"Obi se, obɛsoa wo a, wunse se, ‘Mɛnantew’.","When some one says he will carry you, you do not say, ‘I shall walk’."
185,"Obi se ɔkyeɛ wo amirika a, huruw fĩe kwaṅkyeɛ, na fa akyiri nè anim to no ho.","When some one says he can run faster than you, jump (and) fall to"
186,"Obi seŋ wo a, mã oŋseŋ wo; na oŋo nso wo obi a oseŋ no.","When some one excels you, let him excel you; as for him, he again has some one who excels him."
186,Biribiara nye yaw se aniwu.,There is nothing that hurts like shame.
186,"Biribi wo soro a, etiv̌a se ebeba fam'.",Whatever is above must come down to the earth.
186,"‘Bo me na memmo wo,’ nye agoru.","‘Hit me, but I must not hit you,’ is not play."
186,"Wobo ahina ho a, na wuhu nea okãm da.","When you tap the pot, you see where the crack is."
186,"Wode tekrema si awowa a, wuntumi mpoŋ no.","When you place your tongue in pawn, you cannot redeem it. (A word once spoken cannot be unsaid.)"
186,Ade ketewa na wode susuw kese.,It is a small thing that is taken to measure a big thing.
186,Ade-pa na etoŋ neho.,The good thing sells itself.
187,"Ade yera a, na ɛwɔ nipa nsam'.","When a thing is lost, then it is in some one else's hand (possession)."
187,"Wo ade yɛ fɛ a, obi na ɔkã kyerɛ wo, na ɛnyɛ woankasa na wokã.","When you possess something that is beautiful, it is some one else who tells you (so) and not you yourself who speak (about it)."
187,"Wo de anyɛ yiye a, woŋkofa obi de nye wo de.","When what you have is not good, you do not go and take what belongs to some one else."
187,"Dua a ɛbɛwɔ wo ani no, wobu so, na wonseɛ ano.",You break off the point of the stick that is about to pierce your eye; you do not sharpen the point.
187,Dua a ɛtɔ nãm na ano hyew.,It is the stick that the meat is roasted on that gets the end burned.
187,Dua biara nsow nnyã ǹfĩwiren da.,No tree ever bore fruit without first having flowers.
187,Dua biakɔ nye kwae.,One tree does not make a forest.
187,"Dua mfa mfe aduasã ǹkyea, na womfa afe koro ntɛe no.",A tree does not grow bent for thirty years that one should (expect to) straighten it in one.
188,"Dua kẹse bu a, brofere na esi anaŋmu.","When a great tree breaks (and falls), the papaw tree takes its place."
188,"Dua kẹse bu a, ne mma bubu wo ne hō kwa.","When a great tree has fallen, its children (young shoots or seeds) burst forth from it in vain. (They will soon die once the sap has dried up.)"
188,"Dua si akurā a, ne ntini wo fie.","When a tree stands in a small village, its roots are in the houses."
188,"Dua taŋ wo a, na ebu bo wo.","When a tree hates you, it breaks (and) falls on you."
188,Womfá ade anum nto aduonum hō.,Four things are not compared with forty.
188,Wo fi ne wo fi.,Your house is your own house.
188,Afisẹm nye atamagow na woasi ahatá gua sò.,A private matter is not like the old cloth that has been spread to dry in the market-place.
189,"Wobeforo dua a, wofi n'ase na womfi soro.","When one would climb a tree, one begins from the bottom and not from the top."
189,"Mframa mmae a, na fĩwereɛ mu ye krãnã.",It is before the wind comes that the long grass is motionless.
189,"Afuw mu nni biribi a, ɛwɔ krãnãnã.","If a plantation has nothing else in it, it has at least silence."
189,"Agoru, wogoro no tipɛn.","Play, you play with one your own size."
189,"Ahina hɔ hyɛhyɛ no, na nsu na ɛwom'.","When the surface of a pot glistens, that is because there is water on it."
189,"Ahina bɔ a, na kora ata hɔ.","When the water-pot breaks, the calabash in it remains (unharmed) beside it."
189,"Wo hɔ ye dɛn a, wonyɛ bānu adwuma.","Though you may be strong, you do not do two men's work."
189,"Wo hɔ nye dɛn a, na wuse, ‘Kahiri nye’.","When you are not strong, then you say, ‘The head-rest is no good’."
190,Ahõofe ntua kaw.,Personal beauty does not pay a debt.
190,"Wohye afiri a, wuŋwu agyaŋ.","When you stand on (fall in?) a trap (and are killed), you do not die from an arrow (wound)."
190,"Wokaŋ nantwi a, wokaŋ ne dùa.","When you count cattle, you count their tails."
190,"Woko obi fi, na okotow ho a, wummisa no agua.","When you go to some one else's house, and the owner is squatting there on the ground, you do not ask him for a stool."
190,"Woko kũrow bi mu na wuse, ‘Mammeto nnipa bi wo ha’ a, wose wo se, ‘Yeaŋhũ oniŋa a waba’.","If you go to some one else's town and say, ‘I have not met any one here so far (of importance)’, they (the town's people will retort and) say, ‘We have not been aware that some one has come (to our town)’."
190,"Woŋkoo obi afum' da a, wuse, ‘Me ŋko ne kùafó.","If you never went to any one else's farm, (you would) say, ‘I alone am a farmer’."
190,Yekum bi ansã-na yeapam bi.,Some are killed before others are put to flight.
190,"Woŋkúm mmarima a, womfá mmea.","If the men are not slain, the women are not carried off."
190,"Okwaŋ a wunsuro mu, na aboa kyere wo mu.",It is the path you do not fear that the wild beast catches you on.
191,"Okwantenni nim asɛm-kã, na onnim asekyerɛ.","The traveller (may) tell all he has seen (on his journey), but he cannot explain (all)."
191,Okwaŋ wɔ asõ.,A path has ears.
191,"Ǹkyene fi nsum' na woḥata, na wode gu nsum' ho ara bio.","Salt is procured (by evaporation) from water, yet it is taken and put back there in the water again."
191,"Ǹkyene nse nehõ se, ‘Meye de’.","Salt does not address itself and say, ‘I am agreeable (to the taste)’."
191,"Akyene anim da ho a, wonnyae nyaŋ ṅkyeŋ.","When the face of a drum is there (to beat), you do not leave that to beat the side."
191,"Wokyere onipa akunse na wokum no a, enye no yaw.","When you have a just reason for seizing a man and killing him, you do not hurt him (by doing so)."
191,Nãm nni ho nti na wode mmere ye ṅkwaŋ.,It is because there is no meat that mushrooms are taken to make soup.
191,Nea wadi bem nsoaa oguaŋ du.,He who has won his case never yet carried the sheep.
193,"Wunnim asaw a, na wuse, ‘Akyene nye de’.","When you do not know how to dance, then you say, ‘The drum is not sounding sweetly’."
193,"Wo nua sĕrẹ sŏ a, na ẹnyẹ wo na woda so.","Your sister's thigh may be plump, but it is not you who lie on it."
193,"Nsátéā biakŏ butuw fa ade wọ fam’ a, entumi.","If one finger tries to pick up something from the ground, it cannot."
193,Asẹm a wọkã serew wọ bãbi na wọkã sũ wọ bãbi.,"A matter which in one place is a subject of mirth, in another place is the cause of tears."
193,"Asẹm a wobese na wobẹsaŋ no, fa sã mã ẹŋka wo tirim.","A word that when spoken you would wish back, let it remain (unspoken) in your head."
193,Asẹm-pa nye ọkã-nã.,A good case is not difficult to state.
193,"Asẹŋ-kese bẹba a, ofraŋkã nsi so.","When some really big business is on hand, no flag is flown."
193,"Woso adaka a, na woso ne mu ade.","When a box is carried, what is inside the box is carried."
194,"Asɔ̃ te sɛ nsɛña; woto mu to mu a, ɛda.","The ears are like a pair of scales; when more and more are put in, they are weighted down (lit. sleep)."
194,Osram de bɛrɛbɛrɛ na etwa ɔman mu.,"The moon moves slowly, but it crosses the town."
194,Ata-panyin nni ṅkyene mmã ɛntere ata-k̃īmā anom'.,The elder twin does not eat salt that it may trickle into the younger's mouth.
194,"Wo ntama biri a, wohoro, na wonhyew.","When your cloth is dirty you wash it, but you do not burn it."
195,"Wote nsu hɔ reguare na obɔdamfo fa wo tãm a, fwefwe bi ansã-na woatiw no; nà wumfura bi a, obi besusuw se mo bãnu ye abɔdamfo.","When you are down bathing at the water and a madman runs off with your cloth, look for another before you follow him, for if you follow him naked, some one will suppose you are both of you mad."
195,"Tete abɛ, womfá nye ṅkwaṅ.",Old palm nuts are not used to make soup.
195,Tete ara ne nne.,History repeats itself. Lit. The very same ancient (things) are to-day.
195,Eti nye brofere na woapae mu ahũ mu asɛm.,The head is not the papaw fruit that it should be broken to see the thoughts inside.
195,"Owia wo soro na ehyehye sã yi, na menné se ebebeṅ fam.","The sun is up above and it can burn like this, but how much more (could it scorch) if it came down near to earth."
195,Wiase wotrã no bãnu bãnu.,In the world all things are two and two.
196,Obi ṅkyi koko na onni ne mma.,No one makes a fowl taboo and then eats its chickens.
196,Obi ṅkyi pete nni ne ṅkesua.,No one makes a vulture taboo and then eats its eggs.
196,"Aduaṅ bi a wuṅhũũ bi da wo wo nã nè wo agya muka so no, na nea wukyi neṅ.","Some food, the like of which you have never seen on your mother's or your father's cooking hearth, that is the kind you make taboo."
196,Nea ahõodeṅ kyi ne kọm.,What strength makes taboo is hunger.
196,"Obi nsõ dae, ṅkọ nea wọbekum no.",No one dreams of going to where they will kill him.
196,Tete ka asõm'.,Ancient things remain in the ears. (Tradition survives).
