page,twi,eng
17,a,a father
17,a,a sound unknown in Eng.
17,a (broad),a in far
17,"a, ā (thin)",a in fat
17,e (before i & u),"e in met, ü = u in but"
17,"e, ē (broad)","e in very, there"
17,"e, ē (middle)","e in bed, eight"
17,"e, ē (narrow)",between e & i
17,e = ey,prey
17,i = i,pit
17,i = ee,meet
17,"i, ī (close)","i in fill, ravine"
17,o = o,not
17,o = o,no
17,"o, ō (broad)","o in not, nor"
17,"o, ō (middle)",o in tobacco
17,"o, ō (narrow)",between o & u
17,u = oo,foot
17,u = oo,boot
17,"u, ū (close)","u in full, rule"
25,bakua,stalk of a plantain- or banana-tree
25,abe bu-de,"symbol, prognostic"
25,berede,a red bead put among the marks in the pot of a sooth-saying demon
25,bése,a kind of amulet
25,abuká,a kind of amulet
25,dasūmaṅ,a kind of play
25,guam,he was killed by two guns fired at him at once
25,kaberé,"when something has been stolen, a small cord (ññuahama) is tied round a piece of wood, then the thief will die"
25,ūkū,a kind of amulet
25,amamfō,a kind of amulet
25,mmanim-pe,to be longing after men
25,amanni-pe,sociality
25,mmurutuwa,"opening, door or entrance of the round houses of the Nta people at Salaga"
25,e-nām,fishing
25,nām-kūmfo,butcher
25,nāṅkwanseni,butcher
25,nnontwuwu,a kind of play
25,sansaṅwie,"wode asem ato woso, se nso woadi asem, na woasan, na abowo"
25,o-seṅkām,wabome s. = wakā akyere me se obekā asem akyere me
25,asíbělete,"esono-nè-ne-mma, s. agoru"
25,sūare,"a beaten path, track, trace, vestige, mark; yehūū sono anāmmoṅ nè woṅ sūare pī, beboro dakoro kwaṅ po, we saw many footprints and other marks of elephants for even more than a day's journey"
25,yera,he seeks thereby to obliterate his tracks to mislead or frustrate investigation
25,tew ani yera,to frustrate
25,ayera,a kind of amulet
26,a,"The vowel a, nasal ã, is changed or shortened into a, ă, e, o, ẹ, ọ, ĕ, i, and enlarged into ā, ā, or into the diphthongs ae, āe, ai, au, aw, āw; Gr. § 1-5. 17,3. 19 A."
26,a-,"pref. 1. of nouns in the sing. and pl. (Gr. § 29,2. 35,2. 42,1. 43. 44. 71. 104,2), of adjectives (§ 69,1b.c. 70,2. 72.), of numerals (77. 78,2. 3.) and of a few particles, viz. adverbs (134, 3), conjunctions (142) and interjections (147,1. 5. 6.) — 2. of the verb in the perf. and consec. forms (§ 91,4. 8. 92. 95-97.)"
26,a,"rel. part. (conj.) 1. having no comma after it, belonging to a noun, pron., or princ. sent., that = who, which, where, or any other rel. pron. and conj.; such as, so that. Gr. § 64. 65. — 2. usually followed by a comma, belonging to a subord. sent., if, when, though. Gr. § 141, 3 c."
26,a,interrog. part. Gr. § 142.
26,a,"emph. part. (interj.) Gr. § 75,2. 144. 151.—F. (at the end of a sent., omitting eye at the beginning) = it is. Mt. 16, 12. 14. Mk. 14, 19."
26,ā,"=ara, s. under R."
26,"à, à",int. ah! oh! aha!
26,"ai, āì, aī",int. eigh! ah! ah me! alas!
26,á ò,int. what! why! hey! ay! fie!
26,a u,"int. F. ah! Mk. 15, 29."
26,"a m-, an-, aù-","pref. 1. of nouns in the sing., Gr. § 29,2. 35, 5. 2. of the v. in the perf. or consec. neg. forms, § 92. (95, 1-5. with w=o). 3. of the particles ampá, ànsā, ànkā."
26,b,"The consonant b occurs before pure vowels and ā in bā; is changed into m, by an m (n, ṅ) before it, or into w, in dim. forms; or, together with e, i (-eb-, -ib-) into o, u; Gr. § 18. 19 B. 20, 4; is lost in dim. forms and in the verbal pref. be after the pron. me. Gr. § 37. 91,6."
27,ba,"v. to come, i. e. to move to or towards the speaker or addressed person; — to come forth; to come to pass, to happen; to take place, to arise; to fill: nsu ba, the river fills; — to produce: asase ba aduan, the earth brings forth food. — ba mu, to come in, into; to be fulfilled, realized. — ba so, to come upon, befall, overtake; to succeed (on the throne); to become famous, renowned. — de.. ba, to bring; kɔfa.. ba, to fetch. — imp. bɛra; inf. obá, odi akoŋnè-abá, waba ha mmae, ne koree nè ne bae, F. mbā, Mt. 24,3. — red. beba, boba. — Gr. § 95. 104."
27,o-ba,"inf., s. ba."
27,bo.. ba,"to beckon (and call or bid) to come; gye.. ba, by assenting replies to encourage a speaker to continue."
27,o-ba,"pl. m-, offspring, child, son (obábanin, obábàrimá), daughter (obábea); the young of animals; person (esp. in cpds.); me ba, my brother's child. — -ba, -ma, -wa, diminutive suffix; Gr. § 37."
27,o-ba,a kind of beetle.
27,ba,"(in cpds., as bakoŋ, basiŋ, batwɛw, mmati) = basa; s. baw."
27,aba,"(pl. id.) F. amba, kernel, seed, fruit; cf. adua, aduaba; eggs; da aba so, to brood; — ball, knob; pl. abaabá, knots, clods, globules."
27,aba,"welcome, salutation; mā -, to welcome."
27,aba-ō,"int. F. welcome! hail! Mt. 27, 29. 28, 9. Gr. § 147, 5."
27,bā,"v. to extend, spread out, s. mpasŭa; cf. bae. — red. bābā. — bā mu, to make or give way between; syn. yerɛw mu."
27,bā,"place, spot; mmā ŋhinā, everywhere; s. bābi, baw, bew, bea, bere."
27,o-bā,"pl. m-, woman, =obéa, o(bā)basia; cf. abāwa."
27,abā,"pl. m-, wand, rod, whip, stick for beating, cudgel; pl. blows, strokes; cf. dua, nsabā, aporíbā, poma, twom, mpire, sikafere. — Phr. bo.. mmā, to flog; cf. fwɛ; di abā, to receive a flogging or blows. pr. 31. 1450. 2637."
27,mbā,"inf., F. s. ba."
27,bā,"pl. a-, bough, branch of a tree, river; cf. basa, baw, dubā."
27,bā,a play-card with 6 figures in 2 rows.
27,bàba,a sickness of the genitals.
27,bābā,"pl. m-, =bobā."
27,o-bábā,"pl. m-, daughter, =obábea."
27,ababā,"abábàwà, pl. m-, maiden, young woman, married or not, who has not yet born a child, or only one or two; syn. abeafó."
27,bàbababa,"adv. profusely, said of raining; cf. osu."
27,bābā,"bābae, red. v., s. bā, bae, anim abābae, anobābae."
27,bābàdóm,"an army in dispersion; woyɛ b., syn. woɓo petɛ."
27,Bābae-ntwā,pr. n. an epithet of the Asantes; cf. Bae.
27,o-bábaniŋ,"pl. m-, son."
27,o-bábarimá,"pl. m-, son."
27,o-bābasía,"pl. m-, woman; s. obea, obā, obasia; cf. akatasia, akatamasiaba."
27,babayémfī,"babayéntɛn, s. bob..."
28,o-bábea,daughter
28,o-bábére,"a fine, beautiful, delicate woman"
28,bábí,"some place, somewhere; elsewhere"
28,mmābi-mmābi,"in different places, here and there"
28,bābiara,anywhere; in negative sentences nowhere
28,bābi-mbre,where; how
28,o-bábó,beckoning and calling to come
28,o-bábun,"a young, fresh, healthy man, a man in the prime of youth"
28,abábumma,"lad, stripling"
28,o-bábun,"a young, fresh woman in the state of puberty, maid, virgin"
28,o-bābumma,"girl, lass, young woman of 12-16 years"
28,abadae,the yearning of bowels for a child
28,abadiŋ,names of children
28,abádōmā,"a young, fine, tender, little child, infant"
28,obād,"a young, fine, tender, little child, infant"
28,abadōmāba,"a young, fine, tender, little child, infant"
28,Badu,pr. n. of a man who is the tenth child of a mother
28,Baduwa,likewise of a woman
28,abaduaba,s. abed...
28,o-baduedúèfó,"rambler, rover, stroller, vagabond"
28,abadwẽ,a man whose hand is withered
28,o-badwémmá,"a pensive, thoughtful, prudent, reflecting, considerate, sensible, intelligent person"
28,ebádwóm,s. ǹñwõŋkoro
28,bae (mu),"to disjoin, part, cleave, sunder, rend; to open, gape; to unravel, loose, unloose, unstitch, unroll; to distend, extend, expand, spread, spread out"
28,Bae,"surnames of the Asantes, as a host of endless coming, or, extending so far that they cannot be surrounded"
28,Baebae,"surnames of the Asantes, as a host of endless coming, or, extending so far that they cannot be surrounded"
28,Baebae-antwa,"surnames of the Asantes, as a host of endless coming, or, extending so far that they cannot be surrounded"
28,o-bàèaŋkó(ro),one who came and did no more go
28,baebae,1. s. bae; 2. the day breaks
28,ábàéfò,"new-comer, new beginner, novice"
28,abaesaba,"= abasiaba, abofrā, ababā"
28,bafáŋ,"a child who did not learn to walk within the first 2-7 years; sluggard, lazybones"
28,bafane,"a child who did not learn to walk within the first 2-7 years; sluggard, lazybones"
28,bafow,forager
28,bafoo,forager
29,abafra,"abofra, abofra, mmofraase."
29,abafraba,"abofra, abofra, mmofraase."
29,mbafraber,"abofra, abofra, mmofraase."
29,mbafram,"abofra, abofra, mmofraase."
29,bàfua,"a single thing or person, one and the same thing."
29,o-bágofo,fornicator; syn. mmeapefo.
29,abágów,"relaxation or slackness of the arms; eye me ab. = atu m'abasam, amā mapa abaw."
29,bàgua,"public assembly, congregation, council; - ofra baguam' or baguafom', he is a member of the council."
29,abaguadé,share of fees for attending a palaver; pr. 37. 370. 2966.
29,baguafó,elders and other persons met in council or assembled for public deliberation.
29,bagya,a fourfooted beast; pr. 38.
29,o-bágyé,exhortation to continue in a speech.
29,a-bágyé,adoption.
29,oba-gyigyéfó,1. nurse; 2. a mischievous child; one who gets other persons into trouble.
29,bahá,dry fibres of the bark of the plantain stalk; pr. 10. 569. 629.
29,o-bá-huhuni,a worthless fellow; s. ahuhufo.
29,baká,"lagoon, lake communicating with the sea; F. lake, pond; cf. otare."
29,abákáń,"the eldest child, the firstborn; the state or birthright of a firstborn son."
29,bakánōmā,"lagoon-bird, heron, stork &c."
29,bakasíanepo,"a bird, s. otwiroŋku."
29,abákó,"a kind of shea-tree(?), with brown wood used for furniture; of the seeds oil is made in Akem."
29,bākō,"one; obākō, one person; Gr. § 77. 80, 2. mmākō-mākō, one by one, each. pr. 2548. 3258."
29,o-bākōfo,a single person. pr. 455-459.
29,o-bākokonímma,"dim. of the foll. [obā, akoko-nini.]"
29,o-bākokonini,"a conceited, vain-glorious woman (like a cock), coxcomb."
29,bākōmā,"nobleman, lord, prince, person of the royal family, of high rank or position; high-born; aristocrat; di b.=di adehyesem, to be imperious, violent, positive, stubborn, wilful, arbitrary. pr. 39. [oba a onam ne koŋ so, onam na ototo ne koŋ kyēa.]"
29,bákóń,wrist.
29,abakosém,"history, story of past events; cf. abasem."
29,bākroń,"nine persons. Gr. § 80, 1."
29,bakua,s. kwadu b.
29,abakyére,gold and costly beads tied round the wrist in honour of one's birth or deed.
30,bam,"v. to embrace (in welcoming, syn. fäm, ye atū, or in fighting); b. kyinīi, to raise and shake a state-umbrella, = pem bamkyinīi; -red. bemmam, bommam."
30,bam',= ba mu; ne dae abam'. Gr. § 214 after Rem. 2.
30,bàm,"adv. expressing the sound of striking, clapping, lashing, falling."
30,bámbam,"adv. expressing the sound of striking, clapping, lashing, falling."
30,abám,"a ceremony performed at the birth of twins, of the 3 d, 7 th to 11 th child, and in their after life by themselves, before every new crop or harvest. Qyẹ ab., wòyẹ abámfó; he is, they are entitled to the abam ceremony. Wọde adwẹre guare ab. Fida, pr. 1127. Sẹ aduamforo biara bọ a, abámfó añnuare abam a, wonni bi."
30,bam,"imperiousness, haughtiness, insolence; syn. adehyeseṃ, ahenemmasem; odi no so b., he plays the rich or high-born; he plays insolent, wanton tricks. -bamdi, inf."
30,bamé,"imperiousness, haughtiness, insolence; syn. adehyeseṃ, ahenemmasem; odi no so b., he plays the rich or high-born; he plays insolent, wanton tricks. -bamdi, inf."
30,bamsém,"imperiousness, haughtiness, insolence; syn. adehyeseṃ, ahenemmasem; odi no so b., he plays the rich or high-born; he plays insolent, wanton tricks. -bamdi, inf."
30,bámma,"pl. m- [baṅ, ba dim.] the projecting lower part of the wall in Negro houses, used as a seat. pr. 2252."
30,bámma,"pl. m-, a stripe of country-cloth; the breadth in which it is woven; a ribbon; syn. ntambamma, Ak. bẹ̃nã."
30,abammá,"woto ab., they put their hands on each other's necks."
30,bamfo,"-foo, a thorny plant, pr. 1676-77. [pr. 1213. 2791."
30,bamiawu,a kind of snake.
30,bamkoṅ,"[s. bam & koṅ, neck]: ọto b. kasa, he speaks haughtily; ototo ab., he walks with a majestic air."
30,bamkyinīi,"(kyinii a wopem di hene so), state-umbrella; [pr. 1729."
30,bamsém,"s. bam, bame."
30,baṅ,"v. to lie or to lay in a proper row, to extend; to string (ntrama, wo hama so); to pile up, to store (ọde, putu so); to hem in (atade ano, with a ribbon); b. ho, syn. sã ho; b. hō, syn. toto hō. -red. bemmaṅ."
30,baṅ,"1. row, fence, enclosure, frame; esp. the fence round the yard of a negro-house; watwa baṅ mu, he had to do with the king's wives. - cf.fabaṅ, dantabaṅ. - 2. =dua-so, s. duasee. - 3. esp. in cpds.: form, figure, shape; fashion; manner, nature; race, kind, species; syn. su (wo su nè wo baṅ biara nye!) s. abóa-baṅ, abusúabaṅ, adakabaṅ, odammáṅ, dobáṅ, duabáṅ, nipabáṅ, nsrabáṅ, subáṅ or súbaṅ; ọdabáṅ, abodabáṅ, adibáṅ = aduaṅ', ahabáṅ. - 4. a fortified place; si baṅ, to put people in a place by authority in order to enforce the laws, or to keep the people in subjection and prevent their falling off; to place troops in a strong position; to occupy a place as a garrison."
30,abaṅ,"-ne, (pl.id.) a house built of stone, cf. ọdaṅ; a large fine building, palace; pr. 3190. - a large, strong building = abaṅkese, fort, castle."
30,ọ-báṅ,"pl. m., a string of cowries, 40 cowries; wótọ̀ no báṅ-báṅ, wọtọntọ̀ṅ no abáṅabáṅ, they sell it each for a string; cf. ntrama."
31,ó-báń,"a beast of prey, the wild cat."
31,bānáń,four persons.
31,o-bananá,"grand-son, grand-daughter, grand-child."
31,abaṅase-abáṅase,a kind of herb.
31,abaṅhìnà,a pot (ahina) containing palm-wine for a string of cowries (bań).
31,o-banimdefó,"a person of understanding, possessing knowledge."
31,o-banimmá,diminutive of obani.
31,o-banim-méré,a handsome man; an effeminate man.
31,o-banim-moné,a bad man.
31,o-banim-panyiń,"an old, venerable man."
31,o-baníú,"man, male person."
31,baniṅfána,armring of a man.
31,baniṅfo,brave men.
31,baniṅhá,"bravery; ohye no b., he encourages him."
31,baniṅhá-hyé,encouragement.
31,abanínsém,"manful, manlike, manly, warlike deeds or behaviour, bravery; odi ab., he shows manliness, quits himself like a man."
31,o-banín-táń,"a man that has children, a father of a family."
31,o-banin-trófo,"a lying man, liar."
31,o-baniṅ-warefo,a married man.
31,o-banín-yéń,"wizard, sorcerer, magician."
31,o-banin-yére,"an unborn child, designated by a man to be his future friend or wife."
31,baṅkám,a kind of golden ornament.
31,abaṅ-kesé,"fort, castle."
31,baṅkoroapém,a kind of bead.
31,o-baṅkú,"a kind of food, prepared of ground maize, commonly eaten when yam is scarce."
31,abàṅkúá,see àkúá.
31,o-bàṅkyé,"the cassava, cassada, manioc, jatropha manihot."
31,abaṅōmā,"step-child, foster-child."
31,o-bansiní,a man of a garrison.
31,o-bansoa,a bird.
31,bánsoṅń,"long; n'anim b. he is long-faced, long-visaged."
31,bánteṅ(ń),"long-shaped, long."
31,abaṅsosém,"a word talked over the fence, (idle) talk, gossip, hear-say."
31,aban-ténteṅ,tower.
31,aban-tiá,"a small fort, as the Mortella tower near Christiansborg."
32,abántó,"(the act of) building a stone-house; masonry, mason's work."
32,o-bantoni,"mason, bricklayer."
32,bànu,"two persons, two together."
32,bānúm,five persons.
32,bannua,"any kind of tree (ofosow, atōa, ...) used for fences."
32,abańńuá,the court or yard of large buildings
32,o-ba-nyansafó,"a wise person; syn. obadwémmá, obanimdefó, onyansafó."
32,o-bannyā,a long red intestinal worm.
32,abanyimfä,= (nsa) nifä.
32,bapoń,a disease in the jaw-bone.
32,o-bápomma,"a person of high birth, of wealth, entrusted with an office, from the man next to the king down to the chief of a village; cf. mmopomma."
32,o-baprowe,"a spoiled child; s. porow, porowe, porokyewa; oyeń ne mma mmaprowé, he miseducates, spoils his children."
32,bära,"s. bra, bëra"
32,bare,"to cover, lay over, overspread; s. baw; to sling, wrap, wind, twine, twist round; to embrace closely, clasp round. - red. bebare, bobare, bobabobare. - de bare ani, prop. to twist (the arms, in wrestling) face to face, i. e. to engage in battle, to fight hand to hand."
32,o-barehyia,"a cartouch, cartridge-belt all round the loins; cf. ntoa; ne ntoa ye ob. (when it contains 12 cartridge-boxes); - di b., to surround."
32,o-bàrímá,"man, male person, = obaniń [obaniń-ba?] cf. nini; Gr.§41, 1.2.—valiant man, hero, cf. oberań."
32,abarimá,"a man entrusted with an office by one superior to him, cf. adamfo; adherent, client, subaltern; follower, helpmate, companion, servant."
32,abarimâ,"boy, lad."
32,abarimáwá,"boy, lad."
32,abarimakwáń,"a way for heroes, dangerous way, adventurous"
32,abarimaseṃ,= abaninseṃ. undertaking;
32,o-barimaye,manhood.
32,o-basá,"the arm; the forefoot of quadrupeds; cf. abaw, nsa; - dua basa, branch of a tree; cf. bā, dubā."
32,abasā,a withered or lame hand or arm; a person having such.
32,bàsā,"confused, disordered, disorderly, cf. sàkā..."
32,bàsàbàsa,"confused, disordered, disorderly, cf. sàkā..."
32,bàsā,three persons.
32,bāsāwa bi,some few (two or three) persons.
32,bāsāèwí,a large sea-fish [G. gbā]; apatā bi a ote se sire.
33,basafá,"a cubit, ell; cf. abasamfá."
33,basafáwa,"=bafaŋ, obubuafo? obusufo? pr. 52."
33,básakòkom,the inner part of the arm at the joint of the elbow; s. kokom; cf. mmotoam.
33,basakuram,the upper arm; s. nsatu.
33,abasa-kyēa,"inf. pr.733., s. kyēa, abasatoto."
33,abasám,"the space to which a man can extend his arms, a fathom, the length of six feet; the strength of the arms. — tu..ab., to dishearten, discourage; n'abasam atu, he is disheartened; cf. ne nsam' agow or ahodwōw, wapa abaw."
33,abasamfá,"a measure of three feet, a yard; cf. siŋ."
33,abasam-tu,inf. discouragement; cf. abawpa.
33,basatiri,=mmati.
33,batiri,=mmati.
33,abasa-toto,"inf. the swinging of the arms, pr.733."
33,abasém,"pl. m-, a story that happened; history; cf. abakosem."
33,bāséwú,"a clear-sighted, skilful, respected or ambitious man in a society; aristocrat(?); oyē hyew, oyē aguasemde."
33,o-basía,"F.=obābasía; cf. akatasía, akatamasiaba."
33,basiaba,adv. even.
33,bāsíá,"six persons. Gr. § 80, 1."
33,bá-sígyaw,"m-, the state of having no children. — di b., to be without children; s. mmas... & 1 Sam. 15, 33."
33,o-bāsimma,"a young woman, s. obeasimma."
33,básin,"F. a-, stump of an arm; one-armed person."
33,abasiriwú,"pl. m-, an infant; a child of 6 to 12 or 14 years."
33,abasó,"di ab., to stand security; cf. a[ka]gyinam, akabaso; — menné ka, menné ab., I owe no debts, neither for myself, nor from standing security."
33,bāsoŋ,"seven persons. Gr. § 80, 1."
33,bata,"v. (.. hō), to be close to, adjoin, lean against; pr.991. to adhere, cling to; to be connected with, pr. 691.—red. batabata; ebata[bata] hō kwa, it is a mere appendage."
33,bàtá,"trade, traffic, commerce.—tu b., di b., to trade; odi ntama b., he deals in cloth; gye b., to offer trade, to win a customer. — Wofa da-bone ko gua a, bata butu wo; s. butuw."
33,o-bàtá,a beast of prey like the lynx; it has a longer tail with more hair on it than atóatoa.
33,batâdewá,F. boat; Ak. obonto; cf. korow.
33,batádí,inf. trading; s. (di) bàtá.
33,batafó,"pl. id.) wild boar, syn. kokoté. — batafó-sè, a boar's tusk. pr. 42. 43. — batafo-súsóno, a medicinal plant."
33,batágyé,"inf., s. (gye) bàtá."
33,batakari,"pl. m-, war-dress, like a shirt without collar and sleeves; the dress of the Mohammedans."
34,o-bátám,"a simple, silly, dull, half-witted fellow."
34,o-bá-táŋ,"a woman that has children, mother."
34,obeataŋ,"a woman that has children, mother."
34,o-bataní,"trader, tradesman, merchant"
34,batatu,"inf., s. (tu) bàtá."
34,batiri,mmati.
34,basatiri,mmati.
34,batwěw,elbow
34,baw,"bare; to besmear, bedaub"
34,baw amánne,to smear a twig with lime for catching birds.
34,baw,"bā, bea, here, bew, place; oŋkó baw = bābi, he goes nowhere"
34,baw,"ba; bo..baw = bo..ba, to beckon, call."
34,abaw,"abasa, the arms; woso no abaw-abaw, they carry him on the arms."
34,Wapa abaw,"he has withdrawn or dropped his arms, i. e. he is exhausted, quite tired, despairs"
34,abaw-pa,inf. despondency.
34,o-báwa,"obeawa, girl, lass."
34,abāwa,"maid-servant, serving-girl."
34,bāwotwě,eight persons.
34,abawu,inf. death of a child.
34,bàyā,wide open; n'ano b. = tetrē
34,bayabáyà,wide open; n'ano b. = tetrē
34,abáyé,inf. [ye oba] careful treatment of children.
34,abayeŋ,"inf. [yeŋ ba] the bringing up of children; abayeŋmone, bad education"
34,o-bāyeŋ,"witch, hag"
34,bàyére,a kind of yam
34,o-ba-yeyere,"favorite child, the most beloved (son) among a plurality of children (as yeyere is among a plurality of wives)."
34,báyi,"witchcraft, sorcery; ye or dew bayi, to practise witchcraft; b. ye abusūade, witchcraft is inborn, innate, hereditary."
34,abayidé,bayi [ade].
34,o-bayifó,"witch, hag; wizard, sorcerer. The Negroes describe a wizard or witch as a man or woman who stands in some agreement with the devil. At night, when all people sleep, he (or she) rises or rather leaves his (her) body, as a snake casts the slough, and goes out flaming from his eyes, nose, mouth, ears, armpits; he may walk with his head on the ground and his feet stretched upward; he catches and eats beasts, or kills men either by drinking their blood or by catching their soul which he boils and eats, whereupon the person dies; or he bites them that they become full of sores. Some change themselves into leopards, snakes, antelopes; some use their witchcraft also for trade in selling things."
34,abayigóru,"bayi; ógòru me ab., he or she practises witchcraft upon me."
34,abayisém,bayi.
35,be,"adv. used of the effect of pinching: oti me ara be, he pinches me sharply, that I feel it keenly; cf. bee, bew, v. & adv."
35,e-be,"pl. m-, proverb, parable, riddle; bu be, to utter, tell or make a proverb."
35,a-be,"pl. m-, palm, palm-tree; the species of palm from which the palm-wine (nsa-fufu) and palm-oil (nno) is got, the most common in Western Africa: oil-palm, Elaeis Guineensis; palm-nut (cf. befua, adwe); bunch of palm-nuts (bemu); all the palm-nuts growing on a tree; pr. 64-69. cf. nu, dwow, sa, se, pow, tow, twa abe. - Diff. species of oil-palm: obedam, abefufu, abetuntum, abehene; other palms, s. adobe, kube, nkresia, kokosi."
35,be,"v. to recite, declaim, deliver in a rhetorical or set manner; be kwadwom, to deliver mournful songs; onim kwadwom be."
35,bea,"v. [red. beabea] to lie lengthwise, across, to cross; caus. to lay lengthwise; obea ho totote; ntama-dan no bb. ho, the tents lie stretched down; cf. bew, boa, da, gu, sam."
35,bea,"place (=ba, baw, bew, bere); pl. mmea-mmea, at different places; manner of state or doing (in cpds. with an inf.)."
35,o-bea,"pl. m-, woman, female,=(Ak.) oba, obabasia, F. obasia."
35,beabi,Ak. F. = babi.
35,beae,"place, situation; pl. mmeae-mmeae, at different places."
35,beae,"pl. m-, the beam or pole on which the rafters are put; b. yi ato nkorasimma yim' akyea, this pole came to lie crooked on these posts."
35,beae,a swelling in the groins; mmaninyare bi.
35,abeafo,"pl. m-, a young, lovely woman, neatly, nicely dressed."
35,o-bea-aguaman,"pl. m-n-, s. aguaman."
35,bea-kunini,"cardinal point; m- anan, the four c. points North, South, East, West, s. benkum, nifa, apuei, atoe. D.As."
35,o-beasimma,a weak sort of woman; a despicable person.
35,o-beatan,s. obatan. [s. oba-simma.
35,o-beawa,"obawa, pl. m-, girl, lass."
35,beba,"beba, red. v., s. ba."
35,beba,"beba, ... s. boba, boba."
35,beba,"beba, beba, pl. m-, F. = obo, pl. a-, stone."
35,bebare,"bebabebare, red. v., s. bare, bobare."
35,bebe,"red. v., s. bew."
35,bebebebe,"Munnyae b., pr."
35,bebee,"red. v., s. bee, beebee."
35,abebe,"pl. m-, As. butterfly; winged insect in general. pr. 70.806."
35,abebew,"pl. m-, grasshopper, locust; cf. boadabi (ntuntume), obirinkran, otutuafuru, fwidom, okra, opiti, ewe, otwe, odabo."
35,abebere,"1. = abete; 2. F. hardship, trouble, tribulation, adversity."
35,bebere,"much, many; very much, exceedingly; cf. pi, buru-buru, twem."
36,bebĕrebé,"much, many; much, too much, too many; when referred to a v. in the neg., it means (not) enough: ensō b., it is not large enough."
36,bebetá,pot-ladle to stir up the corn-dough put on the fire; dua a wode dwuma anā opampāṅ aseṅ no tratrā a wode nū mmore mu; cf. beteta.
36,bebɛw,"red. v., s. bew."
36,bebrē,"bebrebē, bebrete, s. bebĕre..."
36,bebrebē,"bebrete, s. bebĕre..."
36,bebrete,s. bebĕre...
36,bebrebé,"bustle, pr. 1158."
36,o-bebrebéfó,"an insolent, impertinent, saucy fellow, churl; n'ano dennēneṅ wo asɛm biara hō."
36,abebú,"inf. [bu be], speaking in proverbs."
36,abebúsém,"pl. m-, proverbial saying; s. ebɛ, akasa-bebui."
36,bebuṅ,"= abe-buṅ, cf. akyeṅkyeṅ."
36,o-bédám,"a kind of oil-palm whose ripe nuts have no black top, but are red throughout (abe bi a ebere wie na ehō bābi mmiri sẹ abe-pa); also the nuts thereof; cf. adam."
36,o-bɛdéw,"pl. a-, a kind of basket roughly made of palm-branches; berew a woabo (woaṅwene) de soa adesoa; wofre bi se: ahagya, akyemmedew, akuapemmedew; cf. akotwē, kyɛṅkyɛṅ, apakāṅ."
36,o-bɛdefúnu,"pl. m-, a chopped and withered palm-tree, of which the palm-wine has been extracted."
36,bédiapāṅ,"a certain bright star; osram wu a, ono na odi n'ade; cf. owuòdi, kōsoroma."
36,abédùá,palm-tree; more frequently simply abé.
36,abeduá,mortar to bruise palm-nuts in; = abewoduá.
36,abeduabá,"abad., a kind of doll, carved out of wood."
36,abedwā,"abedwewá, a young palm-tree; pr. 70."
36,abedwewá,a young palm-tree; pr. 70.
36,o-bédwǒ,a half-grown palm-tree; cf. antwĕribɛ.
36,bee,"v. to twitch off, pinch off, nip off, cf. bew; - red. beebee, bēbɛ.. hō = tetew hō ṅkakraṅkakra; wakobēbɛe nām no hō, he has pinched off little bits from the meat."
36,e-bee,"Ak. = bew, a pachydermatous animal."
36,abɛfó,= àbàéfó.
36,a-befuá,"pl. m-, a single palm-nut with the skins. (diff. bafua.)"
36,abefúfu,a species of oil-palm.
36,begoró,a palm-nut without a kernel.
36,abegui,place where palm-nuts are cast before the oil is made of them.
36,abɛhene,a species of oil-palm.
36,bekyékyèrɛ,pot in which the palm-oil is boiled.
36,e-bem,"right, state of being right, righteousness, guillessness; bu b., mā b., mā wodi b., to acquit of an accusation, pronounce"
37,bémma,"pl. m-, arrow, cf. beŋ, agyaŋ; bow, cross-bow with the arrows, cf. ta, kuntuŋ; - otow yeŋ (so) b., otow ne b. sā (wo, si) yeŋ, he shoots arrows at us, discharges his bow against us."
37,bémma-dùa,"arrow, = beŋ, agyaŋ."
37,bémma-hàmá,bow-string.
37,bemma-tow,"inf. shooting with the bow, archery."
37,bemma-tofo,"pl. m-, archer, bow-man."
37,bembu,"inf. acquittance, justification."
37,bemdi,inf. innocence.
37,bēme,"adv. added to statements of time, quantity, number: such a long time, such a large quantity or number; already; only; even, indeed; kaŋ, tete, dabidabi b., long ago; mfrihyia 20 bēme aseŋ na orekā yi? of a palaver of no less than 20 years does he talk? mede memāā no Kwasida b., I gave it him on Sunday already; eŋye 'ne b. na ofi ye ade yi, not since to-day only he does this; atiri ha b. na ogyee ana? did he indeed ask 100 heads?"
37,bemme,"adv. added to statements of time, quantity, number: such a long time, such a large quantity or number; already; only; even, indeed; kaŋ, tete, dabidabi b., long ago; mfrihyia 20 bēme aseŋ na orekā yi? of a palaver of no less than 20 years does he talk? mede memāā no Kwasida b., I gave it him on Sunday already; eŋye 'ne b. na ofi ye ade yi, not since to-day only he does this; atiri ha b. na ogyee ana? did he indeed ask 100 heads?"
37,bemmēme,"adv. added to statements of time, quantity, number: such a long time, such a large quantity or number; already; only; even, indeed; kaŋ, tete, dabidabi b., long ago; mfrihyia 20 bēme aseŋ na orekā yi? of a palaver of no less than 20 years does he talk? mede memāā no Kwasida b., I gave it him on Sunday already; eŋye 'ne b. na ofi ye ade yi, not since to-day only he does this; atiri ha b. na ogyee ana? did he indeed ask 100 heads?"
37,abememfi,"a place out of the way, at a distance; eda ab., it is far off; ogyina ab., he stands aloof; nnyina ab. sa, na twu beŋ me, do not keep away thus, come near to me!"
37,bemmeŋ,"red. vv., s. beŋ, beŋ. pr. 3011."
37,bemmeṅ,"red. vv., s. beŋ, beŋ. pr. 3011."
37,bemmu,= bembu.
37,bemū,"[abe mū], cluster of palm-nuts."
37,beŋ,"v. to approach, come or draw near; to be near; obeŋ no abusūam', he is a kinsman of his; - red. bemmeŋ; syn. beŋkye[ŋ], piŋkye."
37,beŋ,"pron. what (kind of), which. Gr. § 74. F. ebeŋ, ebena."
37,beŋ,"= abeŋ, horn; woŋ ano ko b. koro mu, they are unanimous, in unison."
37,e-beŋ,"pl. mmeŋma, arrow; cf. bemma, bemma-duā, agyaŋ; - etēe se beŋ, it is as straight as an arrow, i. e. quite right. pr. 80."
37,beŋŋ,"straight (dua, hama, kwaŋ); etēe b., it is quite straight."
37,beŋ,"v. to ache, pain; red. bemmeŋ; me ti beŋ me, my head aches; woŋ ti bemmeŋ woŋ, their head aches."
37,bēŋ,"v. to become red by boiling, to be sufficiently cooked, boiled, roasted; to be done well; to become red by dressing (a wound with hot water): watōtō kuru no na abeŋ; to become hot (a gun, by firing), pr. 3386; perf. to be smart, clever, well versed in any knowledge or business, good or bad, f.i. in political matters; to be astute; - ne hō bēŋ, he is healthy; ne hō mmeŋ, he is sickly, feeble; - red. bemmeŋ."
37,-beŋ,"a. (in cpds.), red, yellow; cf. odubeŋ, oguabeŋ, osubeŋ &c. s. meŋ, kō &c. bere, v."
37,abeŋ,"pl. m-, horn of animals; horn, flute, wind-instrument, musical instrument; hyeŋ ab., to sound the horn ; - mmeŋ, pr. 376."
38,e-bena,"what, which"
38,e-bena-dze,what
38,e-bena-ntsiri,"wherefore, wherefrom, why"
38,bɛnnā,a weight of gold = 2 ounces = 32 dollars or ackies = 7l. 4 s.
38,bɛnā,"stripe of cloth, ribbon"
38,bɛrā,"stripe of cloth, ribbon"
38,bɛnā,"to wail, lament, mourn"
38,bɔnā,"to wail, lament, mourn"
38,Bɛnāda,Tuesday
38,Brāda,Tuesday
38,bɛn-ànò,"unmixed palm-wine, as it came from the reed under the tree"
38,bɛnnè,"spit, broach(er). to act or be employed as skirmisher (before the twafo, van), to begin the attack, to engage in dangerous fighting"
38,o-bɛnnení,"skirmisher, sent to attack the enemy"
38,abɛnne,fees for acquittance in a law-suit
38,o-bɛném,a stinging fly
38,o-bɛnóm,a stinging fly
38,O-bɛném,"name of a month, abt. March"
38,o-bɛn-hyɛnfo,"horn-blower, musician"
38,bɛnkúm,the left hand or side; to the left
38,o-bɛnkumfo,a left-handed person
38,bɛnkyɛn,to draw or be near
38,bɛnkyi,bench
38,bɛnsɛré,basin of porcelain
38,o-bɛntá,"a musical instrument consisting of a curved branch or stick with a cord made of the fibres of palm-branches, played in a doleful strain"
38,o-bɛntɛ́n,"a word used for a person whose name we do not know or do not choose to mention; usually: asiamasí se ob., Such-a-one, What-d'ye-call-him"
38,abentia,"the short horn, the most common wind-instrument of the negroes, usually made of a young elephant's tooth and covered with the skin of the twom"
38,o-bentia-hyɛnfo,the king's horn-blower
38,bɛntoa,"clyster-pipe, syringe, squirt"
38,obenyin,"obaniŋ, abaninsem"
38,abenyin-ndem,"obaniŋ, abaninsem"
38,bepow,"mountain, hill"
38,bepɔwá,"small mountain, hillock"
38,bepodwuma,work done on the slope of a mountain
39,abe-pow,inf. the act of lopping off the leaves of an uprooted palm-tree.
39,bĕra,s. bra
39,bĕra,"imp., s. ba; bĕra mã yeŋko, come, let us go!"
39,o-bĕraŋ,"pl. a-, a strong, stout, big man; a powerful, mighty man."
39,obĕraŋ-mmoṭoam'-dua,s. krămmennua.
39,abĕraŋ-sém,violence; cf. anuodensem.
39,abĕraŋ-so,"(after the manner of strong men, i.e.) by force."
39,aberánté,"pl. m-, young man, youth; syn. akwaŋkwā."
39,aberantékwá,"pl. m-, id."
39,o-beran-tetetū,"pl. a-, giant (oberaŋ tenteŋ, hontoŋ, oberaŋ a oware na osō te se nea tokuru da ne mu)."
39,berapae,"a wicket serving for a door, made of palm-branches kept together by three sticks driven through them; cf. asĕreŋe."
39,bĕraw,"to b., to faint, swoon (away), fall in a swoon: osukom amā wato b., thirst has made him faint; woápèm nó apèm nó mā wato b., they have knocked him about that he is half-dead; - to cause to faint: ofwé no ato no b., from the flogging he is half-dead; cf. to piti, tware."
39,abĕraw,"a polite address to a person of equal or inferior rank, used in reply to a salutation, cf. yā; Gr. § 147,9."
39,abĕraw-abĕraw,pr. 1363. 2929. scantily? so so?
39,bĕre,"v. 1. to bring (when a personal object, esp. me, yeŋ, wo, mo, is mentioned; else ‘de.. ba, kofa.. ba, de.. komā‘ is used). - 2. b. ase, to lay or put down, bring low, humble, abase, abate, lessen: obĕre nehō ase mā me, he humbles himself before me. - 3. to grow or get (perf. to be) tired, weary, fatigued; to have much to suffer; not to come to rest; pr. 89. 754. mabĕre wo nsa, woamā mabĕre, I am weary of you; adwumaye amā mabere, I am fatigued by work. - red. bĕrebĕre."
39,o-bĕre,"inf. fatigue, weariness; labour, toil; fa ob., to grow tired; hye.. b., to tire (out), wear out, weary, fatigue, harass; ode ne kasa hyee me b."
39,bere,"F. manner in which; se bere ’te do no, Aky. = senea bere, s. berew. [ete neŋ, so it is."
39,bere,"v. to redden, to grow, become or make red or yellow; to cause to redden, pr. 298; bere (sika, aẅowa, kôbere) hō, to polish (gold, brass, copper); to ripen, grow ripe, of fruits growing above ground; perf. to be ripe. - n’ani b., his eye reddens i.e. he covets, lusts after; he grows angry or grieved; n’ani ab., his eyes are red, reddish, from weeping, excitement (passion, anger, or deep grief), drunkenness, old age. - red. berebere. - qualif. adv. kō, pr. 1504."
39,-bere,"in cpds, blooming, beautiful, handsome; delicate, soft, gentle... s. obābere, obanim-mere, tekremabere."
39,o-bere,"pl. a-, female, esp. of animals; cf. obā, obea, Gr. § 141, 2."
40,e-bere,"1. place (often in cpds, as, dabere, trābere, = dabew, trābew, trābea); cf. bā, baw, bea, bew, amere; - 2. time, season; pl. mmere, the stages of human life, of man's age; - 3. manner, cf. bea, abere, amere; - 4. good time; fine manner; bloom, flower, prime of life; beauty & strength; ""nana, mā wo hō bere so ẹ! king, arise in thy glory and strength (for warfare, for the pacification of contending parties)."" - Phr. O di bere (pl. wodi m-), he enjoys his life, lives a luxurious life; he is a loiterer, sluggard, time-killer. Wabu ne mmere mu, he has died in the prime of life, in the best of his years, prematurely. Wabo bere, he has (broken up time, i. e.) done what nobody has done, committed a heinous deed."
40,aberĕ,"m-, F. time; aberebi, m-, sometimes, once; mber dodo ara, as often as; mber pī n'ara, from time to time; mber ṅhinūā, at all times, for ever and ever; mbere, time which."
40,abere,(obs.) manner: aber' a wopẹ = senea wopẹ.
40,aberé,"pl. m-, an antelope with small horns, of a reddish hue and of the size of a goat; = okwadu."
40,aberebē,"-bee, a quadruped similar to a cat, eating bananas; cf. apesow."
40,bĕrebĕre,"red. vv., s. bĕre, bere."
40,berèbere,"soft, slow, gentle; softly, gently; pr. 3048; comfortably, at case; gradually, by degrees, by easy or slow steps; - slow, gradual movement, advance or progress, pr. 3043. 3397. 1201; considerateness, patience, carefulness, pr. 734. - ye b., to go on considerately, pr. 3558; oye n'ano b., he assumes a modest speech, uses a modest language."
40,berébĕre,"smooth, glib, voluble, flippant; oye or n'ano ye b., he is loquacious; cf. bétĕbete, birebire, kūrokūro."
40,berebo,"m-, liver."
40,berebu-w,"-o, pl. m-, nest, bird's nest. pr. 92."
40,bĕre-dōm,troublesome warfare.
40,bere-dūm,"v. to be of a deep red tinged with blue, of a crimson or purple colour. Ex. 26, 1."
40,bere-ẹnsā,eternity. D.As.
40,bĕrefi,basket; Akr. tekrekyi; wode nton nè mmew nè kubeahabaṅ na ẹnwene.
40,berefi,"[berew, efi], bundle or heap of palm-branches."
40,ọ-bĕrefo,"pl. a-, a needy, indigent, poor, destitute man; syn. ohiani, omanehunuo. Ps. 41, 2. 72, 13."
40,ọ-berekú,"a bird of the size of a pigeon, of light brown color, crying ""ku, ku"" not only by day, but also four times by night, considered as a spirit (osamaṅ) and fortune-teller. pr. 93. 726."
40,ọ-berekuni,"an eye red as that of the bereku; owo b., he has red eyes (considered as beautiful)."
40,abĕrekūrī,"a kind of fish, probably the eel."
40,aberekwasi,a certain annual festival.
41,abérekyi,goat
41,beremāŋ,1933
41,beremba,obarima
41,aberentse,aberante
41,o-berempoŋ,obirempɔŋ
41,berentuw,kwaeb. & ntuw
41,berɛpɔw,knot of palm-leaves
41,berɛw,"the leaves of the oil-palm, together with or separated from the midrib"
41,béréw,merɛw
41,béréww,"soft; slow, tardy; softly, mildly; slowly; comfortably, peaceably"
41,berɛwá,berepɔw
41,aberewá,"old woman, matron, mother"
41,aberewá,"a sort of mat, s. kete; a sort of European cloth"
41,aberewa-ani-nsu,a medicinal plant
41,bere-yɛ,"fineness, beauty; cf. -bere, obābere"
41,ber' ō!,come!
41,abésá,"the act of picking out the palm-nuts from their smashed pulp, s. ŋŋoye"
41,bésáŋ,a land (piece of ground) on which palms grow; a hole in which palm-nuts are prepared for making palm-oil
41,besē,"to take or break off (abe, palm-nuts from the stalk); to pluck, gather (mako, pepper, from the shrub)"
41,besebese,"to move -ano, the lips - as in speaking, without emitting a sound, 1Sam.1,13. to murmur, grumble; inf. grumbling"
41,o-bésé,the time (quarter) of the year from the beginning of the latter rains in October till in January; syn. adommūrow
41,abɛsɛbūrow',"corn grown in the said time; maize planted at the end of the harmattan, in March (before the rainy season has fully set in), the prosperous growth of which is doubtful"
41,besea,Ky. s. bosea
41,besràdé,fat of the quadruped called bew or bee
42,bètē,"weak, infirm, feeble, effeminate; soft, mild, lenient"
42,bètēbètē,"weak, infirm, feeble, effeminate; soft, mild, lenient"
42,bétēbétē,"glib, voluble, flippant; n'ano yɛ b., he is loquacious"
42,abeté,"a common food of the negroes, consisting of roasted flour of maize boiled in water, and considered one of the worst meals."
42,betetá,"a stick to stir up food in cooking, a potstick"
42,bɛtɛkáw,a species of small ants
42,bétém,ear of Indian corn or other grain.
42,o-bɛtɛ́n,"the full grown palm-tree with a long, slender stem."
42,abetia,abedwɛa
42,betū,the pulp of the palm-nut
42,abetuntúm,a species of oil-palm.
42,abetwā,to tap the felled palm-tree and cut out the opening (to keep it clean) every day as long as the palm-wine distils.
42,betwàbéré,"the time of cutting palm-trees, about 2 o'clock in the afternoon."
42,bɛw,"to steal, filch, pilfer, snatch away"
42,bɛw,"quickly, snatchingly"
42,bɛw,a kind of red & yellow-striped Europ. cotton cloth
42,bɛw,"to lie across; to cross, impede, intervene"
42,abɛw,"hindrance, impediment, detention"
42,e-bɛw,a large animal between the elephant and the buffalo.
42,e-bɛw,"place, esp. in cpds., as dabew, tobew, gyinabew, sibew; pl. m-, places, countries; a map."
42,bɛw,"mountain, hill"
42,bɛw-ase,a low tract of country at the foot of a mountain.
42,abɛwoduá,mortar for bruising (wow) palm-nuts to separate the edible part from the shell.
42,béweonùá,"a sweet-scented gum or resin; the tree yielding it. The name (lit. will eat i.e. misuse a sister) conveys an obscene notion, meaning that the use of the perfume by a girl will allure even her brother to lasciviousness"
43,abéyà,a sort of black earthen vessel
43,abēyā,a sort of black earthen vessel
43,abeyeā,a sort of black earthen vessel
43,aboyâ,a sort of black earthen vessel
43,abé-yé,the process by which oil is made from palm-nuts
43,o-bí,"somebody, some one, one, a person; any body; another (person); in neg. sentences (the negation being transferred from the verb in Tshi to the pron. in Eng.): nobody, none"
43,e-bí,"something, some, part, a quantity; any thing; another thing; in neg. sentences nothing, none"
43,bì,"also, likewise, too"
43,bí,"a, an, a certain, one, some; any; another; in neg. sentences no, not any"
43,ebíà,"(there is) something, viz. some reason or likelihood, that...; perhaps, peradventure, possibly"
43,bia,again
43,abia,"in the way of helping, to one's aid or help"
43,abiá,a kind of herb the seeds of which are used for beads
43,bíabiā,small round
43,obi-adé,"lit. some one's property, a servant of a high person"
43,obi-ade-wo-wo,"another's property is in thy hand, an epithet for a thievish person or animal, as the chimpanzee, dog, goat"
43,biàkō,one; single; the same (thing); one great multitude or mass of people or things
43,biekō,one; single
43,bākō,one; single
43,o-biakō,"one man, person or individual"
43,obākō,"one man, person or individual"
43,o-biakōfo,a single person
43,obāk.,a single person
43,o-bíara,"any body, any one"
43,e-biara,"any thing; every possible thing; in any or every possible way, to the utmost"
43,biara,"any, either"
43,obiba,a person of good family
43,obíbàmbíba,oba a obi nni no so bamsem bi
44,abibidúru,"negro medicine, country medicine."
44,o-bibi-hyéfó,dyer in blue.
44,o-bibiní,"negro, black man, African"
44,bíbíri,"dark-blue cotton-yarn or cloth; dark-blue colour; hye b., to dye with dark-blue."
44,Abibiri(m'),"the Negro-country, Africa"
44,bibitíri,"a skein (hank, knot or number of knots) of dark-blue cotton-yarn"
44,obídànebi,"an amalgam, a mixture or compound of two things, each of which depends on, or conforms and communicates its qualities to, the other"
44,bie,bue.
44,biem',"bio, again."
44,abień,two
44,abieṣá,three
44,obi-hunu,a person of no importance i. e. relationship to one.
44,e-bí-nè-bí,"so-so, half and half (ofà-nè-fà), middling. in part, not completely, not fully; indifferently; tolerably"
44,e-biṅ,"dirt, dung, muck, excrement"
44,bintuw,bin a eye merew
44,e-binom,"birim, s. obi, bi."
44,e-bio,"biem', again, further, more, any more; in neg. sentences no more"
44,biow,"biem', again, further, more, any more; in neg. sentences no more"
44,abirá,"the reverse, contrary, wrong way"
44,biram,"to beat, strike, smite with the hands"
44,bĭrébíre,"brawl, noisy quarrel, loquacity"
44,o-bĭrébírefó,"prattler, idle talker"
45,o-birebe,a kind of bird
45,o-bircku,s. obereku
45,abirekyi,"is more correct than aberekyi, q.v."
45,o-birempɔn,"a wealthy, great, powerful man"
45,abireṅkyi-abireṅkyi,"Akw. perverse, -ly, distorted"
45,biri,"v. to grow, be, or make black, dark, dirty"
45,biri,"adj. in cpds, black, dark"
45,biribi,something; in neg. sentences nothing
45,biribiara,"anything, in neg. sentences nothing, nothing at all"
45,biribi-biribiara,id.
45,biríbìri,"red, v., s. biri; anim bb., s. anim"
45,bíríbìri,adv. numerously
45,biribiri,"adv. (qualifying the vv. him, saw, wosow, to shake, shiver, tremble), very much, exceedingly"
45,abíribiriw,"epilepsy, lunacy; tẅa or yare ab., to be lunatic, epileptic"
45,biribiwá,"[biribi, dim.] a trifle; b. biara, any small matter"
45,biriborɔ,"dirty, soiled, bemired all over; dote aye no b., he is grievously daubed with dirt"
45,biriditẅem,"-tẅom, adv. all at once, suddenly; syn. prɛkōpe, birim"
45,abiriká,"m., a run, running, pr. 475.; gallop; canter, trot; tu or tutu mmirika, to run; ode mm. bae, he came running"
45,birikyi,"v. to tremble, shudder, fear; to faint from fear; to be stunned, startled, bewildered; wayi no ahi amā wab., chû amā wab. =ṅketeṅkete akita no"
45,birim,"a sudden fit, start; suddenly, at once; ofẅee ase b., he fell down plump! bounce! - bɔ b., to shrink, startle, start up with fright, esp. from sleep; cf. bɔ piriw, pirim (bɔ 7)"
45,birim,F. = binom
45,birimmírìm,"(pl. id.) 1. fin, mpata akyi b. =ntɛtew. 2. nave or spoke of a wheel"
45,abirímmüró,a thorny plant with medicinal leaves
46,o-bíriŋkràŋ,a kind of locust; s. abebɛw.
46,birísi,dark-blue cotton-cloth; blue baft.
46,abiriwá,"blacking, black paint; woakā ne ti ab., they have painted his or her head with black figures, a ceremony performed on boys at the first shaving of their heads, or on girls at the beginning of puberty."
46,bisa,"to ask, question, put a question to. 2. to inquire, make inquiry about, pr. 1632. 3085. kobisa (ne hō), to ask advice of an imaginary spirit. 3. b. .. mu, to hear, examine, interrogate, syn. pɛ mu, pɛ or pɛpɛ mu; bisa no mu! examine him! 4. to ask for, to beg, syn. sērɛ. 5. to ask for, care for; pr. 977. - Phr. obisa n'ase, a) he asks of what descent or family he is; b) he woos or courts her, asks or desires her in marriage; (diff. obisa no ase, he asks him for an explanation). - red. bisabisa; to inquire after, pr. 1686."
46,abisabisa,"questioning, questions; catechism; s. asemmisa."
46,o-bisabísáfó,"one who often asks or inquires for the way, pr. 479."
46,abisa-nsú-à-amā-nsā,"one who gives wine when asked for water; oye ab. = oye odēfo, ne yam' ye, he is liberal, generous, bountiful, munificent."
46,bisé,"cola- [goro-, gura-] nut, Sterculia acuminata; the tree bearing it; pr. 480."
46,bise-pá,"cola- [goro-, gura-] nut, Sterculia acuminata; the tree bearing it; pr. 480."
46,bisekyīm,"cola- [goro-, gura-] nut, Sterculia acuminata; the tree bearing it; pr. 480."
46,bisetōró,spurious cola-nut; cf. sūābise.
46,bisī,"dark, gloomy, clouded; dim, discoloured; osoro ye b., n'aniwa ye bb., syn. kusū, kusukusu; ade no ani ye bb., the thing has not the proper colour that it ought to have, whether dark or light."
46,bisibisi,"dark, gloomy, clouded; dim, discoloured; osoro ye b., n'aniwa ye bb., syn. kusū, kusukusu; ade no ani ye bb., the thing has not the proper colour that it ought to have, whether dark or light."
46,bisibasā,"confusion, disorder; confusedly, disorderly; oye ne nneema b.; okekā asem no b., he states the case in a vague, illogical manner; syn. bàsabasa, sàkasaka, sesèsesa; cf. abireŋkyi."
46,obitàŋbíba,"some (distinguished) mother's child; monŋkohaw ob. = onipa no, don't vex that person (who does not deserve to be vilified)!"
46,bitsi,"= piti; to b. = to p. Mt. 15,32. Mk. 8,3."
46,bo,"to strike; to be in, or cause, a vigorous motion. This apparent primary idea of the v. has many ramifications. We shall arrange the different significations and combinations with nouns and other verbs (Gr. § 200—220) under the following heads A—L with the continued numbers 1—106, and at the end review in a synoptical manner the combinations with nouns of place and relation (Gr. § 118, 2. 3. 119). A. To be in, or cause, vigorous or excessive motion: 1. to throb, palpitate: ne kōmam' boo no pā, his heart smote him. 1 Sam. 24,5. - 2. to heave, to rise and fall with alternate motions: asorokye bo, the waves rise and fall; epo bo asorokye, the sea casts up or raises billows. - 3. to break out, burst forth impetuously: asu"
47,abo,the river has overflowed its banks
47,abo,to become loose
47,abo,to emit excessive heat
47,bo,to blow vehemently
47,bo,to whirl up
47,bo,"to start (up), startle"
47,bo,to rise or cause to rise in tumultuous disorder
47,bo,to fall back
47,bo,to hasten
47,bo,to move forward with impetuosity & tumultuous rapidity
47,bo,to rage
47,bo,"to strike, ring (to sound by percussion)"
47,bo,"to strike, beat, play on, to cause to sound by beating (of musical, resounding instruments)"
47,bo,to roar
47,bo,to cry
47,abo,"to grow big, large, ripe, esp. of edible roots"
47,abo,"to grow big, heavy, old, esp. of persons"
47,abo,to grow or turn into
47,bo,to grow or swell into
47,bo,to turn into
47,bo,"to agree, be in unison or concord"
47,bo mu,"to strike together in the same place, to join, unite; to discharge itself into; to agree, be"
48,bo,"joined, united, reconciled, make friends"
48,kā.. bom,"to reconcile, make one"
48,kā or de (fa).. bom,"to join, unite, connect, compact, compose, consolidate"
48,de.. bo.. mu,"to admix, to join with"
48,bo,"so, to join, fall back upon (of military movements of parts of an army)"
48,bo so,"to fit upon, to be equal"
48,bo hō,to adjoin; to be double
48,de.. bo hō,to double
48,bo anan,"to join the feet, i.e. to walk together"
48,bo nsa,"to join the hands, i.e. to eat together"
48,bo ani,to fall in with the enemy (face to face); to engage in battle
48,bo anim,to have the faces set opposite each other
48,"bo hye, hyebahye, fuhye","to border upon, confine with each other"
48,bo afipām,to be neighbours
48,bo.. hō,"to stick or adhere to, be fastened on"
48,de.. bo.. hō,"to fasten, tie to"
48,de.. bo,to tie on
48,bo,"to gird, girdle, bind with a belt, sash &c."
48,bo,to have tied on or round
48,bo.. so,to tie on a roof
48,de.. bo.. mu,to dip in; to immerse
48,bo,"to perform a purifying, initiating & consecrating ceremony; to baptize"
48,bo.. mu,to fasten to (by beating)
48,de.. bo,to make lean against
48,bo,to put to
48,bo,to set before
48,bo,"to change abode, remove to"
48,bo,"to join, attach one's self to a person, family, society"
48,bo afe,to join one's self to one's equals
48,bo abusua,to join one's self to one's equals
48,"bo fekuw, asafo","to join a society, company"
48,bo kyeame so,"to apply, take refuge to: to call upon, address one's self to, the speaker or reporter (of a king)"
49,bo bosom,to surrender or devote one's self with all one's property to a fetish
49,bo dofoa,to resort to a shelter or hiding-place
49,bo nkokora,to resort to a shelter or hiding-place
49,bo ko,"to desert, fall off, run away"
49,wabo n'aniwa,he has knocked out his eye
49,n'aniwa abo,"his eye has been knocked out, destroyed, his eye-sight is lost"
49,bo ahina,to break a pot
49,bo ŋwaw,to break a snail
49,ahina no abo,the pot is broken (in pieces or only cracked)
49,bo adwe mu,to crack palm-nut-kernels
49,bo man,"to ruin a town, people, nation"
49,oman bo,"the town (people, nation) is going to ruin"
49,bo bere,to commit a heinous act
49,bo tuo,to destroy one's self by a gun
49,wabo (neho) tuo,he has shot himself
49,bo tom,"to fall in, sink, become hollow"
49,n'ano abo atom',"his mouth (and cheeks) have sunk, he is hollow-cheeked from old age and loss of teeth"
49,dote-dwini a odii no abo no,"to fail, happen amiss, be marred"
49,n'ahenni abo no,"his kingdom is lost to him, he has lost his k."
49,n'aduan abo no,he lacks food
49,ntease abo no,he is void of understanding
49,Onyk. anuonyam abo yeŋ,"we come short of, miss the glory of God"
49,n'akatua remmo no,he will not lose his reward
49,ne gua abo no,he failed in trade
49,nam a mekoto metoŋe no abo me,I suffered a considerable loss with the fish I bought for sale
49,emu sika fa abo me,I lost half the money invested in the business
49,"okye a moakye sika no yi, abo me",by your dividing this money I have come off a loser
49,wabo nufu,he has been weaned (from the breast)
49,obo no,"he beats him (with something, stick, hand, knuckles, fist)"
49,"mabo no po, bum",I have struck him severely
49,obo no berepow,he applies to him for help and protection in a law-suit
49,bo.. abo,"to stone, to beat, pelt or kill with stones"
49,bo.. siw.. abo,"to stone, to beat, pelt or kill with stones"
49,bo.. so,to beat upon in order to compress
49,bo no sotore,give him a box on the ear
49,obo no fe,he inflicts on him a wound in the head
49,woboroo woŋ boboo woŋ afe,they struck and wounded them
49,otuo abo no,"a gun has hit him, he has been shot"
49,asem no abo no,"the case has been decided against him, he has been found or declared guilty"
49,ntonto bo no,the lot falls upon him
49,n'ani boo me so,"his eye fell or hit on me, he glanced at me"
49,n'ani boo no so pe na ohüü no,at the first look he knew him
50,bɔ,to sting
50,bɔ..mu,"to prick, puncture"
50,bɔ ahama,to cut the climbers previous to the cutting of the bush and preparing of the land for a plantation
50,bɔ dade,"to hammer, to forge"
50,wabɔ no dua,"to drive into the ground (lit. he has driven in a piece of wood in order to produce a magic effect against him, i.e. he has cursed him)"
50,bɔ ano,"to counteract a movement, to stop: to prevent from advancing or spreading, to stop the onward progress; to ward off, resist"
50,bɔ gyina,"to cause a stand, to stop"
50,bɔ..to ho,"to defer, delay, put off, adjourn, postpone (a case)"
50,bɔ sonsonku,"to stand still, stop, stay, pause, linger"
50,bɔ..to ho,"to push away, aside"
50,bɔ obi asem hye,"to distort, misrepresent, garble another's word or matter"
50,bɔ kowa,to drive (by striking): to spin a top
50,bɔ..gu,"to spout, spirt"
50,bɔ dom gu,to drive or chase away: to defeat the enemy
50,"bɔ..fwete, pete, pansam, ampansam","to burst out or dash into and scatter, disperse (intr. & tr.); to rout, discomfit"
50,bɔ woho agua,to set to (flight): betake thyself to flight!
50,mframa bɔ dua no,"to shake, bend, bow: the wind bends that tree"
50,obɔ ne ti ase,he bows his head
50,obɔ ne mu ase,"he bends his back or downward, bows (himself down), stoops"
50,obɔ no ba,to move the hand: he beckons him to come
50,obɔ ne kon,to set in motion or employ the organs of speech: he speaks through his throat
50,obɔ ne fwene kasa,"he speaks through his nose, snuffles"
50,bɔ daw,"to set the jaw in motion by speaking, to converse, discourse"
50,bɔ semode,"to set the jaw in motion by speaking, to converse, discourse"
50,bɔ nkommo,"to set the jaw in motion by speaking, to converse, discourse"
50,bɔ waw,to cough
50,bɔ fwirema,to whistle
50,"obɔ no nkyekyewa, ntwom","to smack with the tongue: he sneers, scoffs at him"
50,bɔ seretoa,to laugh: to smile
50,bɔ nserehyehye,"to laugh: to break out into a laugh, to laugh out loudly"
50,"bɔ mu, bom'",to cry aloud
50,bɔ ose,"to shout: to give a shout, set up a war-cry"
50,bɔ..tutuw=huro,"to shout at, to deride or revile with shouts"
50,bɔ..homo,to welcome with shouts
50,bɔ bena (bona),"to wail: to lament, set up a lamentation"
50,bɔ abubuw,"to wail: to lament, set up a lamentation"
50,bɔ nne,"to make a noise: to clamour, vociferate, be quarrelsome"
50,bɔ nkommo,"to discourse, converse: to hold or carry on a conversation"
50,bɔ semode,"to discourse, converse: to hold or carry on a conversation"
50,"bɔ kasee, amannee","to report, relate: to deliver a message"
50,bɔ (no ho) nseku,"to talk of, speak ill of, slander, detract, asperse"
51,bọ diṅ,"to name, mention, speak of or about"
51,bọ mmraṅ,to give an epithet
51,bọ nsābraṅ,to pronounce the honourable titles of
51,bọ so,to speak out
51,bọ no mú,"to state in a comprehensive manner, give the main points, essentials"
51,bọ mpae,"to invoke, pray, address in prayer; to curse"
51,bọ ṅkuro,"to speak out a complaint, accuse"
51,bọ sọbo,"to blame, reproach"
51,bọ koko,to warn
51,bọ adafa,"to flatter, allure, entice"
51,bọ ase,"to strike the first blow, break the ground, lay the foundation, begin"
51,bọ so,to begin; to continue
51,bọ,"to create, give rise to, originate; to institute, ordain from the beginning"
51,bọ ade,to create the things i.e. the world
51,bọ safohene,to make or set up as a captain
51,bọ ȧsafo,"to form into a company, association, congregation"
51,bọ gua,"to sit together in council, to institute or hold a council"
51,bọ atwē,to institute a battue
51,bọ asọw,to forge a hoe
51,bọ ṅkrante,to forge a sword
51,bọ dokono,to form the dough for boiling or baking bread
51,bọ abodo,to form the dough for boiling or baking bread
51,bọ kahiri,to make a pad
51,bọ haṅkare,"to make, form or describe a hoop, ring, circle, circuit"
51,bọ dantabaṅ,"to make, form or describe a hoop, ring, circle, circuit"
51,bọ kontoṅkroṅ,"to make, form or describe a hoop, ring, circle, circuit"
51,bọ mfamfiá,"to make, form or describe a hoop, ring, circle, circuit"
51,bọ apa,to erect a scaffold
51,bọ nsra,"to pitch a camp, to encamp, also to gust; drilling"
51,bọ kwaṅ,to make a (new) way
51,bọ kwaṅ fitā,"to level, clear the way"
51,bọ da,"to dig a pit, a cavity for planting yam"
51,bọ amōa,"to dig a pit, a cavity for planting yam"
51,bọ ṅko,"to dig a pit, a cavity for planting yam"
51,bọ ṅkomōa,"to dig a pit, a cavity for planting yam"
51,bọ ṅkonoṅ,to sink a shaft
51,bọ kuw,"to make a heap, lay or put accumulate"
51,bọ dwetiri,"to gather, lay up a capital"
51,bọ kawa,to contract a debt
51,bọ so,to form into a lump; to gather into a ball
51,bọ tow,to form into a lump; to gather into a ball
51,bọ pow,to tie a knot
52,bo,"to make a plan, to plan, project, design, contrive, devise; to make a resolution, resolve, make up one's mind."
52,bo,"to invent, fabricate; (a falsehood, lie): wabo amà me, wabo ato me so, he has imposed on me, falsely charged me with; cf. obomãfo."
52,bo,"to procure by scooping, filling in: bo fa, dote, hyirew, ntwoma, to dig out clay, white clay, red ochre, cf. tu; bo akoto, to dig for crabs, tat. 505. 857. bo nsu, to scoop or draw water, cf. saw; bo ṅkyene, to scoop salt, which is filled into sacks (= koto ṅkyene; ebia wobo a p. 96) nti na wofre no sa)."
52,bo,"to procure by cutting and the hef: bo apam, to cut sticks for supporting the yam-plant; to peel or loosen bark from trees for medicine."
52,bo,"to procure for one's self: bo (nnosoa-soafo, adwumayefo) pa, to hire or take (carriers, labourers); bo.. were, to secure one's (own) confidence i. e. welfare or success; bo (obi ho) bosea, to borrow money (from another)."
52,bo,"to procure for another: bo (obi) bosea, to lend money (to another); bo.. akonhama, to maintain or support (with food)."
52,bo,"to apply: bo.. bentoa, to apply a clyster; bo.. hyirew, to make strokes with white clay on a person's body; bo nto-nto, to draw lots; bo aka, to try by ordeal."
52,bo,"to cause, call forth: bo mmusu, to cause, conjure, or do, mischief, pr. 555."
52,bo,"to cause to, bring upon, strike or affect with: bo no mmusu = ka 'musu a-no so, ka ohene ntam gu no so; bo.. huammo, to disappoint; bo.. dwonno, to confound; F. to astonish, surprise; bo.. yare, to cause a sickness to; bo.. ahohora, adapa, anyampa, to expose to disgrace, dishonour, infamy."
52,bo,"to exert: bo mmoden, to make strenuous efforts; bo mmoforo, to make new efforts."
52,bo,"to perform, commit, practise: bo.. bra, to lead one's life, form one's conduct, content one's self; bo kron (krono), to commit a theft or robbery, to rob; bo ṅkyekwakyema, to behave proudly."
52,bo,"to exercise or practise.. against, to treat with: obo no so dwae, he treats him with insolence, haughty contempt; obo no kan (kane) or ayamonwene, he is illiberal or stingy towards him; obo no atirimoden, he treats him cruelly, is harsh or cruel towards him."
52,bo,"with an inf. of a tr. v., to be easy to do; f. i. odan (:bo) si = wo asiye, a house is easily built; odan mmo si = ye ku-na, a house is not easily built; odan bo yo ana, na woresee me yo yi? is a house so easily made that you are spoiling my house? ntoma kyerew mmo kyerew, writing (books) is not an easy thing; my t-ammo (mmo) sua, to learn to read and write is not very easy. wo bbo or bo seems to be the v. ba, to come, of which the 'a' is a before the o or o of the following inf."
52,bo,"bo ade, to create the world (85)."
52,bo,"bo ase, to strike or fall to the ground, cf. amandzehun no onkobo adze da, events will last for ever and ever; gya a ombo adze, the ever-lasting fire, Mt. 25,41."
52,bo,"bo.. mu adze, to bow down."
52,bo,"bo.. hũ = ho dwiriw, to be (sore) amazed, Mk. 1,27. 6,51. 14,33."
53,anohoba,to promise
53,bo onosɛ,"to agree, live in concord"
53,bo aprow,"to compass, go or be round about"
53,bo werdam,to give a ransom
53,bo,"to push, cast down"
53,bo,"to beat, flog; to surpass"
53,bo,"to grow weak, become intoxicated &c.; to make weak &c."
53,bo,to be astonished
53,bo,bow
53,ebow,bow
53,e-bo,promise
53,Ebo,"name of a month, abt. September"
53,abɔ,boils
53,abɔ,he serves (him) as a boy at table &c.
53,o-bɔ,pounded tobacco
53,e-bo,"chest, breast, bosom"
54,e-bo,potter's clay
54,tu bo,to dig up clay for making pots
54,e-bo,"a piece or figure of brass or other metal, a stone or seed used for a weight; price, value"
54,o-bo,"stone; rock; flint-stone; bullet, slug cut from a bar of iron; the marks (cowries, eggs, leaves or other things) in the pot of a fetish"
54,"bo, pa, or siw abo","to stone, to beat, pelt, or kill with stones"
54,bo,to lay a bet or wager
54,abo,"door, gate"
54,abō,a salutation to a stranger arriving; welcome!
54,mbo!,"mmo, mó, amó"
54,boa,"to lie, be prostrate, be stretched out"
55,boa,"to lie, tell a lie, be mistaken, be wrong; to err"
55,boa,"to do purposely, to feign"
55,boa,"to help, assist"
55,o-boa,"help, assistance"
55,mboa,"help, grace"
55,boa,"stand, standing (place to stand in) for hunters waiting for game"
55,e-bóa,"net, fishing-net"
55,boa,atrā; asàu bi a wode hama aye
55,boā,"bundle, parcel, package, packet; bribe"
55,àbóa,"animal, beast, creature"
55,àbóā,"small animal, insect, worm"
55,aboabán,"kind, sort or species of animal"
55,oboabó,a large loaf of boiled bread
55,abo-abó,stony
55,boaboa,"red. v., s. boa"
55,o-boboafo,one who brings together
55,boàdábi,"a large kind of locust, of a dusky colour"
55,aboadé,a thing or things promised by a vow or solemn promise as payment for help obtained; thank-offering
55,obóadée,creator
56,boādifo,one who receives a bribe [di mmoā].
56,bòaduam,"tooth-ache, = adesé, okekaw."
56,o-boáfó,"pl. a-, helper, assistant, supporter. Bóàfo, pr. n."
56,boafo,"a hunter at his stand, waiting for game; s. boa."
56,aboā-fúfu,"a name of the leopard (s.osebo), used in the hearing of a king (also of an osumanni) when he is at meals."
56,boaguru,"a breaking out, cutaneous eruption, pustules on the hands or feet."
56,abo-āno,F. = abobow-ano.
56,mboaānofo,F. congregation.
56,boapa,"v. to do purposely, intentionally, with predetermination; to feign, pretend; oboapa yee, he did it on purpose; pr. 558. cf. boa 2."
56,o-boapawfo,= oboayifo. [pr. 1643.
56,bòapea,a kind of ape or monkey; cercopithecus? F. adópē.
56,o-boase,"broom (""bound together below""); syn. ohũae, oprae."
56,boaseto,"inf. = abotoase, patience, forbearance, endurance."
56,boasipe,?
56,o-boasomafo,"pl. a-, (civil) commissary, ""purposely sent"" (for some special purpose)."
56,abóatía,"(F.adópē?) a kind of ape, which never climbstrees; the gorilla? though feeding on fruits, it is said to be so fierce as to kill twenty men at once; ote se onipa na oye tiã; na sasabonsam de, oye tentententen."
56,aboatsena,"pl. m-, serpent, F. Mt. 7,10."
56,abóatwàwu,"obi ṅkā no ab., obi ṅhaw no, nobody stands in his way, throws any impediment in his way; odi woṅ so a obi ṅkā no ab., he rules over them without restraint."
56,oboa-yé,"inf. a premeditated act; munnsusuw se oko a mekoo ho no ye me awerefiri, na éyè me oboaye, do not think that I went there from forgetfulness, I went there designedly (meboaa-pa na m'ani daa ho na mekoo ho); adaka yi ye oboaye, this box is carefully made."
56,aboawa,"F. -ba, s. aboā; mmoawa-mmoawa, all sorts of insects and animalculae, Mf. Gr. p. 85."
56,o-boayifo,"[nea woaboa ayi no] trustee, chosen for some special purpose; pl. committee, board of commissioners."
56,o-boayifoni,board officer.
56,boba,"red. v., s. ba."
56,o-bóba,"grinding-stone, a stone of oval form by means of which the negro-women grind the corn on a larger stone called wiyammó; boba, beba, F. =obo. [syn. wiyammóba."
56,àbóba,"pl. id., bullet, slug, square piece of lead or iron used as shot; cf. obo, korábó, adarebó."
56,boba',"[= babā], bobaw, pl. m-, mmobādua, dry sticks, twigs or branches reaching to the thickness of an arm, brush-wood; wanyā ade anyā ne mmobā, he has got every thing unto the very least, = wanyā ade mā abuṅkam so."
57,bobare,"red. v., s. bare."
57,boba-bobare,"red. v., s. bare."
57,bobāyémfi,bundle of dry sticks.
57,bobāyénteŋ,"pole, perch, stick (mmobā a ɛyaŋ hɔ tenteŋ)."
57,o-bobé,"pl. a-, a species of wild vine growing in the woods."
57,bobesá,"win, wine."
57,o-bóbíri,"pl. a-, a species of antelope, of dark colour, called also ɛwi; cf. odabo."
57,o-bobiri,"pl. a-, a black stone."
57,bobo,"red. v. [s. bo, bobow], to beat or knock repeatedly; bobo (nnua), to strike with the beak, to peck; to cleave wood, pr. 775. - to break, shatter (ŋkuku, pots); to crack, pr.161. - to destroy; mframa bobo hyeŋ, the wind breaks ships, Ps. 48,7. - to cut (adɔtɔ mu hama) pr. 546. 652. mekobobɔ afuw, I go to chop the stems and branches of the bush which is cut to make way for a plantation, that all the wood may be burned completely. Mabobɔ me nsa ano na makotɔ m'asase, I did not let my hands be idle, (lit. I employed, i.e. worked with, my fingers) and have bought some land."
57,bobo,"noisy crying, pr. 1158."
57,abobo,abobow; As. = asɛrɛŋe.
57,bōbō,"quiet, silent, still, peaceable; phlegmatic, dull, sluggish; G. bobokū; oye b. = oye komm, oŋkā nehɔ korā; etɔd. wode wo woŋ sa, etɔd. nso a oyare mā woye sa."
57,abobo-āno,s. abobow.
57,abobóbé,"[abe a ne ŋŋwɛa nye deŋ na wobom' a eye yiye], a palm-nut the shell of which may be easily cracked with the teeth."
57,abobó-bó,"di ab., to bargain, barter, higgle, haggle; me nè wo di ab. = meye ade memā wo a, na womā me biribi midi."
57,abobɔ-boā,"pl. m-, the class of stinging insects (bee, wasp...)."
57,abóbadwɛ,a thorny climber; hama a ehɔ nsoe-nsoe; wode n'aba tow ware.
57,aboboe,(pl. m-?) a kind of beans; syn. átwɛ.
57,boboi,interj. of surprise; cf. boe.
57,bobofo,"onipa b., a humble man; an indolent, inert man; one who is to be pitied; sunsum bobofo (Fante song 13), spirit of humility or mercy; cf. mmobo."
57,ebo-bòné,"propensity to anger, choler, violent passion."
57,aboboním',"= ofi no anim, the place before the entrance to a dwelling."
57,abobònua,"[nea obobo nnua], a bird of the size of a lark, feeding on insects; wood-pecker."
57,bobow,"red. v., to wind up, roll up (asawa, yarn, kete, ntama, ŋhōma...); owo bobo nehɔ, the snake is coiling itself up."
57,abóbów,"the wicket or door in the fence of a negro-house, usually made of palm-branches, syn. berapae; entrance or gate of a dwelling or complex of houses; complex of houses belonging to one"
58,abobow-ano,the space immediately before the door or gate; threshold.
58,abóbów,a kind of reed or rush used for mats
58,abo-dabáŋ,1. bar of lead or iron [adabaŋ] from which slugs [abo] may be cut. - 2. Turkey-red satin stripe.
58,abodàm,"1. courage, spirit; selfpossession, composure; hearty, determined purpose, firm resolution; ye no ab. (= ye no berēw, mmā wo kōma nntu hō), do it confidently; cf. ne bo da ne yam'. - 2. name of a dance."
58,o-bodámfó,"madman, madwoman, insane person"
58,o-bodáŋ,"cave [obo odaŋ, a house in a stone or rock]."
58,abodán-sém,words or doings of madness or of a madman.
58,abọde,creature.
58,abọdeammó,"bottle of thick Europ. glass [ade a ẹbọ dade [= efwe ase] a, ẹmmo, a thing which, when it strikes or falls to the ground, does not break]; syn. tumpáŋ."
58,obọdede,"a full grown shark; cf. ẹsọ, fūrefūre."
58,abodíŋ,"praise. Wo na abodíŋ ŋhīnā ye wo dea, all praise belongs (is due) to thee."
58,bọdọ,"soft, tender, fine, used of things mixed with water, as mmore, dough; cf. fẹkọfeko, mūhūmūhū."
58,abọdọ,"bread, baked bread of Indian corn; cf. dọkono, pānọ."
58,tọ ab.,to bake bread.
58,abodōtōfo,baker.
58,o-bọdóm,"dog; syn. ọkrámaŋ, ọtwẹá."
58,bọdóm,"a precious coral or bead; cf. botá, abene."
58,bọdọmmó,"a weight of gold = 20 ntaku, 2 1/2 dollars or [ackies, 11 s. 3 d."
58,bọdọmmọfā,the half of the preceding.
58,bodua,s. ahúgyá.
58,abodwẹ,"F. Mk. 15,15. 1 Tim. 6,10. s. next."
58,abodwọ,"inward rest, contentedness, content, contentment, satisfaction; peace of mind, equanimity, evenness of temper, imperturbation, tranquillity, sedateness; pr. 3592. pleasure, delight; n'abodwọce ba, a son according to his liking; enyé no abodwọ, it displeases, vexes him; ẹho nye woŋ ab., they do not feel comfortable there; cf. ne bo adwọ; abotoyam, ahōto."
58,abodwọ-kyere,"longsuffering [bo, dwọ, & kye, to last]."
58,bòè,interj. yes! syn. yiw.
58,boē,"interj. of astonishment, on hearing or receiving bad news, or indicating pain."
59,aboe,"confluence, meeting or junction of two or more streams"
59,mboe,creation
59,bɔe,to begin
59,bɔebɔe,to part in heaps
59,aboedeù,"aboeduru, aboemerew, s. abood., abood., aboom."
59,abo-enyim,"before the door, without"
59,bɔeweréw,nail of a finger or toe
59,abɔfī,weights heavier than they ought to be; a weight or price in odd numbers
59,o-bɔfó,"messenger, ambassador; angel"
59,o-bɔfó,creator
59,o-bɔfó,hunter
59,o-bɔfó,"spoiler, destroyer; mischievous, injurious person, miscreant"
59,abɔfó,carcase of a beast
59,abo-fono,"nausea, loathing, sickness of the stomach, propensity to vomit"
59,obofo-tsén,a regular hunter
59,abofrá,"child, boy, girl; young; servant, attendant; person subordinate or inferior in rank"
59,o-bòfù,the bark of a tree that can be used as a cloth or sack
59,bofuá,a kind of tree; yellow velvet; yellow colour
59,bufũa,a kind of tree; yellow velvet; yellow colour
59,o-bo-fufu,white marble
59,abo-fúnu,false (too light) weights
59,bofũnnúa,"a tree of which bofũ is taken; a pointed piece of wood, taken from that tree, tied round with a string, used as a charm to remove mischief or to curse; the uvula in the throat"
59,abofuw,s. abufuw
59,bogya,"blood; a person related by blood, kinsman, kinswoman"
59,abogyaboa,pr. 2418
60,abogyabum,"strokes after which blood gushes, plenty of blood, much blood; s. bum, pr. 97."
60,abogyaduā,an edible berry resembling cherries; the tree or shrub producing it.
60,abogyafra,"inf. me-nèno di ab., we both are of the same blood."
60,abogye,the lower jaw or jaw-bone.
60,a-bogyesé,beard. pr. 417.
60,bogyese-pútu,whiskers.
60,abogyetíri,"the upper end (condyloid process) of the lower jaw-bone, next to the ear."
60,abogyewá,"pl. m-, one of the two rafters of a roof forming the gable."
60,abogyewayaṅ,aboa abogye a woayí atoa ne yaṅ so. D. As.
60,boha,"pl. m-, sheath, scabbard, case for a knife or sword; pr. [2847. 2893."
60,o-bo-hémmā,"[lit. queen of stones] very hard white stone, quartz."
60,o-bo-hene,"pl. a-, precious stone."
60,abo-horáṅ,"inf. provocation to anger, syn. abufuwyi. Prov. 15,1."
60,abo-húru,"inf. fury, rage, wrath; cf. abufuw."
60,bokā,"F. east, eastward, leeward; = anafo."
60,aboka,pr. 1376.
60,abokā,carcase of a beast; spoiled meat; syn. abofō; cf. bomu.
60,o-bohyẹ,"inf. [hye bo] promise, vow, = ṅhyẹcase."
60,abohyeafo,pr. 598.
60,abohyẹdé,s. aboade.
60,o-bo-hyeṅ,a white stone.
60,bòkò,"soft (ntama, tenterehū, ne nsam ye b.); tender, feeble, effeminate; syn. bẹte, merew; softly, gently, slowly, comfortably, quietly: ye adwuma no b.=berẹw; gyina hob.=komm."
60,bòkòbòkò,"soft (ntama, tenterehū, ne nsam ye b.); tender, feeble, effeminate; syn. bẹte, merew; softly, gently, slowly, comfortably, quietly: ye adwuma no b.=berẹw; gyina hob.=komm."
60,abóko,"pl. m-, a species of wild fowl; cf. akókọkwantenni."
60,bókwáw,= sukramaṅ?
60,bom',"= bo mu, s. bo, v. 16. 23. (36. 46. 58.)"
60,bom,"v. to be quiet from fear, struck with fear, overawed, intimidated, terrified; osebo sū a, mmoadoma ṅhinā bom; ṅkura ate agyinamoa ṅkā nti, woabom; woṅ ṅhinā bommom (red.) = ehū akā woṅ mā woayẹ komm. - F. to be depressed, dejected. Mt. 26, 37."
60,e-bom',"pl. a-, a small pot in which the palm-wine distilling from the tree is caught; ahinawa bi a ano ketewā-bi a wọde sua abẹ; pr. 599.946. cf. asāhina; pōrow, v."
60,abom',"[= abó mù], stony ground."
60,o-bommā,"pl. a-, a long, but comparatively thin kind of drum; cf. akyene, atumpaṅ."
60,abommá,"pl. m-, [nsu a ẹbẹbom'] tributary, tributary stream, affluent, branch. pr. 3084."
60,o-bomāfo,[bo 97] calumniator; one who falsely imputes ill deeds to another.
61,abomana,pr. 1382.
61,abomfiā,"despicable person; syn. ketewā, nea omfra, onni anuonyam; oye ab. = omfra fwefwefwe; obu no ab., = obuno kakrābi, ketewābi, obu no se omfra, he despises him."
61,bommó,a valuable cloth to cover a bed; mpanyintám bi a wode kata mpa so.
61,o-bommófó,"hunter, sportsman; syn. obòfó; pr. 600-608."
61,bommofo-adua,"a certain fruit, very red."
61,abommoyere,"goru ab., s. adam, 2."
61,bọmmọ̀n,"red. v., s. bọ̀n'."
61,bọmmọ̀n,"red. v., s. bọ̀n."
61,bọmoné,"stink-fish, a kind of dried fish brought from the coast for sale. [G. bomono, fr. Tw.momono, raw, or boṅ, to stink.]"
61,bọmmonserewá,"a kind of bọ̀rọfo-kente, q. v."
61,abọmmorowusá,a shrub with edible fruits.
61,bọmọté,a kind of beast resembling a beaver.
61,abọ́mpuruwa,1. a small round wooden box to keep gold-dust in.—2. a tree with its fruit resembling the pomegranate
61,bọmtī,a kind of gun.
61,bọmū,"a killed beast of chase, game; s. abọkā."
61,Abọ̀mmúbuwàfrẹ,F. nea wobo abubuw a wofre no.
61,bọṅ,v. to call or cry after or to (from a distance); bọṅ no! cry after him!
61,bọ̀ṅ,"v. to crow; akokọ b., the cock crows, pr. 353. 1673."
61,bọ̀ṅ,"v. to imbue or penetrate, as leaven does the dough, pr. 2045; to smell, emit an odour or particular (good or bad) scent; to stink: pr. 1518. 2496. srade, anowatere bọṅ no hō, he smells of ointment, lavender-water; ne hō bọṅ, he stinks; pr. 215. 1388. 2427. wuram hō bọṅ, the bush there emits an offensive smell; okọ no abọṅ woṅ fwenem', they are weary of, disgusted with fighting."
61,bọṅ,"v. F. = bọ̄, to begin."
61,o-bọṅ,"hole, hollow, cave, den of animals; cf. etū, tokuru, amọa; pr. 215. 2359."
61,o-bọṅ,"vale, valley; bed of a river; obọṅhúnu, valley without water; cf. osubọṅ, okā."
61,bọ̄ṅ,"rind, bark (of a tree, dua hō ab.); scales (of a fish); cf. hono. -- Phr. ọmmọọ hō bọ̄ṅ ẹ, he has not even made a beginning of it."
61,abon',F. badness; s. bone.
61,abọ̄nā,Ak. = abọṅ; cf. dwẹtebọ̄nā.
61,bọ̄nā,"stock of a musket, gunstock. s. tubọ̄nā, tuo."
61,bọ̄nā,"Ak. bọ bẹ̄nā = twa a(gya)dwọ, keṅkaṅ sū-dwọm, to recite the praise of a deceased person, to wail, lament."
61,bọ̄nnā,"otọ (mmea) mmọ̄nnā, he attacks women by night in order to ravishthem. — o-bọ̄nnátọ́fọ́ [nea ọtoa mmea anadwọ pe se ọfa woṅ] a lascivious, lewd man, ravisher."
62,bónám,"venison, game."
62,bòné,"bad, evil, wicked; aboa-bone, a wild, dangerous animal; asem-mone, a bad i.e. hard, unkind word; evil, wicked deed; bad i.e. difficult, dangerous palaver; pr. 2864-6. 2548."
62,e-bòné,"evil; sin, wickedness. [G. efoŋ, eša.] Maye bone, I have done evil, I have sinned; odwɛn ne kōmam bone, he meditates evil in his heart; fa me bone firi me or kyɛ me, forgive me my sin(s). - bone-awosaŋ, original sin, Kurtz § 198. - bone-fafiri, F. ebonfafiri, bonfakye, forgiveness of sins."
62,o-bòné,"1. = onipabone, a bad, wicked man; nuipa yi, wòye abòné. - 2. = okwaseá, a foolish man."
62,o-bonefo,"id. 1. & 2. - abonefosɛm, wickedness; foolish tricks; blockishness, thoughtlessness."
62,bonehwáne,bayonet.
62,bonewone,bayonet.
62,borewórè,bayonet.
62,boŋhoŋ,a kind of beads; s. ahene.
62,o-bòní,"waiter, servant at table; cf. abō."
62,bònníaye,"1. ungrateful; oye b., he is ungrateful. - 2. ingratitude, ungratefulness."
62,aboním,diadem; cf. abotiri.
62,o-bóniù,"a barren, unfruitful woman or beast."
62,o-bóŋkā,"gutter, gully, furrow, channel, ravine formed by water; cf. oboŋ, okā, osukā."
62,o-bóŋkó,"lobster, craw-fish, cray-fish."
62,boŋkärá,"travelling-basket, syn. apakáŋ; cf. dènkyédènkyé, osáko."
62,aboŋkyi-aboŋkyi,"rough, uneven; okwaŋ so ye ab., the way is rugged."
62,bonnó,"work done in leisure time, pr. 2497. di b., to do work in short intervals between other work, to work in leisure time: mekodi b. kakra wo m'afuwm', I will use the little free time (between my other work) for working on my plantation; sɛ manni b. maŋkyerɛw wo na mise meretwɛŋ akoṣi sɛ menyā hō kwaŋ korā de a, en'de aŋkā ebekye. - bonnodi, inf. - obonno-dwuma, incidental, occasional business; adwobaw-kā ye ob. - bonno-so, occasionally, incidentally."
62,a-boŋsam,clapping of (the) hands.
62,o-boŋsám,"1. wizard, sorcerer, witch, = obayifo. - 2. the devil conceived to be an evil spirit reigning over the spirits of deceased wicked men; a demon; sunsum bi a okyerɛ nnipa nṣemmone; ono na ne mma ne abayifo, abosom nè asumaŋ."
62,o-boŋsámfó,= obayifo.
62,aboŋsám-kürów,"hell, the place or abode of the devil and of the spirits of the wicked placed under his dominion; the abode of evil spirits."
62,abonse,bottom of a valley.
63,(o)bɔnsu,whale or other animal in the sea spouting water.
63,bonsu[w]á,a kind of pot; s. ahina; a drinking-vessel.
63,abɔntɛn,"street, the chief street passing through the midst of most negro-towns."
63,abɔntem-fáŋ,an esculent herb.
63,abɔnten-námpáŋ,a house with an open front towards the street; s. ọdámpáŋ.
63,abɔntɛn-kɔ,street-fighting.
63,o-bóntó,"boat; cf. batadewa, ahyɛmma, okɔrow."
63,abɔntóre,a small edible fruit; the climber on which it grows.
63,bontori,a tree resembling the poplar.
63,bóntɔ̀rɔ̀,"bunting, utama hata hata, of which flags are made."
63,abontowúku,a climber bearing edible fruits.
63,o-bontũ,"a species of goat with long hair, very tame and careful; pr. 609."
63,abonua,"axe, hatchet; syn. atwapo; Onyankɔpɔn ab., thunder-bolt; a stone resembling a finger, said to fall from heaven with the lightning and to enter the ground until it meets water below and then returns; the thunder-stone, a belemnite (?)."
63,o-bonúkyéréfo,"name of a large drum, bommā. pr. 513."
63,bɔnwɔ́ma,"bile, gall."
63,abɔdɛ́n,"dearness, high price; otɔɔ no ab., he bought it dear; cf. ne bo yɛ dɛn. - abɔdɛn-bo, pl. -abo, precious stone."
63,abɔdúru,"courage, courageousness, bravery; cf. ne bo yɛ duru."
63,abɔmɛréw,"cheapness, low price; to ab., to buy cheap; cf. ebo yɛ merew; abosiri, fowfow."
63,abo-pae,"the quarrying of stones, pr. 3593."
63,o-bɔpɔ́n,"a large animal, as, ɛsono, susono, yoma, tɔrom, bew, ɛkɔ."
63,o-bó-pɔ́n,a stone table.
63,bor,"bore, bore, boro."
63,aborá,"a European or mulatto-woman, s. abɔrɔwá."
63,borade-kyɛna,a fine straw-mat.
63,aboraŋkā,akutu.
63,aboraŋkawa,akutu.
63,abor-do,"exceedingly, abundantly &c. Mt. 2,16."
63,bore,"1. to dig; b. dé or dé ase, to dig round about the yam; F. bɔr dadze = funu fam', Mt. 25,18. - 2. to hollow, scoop, cut or hew out, excavate; b. ọdasem', ọkɔrowm'; syn. tu mu. - 3. to search out; wabɔre (abɔre abɔre) akɔfá adé no, he has found it out; - to devise = tu n'adwɛnem agyina. Obɔro ne nsɛm hye, (= ọmpɛ se odi nsɛm nhinā wọ guam') he buries his matters, keeps them to himself, keeps them secret, manages to hide them."
64,bore,v. to stir
64,b. asu,to move about in the water to swim
64,bore so,to be engaged in combat or fighting
64,e-bóre,venom of snakes or insects
64,e-bòre,a kind of venomous snake
64,o-Borebóre,a name of God or of a mythical Deity
64,aborehūde,invention
64,boreséŋ,a vessel in which dough is made or kept
64,borewóre,bayonet
64,boro,"v. Ak.bo, 1. to beat, strike, smite"
64,boro nsā,"Ak. s. bow, v."
64,bŏro-,or bŭro- in compds. indicates that a thing is from Europe or of European origin
64,e boro,"Ak. = ebore, poison"
64,àbóro,"injury, damage, detriment, hurt; malevolence, envy"
64,aborobā,"a smooth cylindric piece of wood, serving instead of a smothing-iron"
64,abòrọbe,"ananas, pine-apple"
64,abòrọbe-dua,the ananas-plant
64,abòrọbe-fuw,ananas plantation
64,abòrọbe-mma,dim.
64,abŏro-beŋ,"European horn, French-horn, trumpet"
64,o-bóróbíŋ,a by-name of the vulture
64,bóróbóro,"sweet, agreeable to taste"
64,bŏrŏbŏrŏbŏrŏ,"sweet, agreeable to taste"
64,abŏrŏbŏ-sem,"a nice, interesting, entertaining story"
64,boroboro,"ohiani b., a really, miserably poor man"
65,o-bɔro-de,the plantain; 1. the fruit or fruits; 2. the tree
65,o-bɔrode-duru,"a bunch of plantains, containing 5 to 8 hands or rings of single fruits"
65,o-bɔrode-dwé,roasted plantains
65,brɔde-dwɔ,roasted plantains
65,brɔde-hóno,"the husk of the plantain-fruit, the ashes of which mixed with palm-oil are made into soap"
65,brɔde-sé,"the stump of a plantain-tree cut off, from which new trees grow"
65,o-brɔdéwá,"the suckers or shoots from the mother-plant, plants for transplanting"
65,abɔro-dí,inf. action of one seeking another's detriment
65,abɔrodɔ́,"he feigns to be unable to fight, he deserts"
65,o-bɔrɔdoni,deserter
65,o-bɔrodomá,the European fig or fig-tree
65,borɔfá,As. a weight of gold
65,bɔrɔfére,"a tropical fruit resembling a melon, the papaw, and the tree, Carica papaya"
65,Bɔrɔfo,"F. A-bɔrɔfo, pl. of O-bɔroni; he speaks a European language"
65,bɔrɔfo-hama,"pack-thread, twine, string, cord of European manufacture"
65,bɔrɔfo-hɔma,dressed (curried) leather from Europe
65,bɔrɔfo-kènté,striped cotton
65,bɔrɔfo-mako,a kind of pepper
65,bɔrɔfo-sɔukɔraŋ,the tamarind and its fruit
65,bɔrɔfo-ŋkatee,the bread-fruit-nut and its tree
65,bɔrɔfom',"in the manner, after the fashion of the Europeans"
65,bɔrɔfo-pè,"inf. óyè br., he is (foolishly) fond of, or, seeks to please, the European"
65,bɔrɔfosá,a string of beads
65,abɔrɔfo-sém,"words, manners, dealings of the Europeans"
65,o-bɔrɔfo-tefo,one understanding and speaking a European language
66,bɔrɔhãnne,glass. D. As.
66,bɔrɔhene,the European governor of the English possessions on the Gold Coast.
66,bɔrɔ-hõma,paper; leather.
66,borɔ-hõma,paper; leather.
66,bɔrɔgɔ,"soft, weak, flabby, flaccid, as withered leaves, blotting-paper; feeble, e.g. from intoxication or seediness; mmɔrɔkɔmmɔrɔkɔwafo, effeminate, 1 Cor. 6,9. D. As."
66,bɔrɔkɔ,"soft, weak, flabby, flaccid, as withered leaves, blotting-paper; feeble, e.g. from intoxication or seediness; mmɔrɔkɔmmɔrɔkɔwafo, effeminate, 1 Cor. 6,9. D. As."
66,brɔkɔbrɔkɔ,"soft, weak, flabby, flaccid, as withered leaves, blotting-paper; feeble, e.g. from intoxication or seediness; mmɔrɔkɔmmɔrɔkɔwafo, effeminate, 1 Cor. 6,9. D. As."
66,abɔrɔkɔkɔtɛ,a kind of beads; s. ahené.
66,abɔrɔ-kyɛw,a European hat; pr. 2894.
66,ò-bóróm,a kind of lizard.
66,abɔrɔmá,"a species of dove, wild pigeon, turtle-dove; = mmorommoromé, gyamhɔho, gy'ahɔho."
66,abɔrɔmè,"a species of dove, wild pigeon, turtle-dove; = mmorommoromé, gyamhɔho, gy'ahɔho."
66,abɔrɔmẽ,"he lays words (riddles) before him to make him guess; when he does not find the right answer, he abuses him in most offensive language referring to father & mother; woto ab., mã yeŋkoto ab., — an immoral play."
66,bɔrɔmmá,"narrow street, alley, lane."
66,bɔrɔmpɛtɛ,"water-pox, chicken-pox (mpete brafo neŋ)."
66,abɔrompo,a kind of herb.
66,bɔrɔŋ,"street, lane; cf. abɔnteŋ, F. abrɔntseŋ."
66,bɔrɔ̃,"copper wire, kôbere ntwẽe."
66,bɔro-ñño,s. bũro...
66,abɔrɔ́nɔ̃mã,"dove, domestic pigeon. [bɔro, anoma.]"
66,o-brótea,s. opete.
66,bɔro-toa,"cruet, phial, vial, flask, flagon, bottle."
66,abɔrɔ tótó,"a certain shrub, perh. Strychnos nux-vomica, and its seed, nux-vomica, poison-nut, vomica nut; wode sisi obye, wode gye baŋ."
66,abɔrɔwá,"European female (woman, lady); mulatto-woman; to distinguish the former from the latter, she is called Abɔrokyiri abɔra. — abɔrɔwá-ba, a child of a European mother; a European lady not yet grown."
66,abɔrá,"European female (woman, lady); mulatto-woman; to distinguish the former from the latter, she is called Abɔrokyiri abɔra. — abɔrɔwá-ba, a child of a European mother; a European lady not yet grown."
66,borɔwo,"As. a weight of gold, = ayiratwẽ; s. borɔ̃fã."
66,abɔrɔ́wɔ̀ññúá,lard brought from Europe.
66,abɔsám,"cliff, crag, rock; chain, shelf, layer, ridge or ledge of rock or stones; rocky place. F. = abɔtaŋ, Mk. 4,5."
66,o-bósáw,a kind of sponge for washing; obrɔde a woadwow na emu duã a woaboro a wode guare no. Ak. brɔdéwá.
66,abosé,"inf. beginning, origin; minnim sã asɛm no ab. trodɔ, I do not know the true etymology of that word; cf. mmɔase, mfiase, mfitinase, ũhyease."
66,bósea,pebble.
66,bósea,"Ky. béséa, loan of money; bɔ b., to lend or borrow money; pe b., to borrow money, pr. 2935.2937. mabɔ no (mape no) b.,"
67,bosea-bo,lending or borrowing of money
67,a-bosea-pe,lending or borrowing of money
67,abó-sɛ̀n,hanging up of stones to avert a threatened event
67,abosí,"hazardous enterprize, daring feat"
67,o-bósím,a kind of plantain
67,abosíri,a low or cheap price
67,aboso,most high
67,abosó,"1. girdle. 2. batten, the movable bar of a loom, which strikes in or closes the threads of a woof"
67,aboso-bā,"club, cudgel"
67,abo-so-ǹhwī,moss growing on stones
67,o-bosóm,the moon; a month
67,o-bósōm,"tutelar or guardian spirit of a town or family; imaginary spirits, subordinate to God, worshipped or consulted by the negroes, generally called fetishes by the Europeans"
67,abósōm,a potion drunk when in swearing an oath of allegiance or mutual fidelity; a covenant made valid by such a potion
67,o-bosom-búw,house or lodging of a fetish
67,o-bósom-aketéw,chameleon
67,o-bosomfó,fetishman
67,o-bosommá,fetish child; a child gotten by the help of a fetish and therefore given to him
67,bosom-maǹ,"enclosure, enclosed space sacred to a fetish"
67,abosom-mo,the calling upon or surrender to a fetish
67,o-bosom-muw,house or lodging of a fetish
67,abosompém,the fetishes altogether
67,abòsomǹágùà,the fetishes altogether
67,o-bosom-panyiǹ,a chief or superior fetish
67,o-bosom-póǹ,"a great, powerful, mighty fetish"
67,abosoǹ-kwā,slave or servant of a fetish
68,aboson-né,a thing given or belonging to a fetish.
68,aboson-sém,"fetish-religion, fetishism; fetish-matters."
68,abonson-sòá,inf. the carrying of the fetish.
68,aboson-sóm,"inf. fetish-service, the worshiping of fetishes or idols; idolatry, heathenism."
68,o-bosonsomni,"pl. a- -fo, a worshiper of fetishes, a heathen."
68,aboson-sú,the water in the pot (koro) belonging to a fetish.
68,bòsonopo,"the great sea, ocean."
68,bosōrōpo,"the great sea, ocean."
68,bosōw,"óyè b., he is melancholy."
68,o-bósú,"[e-bow, osu] dew; ob. gu, dew falls; cf. mmosuwa."
68,bota,"v. to mark, to incise, make an incision; woakobota onipa (akyere) ne, to-day they have marked a man destined to be killed; ode sekaṅ abota no (hō) kakra, he has given him some incisions with a knife; - to get a sight of, catch sight or a glimpse of: wo ani bota no hō dabiara a, fa bisa no mā me, any day you get a sight of him, ask him about it for me; n'ani ammota ho = waṅhū hō; obae, m'ani ammota no, when he came, I did not see him at all."
68,bótá,"a yellow coral, the most costly of all, = kakawa; s. ahene."
68,botae,"v.n. [bota] mark, target, butt; - watow or wabo b. no mu, he has hit the mark or aim."
68,àbótafowa,"pl. m-, a child of one or two years."
68,o-bótaṅ,"pl. a-, rock; obo a éterew' hó."
68,abotar,F. = abotoase; nyā ab. = to wo bo ase.
68,àbóteṅ,"the right or full sum, = abo a eye okwaṅ mu; the principal sum; cf. akoteṅ; n'ábóteṅ kofuaa ahannu, the complete sum amounted to 200 (heads of cowries)."
68,o-bótíri,= aboa ti.
68,abotírì,"tam ab., to wrestle. [G. fō abotiri.]"
68,abotíri,"pl. m-, head-band, fillet; diadem, crown; ade biara a wode bo woṅ ti."
68,abotisá,"a triple crown, as the pope's."
68,abotitéṅ,"a high stately head-dress, turban; abotiri tenteṅ, ab. a enye ahuhu-tama bi na eye ntama-pa."
68,bóto,"pl. m-, sack, bag, bundle; syn. atweā."
68,bòto,a powdered medicine in a small gourd; woahuw (no) [b. agu ne fwenem'].
68,botō,s. potō.
68,aboto,"inf. [to (me) bo]: laying a bet or wager; enam akyin-nyegye mu na ab. no ba, na ete se ṅkyia."
68,abo-to,"= abotoyam', peace, confidence, good cheer."
68,abotoase,"inf. = boaseto, patience, forbearance, endurance."
68,abótó,"empty or blind nut or other fruit containing no kernel or flesh in the shell or husk (brode, ṅkate, aṅkyē &c. aba a eye hono ṅkō na aduaṅ ṅnim'); ofā ye ab."
68,o-boto-fó,"pl. a-, nea odwenso kete so, who pisses on his mat [bo tow] cf. pōtofó."
69,botohúhúw,steam
69,abotokurá,"a kind of mouse, of a dark hue with light stripes, living in the wood"
69,bótōrō,"he struck him with a deadly blow, he beat him so severely that he must die from it"
69,botow,"to abate, to decrease, relax, become less in vigour, strength, heat &c."
69,botowá,"small bag or sack, pouch"
69,botowá,"a musical instrument, bag-pipe?"
69,abotoyám,"peace of mind, joy, happiness; satisfaction, contentment"
69,abó-tu,consternation; despondency
69,abotúsém,news of trouble or danger; report causing fright or consternation
69,botúróbòdwó,"lukewarm, tepid"
69,bō-ū,"by all means, absolutely, positively; with negation: by no means"
69,bow,to become tough (of clay in pottery)
69,bobow,to become tough (of clay in pottery)
69,bow,"bundle of tobacco-leaves, commonly called a head or hand of tobacco"
69,bow,a charm (fetish) hidden in the ground
69,e-bow,"fog, mist"
69,bow,"to grow weak, flag, slacken; tr. to make weak, slack, flaccid, flabby, flaggy"
70,bowema,boṅwoma
70,bòwɛrɛw,"nail of a finger or toe; claw, clutch, pounce, talon; syn. wɛrɛw"
70,bòwɛrɛwua,a disease which spoils and blackens the nails of the fingers
70,abòwí,"contribution, indemnification for expenses of war, paid by the defeated party; ransom paid by the conquered chief to redeem his people that they might not be made prisoners or slaves"
70,abòwuw,"contribution, indemnification for expenses of war, paid by the defeated party; ransom paid by the conquered chief to redeem his people that they might not be made prisoners or slaves"
70,aboyâ,"s. abéyá, asaṅka, ayawa."
70,aboyéá,"s. abéyá, asaṅka, ayawa."
70,aboyafo,= kekā
70,aboyám',"1. girdle round the waist. 2. (efeṅ bi, a newly framed word) = nea ebo yam'; wuhu a, na wo yam' abo, wo koṅ do no, wo ani so no dodo."
70,bo-yerew,"= abofono, sickness of the stomach"
70,bra,"1. to make, enact a law or laws, to order with authority, to lay an injunction upon, to command, esp. to forbid, prohibit; 2. to settle; 3. to come (i. e. to be born) again into this world; 4. to become habitual; 5. to deceive; 6. bra.. mu, to withhold or keep back, to hide or conceal something in speaking, to dissemble, dissimulate"
70,băra,"1. to make, enact a law or laws, to order with authority, to lay an injunction upon, to command, esp. to forbid, prohibit; 2. to settle; 3. to come (i. e. to be born) again into this world; 4. to become habitual; 5. to deceive; 6. bra.. mu, to withhold or keep back, to hide or conceal something in speaking, to dissemble, dissimulate"
71,o-bra,"1. the coming into this world, the state of existence or life in this world; 2. manner of life, conversation, behaviour, conduct; 3. the nature i.e. the menses or monthly courses of women"
71,bra-agoru,a ceremony performed with a girl having attained to puberty
71,bra-tām,"afikyikọ-tām, asabu-tām"
71,abra,"falsehood, fraud, deceit"
71,abra,a kind of monkey; sareso akyeneboa bi
71,mbra,F. = mmăra
71,brā,s. bĕnā
71,bra-bán,"manner of behaviour, conduct; ne sā b. nye me fe"
71,brabo,"[bra, v. 1., ebo], set price or rate; fixed amount of fees, fines, indemnities &c."
71,abra-bo,"inf. [bo bra] life in this world, pr. 3060; way, F.Ps.67,2. conduct, behaviour"
71,o-brabráfó,"pl. a-, a deceitful, fraudulent, person; syn. okóntomponí, okọṅkọnsáfó"
71,brada,"enticement, persuasion, temptation. -to b., to deceive by sweet words, to entice, persuade, talk over; woto no b. = wode nsem dede dādā no na wanyā amane. - bradam', F. by craft, Mk. 14,1. - brada-to, inf. enticing &c.; cf. semmradá"
71,abradā,F. s. abrannā
71,o-bráfó,"pl. a-, executioner, hangman; pr. 636. forerunner; a by-name of the bird apatipere"
71,o-bràfó,"pl. brafó, a woman that has her monthly courses"
71,bráka,"round-about way, by-way, side-way; (mereko no, mennam tē na) mekobuu b. na mede mekofii akurā ho, I came to the village by a round-about way; wabu br. akọfá m'akyi, by a side-way he came in my back; wobebu yeṅ hō b., they will go round to attack us from behind"
71,bra-kyéw,"obu br., his conduct is crooked, perverse, dishonest"
72,bram,"v. [red. brammram]: 1. b... hō, to overlay: wode sika abram afōa no ti hō, the handle of the sword is overlaid with gold; to shut up, close, secure, fasten, stop: bram paŋkraŋ no hō ŋhĩnā hyia, make the cask water-tight all round. — 2. b... āno, to secure, shut or lock up; to seal up; bram nnipa no āno na woaŋnyā okwaŋ amfi adi, shut up or confine those people that they cannot come out; fa nnadewa bram adaka yi ano, nail this box up; b. poŋ no ano fa nnadewa boboŋ', secure this door with nails. — 3. b... so, to overwhelm = kata so, buŋkam so; dom yi abārám' [akata] yeŋ so, the enemies overwhelm us, are more than we."
72,bram',"bra mu, s. bra, v. 6."
72,brammram',red. v. bram.
72,brámmram,"n'ano ye b.=birebire, he is a babbler, talker, tattler, ready to speak evil things."
72,o-brámmramfó,"pl. a-, onipa a ne tekrɛma yaw bebrɛ, n'ani ye deŋ; syn. okasafo."
72,o-brámmiri,"[obraŋ, biri] pl. a-, 1. obraŋ tuntum, a black, strong man. — 2. óyè ab., he is a wrathful man; abufuw ye ob. or ab., wrath can make a man commit things which otherwise he would never do."
72,abrammó,"[bram'abo] weight, weights; okari ne sika wo m'ab. so, he weighs his gold with my weights."
72,abrammo-kwáŋmù,true weights.
72,o-braŋ,s. oběraŋ.
72,a-bránnà,"F. abradā, pl. m-, sail [G. abɛŋā]; si ab., to set a sail; screen to keep off the rays of the sun; gallery, veranda, covered by the sloping roof of the main building [G. ablana]; portico, piazza, covered walk, corridor, pillared hall, colonnade, peristyle."
72,abransem,s. aber...
72,abraŋso,s. aber...
72,abrante,s. aber...
72,abrante-wa,s. aber...
72,abrante-kwā,s. aber...
72,brapa,[obra pa] F. virtues; s. obra 2.
72,brasiam,s. okore.
72,bra-tām,s. obra 3.
72,braw,"a-, s. beraw, a-."
72,bre,bre... s. bere... bere...
72,mbrɛ,"F., = nea, where, senea, as, how."
72,abrebo,F. = abrabo.
72,abrebrɛtam,"F. soft raiment, Mt. 11,8."
72,mbrɛhōadze,F. = ahōbɛrease.
72,mbrew,"F. = 'merew, weak; weakness."
72,bremba,"F. = obarima, obirempoŋ."
72,brempon,"F. = obarima, obirempoŋ."
72,abrentse,F. = aberante.
72,bri,s. biri
72,bro,bro... s. bōrō... boro... būro...
72,bru,s. buru...
72,brù,"a. blue, (cf. akase, bibiri, hoa, tuntum); n. queen's blue, indigo blue; blue starch."
72,bu,"v. [red. bubu] A. to bend, fold; B. to crack, break, cut &c. A. 1. tr. to bend, crook, curve; intr. to bend, crook, be curved; syn. kyea, kōa, kontoŋ; epo abu doŋnoŋ, abu ko asase no mu, the sea has formed a bay; bu braka, to take a round-about way."
73,bu āno,"to seam, hem a cloth"
73,bu dukū no āno,"to seam, hem a cloth"
73,bu.. to hō,to double
73,bu.. due so,"to bend and lay over, to double"
73,bu.. bọ hō abiesā,fold it thrice
73,bu kotoku,"to make a bag, hat, sandals, a cartridge-box"
73,bu afiri,to turn or cut a somerset
73,bu ṅkompow,"to bend or turn the neck, to look round, about or back"
73,bu.. ani,to wink at
73,bu nsa,to bend the fingers in counting the (six) days during which a menstruant woman is not allowed to enter or sleep in her regular dwelling
73,bu ntwer,to bow the knee
73,bu.. mu,to break in two
73,bu kwae = dow,to cut the bush
73,bu mu,"to break or cut in the middle, to cut off"
73,bu.. mmerem',"to break or cut in the middle, to cut off"
73,bu nna mu,"to break or cut in the middle, to cut off"
73,bu.. so,"to break off the end or point, to blunt"
73,bu.. so,"to break, transgress, disobey (a law, command, order, injunction)"
73,bu.. so,"to go beyond, surpass"
73,bu so,"to run over, overflow"
73,bu so,"to be abundant, plentiful, frequent, often met with, common"
73,bu so,"to be common, unclean"
74,bu,To break out or forth
74,bu,to end or turn out badly
74,bu,to befall
74,bu,"to fail, fall short, fall off in respect to vigour, activity &c."
74,bu,"To count (orig. by bending the fingers, cf. 5 c) bu nsa), to reckon, compute, calculate"
74,bu akontā,to cast up an account; to cipher
74,bu hō ak.,to account for
74,bu ān'o,"to cast up, sum up in a total"
74,bu.. fra (mu),"to reckon among, to add to"
74,bu akapere,"to balance an account, counterbalance a debt"
74,bu tew,to neutralize or cancel a debt by balancing against it an equal amount owed by the creditor
74,bu,"To account (one) for, consider, think, deem, judge (one able, capable, apt, fit), acknowledge as; to estimate, esteem, respect, honour"
74,bu.. abomfiā,to despise
74,bu.. animtiā,"to despise, disregard, hold in contempt"
74,bu,"To observe, pay attention to, regard with care"
74,bu.. bra,"to behave, conduct, bear or carry one's self"
74,bu brakyéw,"to behave, conduct, bear or carry one's self"
74,bu mañ,to observe the social or civil duties
74,bu mañ kwañmu a wompam',to administer judgment impartially
74,bu.. bem,"to pronounce sentence in favour of a person in a law-suit, to acquit of an accusation"
74,bu.. fo,"to give (bring in) a verdict, pass sentence against a person, to pronounce guilty, condemn"
74,bu.. nteñ or ateñ,"to decide, judge, pronounce judgment"
75,bu,"judge, to decide a case, to give, pass or pronounce sentence or judgment on (upon) or against"
75,bu mu,"to bring to a decision, do away with (a case)"
75,bu nteŋkyew,"to judge unrighteously, to pass an unjust sentence, to pervert judgment"
75,bu ananateŋ,"to pronounce an unfair, partial judgment, to judge partially"
75,bu be,"to speak, utter, use a proverb, to make a proverb"
75,de bu be,to turn into a proverb
75,bu,in combination with nouns of place and relation
75,abu,"fall, ruin, overwhelming calamity, disaster, great misfortune"
75,bù bu,"plenty, abundantly"
75,bua,"to cover, to shut, close, esp. with so"
75,bua da,"lit. to cover (scil. the food) and sleep, i.e. to fast; to go to bed without having eaten"
75,bua,to come down upon
75,bua,"to grow thick, bushy, luxuriantly, rankly (esp. of climbers); to flourish"
75,bua,"to answer, reply"
75,bua,to congratulate
75,bua sō,"to charge or upbraid with, to reproach, to scold or abuse by reminding one of some reproachful deed or matter, to cast something in the teeth of"
75,bua nteŋ,to conclude
75,abúa,tobacco-pipe
75,abuabuagyásò,asaŋka tratrã bi a wode bua aduaŋ so wo gyaso
75,abuadú,"fasting, fast, abstinence from food"
75,buber,harvest (of Indian corn)
75,bubu,"to break or bend repeatedly, to double, fold"
75,bubu,to break many things simultaneously; to break in many pieces; to pluck
76,o-bubuafɔ,"a man lamed by sickness, palsy; okasa bubuafɔ, a lame i.e. awkward language or manner of expressing one's self."
76,mbubui,F. s. mmubui.
76,abubummaba,"a kind of worm or moth; ab-aŋwéne, the case (made of broken little sticks) in which it lives, pr.658."
76,abubummā,"a kind of worm or moth; ab-aŋwéne, the case (made of broken little sticks) in which it lives, pr.658."
76,Obubuo,"name of a month, about November."
76,abubur,"pl. m-, F. = aburuburu, Mt.21,12."
76,abubu-w,"1. public inquiry after something. 2. wailing, crying, from grief, sorrow, fear, for help in consternation and distress; the noise made by the people whilst sheep are being offered to the river-spirit (at Akwam); - obo ab. = oresū na oredi ŋkommo, he wails, laments; ab., wommó nò kwa."
76,abubu-o,"1. public inquiry after something. 2. wailing, crying, from grief, sorrow, fear, for help in consternation and distress; the noise made by the people whilst sheep are being offered to the river-spirit (at Akwam); - obo ab. = oresū na oredi ŋkommo, he wails, laments; ab., wommó nò kwa."
76,abubuw-bɔ,"inf. wailing, lamentation."
76,bue,"[red. buebue] to uncover, disclose, cf. bua. 1. tr. to open (obue n'ani, n'ano, ne nsam', ŋhōma mu, he opens his eye, mouth, hand, a book); bue adaka no (so), open the box; kobue poŋ, open the door (syn. hie); bue oḍan no (ano), open the house; diff. tu ano, sāŋ, - 2. bue..āno, to initiate, inaugurate, dedicate: yereko-bue asoreḍan āno, we are going to dedicate a chapel. - 3. bue so, to clear (land) from trees: obue n'asase so, he cuts away the trees on his piece of ground, so that the sun may shine on the land. - 4. bue to so, to turn over (the leaf of a book). - 5. intr. to open, be open: opoŋ no abue (syn. āno da ho), the door is open; n'ani abue or ada ho, his eye is open; n'aḍwenem' abue or ada ho, his mind is clear; ne tirim bue, his conscience awakes."
76,buebue,"red.v., s. bue; anim rebuebue = anim rebaebae, the day breaks. [G. hie gble.]"
76,búé búé,interj.
76,buépéŋ,"a page or pair of two opposite pages in a book; cf. kratāfā; wakaŋ mā aka b. kakra bi na waẅie, he has read it nearly through, he has read it all excepting a few pages."
76,bufo,"F. reaper. Mt.13,30."
76,o-bufo,"sloven, dirty fellow; slut, slattern; s. búru, búrum'."
76,búfúà,s. bofua.
76,abufuw,"-fuo, inf. [ebo fuw] anger, wrath, passion; fa or nyā ab., to grow angry; yi.. ab., to excite to anger; oye ab., he is irascible."
76,o-bufu-fafɔ,"pl. a-, an irascible man, easily provoked or offended."
76,abufu-hyéw,"hot anger, wrath, fury."
76,abufu-nim,"[anim] an angry countenance. Prov. 25,23."
77,abui,"needle, especially a large one; cf. pāne, dorowa."
77,mbui,"F. breaking, fall. Mt.7,27."
77,bukaw,"v. 1. to bend: ob. ne basa, he bends his arm; ob. ne nsa to n'akyi, he puts his hand on his back; b. wo nan to so, cross or bend your legs. — 2. to break, crack, flaw, i.e. to bend a thing so as to occasion a flaw in it, but not entirely to break it; cf. bu, 6. — 3. to shift from one master to another, to desert one, cf. guaṅ."
77,bûkú,"F. pl. m-, = brûkú, book."
77,bukyíá,"F. s. mukyia, muka."
77,bum,"v. to spread; to spread or lay over; to cover a place or a thing completely; wúrá no abùm kusū, (= ayē ahabaṅ bebrē na aye fefefe) that bush has grown rank and luxuriant, filling a wide space with its foliage; woto asawu bum mpatā so ansā-na woyiyi woṅ, a net is spread for the fishes before they are caught; 9de ntama abum no so = akata obi (a.s. naṅkasa) so; fa bum me so = kata me so! [red. bummum.]"
77,búm,"pl. a-, a spreading or thorough movement or effect: gua bo bum, the whole assembly rises at once (s. bo 7); woasore bum = prekō, they have got up in a state of confusion; oguaṅ no abēbo m'abūro mu b., that goat has made havoc in my maize, has eaten a good portion of my corn; woabo yeṅ abum, they have put us into confusion; woabo aguabum, they have brought the market into confusion; ebōo b. no, when the confusion began; abogyabum, covering or bespattering with blood by blows."
77,búm,"adv. severely, thoroughly, very much; obōo no ara bum prekō, he gave him one severe blow; wobobōo ūṅuaṅ no ara búm bum bum, they gave or dealt the goats vigorous blows; omaṅmufo taṅ abaṅmufo b."
77,buma,"v. to catch, seize, take by force (nnipa, mmoa, mpatā); buma oguaṅ no bēra, catch that sheep and bring it; wobebumaa no akoṭoṅ no, they pounced upon him and took him away to sell him. [red. bumabuma.]"
77,bummum,"red. v., s. bum."
77,e-buṅ,"a. Ak. bunu, pl. a-, green, unripe; akutu-búṅ, an unripe orange. pr. 2344. cf. obabuṅ. — e-bun, F. unripeness."
77,e-buṅ,"pl. a-, abyss, gulf; the depth of the sea; amōa a emu do a ewō nsum'."
77,abu-nnam',"[nea obu nná mu] he who cuts off one's days, an appellation (or title) of kings; cf. okumnipa."
77,buṅkam,"v. (so), to surpass, exceed, be superior to (in number, valour, power, force): eḍom b. wo a, wuguaṅ, if the enemy is too strong for you, you flee; wob. yeṅ, woab. yeṅ so, they surpass us in number; wanyā ade mā ab. so, = akyeṅ so, atra so, he has grown enormously rich; agofo horow abieṅ a wohyiae no, se atififo b. anafofo so nti, anafofo antumi woṅ."
77,abúntwẹre,"a green, hard, unripe fruit; akutu no ye ab., the orange is unripe; s. buṅ."
78,abunu,a kind of great drum
78,obuobi-kwaw,a kind of bayere
78,bupé,a kind of cloth from Toam
78,abu-pén,"part, portion, share, the result of a division"
78,bu-prekŏ,"a bit, morsel, or piece, broken off by a single breaking"
78,abúrà,"well, cistern"
78,abŭrów,"maize, Indian corn"
78,abŭro-bétém,cone or ear of Indian corn
78,abŭròbía,"a plant growing frequently in the vicinity of towns, with red flowers and black seeds; Canna Indica or speciosa"
78,abŭro-bu,the plucking of the ears of maize; corn-harvest
78,abŭro-búa,"a short tobacco-pipe made of clay, clay-pipe made in Europe"
78,abŭrò-dómā,"maize full-grown, but not yet quite ripe, as roasted and eaten by the negroes"
78,bŭró-dùá,"the plant or stalk of Indian corn; the spike of a plant of maize, in which the kernels sit; a cone of maize from which the grains have been picked"
78,abŭroduań,food or dishes prepared of maize
78,bŭró-fúa,a single grain of Indian corn
78,abŭro-fúw,a plantation of maize
78,abŭro-gŭá,"a European chair, arm-chair, chair with a back"
78,abŭro-guańe,ripe ears of Indian corn
78,bŭro-gya,matches
78,bŭró-hóno,the husk or covering of the cars of maize
78,bŭro-kù [ńkŭ],"pomade, pomatum"
78,bŭro-kŭruwa,"a European jar, can, cup, mug &c"
78,burokúruwá,pomegranate
78,Abŭròkyiri,"the white man's country, Europe and América respectively"
78,abŭrokyiri-sŭā,Turkey-red cloth
78,bŭro-nań,the stalk of maize
78,o-bŭróní,"European, white man; mulatto"
78,bŭró-ònyă,Christmas and New-year's-day
78,bŭro-ùño,"European oil, olive-oil, sweet-oil"
78,abŭro-pata,pr. 680
79,abŭro-tséń,F. abŭro a abo yiye pe; s. teń 2.
79,abŭro-wĭ,wheat. D. As.
79,buru,"filthiness, dirtiness, uncleanness, slovenliness, sluttishness; ne b. nti wo nè no didi a, enye de. — óyè b. (e.s. ue hō wo fi na ne fi ntew), he is a filthy, dirty, unclean fellow, a sloven; cf. ohem-muru; burum, obufo."
79,buru,v. s. buruw.
79,bŭrŭbŭru,"bbb., adv. entirely, totally; odi me nyā b. = obu or oye me akoa papa. [G. blublu.]"
79,aburuburuw,"pl. m-, a species of dove; pr. 681. (ue mmārań te se akoko de.) F. abubur."
79,bŭrŭkŭ,"F. bŭkŭ, pl. m-, book."
79,burukŭruwá,a large tree and its edible fruit similar to a pomegranate but larger and with larger seeds.
79,bŭrŭm,"a filthy, dirty, unclean fellow; sloven; slut, slattern; oye b., oye nehō b. = oye nehō fĭfi; s. buru, obufo."
79,o-bŭrŭm,a large quadruped; pr. 682.
79,aburu-nsummà-bĕń,a species of dove (red).
79,buruw,"v. to break down, demolish (odań n.a.); syn. dẅiriw; to tumble down, fall to ruin; amōa no ab., the sides of the pit have broken down; ne fwene buru gu n'anom', he has his nose smashed, knocked into his mouth, pr. 584"
79,aburuwá,"pl. m-, 1. nautẅi ab., heifer, young cow, that has not yet calved. — 2 = afănā, a female slave, especially one from the interior with marks cut in her face."
79,aburuwá-ba,"pl. mmuruwá-mma, a vile, despicable person."
79,busu,"s. mmusu, ahabusu, abusude &c."
79,abusūá,"F.-sŭia, pl. m-, family, kindred, relatives, especially the relations of the mother's side; one of the original families of the Tshi nation. — bo ab., to join a family or tribe. pr. 683-7."
79,abusūa-bań,"sort of family or people; mo ab., moye aẅi! you are a thievish family!"
79,abusūa-bo,"inf. wufi kūro bi so aba na abusūa biara a wote ne diń a.s. wufim', wode wohō akohyem'."
79,abusūa-bone,a sin hereditary in a family.
79,abusūa-dé,"something hereditary, inborn, inbred, innate; bayi ye ab.; eye no ab."
79,abusūa-dŭa,the tail i.e. cord or tie which connects a family.
79,abusūa-kúw,"family, tribe, clan. [pr.686."
79,abusūa-măń,tribe.
79,o-busūá-ni,"pl. a-fo, relation, relative, kinsman; syn. oni."
79,abusūa-yàré,"family-distemper, hereditary disorder."
79,o-busūa-panyiń,"the head of a family, pr. 687. F. abusūa-mpanyiń, patriarchs"
79,abusūa-pónni,a member of an important family. pr. 687.
79,abusu-dé,"a wicked, mischievous thing or deed; ill luck, disaster, pr. 118. F. abomination, Mt. 24,15."
80,abusu-sɛm,"wicked, mischievous words, behaviour, or conduct; blasphemy; cf. mmusubo."
80,o-busufo,"a wicked, mischievous man, s. obusuyɛfo; a frolicsome fellow; a rogue (facetiously); oburoni yi yɛ ob., ote yɛn kasa, this European is a rogue, he understands our language."
80,o-busuyɛfo,"a wicked man doing mischief in secret; rogue, knave, villain, scoundrel. pr. 119."
80,o-butew,"compensation, the payment of a debt by a credit of equal amount; reciprocation, mutual return; ob. ne sɛ: wodɛ bi ka na ono nso de wo bi na mode atua; a. s. ono afa ne tirim' a, wo nso afa wo tirim; s. bu 20."
80,butu,"s. butuw, abotu."
80,Obutu,"pr. n. of the language of Sanyā, Afutu Bereku, Simpā (Winnebah), Apā, cf. Gr. Introd. § 5,2."
80,bútū,"completely &c. very much, = korā, yiye, papāpa; odii aduan no b. (entirely), kā n'anim b. (sharply); wabɔ no ahohora b. (utterly)."
80,bùtubutu,"imit. adv. expr. the sound of drumming: wokā butubutuw, red. v. [akyene b."
80,bútu-nè-bètɛ,a kind of beads; s. ahene.
80,abutusɛm,s. abot...
80,butuw,"to overturn, turn upside down, upset; ob. n'agua, he turns his chair (as the negroes, from a superstitious notion, do when they rise); b. korow, to overthrow, capsize a canoe; - intr. to lie or stand upside down, to lie on the belly. - kɔŋkó (tómère) b. poŋ so, a tumbler stands upside down on the table; pr. 2023. abofra no de n'ani b. ne nā hō, the child laid its face against its mother. - b. aba so, to brood. - bata b. wo, your trade fails, goes amiss."
80,bútúw,s. tɛkrɛma-bútúw.
80,buw,"1. to sit on and cover eggs or young, as a fowl, to brood; osansa ko abuw = okoto ŋkesua na wada so na wasow, = okobutuw aba so, pr. 2776. - 2. to heap together, to keep together under a covering (abɛ, palm-nuts, till they begin to rot, - abūrow, maize, in a vessel or under ground, to malt it for making ahaī, beer). - 3. to spare, save, lay up: obuw ne sika de akɔware yere, he spares his money in order to procure through it a wife. - 4. to watch, keep sentry, guard; asrāfō buw abaŋ, soldiers guard the fort. - 5. to watch, lie in wait or ambush: obuw no okwaŋ so, he waylays him, s. tew; b. mogya, to lie in wait for blood. - 6. to watch or overtake one in the way in order to call him to account; cf. tware."
80,abuw,"inf., s. buw, v. 1."
80,e-buw,"nest, coop, cage, cot, cottage, hut, lodging; cf. berebúw, akokobuw; odaŋ bi a wofrɛ abosom nè asamaŋfo wo mu = obósómbúw, abosonnaŋ, asamaŋfredaŋ. - F. = ntama-daŋ, tent, tabernacle. [G. bu.]"
80,buwfréfó,= okomfó; onipa a otumi fre nsamaŋfo nè abosom nè mmonsam mā wobɛkā woŋ anom' asɛm.
80,bwe,"bwobua, F. = bue, buabua."
81,da,to lie (of a single person or thing)
81,deda,to lie (of many persons)
81,gu,to lie (of many things)
81,gugu,to lie (of many things)
81,da,"to be in a certain place, to be situated"
81,da,"to float, swim, be buoyed up"
81,da,to live in a place
81,da,to sleep (especially in the perf.)
81,da,to die
81,da,to be quiet
81,da,"to remain, rest"
81,da,to weigh down
81,da,"to curd, curdle, coagulate, congeal, thicken"
81,da,"da, Ak. = da so"
81,damba so,"to sit on eggs for breeding, to brood, hatch"
81,da adagyaw,to be naked
81,da adi,"to be manifest, evident, open or clear"
81,da dwɛn,"to lie and think, to meditate"
81,da fwɛ,to consider
81,da tirim,to sleep at a separate place
81,da fam',to be level
81,da ogya (hɔ),to sleep at the fire
81,da gyentia,to sleep at the fire
81,da hɔ,"to be manifest, evident, obvious; it is open, accessible"
81,n'aui da hɔ,"he is modest, sober, careful, attentive, mindful, heedful"
81,da hɔ,"da hɔ, = da so"
81,da hyia,"to border upon, to confine with"
81,da kāpūa,to importune
82,da mu,"to be or lie in or between; to be full of sores; to be heard among other voices and noises; to be guilty, in fault; to be bound, to be under obligation (to perform a duty)"
82,da mpãŋ,"to be or lay empty, open"
82,da ase,to lie under; to thank (lit. to lie down)
82,da so,"to lie or sleep upon; to sleep after having heard a message &c.; to go on, continue in doing something; to be wary, cautious, circumspect, heedful, careful"
82,da nsow,"he bears a mark, has a characteristic, is marked out or distinguished by some sign or character"
82,da nsram,to sleep with an empty stomach
82,da tirim fwɛ,"to consider, deliberate"
82,o-da,the country lies open to them
82,da,s. daw
82,eda,"a day (of 24 hours); a time definite or indefinite; all day; every day, always; all days, always; it comes at times, now and then, occasionally, seldom; it happens sometimes; a day or time (occasion) like this; this day week; one does not know what time brings; perhaps, peradventure; his days will soon be at an end; he has fixed a day, it is his intention; he has appointed him a day; he has deferred it for another time"
82,da,"at the end of negative sentences = da bi, any day, ever, or, together with the negation, never"
83,o-da,"grave, tomb"
83,nda,sleep
83,dā,to open (the mouth to put food in)
83,dā,"always, ever; continually, constantly, every day, daily; often; eternally; eternity"
83,da,"a little bell, as hung round the neck of sheep or dogs"
83,dawa,"a little bell, as hung round the neck of sheep or dogs"
83,menāse d.,the uvula in the throat
83,dabā,always
83,o-dabaŋ,bar of iron
83,adabampáréw,bar of lead
83,dabáŋkà,"iron crow, crow-bar"
83,o-dábáw,"(pair of) tongs; nippers, pincers"
83,dabedabe,dabodabo
83,da-bea,"dabere, dabew"
83,dabe-frama,climate
83,dabekyíri,"bed-room, sleeping-room"
83,dá-bèŋ,"which day or time, when?"
83,o-dábèŋ,red woollen stuff
83,dabere,taforo
83,dabereko,"flirtation, flattery, hypocrisy"
83,da-bere,"a place to lie on or sleep in, sleeping-place"
83,dabere-akyiri,dabekyíri
83,dá-bew,dabere
83,dàbi,"one day, one time, some time back, once, in time past, formerly"
83,dàbi,"some day, one day, some time, i.e. at a future time; another time"
83,dàbi,"any day, i.e. ever, together with a negation: never"
83,dàbi,"no, never; in this meaning it is the only remnant of a whole negative sentence"
83,dabí-ara,"any day, ever, at any time"
83,dabí-ara-dà,never
83,dàbídà,"no, never, not at all, by no means"
83,dàbi-dàbí,"long, a long time, a long while"
84,dàbího,dabi 1
84,dábō,"smooth, soft, said of cloth; syn. torotorotoro; opp. hūtūhūtū."
84,o-dabó,corn roasted while yet in the ear.
84,o-dabó,"antelope, - the general name, or only a species of antelope with horns, syn. abere. Other kinds are: obobiri, adowá, ofròté, okwádu, otwē, owansán, ewi. - 2. a kind of locust; abebew."
84,ada-bo,"previous attempt; oman-nhyiam' hō ad., a preliminary parliament."
84,dábòdábò,duck; mmraŋ: kwâkwâ.
84,adábra,odompo.
84,o-dabrabàfó,"deceiver, liar, hypocrite, impostor, rogue d'c. onipa a n'asem a okā nh. na biribi kotow akyiri; F. ndabrabanyi, Mt.6,16.7,5.16,3. - syn. okoṅkonsáni, okóntomponi; cf. unabrabá."
84,dada,Ak. = dedaw.
84,adada,a bluish earth brought up in digging gold before the fa which contains gold.
84,dādā,"red.v. 1. s. dā. - 2. to spread (of trees): dua a wotewe eṅkyee na adádā sē yi! - 3. to persuade, win over, to lull; pr.708.709. to cheat, deceive, delude, impose upon; syn. mā ti da, gyigye, sisi, di kusum; - inf. nnādā; onim abofra nnādā."
84,o-dadāfo,"deceiver, impostor, swindler. pr.710."
84,dadāda,"F. always, = dabā."
84,dadadaw,F. long long ago.
84,dadare,F. s. dare.
84,dadaw,"F. = dedaw, old; already, long ago."
84,adadaw,F. oldness. Mf. Gr. pr.101.
84,dadawm',s. dodōm'.
84,dade,"F., As. = asase."
84,dāde,"1. iron. - 2. pl. n-, iron instrument, tool, weapon, sword, dagger; woakā no or woato no dade = woakum no. - 3. the barrel of a gun (s. ohum)."
84,dade-bín,"slag, dross, or recrement of iron."
84,dade-gyá,"1. the first pain of a cut from a sharp iron. - 2. the flashing of bright iron; Nah. 2,4. cf. osekannya."
84,dade-kòfí,"tin-plate, white iron."
84,dade-kwàsí,iron-plate.
84,dade-kyéw,"iron cap, helmet, pr.589."
84,dadépóti,"a kind of beads, s. ahené."
84,dade-sèṅ,"iron pot, iron vessel."
84,dadewá,"a small piece of iron, nail, spike; cf. prego, darewa."
84,da-du,inf. day-break; wokōe fi d. so kopem anadwofā.
85,da-dú,ten days
85,dadú-dàbàkó,11 days
85,dadú-nnàmmień,12 days
85,dadu-nnannum,a fortnight
85,adadùonu,20 days
85,adadùasá,30 days
85,adaduanáń,40 days
85,daduianyi,deduani
85,o-da-dweń,"meditation (in lying down), care, mental anxiety"
85,adadwó,"anadwō, night"
85,dadze,"dade, iron"
85,dādze,"ase, fam', ground, shore, (on the) land"
85,dae,"v. d. mu = bae, guae mu, to separate"
85,dae,"(an unusual form) inf. [da]: dā ńkwā da nnipa ōbínā dae, eternal life lies ready for all men"
85,o-daé,dream
85,o-dae,a sickness of the stomach and belly
85,o-dáé,palm-wine of the preceding day
85,adae,"v. n., a place of rest or lying down"
85,adae,"a festival day, returning every forty-third day"
85,o-daéfó,one who causes separation or discord
85,adae-sō,inf. dreaming
85,o-dāesōfo,dreamer
85,adáfá,"bo ad., to call, decoy, allure, entice, persuade (gen. with a good intention)"
85,adafi,"twā ad., to betray, disclose, discover, show, give notice; to warn, forewarn, caution"
85,da-fúá,"pl. n., a single day"
85,dàgeré,sealing-wax
86,dàgo,"interj. it is a lie! nea wokā yi ṅhinā, d.! all that you are saying is a lie, a falsehood, is not true; huw d., to tell lies; cf. atoro."
86,dàguā,"clear, fair, bright, of a shining, radiating surface: afwɛfwɛ anim yɛ d., the looking-glass is fine, bright; omni ūkòmmó bi di nti, n'anim tweri or ayɛ d. = n'anim ṅhinā yɛ fɔfɔ, because he has no sorrow, he has an open, cheerful face."
86,adagyaw,"nakedness, nudity. — da ad., to be naked."
86,dagyawé,"a naked man. Tọ d. ṅkɔ a, aṅkā wogoru asafo dă, pr. 3284."
86,ada-gyew,"time, leisure: miunni ad., I have no time."
86,agyew,"time, leisure: miunni ad., I have no time."
86,da-gyé,"sleep-walking, night-walking; obọ d., he gets mad (gets up, runs about, fights) in sleep, is a somnambulist, lunatic."
86,dahá,"the leaf or leaves of the adobɛ, a species of palm-tree, used by the negroes to cover the roofs."
86,da-hó-à-éhome,a precious cloth in the possession of the kings of Asante.
86,da-huma,"pl. n-, a common (not festival) day; woṅkọ abosompow mu n. bi."
86,adáká,"pl. n-, box, case, chest, coffer, trunk, pr.713; (closet, cupboard;) rectangle, parallelogram."
86,adaka-baṅ,the manner or shape of a box &c.
86,adaka-bɛu,"pl. n-, harmonium, pianoforte, clavichord, organ; cf. abɛṅ."
86,adakamaṅ,"F. tombs; Mt. 23,29. = ada."
86,adakani,"(pl. id.) the lock of or for a box, case &c."
86,adaka-teṅ,a press for clothes.
86,dàkó,"one day; (oba sukū) dakoro dakoro, nnakoro unakoro, (he comes to school) only now and then; cf. dafua, dakyɛ, dabi. pr. 694.2114."
86,dàkóro,"one day; (oba sukū) dakoro dakoro, nnakoro unakoro, (he comes to school) only now and then; cf. dafua, dakyɛ, dabi. pr. 694.2114."
86,o-dakŭro,s. odekŭro & the foll.
86,adàkŭro,"nea oda kūrow, one who rules over the town."
86,o-daku-dwom,s. dwom.
86,dá-kyɛ,"some future day; in future; another time; abofra hyew ne nsa a, d. obefwɛ nehō yiye; afei de wakā wo hō asem yiye, d. de, obɛyaw wo. R. p. 165.—pr.902. [fr. ɛda & kyɛ, v.] Cf. dabi 2."
86,dákyɛ bi,"some future day; in future; another time; abofra hyew ne nsa a, d. obefwɛ nehō yiye; afei de wakā wo hō asem yiye, d. de, obɛyaw wo. R. p. 165.—pr.902. [fr. ɛda & kyɛ, v.] Cf. dabi 2."
86,dam',"da mu, to be or lie in &c. s. da 21. — dam, F. s. dem."
86,dàm,"[Dan.] draughts. — to d., di d., to play at draughts."
86,o-dám,"madness. — bo d., to go, grow or run mad; pr. 975. od. na ebo no, wabo d., he is mad; abo no d., it has driven him mad; cf. bo 12, gye."
86,dam,"a. red, scarlet; cf. obɛdàm, adam 1. 2., aniadam, damma, damɛ, damrām."
86,adám,"1. the crest of the cock. — 2. the shell of a kind of shellfish, red on one side, pr.714. — 3. a certain play or ceremony of hunters; osi adam n.s. wugoru abòfó, abommoyere, bommofó-agoru,"
87,dàmma,a small weight of gold equal in value to 2 pence 1 farthing
87,damma-bó,"the red seed of a certain shrub, used as a gold-weight"
87,o-dammá,"small house or room; cot, cottage"
87,ndamba,hereafter
87,nuamma,hereafter
87,adámmàkwàdwó,a by-name of the leopard
87,o-dam-mán,the kind or shape of a house
87,damaṅkama,dõm
87,damărām,a flower with vermilion leaves
87,damărāmm,"the shrub on which it grows; scarlet, cinnabar red"
87,damas,damask
87,dám`dám`,chequered
87,dámē,a red powder from iron ore
87,odámfó,madman
87,damfo,friend (used in addressing a person)
87,adamfo,"master, superior, patron; friend; host, who receives or entertains and lodges a guest"
87,adamfowá,hostess; the wife of the host of a house where journey-men are lodged and entertained
87,dámmirifŭa,he folds his hands and puts them between his legs; they condole with him by beating the drum
87,adámmó,madness
87,o-damóā,"grave, tomb, sepulchre"
87,o-dámpāṅ,a house or room with an open front
87,o-dampàrē,"rafter, spar, framework of a roof"
87,damrām,damărām
87,dam-ma,damărām
87,adám-sí,adam 3
87,dàṅ,"to apply to, to seek the protection of, put one's self under the protection of a man of distinction"
88,daŋ,"influence, give (one's self) over or up to, adhere to; to depend on"
88,daŋ,to appeal to
88,daŋ,to claim; to desire
88,daŋ,"to call in, demand, exact payment from"
88,daŋ,"clientship, a state of being under the protection of a patron"
88,daŋ',"to turn, to give another direction, tendency or inclination to; to change, alter; to turn, transform, change into, to become by a sudden transformation"
88,daŋ',"to convert, to be converted (into); to retract, revoke, recall, remove a curse"
88,daŋ gya,to leave
88,daŋ kyene,"to give up, relinquish"
88,daŋ mu,to alter
88,daŋ ani,"to turn one's face, i.e. to turn round; to turn the face, i.e. to change, pervert, subvert"
88,daŋ nsa,"to turn one's hand; to trade, negotiate"
88,daŋ asem,to turn the matter
88,o-daŋ,negro-house; room; apartment
88,o-daŋ-aŋò,"house-door, door-way, opening or entrance of a house"
88,odáŋánò-poŋ,the door by which the entrance-way is closed
88,dannaŋ,"to turn many times, repeatedly; to turn, move or throw this way and that way"
88,adannaŋ,"repeated changing, alternation"
88,adannaŋ-di,"change, changing, turn; abode, organic creature"
88,o-dannaŋ,a kind of yam
88,dánnaŋ-wè-abó,an unprofitable master
89,dáń-dùá,a tree (pole or stick) cut for the building of a house; timber.
89,o-dáń-ne-nà,"a kind of lizard = ntafontafo, s. oketew."
89,adanním,"front of a house; place in front of a house; wosi dań a, wópàw nnuá pa kyèń ad. ausā-na wokyeń adańkyiri, when a house is built, the best sticks are taken for the front, and afterwards the sticks for the back-wall are put in."
89,o-dàńká,"powder-flask, powder-horn, powder-case; cf. toa."
89,adàńkó,"hare. pr. 504. F. asòasò, asòkẹté. [pr. 692."
89,adańkum,s. adeńkum.
89,dańkwanseré,a kind of bat; s. ampań.
89,o-dáńkyeń,the side of a house.
89,adań-kyeń,the marking or lining out of the sides of a house and fixing the sticks for the walls; cf. adannim.
89,adáńkyíri,"the back, back-wall, rear of a house; the place behind a house; cf. adannim; mfikyíri."
89,o-dańmu,"the interior or inner part of a house; masiesie me d., I have put my house or room in order."
89,adańmudé,"bribes; syn. boā, anadwode; di or gye ad. = di mmoā, to accept bribes."
89,o-dáánó,the stick in a bird-trap on which the bird steps and causes the trap or snare to spring so that it is caught; the trigger of a springe; cf. nterewso.
89,o-dańńow,"a house in decay, out of repair, in a ruinous state."
89,adansá,"handcuff, manacle; woato no ad. or wode ad. ato nò, he has been handcuffed."
89,dānse,"F. dāse, mogya a abiri kō, gore, thick, clotted blood."
89,adánsé,"witness, testimony; evidence, proof; deposition of a witness; - di ad. (inf. adanse-di), to give testimony or evidence, to bear witness, to witness, testify; - hye ad., to call or take to witness; pr. 114.164. - wò adánse, thou art witness; onoara ad., he is witness."
89,o-dansefó,"one who gives testimony, a witness, deponent."
89,dansebẹ́re,s. daasebẹ́re.
89,adanse-krúm,false witness or testimony.
89,odansekrumfo,a false witness.
89,dáí-sò,"the upper part or floor of a house, garret; cf. abansoro."
89,dà-nsow,"easy to be known, remarkable, conspicuous, particular; pr. 3254."
89,da-nsow,"to be distinguished &c. ne ńkō ara na od. [oda ho a ote senea woahye no nsow; oyi densow, e.s. wo hō wo ade bi na nnipa ńhīnā nim wo; ne ti d. = esono ne ti ńkō, ete sẹ Onyańk. ahye no gyirae; onipa yi, ne duabań d., this man has a singularly formed body."
89,o-dantá,a kind of gun.
89,dánta,"under-garment, loin cloth of the negroes, = amòase, odenā, otām; wabo d."
90,dantabáṅ,circle
90,adántam,"way, passage, intervening space between houses"
90,adántam,"intermediate, middle"
90,adantofo,abantofo
90,adantapu,?
90,o-dántuw,an uninhabited house or room
90,o-dántuo,an uninhabited house or room
90,o-dányà,a certain medicinal plant
90,da-pá,"a good, lucky, festival day"
90,adapā,"disgrace, disgraceful treatment"
90,o-dapāni,a shameless person; one who acts disgracefully
90,dāpem,"a thousand times daily; a long time; always, ever, often"
90,dapeṅ,week
90,dapensém,weekly report
90,dápoṅna,"a high, festival day"
90,dárè,"dollar; piece of money, silver coin"
90,adáre,"hook, bill-hook, large knife, bush knife, used by the negroes to cut down branches and shrubs"
90,adare-bó,"musket-ball, bullet of iron"
90,dárèkáná,a sympathizing expression in condoling
90,darewa,a small fish-hook
90,adasā,"men, people (in general)"
90,adasā-mba,"men, children of man"
90,o-dasànyi,odesāni
90,o-dasāwa,a tree and its fruit
91,dase,"adanse, Mt.8,4. Mk.6,11. dzi d., ye adanse, = di adanse, Mt. 23,31."
91,dāse,"blood, gore; s. bogya, dānse, kafo."
91,da-ase,"to thank, s. da 24."
91,ndaase,"nnaase, aseda."
91,o-daásé,"a log of wood scooped out longitudinally to serve for a mortar (cf. owoaduru); fodder-chest or water-trough for sheep. Odaase de, eda ho [eda ase, fam'], owoaduru nso si ho; od. de, akura na woye, nanso won a wokyi woadurum' fufu Kwasida na wowow wom'."
91,daasébĕre,"[fr. mada-ase mabĕre, I have thanked I have become tired] a title given to kings: a benefactor so liberal that he makes one grow weary of returning thanks."
91,adasefo,"witnesses; adase-torfo, false witnesses. Mt. 26,55.60."
91,dasī,"tight(?); wokyeree no hama d., they bound his hands tight."
91,da-so,"to continue, s. da 25 c."
91,o-dàsó,"pl. n-, coverlet, blanket, quilt (ade a eda [mpa] so); the cloth on which one sleeps; cf. mmuatām."
91,o-dasú,"pl. a-, [oda su=horow] a division of the night, night-watch (of which the negroes count three: from 6 to 10, 10 to 1 and 1 to 4 o'clock. Woda na wunyāñ a, wofre no d. biakō; od. biakō twām' a, na omunuñkum nè mframa abetwām'.) Wayi (or wada) d. biakō, he has slept the first part of the night; woadá ayi d. fā, they lie in the first sleep: woada ayi ad. abieñ, they have slept from the beginning of the night till after midnight; woadá ayi ad. abiesā, they had slept till about 4 o'clock in the morning; obaa od. abieñ mu, he came in the second watch; eduu od. koṅkoṅ, it was in the middle of the night; odasúm', at midnight, in the night. - F. desu, Mt. 24,43. [Ps.90,4."
91,adatéwa,a sort of cloth; s. ntama.
91,adatia,"= adare tia, pr. £12."
91,da-tiā,a short term or space of time granted to a debtor for discharging his obligation; wahye no d. bi.
91,o-daw,"1. the jaw, = abogye; osūm d. = ode ne nsa sūm n'a-bogye, he supports his chin with his hand. - 2. conversation; obo daw = obo semode, he (""moves his jaw"") holds a conversation."
91,dawā,"pl. n-, [eda, dim.] a short day or time; yekodii nnawá bi wo ho na yebae, we spent some few days there and then returned."
91,dawa,"pl. n-, 1. (a pair of) fire tongs. - 2. a bell of native manufacture, hung on sheep's or dogs' necks, s. da."
91,adawá,"[adare, dim.] a small bill-hook."
91,adawá,"= adewá, a certain play and song of women."
91,dawadwa,"stomach (of man); cf. furu, nsonokese."
91,da-woro,"a day fixed, yet not punctually kept, a slipping day (as it were); wahye d., he set a time, but has not kept to it."
91,adáwòromā,"favour, kindness, grace, mercy; the word is used in an elliptical way, and scarcely as the subject of a sentence. - Wo ad., you are very kind! n'ad. ntia, aṅkā miwui, but for his kindness, I should have died; ohene ad. ntia, aṅkā wokum me, but for the"
92,o-dáwúru,"a kind of bell to be struck with a stick by the public crier in making proclamation, also used at public meetings, at certain plays, in the frantic dances of fetish-men &c."
92,Adawurantu-adawara-ntōa,a by-name of Kōmaŋ or Akŭropoŋ in the language of the great drum.
92,adayé,"a good situation; ne kŭro-baŋ wo ad. mā eye few, the town is beautifully situated."
92,da-yiye,sleep well!
92,de,"that; as, even as; like as; used elliptically (almost, nearly); very, very much."
92,de (dew),"agreeable, pleasant, sweet, is used of eatables and drinkables; of sound, e.g: of the horn, of the drum, of a tune, of words; of a person: he is an agreeable man; right, righteous, used in judicial decisions or sentences; he is (in the) right; he is wrong."
92,o-dé,odew.
92,de,dew.
92,nde,to-day.
92,de,"to hold, have, possess; to own; to owe; to have seized or befallen; to contain, to be; to have the name of, be called; to hold on, keep on, persist in, continue; to use, be accustomed to; to mean, refer to, allude to, aim at; to mention."
93,de,"expressing a state, the action by which the state is produced, is usually expressed by other verbs, as, fa, to take, nyā, to obtain: obefa nehō adi, he will become free; obenyā kaw, he will run into debt."
93,de,"is very often used as an aux. v. introducing an object to which the action expressed by the principal verb refers, or by means of which it is performed, or of which some other thing is made"
93,de,"emph. part. & conj., by which a person or thing, or an action (or sentence), is made prominent or opposed to another or others."
93,dee,"emph. part. & conj., by which a person or thing, or an action (or sentence), is made prominent or opposed to another or others."
93,de,"pron. put instead of a previous noun [fr. ade, thing] Gr. § 62. me de, mine, also my part, my portion; yeñ de, ours &c."
93,dee,"pron. put instead of a previous noun [fr. ade, thing] Gr. § 62. me de, mine, also my part, my portion; yeñ de, ours &c."
93,dea,"pron. put instead of a previous noun [fr. ade, thing] Gr. § 62. me de, mine, also my part, my portion; yeñ de, ours &c."
94,o-dé,"yam, a large esculent tuber or root of various climbing plants, of the genus Dioscorea, forming, when roasted or boiled, a wholesome, palatable, and nutritious food"
94,àdé,"thing, substance, espec. an inanimate object; any object of the senses or of thought"
94,áde,a kind of beads
94,de,to open wide; to extend
94,dè,"still, silent, quiet, calm; softly, gently, carefully"
94,o-dé,"friend, used by a female addressing a female friend"
94,dea,"he who; that which; also place where, manner in which"
95,ade-bisá,"inf. consultation, inquiry of a fetish or fortuneteller."
95,o-debisáfó,"pl. a-, inquirer. pr. 1700."
95,adebó,"[ada-ebó, koko so ńkataso] an amulet worn or ""lying on the breast"", of cloth, leather &c.; ńkūrofo de sébè n. a. ye mu; - breast-plate, ephod."
95,ade-bó,inf. creation.
95,odebófo,"creator, = obófo, oboadee."
95,ade-bòné,"pl. n-, a bad thing, evil, ill, sin; cf. bone."
95,o-deboneyéfó,"pl. n-, sinner, evil-doer, malefactor, criminal; cf. obone, obonefo, onipabone."
95,adebònóa,"pad. - adebònóa, a kind of beads. S. kabonoa, -ā."
95,adebonóruwa,bolster; s. kabonoruwa.
95,ndeda,"F. = nnera, yesterday."
95,nde-dayi,"F, = nne-dayi, to-day."
95,adedàdé,"an old, well-known, common thing; = ade dedaw."
95,deda-dedaw,"red. a. or adv. 1. very old. - 2. long ago, long since, for a long time."
95,dedaw',"Ak. dada, F. dadaw, pl. a-, a. 1. old (used of things, seldom of persons, cf. apā, panyiṅ, akora): odáṅ dèdaw' or odaṅ nédáw, an old house. - 2. long known, long acquainted: odamfó dedaw, an old friend."
95,dèdaw,"Ak. dada, adv. already: wábà d., he is come already."
95,dedé,"red. a., s. de."
95,Dede,"pr. n. of a female, said to be the mother of the Gã people and the elder sister of Koko, q. v."
95,odede,"Ak. sayings, fame, report."
95,dede,"F. = gyegyēgye, noise, tumult. Mt.9,23. Mk.5,38."
95,odédé,"possessor, owner, proprietor."
95,adede,Ak. = dŭae; a certain play; yegoro ad.
95,dede,"red. v. to sneak, slink, crawl after, to watch, lurk for, lie in wait (agyinamoa dedē ńkura; obommofo d. aboa ausā-na wakum no; dēdē kokyere aboa no!)."
95,adedeṅkrūmā,"the castor-oil plant, Ricinus communis, Palma Christi."
95,adé-di,inf. inheriting.
95,o-dedifo,"pl. a-, heir."
95,o-de-dōmā,"s. dōmā, horohoro."
95,o-deduàní,"pl. nnednafó, [nea oda duam] captive, prisoner, one fastened to the block, cf. duā 6. - F. daduianyi."
95,dedua-fí,"= nneduafo fi, prison."
95,dee,"adee, Ak. s. de, ade."
95,dèfè,"a. soft, sweet, flattering; softly; óyè n'ani akyi d. = ódà n'ani akyì fèfèfe (okā n'ani gu so se orédā, nanso eúyé nna nà órédā), he blinks, twinkles, winks, casts a smiling look (at)."
95,defèdèfè,"red. v., to flatter; syn. hoahoa; odefèdèfè no ágyè n'ádé adí, he flatters him in order to inherit his property; od. n'ano, he speaks softly, appeasingly."
96,ade-fɛm,inf. borrowing.
96,o-defɛmfo,one who borrows.
96,ade-fɛre,"inf. piety, religiousness, reverence, veneration, awe, holy fear."
96,o-defɛrefo,"a pious, godly, religious, reverent, careful, conscientious, scrupulous, person."
96,ade-firi,inf. giving or selling on credit.
96,o-defirifo,"debtor, = odefɛmfo."
96,o-defó,"a man of wealth, wealthy, opulent, rich man; syn. osikani, ohɔnyãfo."
96,o-dɛfóo,"benefactor, a good, kind, benign, charitable, liberal, bountiful, munificent man, used as a respectful or flattering address to a man of rank."
96,ade-fɔm,"inf. offence, transgression, trespass."
96,o-dé-fúfú,"1. a pudding of yam, s. fufú. - 2. a kind of butterfly."
96,ade-fwɛré,inf. (the act of) expending or wasting money; expenditure.
96,adefwɛrede,"costs, expenses; charges."
96,o-de-gufo,"founder, caster; type-caster, letter-founder."
96,odeha,"[who possesses the forest] a by-name of the leopard, s. osebo."
96,ade-húnu,"a vain thing, vanity, = ahuhude."
96,o-déhyé,"1. a free man, free woman; noble man; member of the king's family; 2. the state or rank of a free man; 3. (adj.) free, not in bondage free-born. 4. (n.) od., an eruption and swelling of the eyelids."
96,o-dehye-ba,free people's children.
96,adehye-di,"inf. liberty, personal freedom."
96,o-dehye-kɔfoni,knight; baron. Hist.
96,o-dehye-panyiŋ,"count, earl; omantam mu d., landgrave. Hist."
96,adehye-sɛm,"behaviour of a free, independent man; arrogance, presumptuousness; As. = ahantaŋ. - di ad., to be presumptuous; to live as a nobleman."
96,adehye-sóm,"inf. service in the quality of a free man or relation, not of a slave."
96,o-dehyewá,"(young) nobleman. - pl. n-, nobility."
96,ade-káŋ,the first thing; first-fruit; cf. abakaŋ.
96,ade-káŋ,"inf. counting, reading; cf. okáŋ, okeŋkaŋ, ŋhōmakaŋ."
96,deke,s. dekye.
96,dèkèdèkè,"carefully: woso no (wokura no) d., they carry (handle) him cautiously."
96,dékèdékè,"softly: oŋam ne naŋ āno d., he walks silently on tiptoe; syn. berɛw."
96,dekōde,"[adɛkō] what, which thing (in indirect questions, Gr. § 60); kobisa no dekōde a ofwɛtwɛ, go and ask him what he is looking for; edɛŋ na ayɛ no mā osū? minnim dekōde."
97,ade-kora,"inf. securing of things, pr. 712."
97,o-dékùró,"pl. a-fo, 1. owner or chief of a town or village (used as a respectful title or appellation); 2. burgomaster, mayor, prefect."
97,adekúrow,"pl. a-fo, 1. owner or chief of a town or village (used as a respectful title or appellation); 2. burgomaster, mayor, prefect."
97,ode-kwaseá,a kind of yam; s. ode.
97,dekyé,adv. 1. perceptibly; 2. slightly.
97,adé-kyé,"inf. 1. dividing; 2. the act of presenting, making presents."
97,adekyedé,"(pl. id.) gift, present, also adekye, akyede."
97,adekyéé,"1. day-break, morning; 2. the next or following day; 3. day-light, the whole day including morning, noon, afternoon and evening."
97,adekyē-hãmã,"the first ray or streak of light at the horizon in the morning sky; morning-twilight, dawn, day-break, day-blush, the purple glory of the morning."
97,adekyē-soroma,"morning-star, day-star; s. kō-soroma, owuodi, kyekyepeaware."
97,ade-kyere,"inf. instruction, teaching."
97,dem,"1. hurt, injury, damage, loss; fault, defect, blemish; 2. a lasting impression; residue; a sticking fast, resting, continuing (in the ear)."
97,dém m,"a. still, quiet, calm; syn. dinn, komu."
97,dem,"F. = sa, sã, so, thus; dem no, whereupon; dem yi, thus, on this fashion."
97,demara,"= sãara, so, even so, the same, likewise."
97,dem-ntsir,"F. = ne sã nti, therefore."
97,ademene,"As. = sumãna, pr.743."
97,dèmmére,"n., F. ndzembir, reed; diff. kinds: 1. mfiá, used for wicker-work; 2. kète, used for a kind of flute, kete, odurugya; 3. oyée, with many thorns."
97,o-demerefúá,"bush-dog, catches fowls; = Odompo, q. v."
97,dèméregu,"-ku, adobe 'mereŋkẽnsóno à woápò, a branch of the adobe-palm, from which the fibres (edow) are or have been taken out."
98,ademudé,"a thing preserved, treasured up in a box &c., treasures, valuables; e.g. adémùhèné, adémùsiká; adémùtám, a precious cloth, not used always, but kept for festival occasions."
98,deŋ,"to overcome, master, conquer, overpower; deŋ so: to outweigh, overpoise, overbalance; to be more than, surpass, exceed, preponderate, prevail."
98,(e-)déŋ,"what? what thing? 1. what? what thing? ose déŋ? what does he say? wofré yi déŋ? what (or how) is this called? edéŋ ni, what is this? It may be used in the poss. case: edéŋ asém ni? = asém bèŋ ni? edéŋ asém na mokā, what (thing's word) are you talking? - 2. édèŋ, édéŋ nti, for what, from what cause, why? woyee deŋ na wofwẽe ase, what did you do (i.e. how was it) that you fell? moye deŋ na mugyina ha kwa? how is it that you are standing here idle? - 3. how? woyẽ ūno deŋ? how is the palm-oil made? - 4. deŋ, F. how much? Ak. seŋ? Akr. ahẽ? - Edéŋ, contr. = èyẹ déŋ : edéŋ na wofwẽfwẽ, what is it that you seek?"
98,F. deŋ,"what? what thing? 1. what? what thing? ose déŋ? what does he say? wofré yi déŋ? what (or how) is this called? edéŋ ni, what is this? It may be used in the poss. case: edéŋ asém ni? = asém bèŋ ni? edéŋ asém na mokā, what (thing's word) are you talking? - 2. édèŋ, édéŋ nti, for what, from what cause, why? woyee deŋ na wofwẽe ase, what did you do (i.e. how was it) that you fell? moye deŋ na mugyina ha kwa? how is it that you are standing here idle? - 3. how? woyẽ ūno deŋ? how is the palm-oil made? - 4. deŋ, F. how much? Ak. seŋ? Akr. ahẽ? - Edéŋ, contr. = èyẹ déŋ : edéŋ na wofwẽfwẽ, what is it that you seek?"
98,Ak. debeŋ,"what? what thing? 1. what? what thing? ose déŋ? what does he say? wofré yi déŋ? what (or how) is this called? edéŋ ni, what is this? It may be used in the poss. case: edéŋ asém ni? = asém bèŋ ni? edéŋ asém na mokā, what (thing's word) are you talking? - 2. édèŋ, édéŋ nti, for what, from what cause, why? woyee deŋ na wofwẽe ase, what did you do (i.e. how was it) that you fell? moye deŋ na mugyina ha kwa? how is it that you are standing here idle? - 3. how? woyẽ ūno deŋ? how is the palm-oil made? - 4. deŋ, F. how much? Ak. seŋ? Akr. ahẽ? - Edéŋ, contr. = èyẹ déŋ : edéŋ na wofwẽfwẽ, what is it that you seek?"
98,deeŋ,"what? what thing? 1. what? what thing? ose déŋ? what does he say? wofré yi déŋ? what (or how) is this called? edéŋ ni, what is this? It may be used in the poss. case: edéŋ asém ni? = asém bèŋ ni? edéŋ asém na mokā, what (thing's word) are you talking? - 2. édèŋ, édéŋ nti, for what, from what cause, why? woyee deŋ na wofwẽe ase, what did you do (i.e. how was it) that you fell? moye deŋ na mugyina ha kwa? how is it that you are standing here idle? - 3. how? woyẽ ūno deŋ? how is the palm-oil made? - 4. deŋ, F. how much? Ak. seŋ? Akr. ahẽ? - Edéŋ, contr. = èyẹ déŋ : edéŋ na wofwẽfwẽ, what is it that you seek?"
98,seŋ,"what? what thing? 1. what? what thing? ose déŋ? what does he say? wofré yi déŋ? what (or how) is this called? edéŋ ni, what is this? It may be used in the poss. case: edéŋ asém ni? = asém bèŋ ni? edéŋ asém na mokā, what (thing's word) are you talking? - 2. édèŋ, édéŋ nti, for what, from what cause, why? woyee deŋ na wofwẽe ase, what did you do (i.e. how was it) that you fell? moye deŋ na mugyina ha kwa? how is it that you are standing here idle? - 3. how? woyẽ ūno deŋ? how is the palm-oil made? - 4. deŋ, F. how much? Ak. seŋ? Akr. ahẽ? - Edéŋ, contr. = èyẹ déŋ : edéŋ na wofwẽfwẽ, what is it that you seek?"
98,dénnì,"red; syn. kō, kokō, yemmẽn, yeñ."
98,deŋ,"to grow or be hard, severe, difficult; n'adwuma no deŋ no, his work is (too) hard for him (oyẹ adw. pi); anyā adeŋ wo neŋ = amā woabẽre, now you have had enough of it; ne yare no ad., his sickness has become severe; awia no, asẽm no adeŋ me, the heat of the sun, the palaver has become too much for me, I am in a strait about, in trouble on account of it; okō no adeŋ so, the fight has grown hot."
98,deŋ,"hard, firm; strong; hardy; sharp, severe; difficult; opp. merew; dade yẹ deŋ, iron is hard; dua denneŋ, hard wood; ntama no yẹ deŋ, this cloth is strong; oye deŋ, he is hard, cruel; he is firm in his resolution, does not easily yield; ne hō ye d., he is (bodily) strong, healthy; ne koŋ ye d., his neck is strong (to carry loads); ne tirim ye d., he is valiant, powerful (said of the leader of an army); emu ye d., it is hard, important, difficult, troublesome; owia āno ye d., the sun shines hot; ebo ye d., it is dear, s. ebo; pr. 820. - n'ani ye d., n'āno ye d., ne nsam' ye d., ne tirim ye d., s. ani, āno, nsa, tiri."
98,dennéŋ,"hard, firm; strong; hardy; sharp, severe; difficult; opp. merew; dade yẹ deŋ, iron is hard; dua denneŋ, hard wood; ntama no yẹ deŋ, this cloth is strong; oye deŋ, he is hard, cruel; he is firm in his resolution, does not easily yield; ne hō ye d., he is (bodily) strong, healthy; ne koŋ ye d., his neck is strong (to carry loads); ne tirim ye d., he is valiant, powerful (said of the leader of an army); emu ye d., it is hard, important, difficult, troublesome; owia āno ye d., the sun shines hot; ebo ye d., it is dear, s. ebo; pr. 820. - n'ani ye d., n'āno ye d., ne nsam' ye d., ne tirim ye d., s. ani, āno, nsa, tiri."
98,dènnénnenneŋ,"hard, firm; strong; hardy; sharp, severe; difficult; opp. merew; dade yẹ deŋ, iron is hard; dua denneŋ, hard wood; ntama no yẹ deŋ, this cloth is strong; oye deŋ, he is hard, cruel; he is firm in his resolution, does not easily yield; ne hō ye d., he is (bodily) strong, healthy; ne koŋ ye d., his neck is strong (to carry loads); ne tirim ye d., he is valiant, powerful (said of the leader of an army); emu ye d., it is hard, important, difficult, troublesome; owia āno ye d., the sun shines hot; ebo ye d., it is dear, s. ebo; pr. 820. - n'ani ye d., n'āno ye d., ne nsam' ye d., ne tirim ye d., s. ani, āno, nsa, tiri."
98,dendéŋ,"hard, firm; strong; hardy; sharp, severe; difficult; opp. merew; dade yẹ deŋ, iron is hard; dua denneŋ, hard wood; ntama no yẹ deŋ, this cloth is strong; oye deŋ, he is hard, cruel; he is firm in his resolution, does not easily yield; ne hō ye d., he is (bodily) strong, healthy; ne koŋ ye d., his neck is strong (to carry loads); ne tirim ye d., he is valiant, powerful (said of the leader of an army); emu ye d., it is hard, important, difficult, troublesome; owia āno ye d., the sun shines hot; ebo ye d., it is dear, s. ebo; pr. 820. - n'ani ye d., n'āno ye d., ne nsam' ye d., ne tirim ye d., s. ani, āno, nsa, tiri."
98,dèndéndendeŋ,"hard, firm; strong; hardy; sharp, severe; difficult; opp. merew; dade yẹ deŋ, iron is hard; dua denneŋ, hard wood; ntama no yẹ deŋ, this cloth is strong; oye deŋ, he is hard, cruel; he is firm in his resolution, does not easily yield; ne hō ye d., he is (bodily) strong, healthy; ne koŋ ye d., his neck is strong (to carry loads); ne tirim ye d., he is valiant, powerful (said of the leader of an army); emu ye d., it is hard, important, difficult, troublesome; owia āno ye d., the sun shines hot; ebo ye d., it is dear, s. ebo; pr. 820. - n'ani ye d., n'āno ye d., ne nsam' ye d., ne tirim ye d., s. ani, āno, nsa, tiri."
98,dènnénneŋ,"hard, firm; strong; hardy; sharp, severe; difficult; opp. merew; dade yẹ deŋ, iron is hard; dua denneŋ, hard wood; ntama no yẹ deŋ, this cloth is strong; oye deŋ, he is hard, cruel; he is firm in his resolution, does not easily yield; ne hō ye d., he is (bodily) strong, healthy; ne koŋ ye d., his neck is strong (to carry loads); ne tirim ye d., he is valiant, powerful (said of the leader of an army); emu ye d., it is hard, important, difficult, troublesome; owia āno ye d., the sun shines hot; ebo ye d., it is dear, s. ebo; pr. 820. - n'ani ye d., n'āno ye d., ne nsam' ye d., ne tirim ye d., s. ani, āno, nsa, tiri."
98,e-deŋ,strength; obehye nea eye merew no edeŋ.
98,o-denā,"= dánta, amōase, loin cloth; mekofaa od. memōe."
98,dennaŋ,"to spread, be extended; obobe no adennaŋ, the vine is spread out, hangs over, Ez. 17,6. dua no ad., the tree"
99,o-dé-ne-há,"odeba, q. v."
99,denneŋ,red. v. s. deŋ.
99,adennéŋ,"inf. equal balance, being in a state of equilibrium, equipoise. - di (adesoa adenneŋ, to carry (a load) on the head without holding it; odi n'ahina ad., = oso n'ahina na ne usa ŋkuram'; odi nehō ad., he lives carelessly; wudi wohō ad. a, woŋkyɛ wu."
99,dennéŋ,"1. a. s. deŋ. - 2. adv. hard, strongly, vehemently; sharply, severely."
99,dennénneŋ,"1. a. s. deŋ. - 2. adv. hard, strongly, vehemently; sharply, severely."
99,ade-nim,inf. = nimdeɛ.
99,o-denimfó,"= onimdefo, a well-instructed, prudent, clever man."
99,dèŋkesē,"bushy, brushy; ne ti afuw d.; odoto bi abu afwɛ afuw no so d., the whole mass of the thicket fell on the plantation."
99,adéŋkúm,"a small calabash with a long neck, used for play; toa a mmea de ahene abyehye hō na woɓo wo agorum'."
99,adé-ŋkyē-ō!,salutation on taking leave in the evening: may you live to see the next morning! - syn. nŋopa-ō!
99,deŋkyebèd,a kind of European cloth.
99,dèŋkyedèŋkye,"swamp, bog, fen, marsh, moor, quagmire; marshy or boggy ground, deeper than atɛkyɛ; cf. dontori."
99,dèŋkyédèŋkyé,"adv. in a shaking, vacillating manner; chim d., it shakes to and fro. - n. hammock; cf. ahamaŋkā, osako."
99,o-déŋkyém,"pl. a-, alligator. - pr. 859. crocodile; odeŋkyem-irempoŋ, pr. 2850. syn. asuboa. - deŋkyemmerefū, -funu, pr. 1171."
99,o-déŋkyemmó-o,"1. a glittering, precious stone said to come from the head of an alligator. - 2. a certain food (nut?) pr. 745."
99,adensá,"[nea eda nsa], Ak. = kapo."
99,densow,s. da-nsow.
99,ade-nyā,"inf. becoming rich, acquisition of wealth."
99,ade-pá,"a good or precious thing, something good; goods."
99,adé-pé,inf. seeking for riches. pr. 1441.
99,depo,"ganglion, a tumor or excrescence on the back of the hand."
99,adere,Ak. = adare.
99,ádèsā-mmá,"= nŋipa mma; s. adasā, odesāní."
99,ádèsā,"-sāwá, the eatable fruit of a large tree, of the size and shape of a lime, of a yellow and reddish colour, and of a sharp sweet-sour taste; the tree on which it grows."
99,adesāe,"[cf. ade sā] 1. evening-time. - 2. the whole day from morning till night; Mat. 20,12. maye adwuma ad., I have worked till night."
99,o-desāní,"odas... pl. a-fó, adesā-mma, man as a rational being (""mmoa na efre onipa sa"") opp. aboa; od. nye nea [entia ese se] woye no yiye, man does not deserve to be treated well. pr. 509.861.2375."
100,adesé,"tooth-ache; oyare ad.; syn. bòaduam, okékáw."
100,adesé,"[ade ase a aka, what is left at the bottom of a thing] sediment, residuum, dregs; a mean, useless thing; cf. puw; - ad. Twi, a jargon or patois of the Tshi language."
100,o-desèní,"pl. a- -fo, = nnipa a womfra, men of low condition, low, mean, common people, the dregs of society; cf. akwanihūmāni. F. people living in the bush, not on the coast, bush-people."
100,adeséni,"pl. a- -fo, = nnipa a womfra, men of low condition, low, mean, common people, the dregs of society; cf. akwanihūmāni. F. people living in the bush, not on the coast, bush-people."
100,ade-sẹe,"inf. waste of things, Mt. 26,8."
100,adé-soá,"inf. [soa ade] carrying loads; ad. ye yaw, - is troublesome."
100,adesoá,"[ade a wọde soa biribi] a basket (tekrekyi) or another thing in which women keep and carry their things (abọde, atam)."
100,adésoa,"[ade a wọsoa] pl. n-, nnósoa, load, burden."
100,adesoa-kyénẹ́,"an excessive burden; ad. yi de, mintumi!"
100,o-desoání,"pl. a- -fo, carrier, porter."
100,ade-sūa,"inf. learning, study."
100,adesūa-daṅ,"school-house, school-room. - adesūae, school; s. sukū."
100,o-desūafo,"pl. a-, learner, student. - adesūa-kā, inf. examination."
100,ade-tó,"adé-tó, inf. buying. - o-detọfó, pl. a-, buyer, customer."
100,adé-tó,"inf. buying. - o-detọfó, pl. a-, buyer, customer."
100,ade-tóṅ,"adé-tóṅ, inf. selling, trading. - adetọṅ-daṅ, shop."
100,adé-tóṅ,"inf. selling, trading. - adetọṅ-daṅ, shop."
100,o-detọfó,"pl. a-, buyer, customer."
100,o-detọṅfo,"pl. a-, seller, trader."
100,ade-tọ-wọ-so,"a single fit as of epilepsy, not of repeated or frequent occurrence; cf. ahunum', abiribiriw."
100,detse,F. = dote.
100,dew,"v. to flare, flame, blaze; ogya redew, the fire is blazing; dew bayi, to exercise or practise witchcraft; to bewitch; s. ọbayifo; odew se ọkanea, fig. he is very lively, active in his business &c."
100,dew,a. s. de.
100,o-dew,"sweetness, agreeableness, pleasantness; agreeable taste, tastefulness, relish; flavour; pleasure, joy, comfort, benefit; wọsọm Nyame yiye a, wọbete mu dew, if you serve God well, you will have the benefit of it, you will see how happy it will make you."
100,dew,"F. joy. Mt. 13,20. 44. 25,21. 28,8. - dzi dew, to rejoice, Mt. 2,10.5,12. - dew-do, = fewso, gladly. Mk. 6,20."
100,adewá,"[ade, dim.] a little thing, trifle; enyé ad., it is considerable, important, = esọ kokūrọ, esọ sê, esọ ampa!"
100,adewá,"tet. adawá, a name for several kinds of play, s. agoru; a play at funeral customs."
100,adewá-dwóm,"a song used in that play, pr. 174."
100,adewafó,"women engaged in that play, pr. 3237."
100,adé-wu,inf. bashfulness; syn. adefere.
100,ade-wiá,"inf. stealing, theft; cf. krọnọ, akrommọ."
100,ade-ye,"inf. doing, doings (cf. nneyee); activity; efficacy."
100,adeyede,(pl. id.) instrument.
100,o-deyefo,"-yofo, pl. a-, an industrious, diligent man; syn. osifo; oye od. = oye nsi, ne nsa nna, he is diligent in his business."
101,di,"to take (in hands) and to handle, or to use, make use of, employ, and describes actions."
101,didi,"to take (in hands) and to handle, or to use, make use of, employ, and describes actions."
101,dzi,"to take (in hands) and to handle, or to use, make use of, employ, and describes actions."
101,dzidzi,"to take (in hands) and to handle, or to use, make use of, employ, and describes actions."
102,di,"to fetch a price, to be worth"
102,di,to deserve
102,di,"to be meet, fit, becoming, right"
102,di,"to have capacity for, to be able to take in, to hold, contain"
102,di,"to have, be infected with"
102,di,to possess
102,nni,not to have
102,di,"to be, exist, or live at a place, in the affirm. expressed by wo"
102,nni,not to be in a place
102,nni ho,not to be present
102,nni bābi,"not to be anywhere, not to exist"
102,di,to be in some situation (outward circumstances)
102,di,"to be (first, next, last) in the order or row, or in rank"
102,di mu,to be among the number
102,di mu,to be prominent among
102,di,to amount to
102,di,"to spend or pass time, to remain, stay, tarry, continue at a place"
102,di,to attain some age
102,di,"to be in some state, condition or situation"
102,di(..) kaŋ,"to walk before, precede"
102,di(..) anim',"to walk in front of, go before"
102,di.. akyi,"to walk behind, to follow (after), to be younger, to be subordinate"
103,di akyiri,"to pursue, to prosecute, follow up, to visit (sins upon)"
103,di ahurusi,to exult
103,odi atwasi,he moves in a circle returning to his place
103,mmoa di sare no so atwagu,beasts pass over the grassy place in great numbers
103,odi me so akorokorow,he intrudes upon or importunes me by frequent visits
103,odi antweri no so aforosiãn,he goes up and down the ladder
103,odi yeŋ mu ahyemfiri,he goes in and out among us
103,wodi yeŋ barehyia,they surround us
103,edi kyinhyia,it whirls round
103,odi ahõdannaŋ,he often turns or changes himself or his dress
103,odi akɔ-nè-abá or àkɔsaŋ,he goes to and fro
103,odi atwẽba,he draws (it) backwards and forwards
103,"wodi atúbɔ, atubra","they frequently change their abode, have migratory habits"
103,wodi atãtã,they run after each other
103,wodi nsianehõ,they pass by each other
103,wodi ntwitwãr'ãno,they pass by each other in running a race
103,odi ne tirim,"he meditates, ponders, revolves or resolves in his mind; he musters resolution or courage; he takes pains"
103,di wo tirim mã wonsũaŋ wo,bear the bleeding manfully
103,odi no hõ dadwẽn,he is anxious about him
103,obedi yare no,he will stand the sickness
103,wadi yare no,he has recovered from the sickness
103,"nea meye no no, orenni",he will not be able to bear what I shall do to him
103,ose n'asɛm wonni,"he is haughty, overbearing, ready to repress or subdue by insolence or effrontery"
103,di hene,to be and act as king
103,di amrado,to be and act as governor
103,di kyɛ̀ame,"to be and act as speaker (linguist, interpreter)"
103,di sofo,to be and act as priest (or minister)
103,odi panyiŋ,he is entrusted with an office
103,odi adiakyiri,he holds an inferior office
103,di srãni,to serve as a soldier
103,di bakõma,to play the superior or nobleman
103,di dehye,to play the superior or nobleman
103,di.. so,to rule
103,odi maŋ no so,he rules over the country
103,odi kũrow no so,he has authority over the city
103,di boa no,he helps him in what he is doing
103,di adwinni,to do skilful work
103,di dũma,to profess some trade
103,odi ne dũma,he is at his work
103,di bonno,"to work at intervals, intersecting other work"
103,di abõ,to attend at table
103,di pia,"to act as steward, chamberlain, valet"
103,odi no ŋkommãraŋ,he is his disciple or accomplice in his fetish-practices
103,di pã,to serve as a hired labourer or carrier
103,di abofo,to provide a hunter in the bush with food
103,di yaw,to provide a hunter in the bush with food
103,di bata,"to traffic, trade"
103,di gua,to carry on a trade
103,"di nsɛã, nsesãgua","to barter, exchange, truck"
103,di mpewá,"to peddle, hawk"
103,di dam,to play at draughts
103,wodi asrayere,they perform their ceremonies for their husbands absent in the camp
104,di ahene,"to make parade of royalty, to exhibit royal riches and power"
104,di bo,to make a bargain
104,di abobobo,"to barter, bargain, haggle"
104,di āno,"to agree, make (or come to) an agreement"
104,di kasasie,to make a previous agreement
104,di mmāra,to agree upon a law
104,wodi abosom,"they take an oath, pledge themselves with an appeal to the fetishes (or tutelar spirits)"
104,odi nsew,"he binds himself by an oath, declares upon oath, confirms by oath, protests with solemn asseverations"
104,wodi ntammāra,they swear oaths on both sides
104,odi ṅhyease,he gives a solemn promise
104,odi a(ka)gyinam',he stands security
104,akabaso,he stands security
104,odi me adanse,"he bears or gives witness a) concerning me, b) before or to me"
104,"odii dii dii, na antetam'","he did his best in pleading, but it was of no avail"
104,di asem,"to carry on a law-suit, compose or settle a litigation; judge &c."
104,di afisem,"to arrange family matters, settle domestic quarrels"
104,di amansem,to negotiate or transact public affairs
104,odi mā no,"he pleads for him, in his favour"
104,odi ko n'afā,he strives or pleads for his party (okā or odi mā ne mfẹfo)
104,odi ntam',"he mediates, interferes"
104,odi (ntam') mmow,"he mediates, acts as go-between, tries to bring about a reconciliation"
104,me nè no bedi no bone,"I shall deal with him in a most unpleasant way, without mercy"
104,"di asempa, seṅkwaṅmu","to walk uprightly, deal honestly, lead a good and honest life"
104,di nokware,"to speak truth, act faithfully or trustworthy, to be faithful"
104,di anēm,"to be diligent, industrious"
104,ye anēm,"to be diligent, industrious"
104,di do,to exhibit one's love
104,di dehye,to live as a free man or nobleman
104,di tumi,to exercise power or authority
104,di bam(e),"to behave proudly, arrogantly"
104,di abransem,"to commit violence, exercise power or authority &c."
104,ahōedensem,"to commit violence, exercise power or authority &c."
104,tumisem,"to commit violence, exercise power or authority &c."
104,di ahensem,"to boast of being a king, prince, nobleman, to be imperious, tyrannical, arrogant &c."
104,ahennemasem,"to boast of being a king, prince, nobleman, to be imperious, tyrannical, arrogant &c."
104,adehyesem,"to boast of being a king, prince, nobleman, to be imperious, tyrannical, arrogant &c."
104,di akakabénsém,to deal violently &c.
104,akokobirisém,to deal violently &c.
104,akraṅkransem,to deal violently &c.
104,aporisem,to deal violently &c.
104,ntintim-mànsém,to deal violently &c.
104,asénníni,to deal violently &c.
104,di asemmone,"to lead a bad life, commit a wicked deed, evil deeds &c."
104,di asénníni,"to deal rashly, commit a crime"
104,atrátrasem,"to deal rashly, commit a crime"
104,di seṅkyéṅé,to perpetrate an atrocity
104,di ayeyesem,"to commit a perverse or exorbitant action; to be stubborn, wilful, capricious (?)"
104,di ṅkwaseasém,"to act foolishly, wickedly"
104,di ahúhusem,"to make nonsense, act frivolously"
104,di ntuntúnansem,"to act insolently, impudently &c."
104,odi no aboro,"he envies him, wrongs or injures him"
104,odi no mfiakyiri,"he does something without his knowledge, will or approbation"
104,odi no kusúm',"he defrauds, cheats him"
104,odi no amim,"he defrauds, cheats him; he overreaches him, takes him in"
104,wadi me hūammo,he has disappointed
105,wodi no kasa,"they make him account or pay for, fine him, take redress from him."
105,odi no were,he takes revenge or vengeance on him.
105,wodi no mfuaŋfwe,"they hold and flog him, give him a thrashing."
105,odi (no) awu,he commits a murder (on him).
105,odi no nya,"he treats him as a slave, hard or cruelly"
105,odi no ni,"he renders him honour, pays him respect or homage."
105,odi no tow,he renders or pays him tribute
105,odi no adaworoma,"he applies to or craves for his benevolence, favour, kindness."
105,wodi semode,they hold or carry on a pleasant conversation
105,wodi awerehósém,they have a colloquy (on disagreeable matters)
105,dzi awereho,to wail
105,wodi ṅkommo,"they converse, discourse, hold conversation."
105,odi no ṅkommodōm,he condoles with him with a hypocritical mind.
105,odi no hō tew,he mocks at him
105,ogoru no hō,he mocks at him
105,wodi no operefwe,"they mock, deride, ridicule him (in his back)."
105,odi no (hō) ṅkasaguā,"he mutters, grumbles about him, publicly gives vent to his ill feeling against him, yet not in his presence."
105,odi no ṅkoḳodésem,"he flatters, coaxes, wheedles, humbugs, hoaxes him."
105,odi no or no hō nseku,he calumniates or slanders him.
105,odi no nsokodé,he calumniates or slanders him.
105,odi no atem,"he scolds, abuses, reviles him."
105,odi atoro,he tells a lie or lies
105,Ak. toro,he tells a lie or lies
105,odi ṅkontoro,he tells a lie or lies
105,s. ṅk.,he tells a lie or lies
105,edi adannaṅ,it undergoes changes
105,wodi adannaṅ ye,"they do it alternately, by turns."
105,wodi no nnyigye,"they do it alternately, by turns."
105,di so,"to observe an injunction, promise, law"
105,odi n'asem so,he keeps to or acts according to his word
105,odi mmāra so,he keeps the law.
105,"da a wohyee no se ónsaṅ mmēra no, wanni so na odii nnannu guu so","he did not come at the day appointed to him, but stayed two days longer."
105,odi abuada,he fasts
105,wodi mmuada,"they keep a fast, observe fasting"
105,di afofi,to abstain from plantation-work on some week-day.
105,di fofida,to observe the day of rest by abstaining from plantation-work
105,di homeda,to keep the day of rest (Sabbath-day)
105,odi n'awoda,he celebrates his birthday
105,di dapa,"to have or celebrate a festival day, a feast"
105,dapoṅna,"to have or celebrate a festival day, a feast"
105,di afe,to celebrate a yearly festival (s. hye fā)
105,di afrihyia,to celebrate a yearly festival (s. hye fā)
105,Brofo di búrōnyā,the white people celebrate Christmas or new-year's-day
105,Guaṅfo di hum,the Guang people have their yearly harvest custom or festival.
105,wodi asennida,they keep a court-day.
105,wodi atúbo,they are given to frequent change of abode; (cf. 37.)
105,wodi atúbo,they have the practice of shooting themselves.
105,odi awommawu,she bears children who usually die soon.
105,wodi atirimusem,they are on an intimate footing.
105,wodi adi (-nè-adi),"they make each other presents, send each other portions"
106,wodi ńŋuammoa,they unite in buying a sheep to kill and share it
106,wodi ńfwebom',"they have joined interest, have associated, have made common cause, are in partnership"
106,ntontó,"they have joined interest, have associated, have made common cause, are in partnership"
106,wodi twàkā,"they have communion, eat together &c., are on good or friendly terms, on a familiar footing"
106,twàwe,"they have communion, eat together &c., are on good or friendly terms, on a familiar footing"
106,nsáwoso,"they have communion, eat together &c., are on good or friendly terms, on a familiar footing"
106,wodi nnakranna,they are on a familiar or intimate footing
106,wodi akāpimatwẽ,"they have close communion, favour each other in turn"
106,wodi aniwabubu,there is a mutual understanding or agreement between them
106,wodi mmoa,"they aid each other, are allied, work together, mutually support each other"
106,nŋoboa,"they aid each other, are allied, work together, mutually support each other"
106,hiafwẽ,"they aid each other, are allied, work together, mutually support each other"
106,wodi aware,they intermarry
106,wodi afra,"they are intermixed, commingled"
106,edi afuntumfra,"it is (or, the things are) thoroughly commixed, jumbled or huddled together"
106,woadi anańwuram',"they have mutually entangled themselves, crossed or thwarted each other"
106,wodi ńfweanim,"they face each other, look each other in the face"
106,mmoanim',"they face each other, look each other in the face"
106,wodi aguma,they wrestle or struggle in a combat for exercise or for a prize
106,ayéńsì,they wrestle or struggle in a combat for exercise or for a prize
106,wodi atifra,they knock their heads together
106,atipira,they knock their heads together
106,wodi dom,they are at war (with each other)
106,wodi akō,they are fighting (with each other)
106,wodi akamekame,"they are in contention, strife, contest, struggle, dispute, bickering, quarrel, at variance &c. with each other"
106,ānobacbae,"they are in contention, strife, contest, struggle, dispute, bickering, quarrel, at variance &c. with each other"
106,aperepere,"they are in contention, strife, contest, struggle, dispute, bickering, quarrel, at variance &c. with each other"
106,ntawntaw,"they are in contention, strife, contest, struggle, dispute, bickering, quarrel, at variance &c. with each other"
106,atutuw,"they are in contention, strife, contest, struggle, dispute, bickering, quarrel, at variance &c. with each other"
106,twẽmāmentwẽ,"they are in contention, strife, contest, struggle, dispute, bickering, quarrel, at variance &c. with each other"
106,odi nehō dom,"he commits suicide, destroys himself"
106,wodi wońhō domata,"they fight against themselves (their own companions, by a mistake)"
106,wodi ńkōtewmu,"they mutually desist from, or leave off (break off, give up) fighting, none of the parties having gained the victory"
106,ńkōtetem',"they mutually desist from, or leave off (break off, give up) fighting, none of the parties having gained the victory"
106,wodi mpāpaem',"they part, separate, divide, are divided"
106,wodi ńkra,"they part, separate, bid each other farewell"
106,odi.. ye-nā,he meets difficulty in doing (it)
106,gye.. di,to believe
107,abā,11
107,abaguade,8
107,bakōma,42
107,bam,53
107,bame,53
107,abaninsem,53
107,barehyia,36
107,abarimasem,53
107,bata,45
107,bem,31
107,bere,5.6
107,bo,48
107,abō,44
107,abobobo,48
107,abofo,44
107,bonno,44
107,aboro,55
107,abosom,49
107,abransem,53
107,abuada,71
107,būrōnyā,75
107,da,5.27
107,dadweñ,39
107,dam,46
107,adañmude,8
107,adannañ,72
107,adanse,49
107,dapa,75
107,daponna,75
107,adaworoma,63
107,ade,8.9
107,dehye,42.53
107,adehyesem,53
107,dem,17
107,adi(-nè-adi),80
107,adiakyiri,42
107,dibea,23
107,do,52
107,dom,91.93
107,dommata,94
107,doñ,30
107,adwini,44
107,dwuma,44
107,afe,28.75
107,afirihyia,28.75
107,mfia-kyiri,55
107,afisem,50
107,fo,31
107,afofi,74
107,fofida,75
107,aforosiañ,36
107,afra,86
107,afrihyia,28.75
107,mfuanfwɛ,58
107,afuntumfra,86
107,fwɛ,14
107,ñfwɛanim,88
107,ñfwɛbom,81
107,gua,45
107,aguma,89
107,agyinam,49
107,hene,42
107,ahene,47
107,ahenemmasem,53
107,ahensem,53
107,hia,32
107,hiafwɛ,85
107,ho,23.27
107,nehō,7
107,ahōdannañ,36
107,ahōedensem,53
107,ahōmasin,5
107,homeda,75
107,hūammo,55
107,ahuhusem,54
107,ahūkañ,23
107,hum,75
107,ahurusi,36
107,ñhyease,49
107,ahyemfiri,36
107,ñhyira,9
107,akabaso,49
107,akagyinam,49
107,akakabensem,53
107,akame-kame,92
107,kamu,22
107,kañ,23.35
107,akāpimafwɛ,83
107,kasa,56
107,ñkasagua,67
107,kasasie,48
107,akō,91
107,ñkōgu,11
107,akokobirisem,53
107,ñkokodesem,68
107,ñkōmmārañ,44
107,ñkommo,64
107,ñkommodōm,65
107,kōmusu,11
107,ako-nè-aba,36
107,ūkōnim,10
107,ñkontoro,71
107,akorokórów,36
107,akosañ,36
107,ñkōtetem,95
107,nkra,96
107,akrāñkrānsem,53
107,kum,14
107,kusum,55
107,ñkwū,9
107,ñkwaseasem,54
107,kyecame,42
107,akyi,23.35
107,akyiri,23.35
107,kyiñhyia,36
107,amansem,50
107,amanterenu-ade,8
107,mmāra,48
107,mmasigyaw,33
107,amim,55
107,mmoa,84
107,mmoā,8
107,mmoanim,88
107,mmow,50
107,amrado,42
107,mu,24
107,mū,29
107,mmusu,11
107,nā,97
107,nnakrannā,83
107,anaūwuram,87
107,anēm,52
107,nī,61
107,nim,10
107,anim,35
107,animkā,14
107,aniwabubu,83
107,āno,48
107,anobābáé,92
107,nnoboa,84
107,nokware,52
107,ññuammoa,81
107,nyā,18.60
107,nnyigye,72
107,pā,44
107,panyiñ,42
107,mpāpaem,96
107,operefwe,66
107,aperepere,92
107,mpewa,45
107,pia,44
107,aporisem,53
107,nsawoso,82
107,nsẹ,30
107,nseku,69
107,asem,40.50-54
107,semode,64
107,asemmone,54
107,asempa,52
107,asennida,76
107,asénníní,53.54
107,sẹnkwañmu,52
107,sẹñkyeñe,54
107,nsesā,45
107,nsesāgua,45
107,nsew,49
107,nsianehō,38
107,sigyaw,33
107,sika,3.4
107,so,43.73
107,sō,31
107,sofo,42
107,nsokodé,69
107,srâni,42
107,asrayere,46
107,ntammāra,49
107,tāmu,32
107,atātā,38
107,ntawntaw,92
107,atem,70
107,ntenteso,35
107,ntewso,12
107,ti,23
107,atifra,90
107,ntíntimànsém,53
107,atipira,90
107,tirim,39
107,atirimusem,79
107,ntodii,2
107,ntomu,12
107,ntontó,81
107,atoro,71
107,tow,62
107,atratrasem,54
107,atúbó,77
107,atúbo,37.77
107,atubra,37
107,tumi,53
107,tumisem,53
107,atuntunansem,54
107,atutuw,92
107,atwagu,26
107,twakā,82
107,atwasi,36
107,twawɛ,82
107,twɛ,7
107,atwēba,36
107,twēmamēntwɛ,92
107,ntwítwārāno,38
107,aware,85
107,awoda,75
107,awommawu,78
107,awu,59
107,wére,57
107,awerehosem,64
107,yare,40
107,yaw,44
107,àyénsiñ,89
107,ayeyésém,54
107,yiye,34
107,di boa,44
107,di mā,44
107,di ko n'afā,50
107,fa nehō di,6
107,gye di,98
107,fa di,8
107,s. fa,23
108,adi,"eating, feasting"
108,adi,"an open or outer space, opp. to a shut up and covered space or hidden place; out, outside, without, abroad, out of doors"
108,adi,"this thing, this, that"
108,adi-akyíri,"a subordinate officer, subaltern"
108,adi-amā,sending of portions
108,adi-ammā-wo-ba,a kind of yam
108,diasekaṅ,"a dish of Indian corn, a kind of abeté"
108,adi-asie,a matter previously arranged or settled beforehand
108,adi-baṅ,food
108,adi-bane,food
108,di-bea,"place, position, rank, occupation"
108,dībō,deal-board
108,dībō-dua,"fir, cypress"
108,adi-bone,bad food
108,adide,"fruition, usufruct; enjoyment; benefit, profit; share"
108,didi,"to eat; to be or sit at meals, at table"
108,didi,"to live on, make one's livelihood by"
108,didi,"to spread (of an ulcer &c.), to diffuse itself"
108,didi,"to soak, to get through, to penetrate"
108,adidí,"eating, feasting, meal"
108,adidí,Turkey-red thread or colour
108,adidí-pá,crimson
108,adidí-sikā,"yellow thread, orange-red yarn"
108,didi-amfóé,a man who eats much and yet has no fat
108,adidí-bèá,manner of eating; dining-room
108,adidí-bére,time of eating
108,adidí-dé,eatables
108,mmóa adìdidé,manger
108,didifó,guest
108,o-didífó,"a greedy eater, glutton"
108,adidifúrum,"gluttony, voracity"
108,adidíi,place or time of eating
108,adidii-fʷefo,"the master (ruler, governor) of a feast, steward"
108,adidiikyiri,the time after a meal
109,didi-kaw,a debt for victuals.
109,didi-mẽ,"the act of eating enough, so as to be satisfied, eating one's fill; hence a feast, feasting, banqueting, including the idea of drinking copiously."
109,adidí-pón,"table, dining-table; dinner-table; cf. opoṅ, daṅ-ānopoṅ."
109,adidi-trásó,"gluttony, voracity, excess in eating."
109,adidi-twẽā,"1. the stomach, = nsonokese. - 2. a bag for victuals."
109,adi-fí,"inf. [fi adi] going out, going forth."
109,adifudé,"[cf. fū] plenty of things, espec. eatables; manyā aduaṅ ad., I have got food (or victuals) in excess, for nothing; odi, ope or óyè ad. = óyè amím, he is greedy. - adifudé-pe, inf. greediness, cupidity. - o-difudépefó, a greedy, unsatiable fellow or person."
109,ódìhá,"a stone commemorative of a shameful or criminal act as rape or murder, committed at the place, on which every passer-by puts a leaf to protest against the deed. - a di-ho, s. adi, adiwo."
109,o-dihunum,"revel, reveling; greediness; óyè od. = óyè adifudé, he likes to eat all he can get, or all he has to-day."
109,dika,"a kind of yam, s. odé."
109,adíkán-ō,"a salutation addressed by a traveler to one who went before, after having come up with him; answer: yā aběraw."
109,adikaṅfó,"one (or pl. many) gone before, the fore-most, first."
109,dikpei,[Gā] dart.
109,dim-mo,"inf. s. bo diṅ, nnimmo."
109,dim-mone,= diṅ bone; dim-pa = diṅ pa.
109,e-diṅ,"1. name; ne diṅ de deṅ? what is his name? woato no diṅ, they have given him a name; cf. Gr. § 205, 4.5. - pae diṅ, s. pae. bo diṅ, to mention; pr. 1776. on account of; cf. Gr. § 243b. (the last ex.) on pretence of: oboo adwumaye diṅ bae, he came on pretence of working; obo ne d. so, he mentions his name; obo ne d., he calls upon him. - 2. the good name, reputation, character; bo diṅ (pa), to praise; bo diṅ bone, see diṅ, to revile, slander, defame; wode woṅhō-hō dim-mone bae = wobekāā woṅhō-hō asem, they reproached, upbraided each other. - 3. a well-known name, fame, renown: wagye (ne) d., owo d., he has become renowned, celebrated, famous, he is renowned; onipa a owo d., a man of rank or distinction; ne d. ada kakra, his name sleeps a little, i.e. he is no more spoken of so much; ne d. ato nsum, he is no more mentioned."
109,dìṅṅ,"a., adv. still, silent; quiet, silent; quiet, calm; pr. 3069. Mk. 4,39. syn. démm, kòni, krànanana."
109,adinam,"[ade a wode di nām] (pl. id.) fork, table-fork."
109,adi-nè-adi,"mutual communication of food; cf. di 80, & adi, o-dinimfo, s. onimdifo."
109,adiṅkárá,"linen (ṅwera) bought of the Europeans, which the negroes wear as mourning after having variegated it with red and black stripes. pr. 387."
110,din-séé,"inf. slander, calumny. pr. 2216."
110,adintrom,(obsc.) pederast; woŋ a wo-nè mmarima da; cf. turum.
110,adi-puw,excessive eating; pr. 938.
110,adiwo,"the yard of a negro dwelling; adiwo ho, out of doors, without; cf. adi & abannua."
110,di-wǒ-afe-mma,"a bird of prey larger than akrǒma, living on the young of other birds."
110,adi-yí,"inf. manifestation, revelation."
110,adiyisém,prophecy; the book of revelation.
110,odiyíní,"pl. a-fo, prophet, Chr. (ukomhyefo, Prk.)"
110,do,"v. [red. dodo] 1. to increase in quantity or number, to multiply, to become numerous; ne sika do, his money increases; ewo no ado, the honey has increased, has filled the comb; pr. 721. 813. 1348. woado = woaye bebre, woafew; cf. dǒso [do & sǒ], few. — 2. to bring forth abundantly: asu no do mmoa manya-manya, the water swarms with animals, Gen. 1,20. — 3. to produce, attract, gather: do srade, awonnua, to gather fat, to fatten, grow fat (only of beasts); pr. 499. do nkanare, to gather rust, to rust, grow rusty. — 4. to fill, become full: wado wuw (wadidi pi, n'afuru ahye), he is crammed, stuffed, cloyed (full); wado ntwom, he is full of itch. — 5. to become hot: nsu no ado, the water is hot; dade no ado, the iron is red-hot; me ho ado, I am hot = maye hyew, hyerehyere. — 6. emu do, to become deep, to deepen: asu no mu do, the river is deep; cho de, emu nno, there it is shallow. — 7. do asuko, to dive. — 8. F. to sink under the water, sink down, = mem; Mt. 14, 30. be choked, Mk. 5, 13. — 9. to sink, infiltrate, penetrate: do mpumpunase: asu no ado mp., the rivulet has lost itself in the ground, flowing or oozing below the surface. — 10. to enter, lose one's self in: ode neho or ne ti ado wuram', he has absconded, concealed himself in the bush. — 11. do mu, dom', to go abroad, into foreign countries: ankye na odom' koe, not long afterwards he set out on a journey; wadom', he is away on a journey, abroad; odom' ko Huam, ommace, he went on a journey to Krepe and is not yet back; won nhina dodom' koo nkurow so, they all went abroad into foreign countries. — 12. to enter (the nose, said of the smoke or scent of something burned &c.): aduru no (mako no) ado me, the smell of that medicine (pepper) has entered my nose (causing me to sneeze, making me sick &c.) — 13. to enter deeply, to grieve: asem no ado me (= ye me yaw), the matter grieves me. — 14. to take refuge to, have recourse to, resort to: wabedo me, he has taken refuge with me; mado panyin no, I have resorted to that gentleman; opanyin na, ade hia wo a, wuguan kodo, you have recourse to a man of consequence when you are in distress. — 15. to swear by: medo (= meka) Onyankopon se asem a meka yi wom', I swear by God that what I say is true. — 16. to love: do wo yonko se woho, love thy neighbour as thyself; wododo wonho, they love each other, Gr. § 57. pr. 2378. — to like, prefer; pr. 2164. cf. pe, pe asem. — 17. do..ho, to spare, save, take care of: odo ne nan ho, he does not like to exert (tire) his feet by walking. pr. 283. — 18. ..ho do, to be of impor-"
111,ne koŋ do,"his throat deepens for, i.e. he has an appetite, a longing desire for, eagerly desires, lusts after."
111,do ŋkraŋ,"to become wild, fierce, frightful; ŋ'ani do ŋkraŋ, he rages, chafes."
111,do,"to dislike, s. nā."
111,do aniwu,to be bashful.
111,do so,"to take preventive measures: odo so uŋtem siesie hō na amma sa, he quickly takes precautions that this may not come to pass."
111,do,s. dow.
111,do,"s. dō.. sō, to suffice, be sufficient; eyiara do me sō, that will just do for me; ádò me sō, it suffices me; annó me sō, it is not enough for me."
111,do,v. s. dow.
111,"do, F.","= so, Ak. soo."
111,"do, Ak.",= ho; pini do = twiw ko ho; s. dóhàá.
111,e-do,s. edow.
111,o-do,"inf. love, affection."
111,o-dó,a kind of river-fish.
111,o-dò,a playing-ball made of palm-leaves.
111,adò,a piece of palm-branch or bamboo made into a kind of needle for the string of fra used for tying the grass in thatching roofs.
111,dọ,"adv. staringly; ofwẹ me dọ, he stares at me."
111,o-dọ,a sickness in the belly; eye wo yam' kuru mā wukyima.
111,o-doa,"s. odowa, adowa."
111,adoa,"s. odowa, adowa."
111,"ndoba, F.",= nŋgbae.
111,dobaŋ,"the line or border of a piece of ground selected for making a plantation, on which the bush is cut first, to show how far it is to be cut."
111,adobé,"a species of palm-tree, the leaves of which called daha, are used to cover roofs."
111,adobé-aba,"1. nuts of the said palm. 2. a kind of beads, s. ahené."
111,adobe-oŋwam,a bird.
111,adobewa,"pl. n-, the young adobe-palm."
111,o-dobéŋ,"red-brown (colour), ruddy, bay."
111,adobodobo,"a kind of beads, s. ahené."
111,dobosá,"to d., to faint."
111,adóbów,"ósi ad., adóbów-si, inf. a custom to be observed by a woman at the death of one of her husband's relations."
111,adód e,"a favourite thing, pet, darling. F. hōnam adodze, sinful affections."
111,adòde,oyster (ŋworā mu nām bi).
111,dodo,"red. v. s. do. - bore no ad. ne hōnam mu, s. fwete 4."
111,dódo,"adv. much, very much, too much, exceedingly. F. dodow."
111,"dodo, Ak.","s. dódow, a. & n. - o-dodo, F. hosts."
111,"dodo-ara, F.",many.
111,"dododo, F.",exceedingly.
112,o-dódobeṅ,a piece of hollow reed or bamboo through which the palm-wine distills from the felled tree into the vessel placed under the hole cut in it.
112,dodom',"the palate, roof of the mouth; aduaṅ no afàm mé d., the food cleaves to my palate."
112,dadawm',"the palate, roof of the mouth; aduaṅ no afàm mé d., the food cleaves to my palate."
112,dodom',= kokoam'.
112,dodoṅkú,"a swelling, bubble, blister; any thing blown up, puffed up, or, as it were, swollen; ade bi a aye kusú na wunním de-kòde a ewom'; ade bi a ahoṅ; wokyekyere boa bi a, wuse: bo no d., na obi aṅhū nea ewom'; ogya bi hyew wo na abo horónóa a, wose: abo d. - bŭrohono d."
112,dodow,"1. to become brown. - 2. to become sick by excessive eating. (Oyare ko onipa tuntum hōnam a.s. n'apow mu na óyé kō a, énna wokā se: wadódow. Wadódow ne se: wadidi mā atra so na oyare)."
112,dodow,"3. wododow woṅ yam' sū, they weep from secret longing."
112,dódow,"much, many. - n. quantity, number, numbers, multitude; dote dódow a móbgè béyé ahè? how much will the quantity of clay dug out by you be? woṅ d. si ahè, what are their numbers? (eye biakō pe, it is only one; wosi abieṅ, they are two; wọdọsọ, they are a great many.) - a great number of people. odi d. akyi kwa, he merely follows the mass of the people, the multitude, the many."
112,dódów,"po d., to stammer, stutter."
112,dodowá,"small, little, tiny; odé nn-, abŭrow nn-, cf. ṅkókóre; syn. ṅketeṅkete."
112,dodowá,"a weaver's spool, bobbin; = ṅkyekyeréé."
112,dodowé,brownness.
112,dodowura,s. ṅwuradodow. (Nnipa pi wom' a wohyẹd. kwa.)
112,adoe,"goodness, kindness, loving-kindness, kind-heartedness; favour, benevolence; affection. Opanyiṅ yi, oye adoe = ne yam' ye, he is charitable, benevolent, shows his kindness (by presents or other manifestations of his love); ode mmŏrosà ye woṅ adoe = ye woṅ aye, ye woṅ yiye, he ingratiates himself with them, courts their favour, by dealing rum to them; Onyaṅkōpōṅ adoe a oye wo nnipa hō (or ode ye nnipa) ayi adi wo Kristo mu, God's loving-kindness towards men has manifested itself in Christ."
112,adoe,acts of love.
112,adoe-ye,the act of practising charity.
112,o-doeyefo,"a charitable, beneficent person."
112,o-dófo,"1. lover. - 2. one beloved; me d., he whom I love."
112,dofōa,"bo d., to hide, seek a hiding-place; = kohintaw, bo ṅkokora."
112,adofonó,a kind of beads; s. ahene.
112,dọfowa,"lover, paramour? d. bá."
112,dòhăă,"= nohōa, noho."
112,dóhuwa,amulet; = súmán.
112,o-dókó,a sickness in the bowels leading to diarrhoea. (perb. prolapse of the rectum?)
113,dókō,"fine, soft (of dry things, ground to powder)"
113,dókodoko,"fine, soft (of dry things, ground to powder)"
113,dòkō,"sweet, agreeable; mellifluent, mellifluous, smooth"
113,dòkodoko,"sweet, agreeable; mellifluent, mellifluous, smooth"
113,adokodókode,something sweet
113,dokodokosém,"mellifluent, smooth or sweet words, flattery"
113,o-dòkóno,boiled bread of maize
113,dokón-kánkyee,boiled bread of maize
113,adokónni,boiled bread of maize
113,doku,monkey
113,dom,to belong to
113,dom,to go into another country
113,dom',"to peregrinate, be away"
113,dom,to seek allies or an alliance with
113,e-dom,"a host, an army; the hostile army, the enemy"
113,dōm,"to favour, grant favours; to be gracious; to pardon (a malefactor); to help in distress; to be useful, favourable, to serve one's turn; to happen"
113,o-dōm,"grace, favour"
113,adōm,"a favouring; the second rainy season in September and October, the latter rain upon the maize"
113,o-dōm,"a kind of tree, the bark of which is used in performing an ordeal"
113,dōm,dōme
114,dòmmá,"a weight of gold; Asaute dommá is equal in value to ntaku 14, or 7 s. 10 1/2 d. Akyem d. = ntaku 18, or 10 s. 1 1/2 d."
114,o-dòmmá,a fruit similar to a fig; the tree bearing it.
114,adómma,bell
114,dòmā,"soft, tender, thin, fine, fresh, young"
114,adómā,something soft
114,dōmā,"a young, tender tree"
114,domma-fã,"a weight of gold, the half of dommá"
114,adōmākwádéé ǹbīnā,all sorts of things
114,domamfiri,"hye d., to accursed"
114,adōm-mànāde,sacrament
114,o-dom-maníū,"a great warrior, hero"
114,dōmāṅkāmā,"many, manifold; plentiful, abundant, copious"
114,O-dōmāṅkāmā,God; the Creator
114,domare,"romal, a kind of cloth (silk, half silk, or cotton fabric, orig. from the East Indies)"
114,o-dom-marímá,"a great warrior, hero"
114,dommátá,"they have fought against themselves, i.e. their own people, by mistake or envy"
114,dōme,"to curse, execrate, imprecate evil upon"
114,adōm-mére,the second rainy season
115,adomfíráw,"wato ad., he has inadvertently fallen into the camp or into an ambush of the enemy."
115,domfràse,[Dan. dobbelt-flaske] a four-cornered bottle.
115,dom-moafo,"[dom, boa] a helper in war, an ally."
115,o-domono,"the best sort of palm-wine, s. usãfufu."
115,dompé,"pl. n-, bone, syn. kasae, F. ebew."
115,dompe-boa,"pl. n-, vertebrate animal."
115,dom-pemmo,"edom no saŋ koboo d. wo A., the army retreated to, fell back upon A.; cf. bo 9 & pem, pemmo."
115,o-dom-píafo,"pl. a-, commander of an army."
115,o-dòmpó,"pl. n-, wild dog, bush-dog, black, feeding on carcases, snails &c. cf. odemerefũa, hatwẽa; pr. 505. 530. 855-57. 970-72. 3556."
115,dompónini,a weight of gold (?); little money sufficient to buy something to eat. pr. 2943.
115,dommúm,"pl. n- [edom bum] prisoner of war, captive. — kyere d., to take prisoner, capture; fa nn-, to make prisoners."
115,dommúmfá,"inf. capture, captivity."
115,adōm-múrów,"[adom abũrow] 1. maize planted in the second rainy season. — 2. the time of the latter rain, in which maize is planted, the second rainy season; cf. adōm, adómmére."
115,dòn,"v. [red. donnón] to soak, steep, drench; to saturate with water or other liquid; to soften in water; to penetrate, permeate; abũrów no ádòn, adónnòn, the corn is soaked, softened, well sodden; né gyígyé dònnón onipa mu, its sound thrills through one's whole frame."
115,doŋ,"v. Mf. to prepare ""swish"" for building purposes."
115,doŋ',"v. [inf. n-, red. doŋnòn] to walk softly, gently, slowly, in a measured pace; to crawl, to move or advance slowly; odoŋ' se ayeforo, pr. 230. (s. doŋn); odoŋnòn se obommofo, se agyinamoa a orekokyere akura."
115,doŋn,"softly, delicately, slowly and finely; onam d., he walks softly &c., gracefully (onantew mmerantesɛm mu, for pleasure or show), he promenades."
115,o-doŋ,"bell; e-doŋ, clock; bo doŋ, to strike the bell or clock; wosow doŋ, to ring the bell; edoŋ bo, the clock strikes; cf. doŋfwerew; abo doŋkoro, the clock has struck one, it is one o'clock; abo uŋoŋ-abieŋ, it is two o'clock &c. Gr. § 80,4."
115,doŋ,"odd (number); edi doŋ, it is odd; opp. edi nsɛ, it is even."
115,ado-ná,"[do, nã] prop. a difficulty in loving, - disaffection, displeasure, dislike, ill-taking, disfavour; wafa me adoŋã, he has conceived a disaffection, dislike against or aversion to me (opp. wanyã me adoyé, he has found it easy to love me); yekã asɛm yi a, obefa yeŋ ad., when we say this, it will awaken dislike in him against us, it will bring us into disfavour with him; osuro adoŋã, he is afraid of incurring displeasure, of giving offence. — F. keyi n'ad., go and tell him his fault. Mt. 18,15. [Cf. the name Dowuoŋã = do owuo nã,"
116,adoná-tén,perverse judgment from fear of incurring disfavour
116,o-dondońwa,pr. 973
116,adónne,gifts of grace
116,dońfwéréw,an hour
116,doń-gui,defeat
116,o-dóńkó,a kind of jumping insect
116,o-dóńkó,"swing, swinging line"
116,o-dońkó,"a negro from the interior, such as are brought thence and sold as slaves in the countries nearer the coast"
116,o-dońkoní,"a negro from the interior, such as are brought thence and sold as slaves in the countries nearer the coast"
116,Odońko,pr. n. given to a boy as the slave of some fetish
116,dońkóe,"war, warfare, warlike deeds, military concerns"
116,e-doń-kóro,one o'clock
116,dóńkudońku,deep
116,o-doń-kùninì,a chief warrior
116,dóńńo,bile cast out by vomiting
116,o-donnó,a small drum
116,donnomma,kokodómma
116,donnóń,red. v. s. doń
116,doń'nòń,red. v. s. doń
116,donnóń,"a bend or bending, 1. in a road, a round-about way; 2. in the sea-coast, forming a bay or bight, or making the land project into the sea"
116,o-dónsóń,a kind of string-instrument
116,adón-sú,the latter rain
116,adon-tén,"the main body or gross of the army, main army, or rather: the centre of an army"
116,o-dontó,a pot full of palm-wine
116,dòntorí,"mud, mire; slough, puddle, muddy plash"
117,o-dontwí,abotokura.
117,adoŋ-we,the chewing of the bark of the odom tree.
117,adoŋ-wowá,hostage.
117,adōn-nyā-de,means of grace.
117,adon-ye,state of war; mobilization.
117,adópē,"aboatia, a kind of ape."
117,dorba,dorowa.
117,dòre,"intr. to become much, increase, accumulate, gather: woŋ hō adore fi, they are covered with dirt; ne kaw adore, woŋ akaw adodo-dodore, his debt, their debts have swelled to a great amount."
117,o-dórobeŋ,ododobeŋ.
117,dorowa,needle of native manufacture.
117,adosase,"arable land, plough land."
117,dōsō,"v. to be much, to be enough; edōsō, it is enough, neg. ennō-sō; when a personal object is added, it stands between the two parts: edō me sō, it is enough for me, ennō no sō, it is not enough for him; perf. adōsō, adō no sō."
117,adosoa,s. adesoa.
117,dòté,"soil, earth, clay, mud; syn. efā."
117,dote-dwini,"potter's work. - di d., to make earthen vessels."
117,adotebe,pr. 146.
117,dòtọ,"adv. to fọw: wafọw d., he is soaking wet."
117,dòtō,"adv. to fọw: wafọw d., he is soaking wet."
117,o-dótó,"thicket; dua tenteŋ bi si ho, na hama ńhīnā kọ hō."
117,adotowá,a small thicket.
117,dotwà,"glove, pair of gloves."
117,dow,"v. to till or cultivate the ground; to hoe, to weed; to cut the weeds or the bush; to mow, pr. 3481. d. afuw, to prepare or work a plantation (by clearing away the thicket &c.). - intr. to do agricultural work; d. adare, ṅkrante, asọw, to work with a bill-hook, a sabre or bush-knife, a hoe."
117,adọw,the cutting of the bush; the tilling of the ground; agriculture.
117,e-dọw,"the fibres (hama) of the young leaves of the adobe palm; a kind of twine made thereof; - adobe ṅkọmu 'mereṅkensono mu na woyi dọw; womfá nye ńnuahama; wode bọ asuman, wode ṅwene otaṅ, na Alátàfó na eṅwene ntama nso; cf. deméreku."
117,dow,v. to become or be brown; nneema a wo-kyew ńhīnā hō d.; s. asabra.
117,o-dówá,"1. a kind of bird; pr. 1955. - 3. a swelling or bump, in the arm-pit, the nape, the loins &c. the appearance of which is ascribed to a wound. pr. 1857."
117,adowá,"a species of antelope, the smallest of all antelopes, said by the negroes to be the king of animals. pr. 984f."
117,adówá,"the handle of a door made of palm-branches, by which"
