page,eng,twi,gaa
1,mean (in the) -time,ntam',
1,mean (in the) -time,nsem yi gyinam' no,
1,mean (in the) -time,ansā,
1,mean (in the) -time,eno ansā,
1,mean (in the) -time,ebere yim',
1,mean (in the) -time,,teṅ
1,mean (in the) -time,,teṅbe
1,mean (in the) -time,,be neṅ
1,"mean, means",ade,
1,"mean, means",adwinne,
1,"mean, means",adeyede,
1,"mean, means",,nii
1,"mean, means",,ṅānii
1,meaning,tirim (asem),
1,meaning,ase,
1,meaning,,yiṅ
1,meaning,,yitšoṅ
1,meaning,,šiši
1,measles,ntobūro,
1,measles,,ntoblo
1,measure,nsusuwi,
1,measure,asusude,
1,measure,susudua,
1,measure,susuhama,
1,measure,,susumo
1,measure,,-nō
1,measure,,-kpā
1,measure,,-tšo
1,measure,,neṅtšo
1,measurement,osusuw,
1,measurement,nsusuwi,
1,measurement,,susumo
1,measurement,,kā
1,meat,eṅām,
1,meat,aduaṅ,
1,meat,,lo
1,meat,,niiyenii
1,sweet meats,nnoṅonnoṅowade,
1,sweet meats,,dokodokoṅii
1,meat-stew,frofrow,
1,meat-stew,,flou
1,meat-stew,,flouflou
1,meddle (with),de nehō fra mu,
1,meddle (with),gyigye mu,
1,meddle (with),,he bo bo
1,meddle (with),,ke he futu mli
1,mediate,pata,
1,mediate,,kpātā
1,mediate,,damo mli
1,mediate,,-teṅ
1,mediate,,tša
1,mediator,opatafo,
1,mediator,ntam'gyinafo,
1,mediator,,kpātālo
1,medical art,aduruye,
1,medical art,oyaresa hō nimdee,
1,medical art,,tšaloṅā
1,medical art,,tšamo
1,medical art,,tšofāfemo
1,"medicament, medicine",aduru,
1,"medicament, medicine",odúdó,
1,"medicament, medicine",,tšofā
1,meditate,susuw hō,
1,meditate,dweṅ asem,
1,meditate,da dweṅ,
1,meditate,,susu he
1,"meek, to be-",dwo,
1,"meek, to be-",ani dwo,
1,"meek, to be-",ani kā ase,
1,"meek, to be-",,hie ba ši
1,meekness,odwo,
1,meekness,mmerew,
1,meekness,-ye,
1,meekness,,bleōfemo
1,meet,hyia,
1,meet,to,
1,meet,hyia mu,
1,meet,kūa ano,
1,meet,ano hyia,
1,meet,,kpe
1,meet,,kpe hie
1,meet,,na ti
1,meet,,yele
1,meet,,kūa na
1,meet -face to face,bo anim,
1,meet -face to face,di mmoanim,
1,meet -face to face,ani ye anaṅ,
1,meeting,ṅhyia,
1,meeting,ṅhyiamu,
1,meeting,,kpē
1,meeting,,kpemo
1,meeting,,mlikpē
1,meeting,,nakpē
1,meeting -place,ahyiae,
1,meeting -place,,nakpēhe
1,melange,mfrafrae,
1,melange,,futumo
1,melody,dwontobea,
1,melody,,gbē
1,melon,fere,
1,melon,aṅowatere,
1,melon,,watere
1,melon,,aṅowatere
1,melt,nāṅ,
1,melt,hono,
1,melt,,sere
1,melt,,sele
2,member,hɔnam (hɔ) ade,henɔ
2,member,kwā,gwabɔlɔ
2,member,baguani,asafonyo
2,member,osafoni,
2,memory,ti,yi
2,memory,tirim,yitsɔn (wolo)
2,memory,nkae,
2,men,mmarima,hi
2,men,nnipa,mei
2,men,adesā mma,
2,menace,tēetēe,fǎ
2,menace,bɔ kɔkɔ,
2,mend,sā,tša
2,mend,ta mu,tša he
2,mend,tuatua (mu),ta mli
2,mend,yɛ yiye,sa
2,mendicant,ohūafo,sisɛlɔ
2,mendicate,hūa,sisɛ
2,mendicate,sɛrɛsɛrɛ ade,
2,menstruation,bra,tšusɛ
2,menstruation,asabu,-yā
2,menstruation,,gbesɛ
2,menstruation,,-yā
2,mention,bɔ diŋ,tā
2,mention,,tši tā
2,mention (n.),dimmo,tātši
2,mercery,(seda a.s. sirikyi) aguadi,(seda) dšrayeli
2,merchant,oguadini,dšrayelilɔ
2,merchant,ɔbatani,guoyelɔ
2,mercy,mmɔborohunu,mlitšɔ
2,mercy,ayamhyehyɛ,mɔbɔnalɛ
2,mercy,timɔbɔ,musuŋtšɔ
2,to have mercy,hū mmɔbɔ,na mɔbɔ
2,mere,hunu,eflo
2,mere,kwa,flo
2,mere,,sɔŋ
2,mere,,kpɔŋ
2,mere,,kpɔŋkpɔŋ
2,merge,mem,mī
2,merit,oyɛ-nyā,sɛnamɔ
2,merit,akatua,nyōmɔwō
2,merit,amammui pa,dšeŋbā kpakpa
2,merriment,anigye,mīšɛ
2,merriment,anikā,tšuidšurɔ
2,merriment,anigyede,plaši
2,mess,aduaŋ,niiyenii
2,mess,adidide,
2,mess,asafo,
2,mess,fekuw,
2,messenger,ɔbɔfo,obɔfo
2,messenger,ɔsomafo,bɔfo
2,messiah,nea wɔasra no,moni afɔlɛ mū
2,messiah,ogyefo,mūfɔlɔ
2,messiah,ɔhene,Kristo
2,messiah,Kristo,
2,metal,fagude,fiemɔnɔ
2,metal,ogubó (?),
2,mete,susuw,susu
2,mete,,ka
3,midday,aẅia,fane
3,midday,oẅigyinae,fane
3,middle,mu,ten
3,middle,ntam',tûntû
3,middle,mfinimfini,teṅtûntu
3,middle,asuoṅ,teṅtûntu
3,middle finger,nsateahene,teṅwao
3,midnight,odasum,nyōṅteṅ
3,midst,mfinimfini,teṅ
3,midwife,awogyefo,yōfolo
3,midwife,awogyefo,fomoyō
3,midwife (v),gye awo,fo yō
3,might,ahō̄deṅ,hewale
3,might,tumi,wā
3,might,tumi,nyēmo
3,mighty,ohō̄deṅfo,'gbo
3,mighty,otumfo,agbo
3,mighty,nea odi tumi a.s. owo ano wo omaṅ mu,ofe
3,mighty,nea odi tumi a.s. owo ano wo omaṅ mu,kekenam
3,mighty,nea odi tumi a.s. owo ano wo omaṅ mu,hewalo
3,migrate,tu ko,tšomlo
3,migrate,tu kwaṅ,fā
3,mild,merew,bleō
3,mild,bĕrēo,bō
3,mild,komm,kpō
3,to be mild,dẅo,dšo
3,to be mild,kōma hō dẅo,mli dšo
3,to be mild,ani dẅo,ye bleō
3,to be mild,yam ye,mli hī
3,mild person,onipa a oyę merew,mlefo
3,mild person,odẅo,mlidšolo
3,mild person,oyamyefo,mlihilo
3,military,nea efa doṅkōe nè asrāfo hō biribi,asrafo ahenii
3,military (n),akōfofo,ta
3,military (n),dom,ta
3,milk,nufusu,fufo
3,milk,nufusu,fufomlinu
3,milk (v),kyi nufu,ṅā fufo
3,mill,ayamē,wyie
3,mill,nea woyam aburow n.a.,wyiete
3,mill-stone,ẅiyammo,wyie
3,mill-stone,ẅiyammo,-tę
3,mill-stone,ẅiyammoba,wyiebi
3,millenium,mfe apem (ahenni),afii akpé (noyeli)
3,million,opepem,akpeiakpe
3,mince,tẅitẅa ṅketeṅkete(mĕhĕmĕhĕ),flo dšękędšęke
3,mind,ti,yi
3,mind,tirim,yiṅ
3,mind,adẅene,yitšoṅ
3,mind,kōma,dšeṅmo
3,mind,bo,tšui
3,mind,ẅere,tšui
3,mind (v),kae,dšeṅ
3,mind (v),ani wo so,kai
3,mind (v),dẅeṅ hō,kwę
3,mind (v),fẅe yiye,kwę
3,never mind,enyę biribi,efee noko
4,mine,me,
4,mine,me de,
4,mine,me dea,
4,mine,,mi.
4,mine,,minô
4,mine,amōa,
4,mine,amăna,
4,mine,ṅkoroṅ,
4,mine,ṅkonoṅ,
4,mine,,bu
4,mine,,būkwonkwon
4,mine,,fiemonōbu
4,mingle,fra,
4,mingle,,futu
4,mingle,,tšaka
4,minister,osomfo,
4,minister,osofo,
4,minister,anyamesem hō somfo,
4,minister,omaṅsofwę mu somfo-panyiṅ,
4,minister,,sōlo
4,minister,,tšūlo
4,minister,,osofo
4,miracle,aṅwōṅwāde,
4,miracle,ṅkonyā,
4,miracle,ahōḍwiriwde,
4,miracle,,afāi
4,miracle,,ṅkōnya
4,miracle,,nakpēno
4,mire,atękyé,
4,mire,dòntorí,
4,mire,,ṅmoto
4,mire,,ṅmiamo
4,mirror,afwęfwę,
4,mirror,,afefe
4,mirth,agoru,
4,mirth,aṅigye,
4,mirth,aseresem,
4,mirth,aseṅkwā,
4,mirth,,plašifemo
4,mirth,,ṅlo
4,mirth,,fęoyeli
4,mirth,,femo
4,miry,potō,
4,miry,,ṅmotoṅmoto
4,miscarry,nyę yiye,
4,miscarry,tere hō,
4,miscarry,poṅ,
4,miscarry,,musu dše
4,miscarry,,šrāke
4,miscarriage,obrabone,
4,miscarriage,opoṅ,
4,miscarriage,,musufitemo
4,miscarriage,,musudše
4,miscarriage,,šrākemọ
4,mischief,mmusu,
4,mischief,boue,
4,mischief,amumoyę,
4,mischief,,musu
4,mischief,,eša
4,mischief,,šidše
4,mischief,,šitše
4,mischievous,bọ musu,
4,mischievous,di aboro,
4,mischievous,,bọ musu
4,mischievous,,tše ši
4,mischievous,,dše ši
4,mischievous person,obusufo,
4,mischievous person,akoa busufo,
4,mischievous person,obofo,
4,mischievous person,omumoyęfo,
4,mischievous person,,ablofo
4,mischievous person,,musufo
4,mischievous person,,šidšelo
4,miser,opępęefo,
4,miser,okyękyęfo,
4,miser,oyamoṅwenefo,
4,miser,,kpękpęfelo
4,miser,,hiedšolo
4,miserable,yę mmobọ,
4,miserable,,fe mobọ
4,miserable,,akle
4,misery,amane,
4,misery,amanehunu,
4,misery,ade a eyę mmobọ,
4,misery,ahōhía,
4,misery,,mobọ
4,misery,,mobọnii
4,misery,,amanehūlū
4,misery,,nōnā
4,misfortune,asiane,
4,misfortune,mmusu,
4,misfortune,abew,
4,misfortune,abu,
4,misfortune,amane,
4,misfortune,,adědě
4,misfortune,,eša
4,misfortune,,musu
4,misfortune,,ošrā
4,misgiving,akyinnyegye,
4,misgiving,abotu,
4,misgiving,,ṅwanedšē
4,misgiving,,tšuifā
4,mishap,asiane,
4,mishap,amane,
4,mishap,,adědě
4,mishap,,ošrā
5,mishappen,siane,dē
5,mishappen,biribi aye no,šrā
5,mishappen,,noko fe m.k.
5,miss,abábá,ablā
5,miss,owuraba,oblayō
5,miss,,awurā fio
5,miss,siane hō,hie ho he
5,miss,tere hō,ńmę
5,miss,tra,šrā he
5,miss,watiriw,ladše (la)
5,miss,fom,
5,miss,yera (hāra),
5,the gun misses fire,otuo pa,tū kwa
5,mist,kusukūkū,afua
5,mist,omunuńkum,oblotu
5,mistake,ọfọm,tōmọ
5,mistake,mfomso,eša
5,mistake,,natōmọ
5,mistress,awurā,nontšọńā
5,mistress,abọrā (aborọwá),ablā
5,mistress,ọdefi,awurā
5,mistress,,hemo
5,mistress of a slave,akoa (afānā) awurā,nyońnye
5,mite,niwa,hieo
5,mite,adeketewa,lototo
5,mix,fra,futu
5,mix,(kā..) fra mu,futu mli
5,mix,,luta
5,mix,,tšaka
5,moan,di ńkọmmọ,dōmọ ntšọi
5,moan,sū,ye ńkọmọ
5,moan,gyam,
5,moan,wẹre how,
5,mock,serew,li
5,mock,(di hō few),li he
5,mock,goru hō,ye ahi
5,mock,yi ahi,ye he feo
5,mock,si atwẹtwẹ,gbe he guọ
5,mocker,(ọfewdifo),hefẹoyelọ
5,mocker,ohiyifo,ahiyelọ
5,mocker,ọtwẹtwẹfọ́,lilọ
5,moderation,anidaho,lẹtemọ
5,moderation,wo-ano wo-ano,hiešikāmọ
5,moderation,kwanse-kwańso,
5,Mohammedan,krāmo,klamo
5,Mohammedan,krāmoni,tabońnyo (tabunyo)
5,Mohammedan,tabońni,
5,moist,fọsọ,frọfrọ
5,moist,fọsofọsọ,
5,moist,fọfọ,
5,moisten,fọw,fā nọ
5,moisten,,wo nu
5,moisten,,fọ
5,mole,,miàń
5,moment,anitwa,hieńmeitfa
5,moment,ahuntwàm,
5,moment,kakrā bi,
5,monarch,ọhene,mańtšẹ
5,monarch,ọhenemū,noyelọ kome
5,monarch,ọhempọpọrọ,
5,monarch,opumpuni,
5,monday,dwọda,dšu
5,money,sika,šika
5,money,dwẹte,dfẹtei
5,money,kọbere,akoble
5,money,dare,dale
5,money,ntrama,trema
5,money,serewa,
6,monkey,akyeneboa,adu
6,monkey,akyeneboa,kūa
6,monkey,akyeneboa,ofo
6,monkey,akyeneboa,họ
6,monstrous,wi,kanaole
6,monstrous,kẹse kokūrọ,kōme
6,monstrous,biakọ,sase
6,month,ọsram,nyọṅ
6,month,ọbosóm,nyọṅ
6,monthly wages,asranne,nyọṅḍšenii
6,moon,ọsram,nyọṅ
6,moon,ọsĕrané,nyọṅ
6,moon,hyeṅ,nyọṅtšere
6,moon,ọbosom,nyọṅtšere
6,moon-light,ọsram haṅṅ,nyọṅḍšẽ
6,moon-light,ọsram haṅṅ,nyọṅkpẹmọ
6,moon-light,ọsram haṅṅ,nyọṅtšeredšẽ
6,moon-light,ọsram haṅṅ,nyọṅtšerekpẹmọ
6,moon-by,ọsram so,nyọṅḍšẽ
6,moon-by,ọsram so,nyọṅkpẹmọ
6,moon-by,ọsram so,nyọṅtšeredšẽ
6,moon-by,ọsram so,nyọṅtšerekpẹmọ
6,more (than),kyeṅ,fe
6,more (than),seṅ,fa fe
6,more (than),boro,teke nọ
6,more (than),tra,teke nọ
6,to be more than enough,boro so,fa tšọ
6,moreover,nanso,naso
6,moreover,saṅkyiri,nanso
6,moreover,bio,asaṅ
6,moreover,bio,hū
6,morning,anọpa,lebi
6,morning,adekyeẽ,dšetšẹreṅọ
6,morning,adekyeẽ,dšetšẹremọ
6,morning-dew,anọpa obosu,lebibọ
6,morning-dew,hūāsu,lebibọ
6,morning-light,adekyĕe,lebila
6,morning-light,hama,dšetšẹremọ
6,morning-light,hama,wuohai
6,morning-light,hama,wuohaigblamọ
6,morning-star,kōsoroma,tolō
6,morning-star,owuodi,opẹhenadi
6,morrow,okyĕna,wọ
6,morrow,ọkana,wọ
6,to-morrow morning,okyĕna anọpa(tutu),
6,to-morrow morning,ade kyĕ a,
6,morsel,trọmā,atrọmā
6,morsel,atrọmá,atrọmā
6,morsel,kakrā bi,atrọmā
6,morsel,siṅ,atrọmā
6,morsel,buprẹkọ,atrọmā
6,morsel,teprẹkọ,atrọmā
6,morsel,twaprẹkọ,atrọmā
6,mortality,owu,gbele
6,mortality,owu,gbĕ
6,mortality,owu,gboimọ
6,mortality,owu,gbọ
6,mortar,ọwaduru,baduntšọ
6,mortar,ọdaásé,badurutšọ
6,mortar,ọdaásé,wadurutšọ
6,mortar,ọdaásé,fufuitšọ
6,mortar,ọdaásé,niišimọnọ
6,mortgage,si awowa,to awọba
6,mosquito,ntọntọm,tọntọṅ
6,mosquito,ntọntọm,tọntrọṅ
6,moss,ọbo-so-ṅhwi,
7,most,pi no ara,
7,most,dodow ara gyɛ̃ñ,
7,most,dōsō (kyeŋ ne nnyinā),
7,most,,pi dientṣe
7,most,,titri
7,most,,fe fē
7,most,,fa fe fē
7,most,,fa tṣō
7,moth,ṅwewee,
7,moth,abubummabā,
7,moth,,omlēgē
7,mother,eṇā,
7,mother,oni,
7,mother,awo!,
7,mother,obātaṅ,
7,mother,obeataṅ,
7,mother,aberewā,
7,mother,,nye
7,mother,,biianye
7,mother,,yofoyo
7,mother,,awo!
7,mother-in-law,osew (ase?),
7,mother-in-law,okuŋu nā,
7,mother-in-law,oyere nā,
7,mother-in-law,,sayō
7,motion,ahōkekā,
7,motion,ṅkoso,
7,motion,,noyā
7,motion,,hetṣimo
7,mount,foro,
7,mount,trā (opoṅko..) so,
7,mount,,kwō
7,"mount, mountain",bepow,
7,"mount, mountain",,goṅ
7,mountain-cabbage,kube,
7,mountain-cabbage,,wyeitṣo
7,mountain-cabbage,,wietṣo
7,mountaineer,bepow-so-fo,
7,mountaineer,,dṣekonyo
7,mourn,sū,
7,mourn,gyam,
7,mourn,ye ayi,
7,mourn,di ṅkommo,
7,mourn,were how,
7,mourn,,fe mobo
7,mourn,,ye ṅkomo
7,mourn,,fe yara
7,mourn,,fo
7,mourn,,were ho
7,mouse,akurá,
7,mouse,abotukura,
7,mouse,,kwakwe
7,mouse,,kploku
7,mouse-hole,akura tū,
7,mouse-hole,tokuru,
7,mouse-hole,,kwakwebu
7,mouse-hole,,kplokubu
7,month,ano,
7,month,anom,
7,month,,da
7,month,,daṅ
7,month,,na
7,month,,nabu
7,move,kā,
7,move,kekā,
7,move,twiw,
7,move,him,
7,move,popo,
7,move,posow,
7,move,,he kā
7,move,,kpo
7,move,,tṣi
7,move,,tṣi he
7,move,,tṣirɛ
7,move,,ya
7,move,,ho
7,move a canoe,hare korow,
7,move a canoe,,mā aladṣa
7,move a canoe,,wiri
7,move on,twiw ko anim,
7,move on,duom,
7,move on,,tṣi hie
7,move on,,tṣi no
7,move on,,ya hie
7,move too and fro,wosow,
7,move too and fro,posow,
7,move too and fro,hiṅhim,
7,move too and fro,gyigya,
7,move too and fro,di ako-nè-aba,
7,move too and fro,,hoso
7,move too and fro,,woso
7,move too and fro,,didā
7,move too and fro,,tfa
7,movement,ahōkekā,
7,movement,,hetṣimo
7,movement,,tṣimo
7,movement,,yā
7,mow,twa,
7,mow,tu sare,
7,mow,dow,
7,mow,,fao
7,much,bèbērē,
7,much,bebrebé,
7,much,pī,
7,much,pī,
7,much,papa,
7,much,pām',
7,much,dodo,
7,much,praṅ,
7,much,,babao
7,much,,gbɛ
7,much,,kplaṅ
7,much,,kpotō
7,much,,pampampam
7,much,,pi
7,much,,saṅ
7,much,,tam
7,much,,tṣō
7,much,,tṣitṣō
7,much (to be),do,
7,much (to be),sō,
7,much (to be),dōsō,
7,much (to be),,fa
7,much (as-as),nea...,
7,much (as-as),senea,
7,much (as-as),,gbiiabo ní
7,much (as-as),,boboni
7,much (how-?),ahē?,
7,much (how-?),seṅ?,
7,much (how-?),,enyie?
7,"much (too-, very-)",bebrebé,
7,"much (too-, very-)",sê,
7,"much (too-, very-)",se biribi,
7,"much (too-, very-)",,tūtu
7,"much (too-, very-)",,tṣō
7,"much (too-, very-)",,naakpa
7,"much (too-, very-)",,gbɛ
7,"much (too-, very-)",,gbogbōgbo
7,much (less),ṅkantom,
7,much (less),,bloblo
7,much (less),,mbasroo (sro)
8,mud,ḍote,
8,mud,nnoṭee,
8,mud,efa potopoṭo,
8,mud,ḍontori,
8,mud,,ṅmiamo
8,mud,sūkpoto,
8,mud,ṅmoṭo,
8,mud-wall,faban,
8,mud-wall,,fă
8,mug,kuruwa,
8,mug,,kpalu
8,mug,,kruku
8,mulatto,muratoni,
8,mulatto,,blofomeiabi
8,mulatto,,blofonyobi
8,mulct,akasadi,
8,mulct,sikagye,
8,mule,afurumpoṅko,
8,mule,opoṅko afurum,
8,mule,,aflukpoṅe
8,multiplication,ahorow-ye,
8,multiplication,,hebo
8,multiplication,,toifemo
8,multiply,ḍo,
8,multiply,mā eḍo,
8,multiply,eḍōsō,
8,multiply,yẹ ahorow,
8,multiply,,bo
8,multiply,,bo he
8,multiply,,kū
8,multiply,,kūkū
8,multiply,,wo
8,multiply,,fo
8,multiply,,fa pi
8,multiply,,fere
8,multitude,ḍodow,
8,multitude,nnipakuw,
8,multitude,asafo wū,
8,multitude,,fale
8,multitude,,asafoyū
8,murder,awudi,
8,murder,,awui
8,murder,,awuiyeli
8,murder,,gbē
8,murder,,gbomogbē
8,murder,,kpatumo
8,murder,ḍi awu,
8,murder,kum,
8,murder,,ye awui
8,murder,,gbe
8,murder,,kpaṭu
8,murmur,kasa huhūhuhū,
8,murmur,ṅwiṅwi,
8,murmur,,bo hūhūhūwiemo
8,murmur,,wie hūhūhū
8,murmur,,gbīgbli
8,murmur,,krō
8,murmur,,hū
8,murmur,,hūhū
8,muse,aḍwenem' agyinatu,
8,muse,,dfēṅmo
8,muse,susuw,
8,muse,ḍweṅ,
8,muse,bo tirim,
8,muse,,susu
8,muse,,ḍfeṅ
8,muse,,ḷie yin
8,mushroom,mmere,
8,mushroom,,mle
8,musket,otuo,
8,musket,akwaḍámma,
8,musket,,tū
8,musket-ball,aboba,
8,musket-ball,aḍarebo,
8,musket-ball,korabo,
8,must,eṭwa se..,
8,must,ehia se..,
8,must,,ḍša akẹ..
8,must,,fi akẹ..
8,mute,mumu,
8,mute,,mumui
8,muzzle,ano,
8,muzzle,otuo ano,
8,muzzle,oprem ano,
8,muzzle,,nabu
8,muzzle,,tūna
8,my,me,
8,my,m',
8,my,,mi
8,myself,meara,
8,myself,maṅkasa,
8,myself,mehō,
8,myself,,miḍientše
8,myself,,mihe
8,mystery,ahintaseṃ,
8,mystery,,temosane
8,mystery,,duṅsane
9,nail,dadewa,bleko
9,nail,dadewa,blekobii
9,"nail (of the finger, toe)",aŵerew,waose lami
9,"nail (of the finger, toe)",boŵerew,waose lami
9,"nail, v.",de nnadewa bo mu,ka
9,"nail, v.",de nnadewa bo mu,kla
9,"naked, to be-",da adagyaw,he ka
9,"naked, to be-",ho da ho,nyie yaiyai
9,"naked, person",odagyafo,yaiyainyielo
9,"naked, person",kwaterekwa,yaiyainyielo
9,nakedness,adagyaw,yaiyai
9,name,edin,gbei
9,name,mmăraṅ,sablaṅ
9,"name, v.",fre,wo gbei
9,"name, v.",to (diṅ),wo gbei
9,nape,koṅ-akyi,
9,napkin,mpopahō,heŋkle
9,napkin,mpopahō,haŋkle
9,narrative,asem,sane
9,narrative,panyiṅ-asem,sane
9,narrative,tetesem,sane
9,narrative,anansesem,sane
9,narrative,kasee,sane
9,"narrative, pl.",nsemma-nsemma,sane
9,narrow,hihiā,fintō
9,narrow,mūamūā,kplokotō
9,narrow,tēatēā,legē
9,narrow,fŵēafŵēā,legelege
9,narrow,fŵēafŵēā,leleō
9,"narrow, to be-",emu nteréw,mli bę
9,"narrow, path",osa,
9,"narrow, path",akwamma,
9,"narrow, path",nammoṅkoro,
9,"narrow, places",ṅkokoam,fifii
9,"narrow, places",ṅkokoam,niififiian
9,nasty,taṅ,taṅ
9,nasty,tantaṅ,tantaṅ
9,nasty,pòtō,
9,nastiness,efi,mūdši
9,nastiness,mpebebé,ṅmiamo
9,nastiness,biṅ,ṅmoṭo
9,nation,omaṅ,maṅ
9,nation,omaṅ,dšeṅmaṅ
9,"nation, pl.",amaṅamaṅ,maṅ
9,"nation, pl.",amaṅamaṅ,dšeṅmaṅ
9,"native, a. n.",asase so ba,dšeinyo
9,"native, a. n.",nea woawo no kūrom ho,maṅnyo
9,"native, place",eṅā kūrom,dšehe
9,"native, place",eṅā kūrom,dšaku
9,"native, place",eṅā kūrom,fomomaṅ
9,"native, tribe",abusūa,dšaku
9,"native, tribe",maṅkuw,maṅ
9,nature,su,adebo
9,nature,baṅ,dšeṅ
9,nature,băra,dšeṅbā
9,nature,awo-su,dšeṅbō
9,nature,tebea,fomō
9,nature,abode,su
9,nature,abode,baṅ
9,naught,bone,yaka
9,naught,huhuw,eflo
9,naught,funu,
9,naughtiness,ahuhusem,lahō
9,naughtiness,ahuhusem,hieflefle
9,"naughty, to be-",di asemmone,ho la
9,"naughty, to be-",di asemmone,hie ho la
9,nausea,po so yare,nšo mōmo
10,naval,nea efa hyɛn hɔ biribi,lele he sane
10,naval,nea efa hyɛn hɔ biribi,nṣoŋosane
10,nave,katraka mu birimmirim,mlilonto
10,nave,katraka mu birimmirim,lontotɛn
10,navel,funuma,laŋmo
10,nay,dabi,dabi
10,nay,dabi,ohoho
10,nay,dabi,hɛ
10,nay,dabi,tete
10,nay,dabi,po
10,nay,ɛhɛ,dabi
10,nay,ɛhɛ,ohoho
10,nay,ɛhɛ,hɛ
10,nay,ɛhɛ,tete
10,nay,ɛhɛ,po
10,nay,ɔhɔ,dabi
10,nay,ɔhɔ,ohoho
10,nay,ɔhɔ,hɛ
10,nay,ɔhɔ,tete
10,nay,ɔhɔ,po
10,nay,mpo,dabi
10,nay,mpo,ohoho
10,nay,mpo,hɛ
10,nay,mpo,tete
10,nay,mpo,po
10,nay,po,dabi
10,nay,po,ohoho
10,nay,po,hɛ
10,nay,po,tete
10,nay,po,po
10,near,nkyɛn,masei
10,near,nkyɛn,nɔ
10,near,nea ebɛn (hɔ),masei
10,near,nea ebɛn (hɔ),nɔ
10,nearness,obɛn,bɛŋkɛmo
10,nearness,obɛnkyɛ,bɛŋkɛmo
10,nearness,mmeɛ,bɛŋkɛmo
10,nearness,mmeɛnkyɛɛ,bɛŋkɛmo
10,neat,frɛnkemm,hiahia
10,"necessary, to be",ehia,dṣa
10,"necessary, to be",ehia,hia
10,"necessary, to be",ehia,fi
10,"necessary, to be",etwa sɛ,dṣa
10,"necessary, to be",etwa sɛ,hia
10,"necessary, to be",etwa sɛ,fi
10,"necessary, it is for me",ehia me,ehiami
10,"necessary, it is for me",etwa me sɛ,ehiami
10,necessary,duaso,tṣoŋo
10,necessary,duaso,nṣona
10,necessary,duaso,kona
10,necessary,duaso,tiafi
10,necessary,duaso,fɛtṣu
10,necessary,duadaŋ,tṣoŋo
10,necessary,duadaŋ,nṣona
10,necessary,duadaŋ,kona
10,necessary,duadaŋ,tiafi
10,necessary,duadaŋ,fɛtṣu
10,neck,ɛkɔŋ,kuɛ
10,neck-band,,kuɛnɔ
10,neck-cloth,koŋmu dúkú,kuɛfiduku
10,neck-lace,abɔkɔŋmu,abíbribi
10,neck-lace,akyɛkyɛrekɔŋmu,abíbribi
10,need,ohia,hiamo
10,need,ohia,ohía
10,need,ohia,heniitṣumo
10,need,ohia,fimo
10,needle,pāne,abui
10,needle,abui,abui
10,needy,nea odi hia,ohiafo
10,needy,ohiani,ohiafo
10,to be needy,di hia,hia
10,"neese, sneeze",ŋwānsi,tṣine
10,neglect,pa,fɔ
10,neglect,pa,ṣi
10,neglect,pa,kwa
10,neglect,pa,hie kpa nɔ
10,neglect,ani pa so,fɔ
10,neglect,ani pa so,ṣi
10,neglect,ani pa so,kwa
10,neglect,ani pa so,hie kpa nɔ
10,neglect,to (toto) ase,fɔ
10,neglect,to (toto) ase,ṣi
10,neglect,to (toto) ase,kwa
10,neglect,to (toto) ase,hie kpa nɔ
10,neglect,to apomafo,fɔ
10,neglect,to apomafo,ṣi
10,neglect,to apomafo,kwa
10,neglect,to apomafo,hie kpa nɔ
10,negligence,anibiannāso,anyāgbā
10,negligence,anibiannāso,fɔ
10,negligence,anibiannāso,kwamo
10,negligence,anibiannāso,hieŋokpamo
10,negligence,aniyiyi,anyāgbā
10,negligence,aniyiyi,fɔ
10,negligence,aniyiyi,kwamo
10,negligence,aniyiyi,hieŋokpamo
10,negligence,nyiyiani,anyāgbā
10,negligence,nyiyiani,fɔ
10,negligence,nyiyiani,kwamo
10,negligence,nyiyiani,hieŋokpamo
10,negociate,di,ye
10,negociate,di,ye na
10,negociate,di,ye sane
10,negociate,di ano,ye
10,negociate,di ano,ye na
10,negociate,di ano,ye sane
10,negro,obibini,modiŋ
10,neighbour,ofipāmni,nanyo
10,neighbour,ofipāmni,nanyo gbomo
10,neighbour,ofipāmni,hegbomo
10,neighbour,oyoŋkɔ,nanyo
10,neighbour,oyoŋkɔ,nanyo gbomo
10,neighbour,oyoŋkɔ,hegbomo
10,neighbour,awɛ,nanyo
10,neighbour,awɛ,nanyo gbomo
10,neighbour,awɛ,hegbomo
10,neighbourhood,mmeɛ,bɛŋkɛmo
10,neighbourhood,mmeɛ,nɔ
10,neighbourhood,mmeɛ,masei
10,neighbourhood,mmeɛnkyɛɛ,bɛŋkɛmo
10,neighbourhood,mmeɛnkyɛɛ,nɔ
10,neighbourhood,mmeɛnkyɛɛ,masei
10,neighbourhood,hō,bɛŋkɛmo
10,neighbourhood,hō,nɔ
10,neighbourhood,hō,masei
10,neighbourhood,nkyɛn,bɛŋkɛmo
10,neighbourhood,nkyɛn,nɔ
10,neighbourhood,nkyɛn,masei
11,neither,onyé mu biara,
11,neither,onyé papa,
11,neither,nanso onye bone,
11,nephew,wofase,
11,nephew,wofasewa,
11,nephew,onua babarima,
11,nephew,oba,
11,nephew,,nyemibi
11,nephew,,tṣekwēbi
11,nerve,ntini,
11,nerve,hoṅ-ntini,
11,nerve,,henunɔ
11,nerve,fã,
11,nervous,kitikiti,
11,nervous,deṅ,
11,nervous,ohōɔdénfó,
11,nervous,oṭwĕntwĕmfó,
11,nervous,,gidigidi
11,nervous,,yeyēye
11,nest,ebuw,
11,nest,berebuw,
11,nest,,tṣu
11,nest,,loflōtṣu
11,net,àsawu,
11,net,otaṅ,
11,net,akyé,
11,net,ebóa,
11,net,boā,
11,net,atrā,
11,net,adwòkú,
11,net,,yä
11,net,,ntaṅ
11,nether,ase,
11,nether,fam,
11,nether,anafo,
11,nether,,šiši
11,nether,,šišigbe
11,nettle,ahyehyewnsá,
11,nettle,sásono,
11,nettle,,sonsroṅ
11,never,da,
11,never,dabi,
11,never,dabiarada,
11,never,peṅ,
11,never,,gbikogbiko
11,never,,dabi
11,never,,dabidabi
11,never,,dā
11,nevertheless,de,
11,nevertheless,nanso,
11,nevertheless,,tṣenaso
11,nevertheless,,kèlē
11,nevertheless,,kē
11,new,foforo,
11,new,amono,
11,new,,hē
11,new,,ehē
11,new-birth,awofoforo,
11,new-birth,,ehēfomɔ
11,new-birth,,ṅweifomɔ
11,new-comer,àbàéfò,
11,new-year,bróònyā,
11,new-year,,bronya
11,new-year,,blonya
11,news,akwaṅmusem,
11,news,atesem,
11,news,,asemsro
11,next,foforo,
11,next,nea odi so,
11,next,ọkā hō,
11,next,edi so,
11,next,ẹkā hō,
11,next,,seɔ
11,next,,semo
11,next,,(mo)kroko
11,next,,moni ye se
11,next-day,n'adekyēe,
11,next-day,,dsetṣeremo
11,next-day,,dsetṣereno
11,nice,fe,
11,nice,fefe,
11,nice,oso,
11,nice,fefefe,
11,nice,yiye,
11,nice,,feo
11,nice,,fefeo
11,nice,,fiṅ
11,nice,,nonōi
11,nice,,dâne
11,nice,,saṅ
11,niece,wofasebea,
11,niece,onua babea,
11,niece,oba,
11,niece,,nyemibi
11,niece,,tṣekwē biyo
11,niggard,okyēkyēfo,
11,niggard,oyamoṅwenefo,
11,niggard,opepeefó,
11,niggard,,kpekpelo
11,niggard,,hiedšolo
11,niggardliness,ṅkyēkyē,
11,niggardliness,ayamoṅwene,
11,niggardliness,pepee,
11,niggardliness,,kpekpe
11,niggardliness,,kpekpefemɔ
11,niggardliness,,hiedšomɔ
12,"nigh, to be",beŋ,
12,"nigh, to be",beŋkye,
12,"nigh, to be",piŋkye,
12,"nigh, to be",,beŋke
12,night,anadw̃o,
12,night,adadw̃o,
12,night,adesãe,
12,night,,nyõ
12,night,,nyõn
12,night,,dšenamõ
12,it gets night,ade sã,
12,it gets night,anim kata,
12,it gets night,,dše na
12,it gets night,,hie bu
12,it gets night,,dše dšõ
12,to-night,eŋne anadw̃o,
12,to-night,anadw̃o yi,
12,night-gown,odãn mu,
12,night-gown,pia mu,
12,night-gown,atade w̃uw,
12,night-gown,,sablọk
12,night-gown,,atale yũ
12,night-gown,,piãn atale
12,nimble,harehare,
12,nimble,w̃éw̃e,
12,nimble,aw̃éṣewa,
12,nimble,kàmkam,
12,nimble,,flefle
12,nimble,,niblinibli
12,nine,akrõn,
12,nine,ńkrõn,
12,nine,ńkõnõ̃n,
12,nine,,nehũ
12,nineteen,dũkrõn,
12,nineteen,,nyõnma-kẹ-nehũ
12,ninety,aduakrõn,
12,ninety,,nyõnmai nehũ
12,nip,fẽm,
12,nip,ti,
12,nip,bee,
12,nip,bẽbee,
12,nipple,nufuãno,
12,nipple,,fufonã
12,no,dabi,
12,no,dabida,
12,no,ńnõ̃,
12,no,éhẽ̃,
12,no,óhó̃,
12,no,,dabi
12,no,,dabida
12,no,,dabidabi
12,no,,õho
12,no,,ohoho
12,no,bi,
12,no,biara,
12,no,,ko
12,"no one, nobody",obi,
12,"no one, nobody",obiara,
12,"no one, nobody",,moko
12,"no one, nobody",,mokomoko
12,nowhere,bãbi,
12,nowhere,bãbiara,
12,nowhere,,heko
12,nowhere,,hekoheko
12,nobleman,odehye,
12,nobleman,odehyewa,
12,nobleman,bãsewá,
12,nobleman,omãnaniwa bi,
12,nobleman,opanyĩn,
12,nobleman,otitiriw,
12,nobleman,obarima kunini,
12,nobleman,,ablade
12,nobleman,,odehe
12,nobility,adehye,
12,nobility,nnehyewa,
12,nobility,omãnaniwafo,
12,nobility,mpanyimfo,
12,nobility,atitiriw,
12,nobility,,hieniianõbii
12,nobility,,abladeyeli
12,nod,wõ (ti) ńko,
12,nod,to ńko,
12,nod,,wo hie sẹ
12,nod,,be hiẽmẹii
12,noise,gyegyēgye,
12,noise,hõ,
12,noise,hōyẹ,
12,noise,,blọmọ
12,noise,,gbẹmọ
12,noise,,hõ
12,noise,,kiŋka
12,noise,,bũ
12,to make noise,tēetēem',
12,to make noise,bom',
12,to make noise,ye hõ,
12,to make noise,,blo
12,to make noise,,fe hõ
12,to make noise,,bũ
12,to make noise,,gbẹ
12,to make noise,,hũ
12,noisy talking,akasakasa,
12,noisy talking,,blọmọ
12,none,obi,
12,none,ebi,
12,none,bi,
12,none,,moko
12,none,,noko
12,none,,eko
12,nonsense,asakasakasem,
12,nonsense,ńkwaseaṣem,
12,nonsense,asemfunu,
12,nonsense,,yakawiemọ
12,nonsense,,yakayakanii femọ
12,nonsense,,kwaṣiasane
12,nonsense,,sane gbõnyo
13,noon,aẅia,
13,noon,aẅia ketē,
13,noon,,fāne
13,noon,,finti
13,noon,,ketekete
13,noose,hentia,
13,noose,hentua,
13,noose,nterẹwsó,
13,noose,nsémmā,
13,noose,dẅākóro,
13,nor,nanso with neg. v.,
13,north,kwaemu,
13,north,kwaemu-fām,
13,north,beṅkum,
13,north,kusū-fām,
13,north,,nord
13,north,,norde-fām
13,north,,kō
13,north,,koyi
13,north,,koyigbe
13,north,,abẹkugbẹ
13,nose,efẅene,
13,nose,ehwen,
13,nose,ehwene ṅhweṅ,
13,nose,,gōgō
13,nose,,gūgō
13,not,enyé,
13,not,nye,
13,not,nni (ho),
13,not,,dšee
13,not,,bẹ
13,notch,koe,
13,notch,koekoe,
13,notch,paruw (ẅiyammo),
13,note,kari,
13,note,hye agyirae,
13,note,kyerẹw,
13,note,dẅonto mu nē agyirae,
13,note,āhōmawa,
13,note,,gbẹmo-okadi
13,note,,wolo fio
13,nothing,fwé,
13,nothing,biribi,
13,nothing,,agā
13,nothingness,ne fwē a enyẹ,
13,nothingness,ne hunu a eye,
13,nothingness,,yaka
13,notice,oyi no asitiw,
13,notice,,etfalẹ adafi
13,notwithstanding,(eno te sā de),
13,notwithstanding,nanso,
13,notwithstanding,,tše
13,notwithstanding,,tšebele
13,notwithstanding,,tšenaso
13,nought,fwē,
13,nought,,agā
13,nourish,yeṅ,
13,nourish,mā aduaṅ,
13,nourish,bo akoṅhama,
13,nourish,,lẹ
13,nourish,,tšose
13,novel,foforo,
13,novel,,ehē
13,now,afei,
13,now,eyi ansā na,
13,now,sesē,
13,now,mprempreṅ ara,
13,now,eṅe,
13,now,,agbenẹ
13,now,,afenẹ
13,nudity,adagyaw,
13,nudity,,yaiyainyiemo
13,nuisance,efi,
13,nuisance,atantanne,
13,nuisance,ahide,
13,nuisance,,mūdši
13,nuisance,,tantaṅnii
13,number,dodow,
13,number,ano,
13,number,ṅkaṅē,
13,number,akoṅtā (akontae?),
13,number,,abo
13,number,,bo
13,number,,yibo
13,number,,yikulẹ
13,number,,na
14,numerously,bebrē,
14,numerously,pi,
14,numerously,bíribiri,
14,numerously,pítipiti,
14,numerously,pepe,
14,numerously,mânyāmânyā,
14,numerously,,babao
14,numerously,,pi
14,nuptials,ayẹforohyia,
14,nuptials,,yokpemọ
14,nurse,yeṅ,
14,nurse,gyigye,
14,nurse,mā nufu,
14,nurse,fwẹ,
14,nurse,,lē
14,nurse,,dšedše
14,nurse,,tṣose
14,nurse,,hă fufọ
14,nurse,,nyāmọ
14,nurse,ogyigyefo,
14,nurse,nufumāfo,
14,nurse,,fufọhālọ
14,nurse,,lelọ
14,nurse,,tṣoselọ
14,nut,adwē,
14,nut,aba,
14,nut,kokosi,
14,nut,,ṅmẹ
14,nut-oil,adwē (mu) ṅṅo,
14,nut-oil,,ṅmẹmū
14,Oar,taboṅ,wirimọtsọ
14,Oar,taboṅ,wulọtsọ
14,Oar,taboṅ,aladša
14,Oar,taboṅ,taboṅ
14,oath,ntam,
14,oath,ntaṅkā,
14,oath,nsew,
14,oath,nsewdi,
14,oath,,kitā
14,oath,,kikāmọ
14,oath,,námọ
14,obdurate,mā.. yẹ deṅ,
14,obdurate,piriṅ,
14,obdurate,,wa
14,obdurate,,wadše
14,obedience,asōmerew,
14,obedience,asōyẹ,
14,obedience,osetie,
14,obedience,,toibō
14,obedience,,toibā
14,obedience,,toihāmọ
14,obedience,,toifemọ
14,obey,te,
14,obey,tie,
14,obey,yẹ asō,
14,obey,wẹṅ asō,
14,obey,som,
14,obey,bu,
14,obey,di so,
14,obey,,nu
14,obey,,bo toi
14,obey,,sa toi
14,obey,,ba toi
14,obey,,fe toi
14,obey,,ye ṅo
14,obey,,bu
14,obey,,wo
14,oblige,hye,
14,oblige,,nyē ṅo
14,oblige,,sa hie
14,oblique,kyea,kpa afā
14,obscurity,kusūyẹ,duṅ
14,obscurity,kusūyẹ,kusūfemọ
14,observe,bu,
14,observe,di,
14,observe,di so,
14,observe,dweṅ so,
14,observe,hū,
14,observe,fwẹ,
14,observe,kari,
14,observe,,bu
14,observe,,di ṅo
14,observe,,dfeṅ
14,observe,,ye ṅo
14,observe,,kwẹ ṅo
14,observe,,yo
14,obsolete,atetede,momo
14,obsolete,dedaw,gbonyo
14,obstacle,abew,pampi
14,obstacle,abew,tšimoṅō
14,obstacle,abew,gbẹtši
14,obstinacy,anuodeṅ,
14,obstinacy,mpi,
14,obstinacy,mpiyẹ,
14,obstinacy,,yiwalẹ
14,obstinacy,,hiewalẹ
14,obstruct,siw kwaṅ,tši na
14,obstruct,siw ano,tši gbẹ
14,obstruct,,tši ṅo
14,obtain,nyā,
14,obtain,nsa kā,
14,obtain,nsa sō so,
14,obtain,,ná
14,obtain,,nine šẹ ṅo
14,obvious,faṅ,fäṅ
14,obvious,fẹ,
14,obvious,pefẹ,
14,to be obvious,da adi,yẹ fäṅ
15,occident,atifi,anai
15,occident,atɔe,anaigbe
15,occident,atɔe-fãm,yiteŋbe
15,occiput,atiko,kluklu
15,occiput,,yise
15,occultation,hintaw,temo
15,occultation,nsiwso,nošiumo
15,occupy,fa,ye
15,occupy,di so,ye no
15,occupy,de,hi mli
15,occupy,trã mu,hie mli
15,occupy,kura,
15,occupy,mã adwuma,
15,occupy,yɛ adw,
15,occur,hyia,
15,occur,ba,
15,occur,to,
15,occur,tɔ tirim,
15,ocean,epokese,nšo
15,ocean,bosonopo,nšowulu
15,"ochre, red-",ntwoma,sū tsuru
15,"ochre, white-",hyirew,ayilo
15,ocro,ṅkrūma,eṅmomi
15,ocular,nea efa aniwa hō biribi,hieṅmeiahesane
15,ocular,,nō
15,odd,nea edi doṅ,košikoši
15,odd,ne tirim yɛ no,sroto
15,odd,kēsērenene,
15,odium,nitaṅ,nyɛ
15,odium,,hetšēmo
15,odium,,hiehilɛ
15,"odoriferous, odorous",hūām,
15,"odoriferous, odorous",hūāmhūām,
15,to be-,yi hūā,dše ṅma
15,to be-,yɛ hūām,
15,of,fi,kɛ-dše
15,of,hō,ye
15,of,nti,he
15,of,mu,hewɔ
15,of,,mli
15,offence,ofom,pampi
15,offence,mfomso,tšōne
15,offence,bone,natšō
15,offence,hintidua,
15,offence,ahi,
15,offence,abufuw,
15,offend,yɛ bone,fe efoṅ
15,offend,huru bo,wo mli la
15,offend,hye yamgya,tō m.k. no
15,offend,fom,tšō tšōne
15,offend,fom so,tšō m.k. na
15,offer,de..bɔ (obi) abo,wo dšra
15,offer,de..kɔmā,nō..hã
15,offer,de..bɔ afore,kɛ..yahã
15,offering,abobɔ,hedšrawō
15,offering,afore,afole
15,offering,aforebɔ,afolešã
15,offering,tow,oniatšumo
15,office,dwuma,
15,office,adwuma,
15,office,osom,
15,office,asore,
15,office,adwumadaṅ,
15,office,asen-nidaṅ,
15,office,yɛ (adwuma),som
15,officer,omaṅ mu panyiṅ,asafotše
15,officer,hyeṅ mu panyiṅ,onukpa
15,officer,asrāfo mu panyiṅ,nokwelo
15,officer,osafohene,
15,officer,ofwɛfo,
15,"oft, often",dā,kpitio
15,"oft, often",tā,kpitio
15,"oft, often",,notoṅoto
15,"oft, often",,dā
15,oh!,ei,hã
15,oh!,ao!,tšō
15,oh!,,ō!
15,oh!,,ao!
15,oil,ṅñō,mū
15,"oil, European-",büroṅñō,
15,"oil, European-",mmüroṅo,
16,old,dedaw,
16,old,dada,
16,old,panyiŋ,
16,old,tete,
16,old,,emo
16,old,,emomo
16,old,,momo
16,old,,sase
16,old,,sa
16,old,,blema
16,old to be,nyiŋ,
16,old to be,bọ akwakorā,
16,old to be,bọ aberewa,
16,old to be,fuw dweŋ,
16,old to be,,da
16,old to be,,gbọ
16,old to be,,ye onukpa
16,old to be,,sū
16,old to be,,gbọdṣọ
16,old-fashioned,atetede,
16,old-fashioned,atetekwā,
16,old-fashioned,,blemanọ
16,old-fashioned,,tetekwa
16,old-age,akorayẹ,
16,old-age,ṅkwakorābere,
16,old-age,mmerewabere,
16,old-age,,gbọle
16,old-man,akora,
16,old-man,akwakwarā,
16,old-man,akwadā,
16,old-man,opanyiŋ,
16,old-man,oteteni,
16,old-man,,numo
16,old-man,,onukpa
16,old-time,tete,
16,old-time,tetebere,
16,old-time,,blema
16,old-time,,sa
16,old-woman,aberewa,
16,old-woman,,yōmo
16,omen,seṅkyerẹne,
16,omen,,okadi
16,omit,gyaw,
16,omit,gyae,
16,omit,,ši
16,omnipotent,otumfoọ,
16,omnipotent,ade ṅhinā so tumfoọ,
16,omnipotent,Twēaduampon,
16,omnipotent,,Ofe
16,on,so,
16,on,F. do,
16,on,hō,
16,on,mu,
16,on,anim,
16,on,,nọ
16,on,,yinọ
16,on,,hiegbẹ
16,on,pā so!,
16,on,kọ so!,
16,on,duom!,
16,onanism,,hešimọ
16,onanism,fe helo yakayakanii,
16,once,prẹkọ,
16,once,pẹnkoro,
16,once,pẹṅ,
16,once,dabi,
16,once,dabiho,
16,once,,šikome
16,once,,gbi ko
16,once,,pẹṅ
16,once,,sa
16,once at-,prẹkọ,
16,once at-,,kpa!
16,once at-,,ṅmūi
16,once more,bio,
16,once more,biow,
16,once more,biem,
16,once more,,ekon
16,one,ẹkọ,
16,one,biakọ,
16,one,bākọ,
16,one,koro,
16,one,fua,
16,one,bafua,
16,one,bi,
16,one,obi,
16,one,,ekome
16,one,,eko
16,one by one,mmiakọ-mmiakọ,
16,one by one,mmakọ-m.,
16,one by one,,ekomekome
16,one the-,obi,
16,one the-,obi,
16,one the other,ofoforo bi,
16,one the other,,eko..eko
16,one the other,,ekroko
16,one to be with s. b.,ọ-nè no bọ,
16,one to be with s. b.,bom,
16,one to be with s. b.,yẹ biakọ,
16,one to be with s. b.,afa oyọṅkọ,
16,one to be with s. b.,,kẹ m.k. ye egbọ
16,one to be with s. b.,,ke m.k. bọ
16,one to be with s. b.,,fe ekome
16,one to be with s. b.,,bọ nanyo
16,onion,soprádā,
16,onion,gyēne,
16,onion,áṅwò,
16,onion,,sabolá
16,only,koro,
16,only,ṅkọ,
16,only,ṅkutọ,
16,only,,eflo
16,only,,kẹkẹ
16,only,,dō
16,only,,tō
16,only one,biakọ pẹ,
16,only one,,ekomeflo
16,only one,,ekometō
16,only one,,ekome kẹkẹ
16,onward,n'anim,
16,onward,anim kwaṅ,
16,onward,,hiegbẹ
17,open,bue,
17,open,bue so,
17,open,bue mu,
17,open,hię (hini),
17,open,"sāṅ (boā, kotoku ano)",
17,open,tu (tumpaṅ) ano,
17,open,tew (ńhōma) ano,
17,open,tue,
17,open,tu (tokuru),
17,open,yi (kwaṅ),
17,open,pae,
17,open,tew,
17,open,pue,
17,open,,"gble (na, sīna)"
17,open,,fēne
17,open,,fā
17,open,,fā na
17,open,,"dše (bu, gbę)"
17,open,,kā
17,open,,ṅmę
17,open,,tiki
17,open,,tše
17,open,,fę
17,open,,hă gbę
17,openly,fāṅṅ,
17,openly,prāṅṅ,
17,openly,fē,
17,openly,pefē,
17,openly,petē,
17,openly,patā,
17,openly,pradadada,
17,openly,,fāṅṅ
17,openly,,ṅmę
17,openly,,kpete
17,openly,,petē
17,openly,,peteple
17,openly,,kpetekplē
17,to be open,ęhō da ho,
17,to be open,ano da ho,
17,to be open,eda ho pefē,
17,to be open,,dfere no
17,to be open,,dforo no
17,to be open,,fā
17,to be open,,no fē
17,to be open,,no gble
17,to be open,,gble hie
17,to be open,,kā
17,to be open,,na fā
17,to be open,,nakā
17,openness,ayamyi,
17,openness,nokware,
17,openness,,gblemo
17,openness,,yiṅblemo
17,openness,,yiṅkāmo
17,openness,,anokwale
17,operate,yę mu biribi,
17,operate,,tšō mli
17,operate,,tšu mli nii
17,operate the bowels,fa ase,
17,operate the bowels,,tšō musu
17,opinion,tirim,
17,opinion,nsusuwi,
17,opinion,adwene,
17,opinion,,yiṅ
17,opinion,,yitšoṅ
17,opinion,,dšeṅbē
17,opinion,,dšeṅmo
17,opportunity,(hō) kwaṅ,
17,opportunity,,gbę
17,opportunity,,hegbę
17,opportunity,,nagbę
17,oppose,di asi,
17,oppose,gye akyinnye,
17,oppose,tuatua ano,
17,oppose,o-nè no anyă,
17,oppose,,kù na
17,oppose,,ši
17,oppose,,kę m.k. na
17,opposite,ntenteṅso,
17,opposite,,ńeleno
17,opposition,akyinnyegye,
17,opposition,ntuatuaano,
17,opposition,asidifo,
17,opposition,,nakū
17,opposition,,nakūlo
17,opposition,,ṅwanedšē
17,oppression,ńhyeso,
17,oppression,,yiwō
17,oppression,,yiwale
17,oppression,,ṅomiamo
17,opulent,"see rick, wealthy","see rick, wealthy"
17,or,ana (anā),
17,or,anasę,
17,or,,alo
17,or,,lō
17,oracle,ńkom,
17,oracle,-hye,
17,oracle,,klamo
17,oracle,,gbalę
17,orange,akutu,akutu
17,orange-coloured,akutu,akutu
17,orb,kontoṅkroṅ,
17,orb,dantabaṅ,
17,orb,ade kurukuruwa,
17,orb,puruw,
17,orb,,noko kokloō
17,orb,,kutruku
17,orb,,bo
17,order,ahyede,
17,order,ńkra,
17,order,kwaṅso,
17,order,nsiesiei,
17,order,,akpō
17,order,,akpowō
17,order,,gbędšianotō
17,order,,samō
17,order,,fāmō
18,order,siesie,
18,order,sesęw,
18,order,hyę,
18,order,pia,
18,order,kăra,
18,order,,to
18,order,,sa
18,order,,wo abpo
18,order,,şę
18,order,,to gbędşianǫ
18,order,,fă
18,ore,obo a wǫnăn a wonyă mu sika,
18,ore,dwęte,
18,ore,dade,
18,ore,sûmpi n.a.,
18,ore,,sikasū
18,ore,,dadesū
18,ore,,fiemǫnǫ
18,organ,adakabęn,
18,organ,,saŋkū
18,to play the-,hyęn (bo) adakabęn,
18,to play the-,,tfa saŋkū
18,orgies,ahofwibǫ,
18,orgies,,nyeŋnyeŋtfibǫ
18,orient,anafo,
18,orient,apuei,
18,orient,,bokā
18,orient,,nădšiaši
18,origin,ase,
18,origin,mfiase,
18,origin,abose,
18,origin,,šišidşę
18,originate,bǫ ade,
18,originate,fi ase,
18,originate,,bǫ ade
18,originate,,dşe šiši
18,ornament,ahyehyęde,
18,ornament,,wulamǫ
18,orphan,àyisă,
18,orphan,,awuisă
18,orphan,,awisă
18,orphan,,ayisă
18,ostentation,ahǫkyerę,
18,ostentation,ahǫhoahoa,
18,ostentation,,hetşōmǫ
18,ostentation,,fāmǫ
18,ostrich,sohori,
18,ostrich,,duguma(?)
18,other,obi,
18,other,ebi,
18,other,foforo,
18,other,biakǫ no,
18,other,F. ekoro no,
18,other,nea okā hǫ,
18,other,ǫyǫŋkǫ,
18,other,,ekroko
18,other,,kroko
18,ought,(aŋkā) ęse şe..,
18,ought,,sa akę..
18,ought,,dša akę.. (dşikulę)
18,ought,biribi,
18,ought,,noko
18,our,yęn,
18,our,"yęn (yere F. nyere, nhyęn nyere)",
18,our,,wǫ...
18,ours,yęn de,
18,ours,yęn dea (yere de &c.),
18,ours,,wǫnǫ
18,ourselves,yęn ara,
18,ourselves,yęn aŋkasa,
18,ourselves,obj. yęnhǫ,
18,ourselves,,wǫdientşę
18,ourselves,,obj. wǫhe
18,out,adi,
18,out,v. fi.. mu,
18,out,,kpo
18,out,,v. dşe.. mli
18,outcast,opanyifo,
18,outcast,sumăna so ade,
18,outcast,adesé,
18,outcast,,šitfalǫ
18,outcast,,tumu nǫ nii
18,outcast,,šitfamǫ
18,outcry,ntęęm',
18,outcry,awuǫsǫn-tǫn,
18,outcry,,wǫmǫ
18,outcry,,blǫmǫ
18,outcry,,kēmǫ
18,outdo,kyęn,
18,outdo,seŋ,
18,outdo,buŋkam,
18,outdo,,ho he
18,outdo,,ho na
18,outdo,,teke nǫ
18,outdo,,fe nine
18,outfit,(hyęn mu) hyehyę,
18,outfit,,wulamǫ
18,outfit,,hesamǫ
18,outside,ęhǫ,
18,outside,akyi,
18,outside,akyiri,
18,outside,ani,
18,outside,adiwo,
18,outside,,he
18,outside,,kpo
18,outside,,agbona
18,outside,,gbęşę
19,outrun,twa hō,ho na
19,outrun,twa hō,ho he
19,outrun,twa hō,nina
19,outstrip,twa hō,ho na
19,outstrip,twa hō,ho he
19,outstrip,twa hō,nina
19,outward appearance,eho,dse
19,outward appearance,ani,dse
19,outward appearance,oḷōnam anihayi,dse
19,outward appearance,aniani,dse
19,outward appearance,anianiḥayi,dse
19,outward appearance,eho,dseṅ
19,outward appearance,ani,dseṅ
19,outward appearance,oḷōnam anihayi,dseṅ
19,outward appearance,aniani,dseṅ
19,outward appearance,anianiḥayi,dseṅ
19,outward appearance,eho,hie
19,outward appearance,ani,hie
19,outward appearance,oḷōnam anihayi,hie
19,outward appearance,aniani,hie
19,outward appearance,anianiḥayi,hie
19,outward appearance,eho,he
19,outward appearance,ani,he
19,outward appearance,oḷōnam anihayi,he
19,outward appearance,aniani,he
19,outward appearance,anianiḥayi,he
19,outward being,eho,dse
19,outward being,ani,dse
19,outward being,oḷōnam anihayi,dse
19,outward being,aniani,dse
19,outward being,anianiḥayi,dse
19,outward being,eho,dseṅ
19,outward being,ani,dseṅ
19,outward being,oḷōnam anihayi,dseṅ
19,outward being,aniani,dseṅ
19,outward being,anianiḥayi,dseṅ
19,outward being,eho,hie
19,outward being,ani,hie
19,outward being,oḷōnam anihayi,hie
19,outward being,aniani,hie
19,outward being,anianiḥayi,hie
19,outward being,eho,he
19,outward being,ani,he
19,outward being,oḷōnam anihayi,he
19,outward being,aniani,he
19,outward being,anianiḥayi,he
19,outward form,eho,dse
19,outward form,ani,dse
19,outward form,oḷōnam anihayi,dse
19,outward form,aniani,dse
19,outward form,anianiḥayi,dse
19,outward form,eho,dseṅ
19,outward form,ani,dseṅ
19,outward form,oḷōnam anihayi,dseṅ
19,outward form,aniani,dseṅ
19,outward form,anianiḥayi,dseṅ
19,outward form,eho,hie
19,outward form,ani,hie
19,outward form,oḷōnam anihayi,hie
19,outward form,aniani,hie
19,outward form,anianiḥayi,hie
19,outward form,eho,he
19,outward form,ani,he
19,outward form,oḷōnam anihayi,he
19,outward form,aniani,he
19,outward form,anianiḥayi,he
19,outweigh,deṅ so,
19,oven,frōnō,frōnō
19,oven,frōnō,flōnō
19,oven,fōnōnō,frōnō
19,oven,fōnōnō,flōnō
19,over,eso,no
19,over,atifī,no
19,over,tra,yiteṅ
19,over,tra so,yiteṅ
19,over,deṅ so,yiteṅ
19,over,boro so,yiteṅ
19,over,kyeṅ,yiteṅ
19,over,tra,yise
19,over,tra so,yise
19,over,deṅ so,yise
19,over,boro so,yise
19,over,kyeṅ,yise
19,over,tra,bo no
19,over,tra so,bo no
19,over,deṅ so,bo no
19,over,boro so,bo no
19,over,kyeṅ,bo no
19,over,tra,deṅ no
19,over,tra so,deṅ no
19,over,deṅ so,deṅ no
19,over,boro so,deṅ no
19,over,kyeṅ,deṅ no
19,over,tra,teke no
19,over,tra so,teke no
19,over,deṅ so,teke no
19,over,boro so,teke no
19,over,kyeṅ,teke no
19,over,tra,fe
19,over,tra so,fe
19,over,deṅ so,fe
19,over,boro so,fe
19,over,kyeṅ,fe
19,over-against,ntenteṅso,ṅeleṅo
19,overawe,yi hū,wo gbeye
19,overawe,yi ahi,wo gbeye
19,overawe,bom,wo gbeye
19,overawe,tem,wo gbeye
19,overhearing,ye ahupō,fū
19,overhearing,ye ahupō,fā yi
19,overhearing,ye ahupō,kē yi
19,overcome,fa so,fā
19,overcome,di so,fā
19,overcome,kā gu,fā
19,overcome,yi doṃ,fā
19,overcome,fa so,nyē no
19,overcome,di so,nyē no
19,overcome,kā gu,nyē no
19,overcome,yi doṃ,nyē no
19,overcome,fa so,ye no
19,overcome,di so,ye no
19,overcome,kā gu,ye no
19,overcome,yi doṃ,ye no
19,overcome,fa so,gbe
19,overcome,di so,gbe
19,overcome,kā gu,gbe
19,overcome,yi doṃ,gbe
19,overdo,(ye) mā etra so,dše se
19,overdo,(ye) mā etra so,hà fa tšō
19,overdo,(ye) mā etra so,sale
19,it is overdone,atabaw,
19,overflow,fe hō,ho
19,overflow,bo,ho
19,overflow,yiri,ho
19,overflow,sram so,ho
19,overflow,fe hō,teke
19,overflow,bo,teke
19,overflow,yiri,teke
19,overflow,sram so,teke
19,overflow,fe hō,teteo
19,overflow,bo,teteo
19,overflow,yiri,teteo
19,overflow,sram so,teteo
19,overflow,fe hō,yiri
19,overflow,bo,yiri
19,overflow,yiri,yiri
19,overflow,sram so,yiri
19,overgrow,fuw,ho he
19,overgrow,fuw,fū
19,overgrow,fuw,tša
19,overlay,tare (so),
19,overlay,dura hō,
19,overlay,dura mu,
19,overleap,huruw tra,tšō no
19,overleap,huruw tra,teke no
19,overlook,ani pa so,hie ho he
19,overlook,ani fa so,hie ho he
19,overlook,yi ani fi so,hie ho he
19,overlook,bu ani gu so,hie ho he
19,overlook,ani pa so,dšie hie ye n.k. no
19,overlook,ani fa so,dšie hie ye n.k. no
19,overlook,yi ani fi so,dšie hie ye n.k. no
19,overlook,bu ani gu so,dšie hie ye n.k. no
19,overlook,ani pa so,kū hie fō no
19,overlook,ani fa so,kū hie fō no
19,overlook,yi ani fi so,kū hie fō no
19,overlook,bu ani gu so,kū hie fō no
19,overpoise,deṅ so,
19,overpower,see prevail,see prevail
19,overripe,bere tra so,wroo
19,overripe,bere tra so,wroke
19,overripe,bere tra so,sa tšō
19,overripe,bere tra so,sale
19,overseer,ofwefo,kwelo
19,overseer,eso fwefo,kwelo
19,overseer,ofwefo,nokwelo
19,overseer,eso fwefo,nokwelo
19,overset,butuw,butu
19,overset,butuw,fe butu
19,overthrow,butuw,butu
19,overthrow,butuw,fe butu
19,overturn,kā..butuw,butu
19,overturn,kā..butuw,fe butu
19,overtake,to,gbe m.k. no
19,overtake,tua,gbe m.k. no
19,overtake,ba so,gbe m.k. no
19,overtake,twa hō,gbe m.k. no
19,overtake,to,nina
19,overtake,tua,nina
19,overtake,ba so,nina
19,overtake,twa hō,nina
19,overtake,to,ti m.k. ši
19,overtake,tua,ti m.k. ši
19,overtake,ba so,ti m.k. ši
19,overtake,twa hō,ti m.k. ši
19,overtake,to,tua
19,overtake,tua,tua
19,overtake,ba so,tua
19,overtake,twa hō,tua
19,overtake,to,yere na
19,overtake,tua,yere na
19,overtake,ba so,yere na
19,overtake,twa hō,yere na
19,overtake,to,ho he (no)
19,overtake,tua,ho he (no)
19,overtake,ba so,ho he (no)
19,overtake,twa hō,ho he (no)
19,owe,de kaw,hie nyōmo
19,owe,mā kaw,hie nyōmo
19,owe,de kaw,wo šika
19,owe,mā kaw,wo šika
19,owl,patu,patu
19,own,aṅkasa de (dea),dientše nō
19,own,aṅkasa de (dea),nientše nō (nom)
20,owner,owura,
20,owner,oẇira,
20,owner,odede,
20,owner,,tṣe
20,owner,,nōtṣe
20,owner,,nomtṣe
20,ox,nantẇi,
20,ox,-nini,
20,ox,-sae,
20,ox,,tṣinanu
20,ox,,tṣinanu osai
20,oyster,àḍode,
20,oyster,adam,
20,oyster,ṅworāboa,
20,oyster,,kakrada
20,oyster,,ṅlāi
20,oyster,,afani
20,oyster-shell,ṅworā,
20,oyster-shell,,akakrada ṅoṅo
20,oyster-shell,,ṅlāi
20,Pacification,mpata,
20,Pacification,omaṅṅẇoee,
20,Pacification,,kpātāmọ
20,Pacification,,dšeṅdšomọ
20,Pacification,,maṅdšomọ
20,pacify,pata,
20,pacify,ḍẇudẇọ,
20,pacify,,kpātā
20,pacify,,dšọ he
20,pack,hye (adesoa),
20,pack,siesie (adaka),
20,pack,kyekyere fi,
20,pack,boā,
20,pack,,to (adaka)
20,pack,,to dšatšu
20,"pack, package, packet",adesoa,
20,"pack, package, packet",efi,
20,"pack, package, packet",boā,
20,"pack, package, packet",,dšatšu
20,"pack, package, packet",,ke
20,"pack, package, packet",,kolo
20,pad,kábíri,
20,pad,kahire,
20,pad,kárè,
20,pad,,tako
20,paddle,taboṅ,
20,paddle,,wiritšọ
20,paddle,,wulotšọ
20,paddle,,taboṅ
20,paddle,,tabloṅ
20,padlock,krádòa,
20,padlock,,kradoa
20,pagan,obosonsomni,
20,pagan,amaṅamaṅmuni,
20,pagan,,woṅdšalọ
20,pagan,,dšeṅnyo
20,pagan,,dšeṅmaṅnyo
20,paid,nea ẇoatua kaw,
20,paid,,noni awo nyōmọ
20,pail,tôpo,
20,pail,,blake
20,pail,,blage
20,pain,eyaw,
20,pain,ahōgyaw,
20,pain,ayayade,
20,pain,,dō
20,pain,,ẇā
20,pain,,hewā
20,pain,,hedšramọ
20,pain,,walẹ
20,pain,,nōnā
20,pain,,pimọ
20,pain,ye yaw,
20,pain,keka,
20,pain,beṅ,
20,pain,tutu,
20,pain,haw,
20,pain,,dō
20,pain,,ẇa he
20,pain,,ẇa yi
20,pain,,na nō
20,pain,,pi
20,painful,nea eye yaw,
20,painful,yawyáẇ,
20,painful,,hedšra
20,painful,,hedšramọ
20,paint,sra hō,
20,paint,kā hō aduru,
20,paint,,tē
20,paint,,tēi
20,paint,,tēṅ
20,paint,,wo atifọ
20,paint,aduru,
20,paint,,atifọ
20,paint,,amati
20,paint,,tšofā
20,pair,nta,
20,pair,ade abieṅ,
20,pair,nnipa bānu,
20,pair,,nta
20,pair,,nibii enyo
20,pair,,mei enyo
20,palace,abaṅ,
20,palace,ahemfi,
20,palace,ahennaṅ,
20,palace,,mō
20,palace,,mōṅ
20,palaver,asem,
20,palaver,akasadi,
20,palaver,,sane
20,palaver,,nō
20,palaver,,asemsro
21,pale,fitā,
21,pale,nea ahoa,
21,pale,asēręn fitā,
21,pale,,fū
21,pale,,hoá
21,pale,,hie hoá
21,paleness,animhoa,
21,paleness,sēręn,
21,paleness,,hiehoamọ
21,paleness,,hieyemọ
21,pall,kata hō,
21,pall,,ha he
21,palm,nsam,
21,palm,nsayam,
21,palm,,dẹ
21,palm,,kokọ
21,palm,de nsa kā,
21,palm,kekā,
21,palm,sisi,
21,palm,,ta he
21,palm,,tra he
21,palm,,šišiu
21,palm-tree,abę,
21,palm-tree,abedua,
21,palm-tree,adobę,
21,palm-tree,kubé,
21,palm-tree,kyeresia,
21,palm-tree,kokosi,
21,palm-tree,,tēi
21,palm-tree,,wietšo
21,palm-tree,,amitšrobitšo
21,palm-tree,,lọntšo
21,palm-tree,,sọntšo
21,palm-branch,popā,
21,palm-branch,beręw,
21,palm-branch,daha,
21,palm-branch,,bleo
21,palm-nut,abę,
21,palm-nut,adwę,
21,palm-nut,befua,
21,palm-oil,ñño,
21,palm-oil,,mūtšuru
21,palm-tree young,abedwā,
21,palm-tree young,abedwēwa,
21,palm-tree half-grown,ọbédwō,
21,palm-tree fullgrown,ọbęteṅ,
21,palm-wine,nsāfufu,
21,palm-wine,nsúsá,
21,palm-wine,ntétéasá,
21,palm-wine,ntūṅkûm,
21,palm-wine,nsāpā,
21,palm-wine,kókúro,
21,palm-wine,kokŭroampọṅ,
21,palm-wine,bénànò,
21,palm-wine,mfrásá,
21,palm-wine,,tēdā
21,palm-wine,,tēidā
21,palpable,wotumi de nsa kā,
21,palpable,,ti
21,palpation,ehō kekā,
21,palpation,,hetā
21,palpitate,kōma bọ pā,
21,palpitate,bo tutu,
21,palpitate,kàtirikatiri,
21,palpitate,,tšui tfa
21,palpitate,,tšui ši
21,palsy,dwọkọ,
21,palsy,oyare a ebubu nipa,
21,palsy,,hegbọle
21,palsy,,hegbọdṣọmọ
21,palsy,,kūmọ
21,palsical,obubuafo,
21,palsical,,moni gbọdṣọ
21,palsical,,kūmọ
21,palsical,,obubuafo
21,pane,afwēfwē,
21,pane,,afefe
21,pannier,kyeręnkyę,
21,pannier,,kafu
21,pant,bo tutu,
21,pant,bo pere katirikatiri,
21,pant,fe,
21,pant,,tšui sū
21,pant,,tšui tfa
21,pantaloon,trọs,
21,pantaloon,,bluku
21,panther,ọsebọ,
21,panther,gyahene,
21,panther,,kotšę
21,panther,,olowo
21,panther,,mlantfi
21,pap,nufu ano,
21,pap,ohu,
21,pap,otō,
21,pap,dokono a wọahono no nè wo afra,
21,pap,mpampá,
21,pap,,fufọna
21,pap,,flada
21,pap,,agęgěnu
21,pap,,pampá
21,papa,agya,
21,papa,,ata
21,papa,,tšatšę
22,papaw,brofere,akpakpa
22,papaw,dua,tšo
22,pawpaw,brofere,akpakpa
22,pawpaw,dua,tšo
22,paper,nhoma,wolo
22,paper,krata,wolo
22,paper,boronhoma,wolo
22,paper,nhoma,nmawolo
22,paper,krata,nmawolo
22,paper,boronhoma,nmawolo
22,parable,ebe,abe
22,parable,abebu,abe
22,parable,abebusem,abe
22,parade-ground,guaso,dšano
22,paralysis,dwoko,hegbodšomo
22,paramour,nwewe,
22,paramour,mpena,
22,parasol,akatawia,akatawia
22,parasol,asowia,akatawia
22,parboil,noa fa-ne-fa,mlemle
22,parbreak,fe,fe
22,parcel,sin,kuku
22,parcel,nkyemu,kuku
22,parcel,boa,kuku
22,parcel,sin,mlidša
22,parcel,nkyemu,mlidša
22,parcel,boa,mlidša
22,parcel,sin,ke
22,parcel,nkyemu,ke
22,parcel,boa,ke
22,parch,kyew,ša
22,parch,hyew,ša
22,parchment,nhoma,wolo
22,parchment,nhomapoe,wolo
22,parchment,nhoma,koloi ahe wolo ni anma nii ye no
22,parchment,nhomapoe,koloi ahe wolo ni anma nii ye no
22,pardon,de firi,fa
22,pardon,de kye,ke
22,pardon,ofafiri,fa
22,pardon,ofafiri,ke
22,pardon,to beg,kpa fai
22,pardon,pa kyew,kpa fai
22,beg your pardon,kose,kuse
22,beg your pardon,tafarakye,taflatše
22,beg your pardon,wo kyew ni,taflatše
22,pare,huan,dšie toto
22,pare,fwane,dšie toto
22,pare,wae,dšie toto
22,parent,owofo,folo
22,parent,agya,folo
22,parent,ena,folo
22,parent,owofo,bifolo
22,parent,agya,bifolo
22,parent,ena,bifolo
22,parent,owofo,bii afolo
22,parent,agya,bii afolo
22,parent,ena,bii afolo
22,parent,owofo,biiatše
22,parent,agya,biiatše
22,parent,ena,biiatše
22,parent,owofo,biianye
22,parent,agya,biianye
22,parent,ena,biianye
22,parish,asorefo,asafo
22,parish,asafo,asafo
22,parrot,ako,ako
22,parrot,opesare,ako
22,parrot,ankye,ako
22,parrot,amfudwuma,ako
22,parrot,awirikwaw,ako
22,parrot,akohene,ako
22,parson,osofo,osofo
22,parson,asafo-so-fwefo,osofo
22,part,ofa,gbefa
22,part,afa,gbefa
22,part,sin,gbefa
22,part,kyefa,gbefa
22,part,de,gbefa
22,part,ade,gbefa
22,part,adwuma,gbefa
22,part,fekuw,gbefa
22,part,ofa,gbefan
22,part,afa,gbefan
22,part,sin,gbefan
22,part,kyefa,gbefan
22,part,de,gbefan
22,part,ade,gbefan
22,part,adwuma,gbefan
22,part,fekuw,gbefan
22,part,ofa,gbena
22,part,afa,gbena
22,part,sin,gbena
22,part,kyefa,gbena
22,part,de,gbena
22,part,ade,gbena
22,part,adwuma,gbena
22,part,fekuw,gbena
22,part,ofa,fa
22,part,afa,fa
22,part,sin,fa
22,part,kyefa,fa
22,part,de,fa
22,part,ade,fa
22,part,adwuma,fa
22,part,fekuw,fa
22,part,ofa,afa
22,part,afa,afa
22,part,sin,afa
22,part,kyefa,afa
22,part,de,afa
22,part,ade,afa
22,part,adwuma,afa
22,part,fekuw,afa
22,part of a company,asafokuw,asafoku
22,I for my part,me de,mi le
22,I for my part,ka menko a,mi le
22,I for my part,me de,ke ka mi
22,I for my part,ka menko a,ke ka mi
23,part,pae mu,
23,part,guae,
23,part,kyę,
23,part,tew mu,
23,part,di ntetewmu,
23,part,sim,
23,part,ko,
23,part,,fă
23,part,,gbale mli
23,part,,tše
23,part,,gba
23,part,,gbla mli
23,parted,nyimu so,
23,parted,,yimuyimu
23,partake,fa mu bi,
23,partake,nyă mu bi,
23,partner,ọhōkāfo,
23,partner,,hefatalo
23,partridge,akokọfwéréw,
23,partridge,,afi
23,partridge,,afibẹ
23,party,asafo,
23,party,fekuw,
23,party,kuw,
23,party,yānom,
23,party,,yimu
23,party,,digbobi
23,party,,fekū
23,party,,kū
23,party,,asafo
23,pass,twam',
23,pass,twa hō,
23,pass,seṅ,
23,pass,,foṅ
23,pass,,ho
23,pass,,tšō mli
23,pass-away,twam',
23,pass-away,seṅ (ko),
23,pass-away,sā,
23,pass-away,hi,
23,pass-away,to twa,
23,pass-away,,ho kę-ya
23,pass-away,,tā
23,pass-by,twa hō,
23,pass-by,seṅ,
23,pass-by,māṅ,
23,pass-by,,wyi
23,pass-by,,ho he
23,pass-over,twa,
23,pass-over,twam',
23,pass-over,seṅ ko,
23,pass-over,,fo mli
23,pass-over,,ho he
23,pass-over,,ho ya
23,pass-through,fa (mu),
23,pass-through,twa (mu),
23,pass-through,,tšō
23,pass-through,,tšō mli
23,pass-the time,fwere adagyew,
23,pass-the time,,dšie hietšerę
23,pass,afae,
23,pass,mpọtam',
23,pass,,gbẹ
23,pass,,mlitšōgbẹ
23,pass,,gbẹ ní tšō gōdši ateṅ
23,passage,asutwaree,
23,passage,ọkwaṅ,
23,passage,akwantu,
23,passage,,fōhe
23,passage,,gbẹ
23,passage,,gbẹnyiemo
23,passenger,ọkwantemfo,
23,passenger,ọkwantufo,
23,passenger,,gbẹnyielọ
23,passenger,,nšọṇọ-nyielọ
23,passion,anibere,
23,passion,abufuw,
23,passion,mperehō,
23,passion,amanehunu,
23,passion,,hiedọ
23,passion,,grimo
23,passion,,tšuihaomọ
23,passion,,amanehūlū
23,passion,,dšọdšọdšọ
23,passion,,fififi
23,passionate,obufufafo,
23,passionate,oniberefo,
23,passionate,nea ne bo haw no,
23,passionate,oyẹ bo sẹ,
23,passionate,oyẹ ọtékúm,
23,passionate,,mlilatšẹ
23,passionate,,tšuihaolọ
23,passionate,,hiedọlọ
23,passover,twam',
23,passover,,henọhō
23,passover,,hehō
23,pastime,nea wode fwere wo adagyew,
23,pastime,,hietšerẹdšiemọ
23,pastor,oguaṅfwẹfo,
23,pastor,ọfwẹfo,
23,pastor,asafo so fwẹfo,
23,pastor,ọsọfo,
23,pastor,,kwẹlọ
23,pastor,,nọkwẹlọ
23,pastor,,ọsọfo
23,pasture,adidibea,
23,pasture,wura frọmfrọm,
23,pasture,yemmea,
23,pasture,,dšẹfọ
23,pasture,,lẹhe
23,path,ọkwaṅ,
23,path,ọsa,
23,path,ọtempọṅ,
23,path,,gbẹ
23,path,,tempọṅ
24,patience,boaseto,
24,patience,abotōase,
24,patience,,tšuišinmę
24,patience,,tšuišito
24,patience,,yišinmę
24,"patient, to be",to bo ase,
24,"patient, to be",tā bo,
24,"patient, to be",kura mu,
24,"patient, to be",mia ani,
24,"patient, to be",,ńmę tšui ši
24,"patient, to be",,to tšui ši
24,"patient, to be",,gbo hie ši
24,"patient, to be",,hie mli
24,"patient, to be",,mia hie
24,patient,oyarefo,
24,patient,,helatšę
24,patriarch,tete agya,
24,patriarch,agya panyiṅ,
24,patriarch,,blematšę
24,patriarch,,tšę onukpa
24,pauper,ohiani,
24,pauper,obēręfo,
24,pauper,,ohiafo
24,pauper,,sisēlo
24,pavement,abo-nsęwē,
24,pavement,,tękamo
24,paw,tote,
24,paw,nsa,
24,paw,,nine
24,pay,tua,
24,pay,tua kaw,
24,pay,,wo nyōmọ
24,"pay, payment",akatua,
24,"pay, payment",,nyōmọwō
24,"pay, payment",,gbęfaṅ
24,"pay, payment",,gbęna
24,"pay, payment",,nyoṅdšenii
24,pea,,yętre
24,peace,asomdwoee,
24,peace,omaṅṅwoee,
24,peace,ahōdwoee,
24,peace,abodwo,
24,peace,abotoyam,
24,peace,,dšọ
24,peace,,dšọlę
24,peace,,dšọmọ
24,peace,,dšęndšọlę
24,peace,,hedšọlę
24,peace,,hiedšọlę
24,peace,,toiṅdšọlę
24,peace,,omanye
24,peaceful,dwodwo,
24,peaceful,berēō,
24,peaceful,komm,
24,peaceful,,hedšọlọ
24,peaceful,,blēō
24,peaceful,,blēoblēō
24,peaceful,,diō
24,peacemaker,opatafo,
24,peacemaker,asomdwoee ba,
24,peacemaker,,dšęndšọlọ
24,peacemaker,,kpātālọ
24,peacemaker,,hedšọlọ
24,pearl,ahene,
24,pearl,ahenepa,
24,pearl,margarite,
24,pearl,,margarita
24,pearl,,adiagba
24,pebble,mmosea,
24,pebble,,fobitę
24,peculiar,dęnsow,
24,peculiar,ęsono,
24,peculiar,,denso
24,peculiar,,ekoro
24,peculiar,,sroto
24,pedagogue,mmofra yęnfo,
24,pedagogue,kyerękyeręfo,
24,pedagogue,,tšọselọ
24,pedagogue,,gbekebii akwęlọ
24,pedagogue,,tšọlọ
24,pedestrian,onantefo,
24,pedestrian,,gbęnyielọ
24,pedestrian,,nanenoṅyielọ
24,peel,hūaṅ (aburow),
24,peel,gua (brọde),
24,peel,wae,
24,peel,węre,
24,peel,,gumọ
24,peel,,kpa
24,peel,,kprọke
24,"peel, peelings",ęhono,
24,"peel, peelings",,toto
24,peep (at),fwę,
24,peep (at),,fli
24,peep (at),,kwę nọ
25,peer,tipeŋ,
25,peer,afę,
25,peer,mfęfo,
25,peer,ọdehye,
25,peer,ọmaũ-panyiŋ,
25,peer,,tipeŋ
25,peer,,ablade
25,peer,,tšię
25,peer,,onukpa
25,peevishness,mpi,
25,peevishness,-yę,
25,peevishness,animmuna,
25,pelican,pokupoku,
25,pelican,,gọdọ
25,pelican,kpokukpoku,
25,pell-mell,sakasaka,
25,pell-mell,,futufutu
25,pell-mell,,sakasaka
25,pelt,tow (abo),
25,pelt,,tía (tę)
25,pelt,lu,
25,pen,pen,
25,pen,ntakara,
25,pen,akokọbuw,
25,pen,pesu,
25,pen,ńńuam-mań,
25,pen,,pen
25,pen,,peń
25,pen,,wọtšerę
25,pen-knife,pen-sekań,
25,pen-knife,,peńkakra
25,pen-knife,,penfōkakla
25,pen-knife,,penkini
25,pencil,pensere,
25,pencil,,pensle
25,pendant,nea ẹsẹń (asọm),
25,pendant,ọfrańkāwa,
25,penetrate,kọ mu,
25,penetrate,bae mu,
25,penetrate,fa mu,
25,penetrate,fwirow mu,
25,penetrate,tew mu kom',
25,penetrate,dọń,
25,penetrate,donnọń,
25,penetrate,,gbu
25,penetrate,,tšọ mli
25,penetrate,,bote mli
25,people,ọmań,
25,people,ńkurofo,
25,people,ọmańfo,
25,people,unipa,
25,people,,mań
25,people,,mei
25,people,,asafo
25,pepper,"mako (ntọńko, nnyerā)",
25,pepper,yisá,
25,pepper,,šọṭọ
25,black-pepper,sesā',
25,black-pepper,,wyiei
25,black-pepper,,gbọwyiei
25,black-pepper,,anaiwyiei
25,peradventure,ebia,
25,peradventure,wonnim nna,
25,peradventure,anibiannaso so,
25,peradventure,,ekolę
25,peradventure,,aleenō
25,perambulation,okyini,
25,perambulation,ńkyińso,
25,perambulation,,šifọ
25,perambulation,,tšọmlọmọ
25,perceive,hū,
25,perceive,te,
25,perceive,,nu
25,perceive,,yo
25,perceive,,yose
25,perceive,,na na
25,perception,ohū,
25,perception,ọte,
25,perception,tirim adwene,
25,perception,,numọ
25,perception,,yō
25,perception,,yomọ
25,perception,,heyomọ
25,perception,,šišiyomọ
25,perception,,yosemọ
25,perception,,nanā
25,perch,si,
25,perch,sisi,
25,perch,kotow,
25,perch,,sō
25,perch,,sōmọ
25,perching-stick,ńkokọ dua,
25,perching-stick,,sōmọṭšo
25,perching-stick,,wọṭšo
25,perchance,ebia,
25,perchance,wonnim nna,
25,perchance,mpofirim,
25,perchance,anibiannaso so,
25,perchance,,ekolę
25,perchance,,aleenō
25,percolation,ọsọń,
25,percolation,nsọńso,
25,percolation,,hiekpamọ
25,perdition,ọsẹe,
25,perdition,oyera,
25,perdition,,hiekpàtāmọ
25,perdition,,ladšemọ
25,perdition,,fitemọ
25,peregrinate,dom',
25,peregrinate,tu kwań (wo amannọne),
25,peregrinate,,dom
25,peregrinate,,fā ke-ya
26,perfect,emū,mū
26,perfect,pe,emū
26,perfect,pepe,
26,perforate,fwirow mu,gbu
26,perforate,fiti mu,tšu
26,perforation,mfitimú,hegbū
26,perforation,,mligbū
26,perforation,,tšu
26,perform,ye,fe
26,perform,bo,gbe na
26,perform,wie,
26,perfume,ohūām,ńma
26,perfume,,tšofā-ke-ńma
26,perhaps,wonnim nna,adši
26,perhaps,ebia,aleenō
26,perhaps,sese,bene
26,perhaps,,ekolę
26,period,bere,yinga be
26,period,,dšeṅbe
26,perish,see,hie kpătă
26,perish,yera,fite
26,perish,wu,gbo
26,perish,twam,ladše
26,perish,seṅ ko,bule
26,perish,,wule
26,perjure,kā ntaṅhunu,
26,permeate,donnoṅ,doḍoo
26,permit,mā,ńme he
26,permit,mā okwaṅ,ńme gbe
26,permit,mā hō kwaṅ,hâ gbe
26,permit,to kwaṅ,
26,pernicious,bone,efoṅ
26,pernicious,nea esęe,musu
26,perpetrate,"di (asemmone, atratrasem)",fe
26,perpetrate,bo (mmusu),bo
26,perpetrate,ye (adebone),tšu
26,perpetrator,oyefo (mmăratōfo),tōlo
26,perpetrator,,mlatōlo
26,perplex,tōtō,tōtō
26,perplex,tu bo,fi
26,perplex,ye sakasaka,
26,persecute,di akyiri,nyie se
26,persecute,tiw,tiu
26,persecute,tā,tu
26,persecute,haw,tiù se
26,persecute,,wa m.k. yi
26,persevere,trā mu,kā he
26,persevere,gyina mu,gbo hie ši
26,persevere,kye,hie mli
26,persevere,kura mu,mia hie
26,persevere,mia ani,
27,person,onipa,
27,person,oba,
27,person,obi,
27,person,asiamàsí,
27,person,ọbĕntéṅ,
27,person,,mo
27,person,,gbomo
27,perspiration,fifiri,
27,perspiration,,latša
27,perspiration,,latšatšā
27,perspire,fi fifiri,
27,perspire,,latša tša m.k.
27,persuade,dādā,
27,persuade,daṅ ti,
27,persuade,mā ti da,
27,persuade,,dọkọ na
27,persuade,,laka
27,persuade,,tšọ yiṅ
27,pervert,sakra,
27,pervert,daṅ ani,
27,pervert,sẹe,
27,pervert,butuw,
27,pervert,,tšake
27,pervert,,fite
27,pervert,,laka
27,pervert,,tšọ hie
27,pestle,ọwọma,
27,pestle,,wọma
27,pestle,,fufuitšomlibi
27,pestle,,wadurutšomlibi
27,petition,pa kyẹw,
27,petition,kotọ,
27,petition,kotọ sẹrẹ,
27,petition,sẹrẹsẹrẹ,
27,petition,,kpa fai
27,petition,,ba
27,petition,,sisẹ
27,petticoat,ase atade,
27,petticoat,,šišinii
27,petty,akūmā,
27,petty,ketewa,
27,petty,ṅketeṅkete,
27,petty,,bibio
27,petty,,fio
27,pewter,sānyā',
27,pewter,,sānyā
27,basin,,tasa
27,phantastic,nea esi ani so kwa,
27,phantastic,,laṅlaṅ
27,philology,okasa ahorow hō nimdeẹ,
27,philology,,wiemọi ahe niilē
27,philosophy,wiase nyansa,
27,philosophy,nyansape,
27,philosophy,,dšeṅniilē
27,phlegm,hohọre,
27,phlegm,anihaw,
27,phlegm,berēoye,
27,phlegm,,fọ
27,phlegm,,anihao
27,phlegm,,blẹofemo
27,phlegmatic,nā,
27,phlegmatic,nāṅṅ,
27,phlegmatic,ọpătāfo,
27,phlegmatic,,bọbokū
27,phlegmatic,,bọboli
27,physic,aduru,
27,physic,,tšofā
27,physician,oduruyeẹfo,
27,physician,oyaresafo,
27,physician,,tšalo
27,physician,,hetšalo
27,physician,,tšofātšẹ
27,pick,wọ,
27,pick,wọw,
27,pick,wẹ,
27,pick,tu,
27,pick,tew,
27,pick,,ko
27,pick,,kole
27,pick,,ti
27,pick,,titi
27,pick,,yi
27,pick,,tšọtše
27,pick-out,paw,
27,pick-up,sow,
27,pick-up,kukuru,
27,pick-up,tase,
27,pick-up,,ko
27,pick-up,,kolo
27,picture,mfonini,
27,picture,,mfonini
27,piece,siṅ,
27,piece,gow,
27,piece,asinasiṅ,
27,piece,agowagów,
27,piece,aträ,
27,piece,kakra,
27,piece,,kuku
27,piece,,yi
27,piece,,kolo
27,break to pieces,bu asinasiṅ,
27,break to pieces,bọ,
27,break to pieces,bobọ,
27,break to pieces,,kū dukuduku
27,pierce,fwirow,
27,pierce,wọ,
27,pierce,wọw,
27,pierce,fiti,
27,pierce,,du
27,pierce,,gbu
27,pierce,,tšu
27,pig,prako,
27,pig,,kploko
27,pig,,kplôtó'
28,pigeon,aboronoma,okpo
28,pigeon,aboroŋina,okpo
28,pigeon,aburuburu,okpo
28,pigmy,akwatia,akotia
28,pigmy antelope,adowá,adowa
28,pile,ekuw,
28,pile,tänā,
28,pile,bọ kuw,
28,pile up,baṅ,
28,pilfer,wia,dšu
28,pilfer,bew,dšu
28,pilfer,bebẹw,dšu
28,pilfer,wia,ko
28,pilfer,bew,ko
28,pilfer,bebẹw,ko
28,pilgrimage,tu kwaṅ,srenẹ ya
28,pilgrimage,ko asore wọ bābi,srenẹ ya
28,pilgrimage,tu kwaṅ,ya sole yẹ heko
28,pilgrimage,ko asore wọ bābi,ya sole yẹ heko
28,pillow,sumi,sune
28,pillow,sumiẹ,sune
28,pillow-case,sumi nnurahọ,sune hebo
28,pimp,,brantaṅ
28,pin,akorotẹā,aklontia
28,pin,akorotẹā,akontia
28,pincers,awiri,abẹle
28,pinch,fem,bẹ
28,pinch,few,bẹ
28,pinch,peṅ,bẹ
28,pinch,ti,bẹ
28,pinch,titi,bẹ
28,pinch,fem,kole
28,pinch,few,kole
28,pinch,peṅ,kole
28,pinch,ti,kole
28,pinch,titi,kole
28,pinch,fem,tṣotṣe
28,pinch,few,tṣotṣe
28,pinch,peṅ,tṣotṣe
28,pinch,ti,tṣotṣe
28,pinch,titi,tṣotṣe
28,pinch,fem,kpiti
28,pinch,few,kpiti
28,pinch,peṅ,kpiti
28,pinch,ti,kpiti
28,pinch,titi,kpiti
28,pine,ani kisā,tṣere
28,pine,ani kisā,plene
28,pine-apple,abọrọbẹ,blofoṃẹ
28,pipe,abua,ble
28,pipe,abūrobua,ble
28,pipe,tāseṅ,ble
28,pipe,abẹṅ,ble
28,pipe,atẹntẹbẹṅ,ble
28,pipe,botowa,ble
28,pipe,hâse,ble
28,pipe,abua,tawa-blẹ
28,pipe,abūrobua,tawa-blẹ
28,pipe,tāseṅ,tawa-blẹ
28,pipe,abẹṅ,tawa-blẹ
28,pipe,atẹntẹbẹṅ,tawa-blẹ
28,pipe,botowa,tawa-blẹ
28,pipe,hâse,tawa-blẹ
28,pipe,abua,hase
28,pipe,abūrobua,hase
28,pipe,tāseṅ,hase
28,pipe,abẹṅ,hase
28,pipe,atẹntẹbẹṅ,hase
28,pipe,botowa,hase
28,pipe,hâse,hase
28,pipe,hyeṅ a(tẹntẹ)bẹṅ,kpā blẹ
28,pipe,bọtowa,kpā blẹ
28,piss,dwẹnsọ,fie nu
28,piss,gu nsu,fie nu
28,piss,dwẹnsọ,šamọ
28,piss,gu nsu,šamọ
28,pistol,akodiawua,pitisawa
28,pistol,atwẹrewá,pitisawa
28,pit,amōa,kpākpo
28,pit,amāna,kpākpo
28,pit,tokuru,kpākpo
28,pit,okū,kpākpo
28,pit,amōa,bu
28,pit,amāna,bu
28,pit,tokuru,bu
28,pit,okū,bu
28,pit,amōa,flo
28,pit,amāna,flo
28,pit,tokuru,flo
28,pit,okū,flo
28,pitch,amā,amā
28,pitch,amāne,amā
28,pitch tree,amādua,amātṣo
28,pitcher,nsukuruwa,nu-kpulu
28,pitiable,mmọbọmmọbọ,mọbọmọbọ
28,pitiful,mmọbọmmọbọ,mọbọmọbọ
28,to be pitiable,yẹ mmọbọ,fe mobọ
28,to be pitiable,hū mmọbọ,fe mobọ
28,to be pitiable,yẹ timọbọ,fe mobọ
28,to be pitiable,yẹ mmọbọ,na mobọ
28,to be pitiable,hū mmọbọ,na mobọ
28,to be pitiable,yẹ timọbọ,na mobọ
28,pity,mmọborohunu,mobọ
28,pity,ahūmọbọ(re),mobọ
28,pity,timọbọ,mobọ
28,pity,ayamhyehye,mobọ
28,pity,mmọborohunu,mọbọnalẹ
28,pity,ahūmọbọ(re),mọbọnalẹ
28,pity,timọbọ,mọbọnalẹ
28,pity,ayamhyehye,mọbọnalẹ
28,pity,mmọborohunu,musuńtṣōlẹ
28,pity,ahūmọbọ(re),musuńtṣōlẹ
28,pity,timọbọ,musuńtṣōlẹ
28,pity,ayamhyehye,musuńtṣōlẹ
28,pity,hū mmọbọ,na mobọ
28,pity,yẹ timọbọ,na mobọ
28,pity,yam hyehye no mà obi,na mobọ
28,pity,hū mmọbọ,musuń tṣō m.k. yẹ m.k. he
28,pity,yẹ timọbọ,musuń tṣō m.k. yẹ m.k. he
28,pity,yam hyehye no mà obi,musuń tṣō m.k. yẹ m.k. he
29,placable,nea wonyã no apatayé,
29,place,fã,
29,place,afã,
29,place,okwaṅ,
29,place,bew,
29,place,bea,
29,place,bã,
29,place,bere,
29,place,ase,
29,place,asase,
29,place,kurow,
29,place,,he
29,place,,gbẹhe
29,place,,ši
29,place,,šiši
29,place,,šikpoṅ
29,plague,owuyare,
29,plague,nsaṅyare,
29,plague,ọhaw,
29,plague,,hela
29,plague,,tšeṅmọhela
29,plague,,gbelehela
29,plain,fáṅṅ,
29,plain,fẽ,
29,plain,péfẽ,
29,plain,petẽ,
29,plain,ketẽ,
29,plain,keteketẽ,
29,plain,nea ẹtã họ,
29,plain,patã,
29,plain,pradada,
29,plain,,dẹm
29,plain,,fáṅṅ
29,plain,,kplanã
29,plain,,kpokpo
29,plain,asasetaw,
29,plain,tataw,
29,plain,epaw so,
29,plain,apã so,
29,plain,,ñã kpātā
29,plain,,ñã kplanā
29,plaint,nteṅ,
29,plaint,ntenyi,
29,plaint,ṅkuro,
29,plaintiff,nea ọbọ obi hō ṅkuro,
29,plaintiff,ọde asem bi to no so,
29,plaintiff,,nafolo
29,plaintiff,,naflolo
29,plaintiff,,saneyelo
29,plait,bubu,
29,plait,bọ hō,
29,plait,wọw,
29,plait,ṅhwi mmesã,
29,plait,ṅwene,
29,plait,,gbọ yi
29,plane,apaso,
29,plane,,hoble
29,plane,,hoble-adade
29,plane,pa so,
29,plane,tow atade so,
29,plane,tow dade so,
29,plane,,šo
29,plane,,gbọ
29,plane,,gblọ
29,plant,dua,
29,plant,mfifi,
29,plant,wura,
29,plant,,tšo
29,plant,,ba
29,plant,,fie
29,plant,dua aburow,
29,plant,fua ode,
29,plant,sūm brode,
29,plant,sūm kwadu,
29,plant,tew mme,
29,plant,,dū
29,plant,,fū ši
29,plant,,tẹo
29,plant,,hū
29,plantain,ọbrọde,amadā
29,plantain-tree,ọbrọde(dua),amadātšo
29,plantation,afuw,
29,plantation,afuo,
29,plantation,ẹkwā,
29,plantation,ham,
29,plantation,,kosẹ
29,plantation,,ùmọṅ
29,plantation,,abọ
29,plantation-village,akurā,akrowa
29,planter,okuafo,
29,planter,oduafo,
29,planter,ọṭewfo,
29,planter,afuw wura,
29,planter,ọdede,
29,planter,odefuo,
29,planter,,abọṭẹ
29,planter,,ṅmōṭẹ
29,planter,,koseṅyo
29,planter,,akwafonyo
29,planter,,hūlọ
29,planter,,dūlọ
29,planter,,ṭeọlọ
29,plaster,ntaresọ,
29,plaster,ntarehọ,
29,plaster,prāse,
29,plaster,akado,
29,plaster,dote,
29,plaster,,kalo
29,plaster,,sū
29,plaster,,klekalo
29,plaster,,plast
29,plaster,de(fa)..mā (odaṅ) hō,
29,plaster,tare hō,
29,plaster,tare so,
29,plaster,,ṭsa
29,plaster,,mā he
29,plaster,,ta nọ
29,plate,préte,plete
29,plate,taforoboto,fale
30,platform,abaŋ (odaŋ) atifi a ɛso tā,tsu yiteŋ
30,platform,bābi a wɔamā atā,tsu yiteŋ
30,play,"goru (go, goro)",fɛ
30,play,bɔ (sāŋkū),fɛ
30,play,hyeŋ (abeŋ),fɛ
30,play,Ad. fye,fɛ
30,play at cards,tow ŋhōma,fɛ aso
30,play dice,tow sikyi,fɔ̃ ošiki
30,play the hypocrite,yɛ nyåtwom,ti nsrō
30,play the hypocrite,twā ŋkontompo,ti nsrō
30,play,"agoru (ago, agorɔ)",fɛmo
30,play-thing,agode,fɛmoŋō
30,player,ogofɔ (Ak. ogofɔ),fɛbilɔ
30,playfollow,ogofɔ (Ak. ogofɔ),fɛbilɔ
30,play-mate,ogofɔ (Ak. ogofɔ),fɛbilɔ
30,"playful, to be-","pɛ agoru (ago, agorɔ)",ho la
30,plea,asɛm,sane
30,plea,aperesɛm,sane
30,plea,ŋkataso,sane
30,plea,gyinae,sane
30,plea,asɛm,kodšomosane
30,plea,aperesɛm,kodšomosane
30,plea,ŋkataso,kodšomosane
30,plea,gyinae,kodšomosane
30,please,sɔ ani,sa hie
30,please,yɛ fɛ,sa hie
30,please,yɛ dɛ,sa hie
30,please,sɔ ani,fe fɛo
30,please,yɛ fɛ,fe fɛo
30,please,yɛ dɛ,fe fɛo
30,pleasant,dɛ,fɛo
30,pleasant,dɛw,fɛo
30,pleasant,fɛ,fɛo
30,pleasant,fɛw,fɛo
30,pleasant,dɛ,ṅɔ
30,pleasant,dɛw,ṅɔ
30,pleasant,fɛ,ṅɔ
30,pleasant,fɛw,ṅɔ
30,pleasure,anigye,fɛofɛmo
30,pleasure,anikā,fɛofɛmo
30,pleasure,anisɔde,fɛofɛmo
30,pleasure,anisɔ,fɛofɛmo
30,pleasure,anigye,hiemɛ
30,pleasure,anikā,hiemɛ
30,pleasure,anisɔde,hiemɛ
30,pleasure,anisɔ,hiemɛ
30,pleasure,anigye,ṅɔmo
30,pleasure,anikā,ṅɔmo
30,pleasure,anisɔde,ṅɔmo
30,pleasure,anisɔ,ṅɔmo
30,pleasure,anigye,plašie
30,pleasure,anikā,plašie
30,pleasure,anisɔde,plašie
30,pleasure,anisɔ,plašie
30,pledge,awowa,awoba
30,pledge,F. ahoba,awoba
30,pledge,adoŋwowa,awoba
30,to put in-,si awowa,to awoba
30,to put or-,si awowa,to awoba
30,to take a-,gye awowa,dše nyōmo
30,pledget,,amanya
30,Pleiad(e)s,akokɔtaŋ nɛ nemma,wo kɛ ebii
30,plentiful,bebrɛ,babao
30,plentiful,pi,babao
30,plentiful,pi pa,babao
30,plentiful,pɛwa,babao
30,plentiful,dodow,babao
30,plentiful,dōmāŋkāmā,babao
30,plenty,dodow,falɛ
30,pluck,tew,tše
30,pluck,paŋ,tše
30,pluck,poŋ,tše
30,pluck,tu,tše
30,pluck,tutu,tše
30,pluck,tew,tšere
30,pluck,paŋ,tšere
30,pluck,poŋ,tšere
30,pluck,tu,tšere
30,pluck,tutu,tšere
30,pluck off,tew,kpo
30,pluck off,tetew,kpo
30,pluck off,tew,kpoke
30,pluck off,tetew,kpoke
30,plumb,pō,kpo
30,plumb,bum,kpo
30,plumb,pō,gbu
30,plumb,bum,gbu
30,plumb,pō,bum
30,plumb,bum,bum
30,plumb,pō,tšiŋmō
30,plumb,bum,tšiŋmō
30,plump,pō,kpo
30,plump,bum,kpo
30,plump,pō,gbu
30,plump,bum,gbu
30,plump,pō,bum
30,plump,bum,bum
30,plump,pō,tšiŋmō
30,plump,bum,tšiŋmō
30,plummet,tā-hama,nseniŋtɛ
30,plummet,kyerebeŋyɛ-bɔ,nseniŋtɛ
30,plummet,prumo,nseniŋtɛ
30,plummet,tā-hama,mligblamɔtɛ
30,plummet,kyerebeŋyɛ-bɔ,mligblamɔtɛ
30,plummet,prumo,mligblamɔtɛ
30,plunder,fow,ha
30,plunder,fom,ha
30,plunder,fa dommum,ha
30,plunder,fa asade,ha
30,plunder,fow,ŋɔ nom
30,plunder,fom,ŋɔ nom
30,plunder,fa dommum,ŋɔ nom
30,plunder,fa asade,ŋɔ nom
30,plunder,fow,fe m.k. fɛm
30,plunder,fom,fe m.k. fɛm
30,plunder,fa dommum,fe m.k. fɛm
30,plunder,fa asade,fe m.k. fɛm
30,plunder,fow,ye ofɔ
30,plunder,fom,ye ofɔ
30,plunder,fa dommum,ye ofɔ
30,plunder,fa asade,ye ofɔ
31,pocket,kotoku,kotoku
31,pocket-handkerchief,dúkú,kotokuṅduku
31,pocket-knife,opɔnontom,kito
31,pod,(e)hono,toto
31,poem,dwom,lala
31,point,ano,oti
31,point,fweti,gbɛhe
31,point,nsiho,na
31,point,botae,nagbē
31,point,sibea,
31,point,adetiriw,
31,point,asɛmti,
31,pointed,fwireṅfwireṅ,kotofi
31,pointed,fɛafɛā,šōšōšō
31,poise,kari,da he
31,poison,bɔre,bɔ
31,poison,adutōduru,ebɔ
31,poison,,tšofā
31,poison (v),tō aduru,sû
31,poison (v),,wo m.k. na tšofā
31,pole,dua,tšo
31,pole,abā,
31,polish,pɔw hō,ša
31,polish,"hoa (dwɛtɛ, dade) hō",ša he
31,polite,aguasoba,aguasɛṅbomo
31,polite,oguasɛm'ní,kasegbomo
31,polite,nea opɔw or wapɔw,
31,polite,onim aguasemde yɔ,
31,politeness,aguasɛm'dé,agwaseṅ
31,politeness,opɔw,kasefemo
31,poll,ti (atiko),yitšo
31,poll,tikora,gbomo
31,poll,nnipa diṅ mmoaano,
31,pollute,gu hō fi,tšēñe
31,pollute,yɛ fi,bule
31,pollute,hura hō,
31,pond,ɔtare,buko
31,pond,eko,fā
31,pond,baka,kpakpo
31,pond,abura,
31,pond,asu,
31,pond,dontori,
31,pond,atwǎtā,
31,poor,di hia,
31,poor,ade hia (no),
31,poor-man,obɛrefo,niiahetlīalɔ
31,poor-man,ohiani,ohiafo
31,poorly,,nyāfinyâfi
31,populous,nea nnipa dōsō hɔ,kiṅkā
31,populous,,dšukudšuku
31,porch,abrannā,ablana
31,porch,apata,kpata ši
31,porcupine,kotoko,kotoko
31,pork,prakonām,kplokolo
31,port,hyeṅ gyinabea,bele
31,port,opɔṅ,ble
31,port,abobow,lɛdšiadamɔhe
31,portal,abobow,agbo
32,porter,opoñanofwęfo,sinasralo
32,porter,odosoani,agbokwelo
32,porter,odesoafo,dsatsuterelo
32,porter,potoro (brofoahai),
32,portion,de (ade),gbena
32,portion,kyefa,mlidsha
32,portion,nkyemu,
32,Portugal,Portugal,Okes
32,Portugal,Potugesi,Okesi
32,possess,de,ye no
32,possess,wo,ye noutso
32,possess,kura,ye
32,possess,di so,na
32,possess,ye owura,
32,possessor,odede,tse
32,possessor,owura,notse
32,possibility,tumi,nyemo
32,possibility,woye a ebeye ye,
32,post,dua a esi ho,tso ni ma si
32,post,gyinabea,damohe
32,post,dibea,madsemo
32,post,amanae,
32,post-man,amanadekurafo,wolohielo
32,post-man,,madselo
32,post-master,amanaefwefo,wolomadsemo-onukpa
32,post-office,amanae,wolomadsemo-gbehe
32,posthumous,nea n'agya wu akyi wowoo no,gbonyobi
32,pot,ahina,gbe
32,pot,kuku,ka
32,pot,kutu,kakutu
32,pot,osen,kulo
32,pot,opo'do,dudo
32,pot,oposi,botoku
32,pot,n.a.,
32,pot-ladle,bebeta,gigintso
32,pot-sherd,kyemfere,kako
32,pot-sherd,,nesu
32,potter,okukunwemfo,solo
32,potter,onwemfo,gbesolo
32,potter,,kasolo
32,potter's clay,anwemmo,kasolo su
32,potter's trade,nkukunwene,so
32,potter's trade,,gbeso
32,pottery,nkuku ne nkaka,sohe
32,pottery,nkukunwene fi,
32,poultry,nkoko,woi
32,poultry,dabodabo,dabodaboi
32,poultry,krakum n.a.,krakumi
32,pounce (upon),si,si
32,pounce (upon),,ti no
32,pounce (upon),,yi no
32,pound,siw,si
32,pound,wow,
32,pound,potow,
32,pound,karibo,
32,pound,suru,
32,pounder,owomma,baduruntsomlibi
32,pounder,,fufuitsomlibi
32,pounder,,woma
32,pour(out),fwie,fie
32,pour(out),gu,fo
32,pour(out),fwie gu,fose
32,pour(out),ka gu,fote
32,pour(out),,fie si
32,pour(out),,tsi..fie
32,poverty,ohia,ohia
33,powder,mfutuma,
33,powder,aduru a woayam a.s. woasiw no fékō,
33,powder,atuduru,
33,powder,,mlu
33,powder,,tsofã
33,powder,,tũtsofã
33,powder (barrel),akótowa,
33,powder (barrel),okwádúm,
33,powder (barrel),atentením,
33,powder (barrel),,akotowa
33,powder (barrel),,atentenim
33,"powder (case, horn, flask)",odańka,
33,powdered,dúkū,
33,powdered,dúkuduku,
33,powdered,fékō,
33,powdered,fékofeko,
33,powdered,,fru
33,powdered,,fluflu
33,powdered,,dukuduku
33,power,(hō) kwań,
33,power,ahōodeń,
33,power,tumi,
33,power,ḍom,
33,power,,gbe
33,power,,hegbe
33,power,,hewale
33,power,,wale
33,power,,nyēmo
33,power,,agbodsē
33,power,,frāmā
33,powerful,otumfo,
33,powerful,ohōodeńfo,
33,powerful,oberań,
33,powerful,,ofe
33,powerful,,agbo
33,powerful,,hewalo
33,powerful,,nyēlo
33,powerful,,oblań
33,"powerless, to become",wu,
33,"powerless, to become",ano kum,
33,"powerless, to become",,gbo
33,"powerless, to become",,gbo
33,"powerless, to become",,gbodšo
33,practice,adeyę,
33,practice,ḍwumadi,
33,practice,nyansa,
33,practice,,nokā
33,practice,,nokāmo
33,practice,,nōfemo
33,practice,,nahomo
33,practice,,niifemonii
33,practise,yę,
33,practise,di,
33,practise,goru,
33,practise,tā nyęę,
33,practise,,fe
33,practise,,tšu
33,practise,,bo
33,practise,,fe he niitšumo
33,practise,,na homo he
33,practise,,fe femo
33,praise,kamfo,
33,praise,yi ayę,
33,praise,bo diń (pa),
33,praise,,bo
33,praise,,dšie yi
33,praise,,kafo
33,praise,,wo
33,prattle,twa ńkúrodo,
33,prattle,ano yę bęrębęrę,
33,prattle,bętębętę,
33,prattle,birebire,
33,prattle,kurokuro,
33,prattle,kasakasa,
33,prattle,,tokemo
33,prattle,,triliwiemo
33,prattle,,wyięsęwiemo
33,pray,sore,
33,pray,bo mpae,
33,pray,yi mpae,
33,pray,pa kyęw,
33,pray,kańkye,
33,pray,,sole
33,pray,,ye ńkpai
33,pray,,kpa fai
33,prayer,asore,
33,prayer,mpae,
33,prayer,mpaebọ,
33,prayer,,solemo
33,prayer,,faikpamo
33,prayer-meeting,mpaebọ ńhyia,
33,prayer-meeting,asore,
33,prayer-meeting,,solemo-kpē
33,preach,sore,
33,preach,kā asęm,
33,preach,,šię
33,preach,,sole
33,preach,,dšadše
33,preach,,dšadše..tšō
33,preach,,Ad. sę
33,precede,di kań,
33,precede,di anim,
33,precede,,bo no
33,precede,,ye hie
33,precede,,tšō hie
33,precentor,ḍwontofo,
33,precentor,ḍwomfręfo,
33,precentor,,lalawolo
33,precipitate,wọ akọmfo,
33,precipitate,,nyō
33,precipitate,,mã yi ši
34,precisely,pepēpe,fitsofitso
34,"precocious, to be",ye perepere,gbi
34,"precocious, to be",ye aperewa,hie sa
34,"precocious, to be",di mperewasem,fe kplekple
34,"precocious, to be",ye pērepēre,wese
34,"precocious, to be",di mpanyinsem,fe abompé
34,prefer,pe,bo no
34,prefer,paw,kpa mli
34,prefer,fa,fā
34,pregnancy,afurufa,hohíemo
34,pregnancy,ninseŋ,musunamo
34,pregnancy,yem,
34,"pregnant, to be, become",ninseŋ,no ho
34,"pregnant, to be, become",yem,hie ho
34,"pregnant, to be, become",fa afuru,ná musu
34,"pregnant, to be, become",bo duru,
34,"pregnant, to be, become",ye opemfo,
34,prepare,siesie,sa
34,prepare,siesie hō,sa he
34,prepare,sesew,dšie gbe
34,prepare,yi kwan,fe klalo
34,"present, to be",wo ho,ye
34,"present, to be",,ye bie
34,"at present, presently",afei,agbene
34,"at present, presently",afei de,gbii ete ne
34,"at present, presently",sesē de,biane
34,"at present, presently",mpreŋ,
34,"at present, presently",nnansā yi,
34,"at present, presently",mprempreŋ,
34,"at present, presently",sesē ara,
34,"present, n.",akyede,ke
34,"present, n.",adekyede,kēnō
34,"present, n.",ayeyede,nōkēnō
34,"present, v.",de kye,no
34,"present, v.",fa kye,ke
34,"present, v.",ye aye,ke
34,preservation,ogye,tō
34,preservation,ṅkwāgye,dšiemo
34,preservation,,walaheremo
34,preservation,,walanámo
34,preservation,,yibamo
34,preserve,gye,here yi wala
34,preserve,gye ṅkwā,ba yi
34,preserve,kyee so,dšie
34,preserve,kora,to
34,preserve,sie,
34,"press, v.",mia,mia
34,"press, v.",kyere so,bobo
34,"press, v.",pia,bodo
34,"press, v.",pūa,nēne
34,"press, v.",hye(so),nā
34,"press, v.",hom so,fi
34,"press, v.",,kē
34,"press, v.",,nyē no
34,"press, n.",afiri,tšōne
34,"press, n.",adaka,skao
34,"press, n.",ṅkyeresó,fimo
34,pretence,ṅkataso,lakpatō
34,pretence,,kpatšō
34,pretty,fe,saṅ
34,pretty,fefę,feo
34,pretty,few,fefęo
34,pretty,oso,fiṅ
34,prevail,buṅkam so,tšō no
34,prevail,deŋ so,ye no
34,prevail,tumi,nyē
34,prevail,fa so,
34,prevail,di so,
34,prevail,di nim,
34,prevent,siw ano,tši na
34,prevent,siw kwaṅ,tši gbe
34,price,ebo,dšra
34,price,ano,hedšra
34,price,ti bo,hemoṅii
34,price,ti ade,na
34,price,,yinii
35,price,kyerẹ ano,tšō na
35,price,bọ bo,wo hedšra
35,prick,wọ,ti
35,prick,yẹ henehene,titi
35,prick,keka,tšu
35,prick,fiti (mu),tšọtše
35,prickle,nsọe,ṅmē
35,prickle,,ṅmei
35,prickly heat,,gbē
35,prickly heat,,gbēi
35,pride,ahantaṅ,hekūomọ
35,pride,ahọkyerẹ,henámo
35,pride,F. ahom,henọwọ
35,pride,,hewọ
35,pride,,yiwọ
35,pride,,hetšōmọ
35,priest,ọsọfo,osọfo
35,prig,wia,dšu
35,prince,ọhene,lumo
35,prince,obirempọṅ,lumobi
35,prince,bakōma,maṅtšebi
35,prince,bapọmma,
35,prince,otitiriw,
35,prince,ọheneba,
35,principal,ọpanyiṅ,onukpa
35,principal,owura,lumo
35,principal,,nontšọ
35,principle,gyinae,yi
35,principle,ti,yitšọ
35,principle,asentitiriw,šiši
35,principle,nnyinasosẹm,šišiḍšẹ
35,principle,,sane titri
35,print,tintim,dūmọ
35,print,printi,
35,prison,afiase,fiasẹ
35,prison,duam',tšu
35,prison,nneduadaṅ,gboklẹfoiatšu
35,prison,apokyerefo fi,
35,prisoner,odeduani,gboklẹfonyo
35,prisoner,opokyereṇi,nom
35,prisoner of war,dommum,nom
35,prisoner of war,,nomṅọgbomo
35,private,nea ahintaw a.s. wosiw so,temọ
35,private,nea enyẹ ọmaṅ de,ekoro
35,private,afisẹm,dientšẹ nō
35,private,apapafwẹkwa,
35,privilege,hō kwaṅ a obi nyā kyeṅ binom,gbẹna
35,privilege,,gbẹfaṅ
35,privilege,,hegbẹ
35,privities,hōnam,helo
35,privities,"adagyaw mu (barima, ānsósó &c.)","yaiyaiaṅ (nūnō, nūtšọ, yōnō, yōhe)"
35,privy,duadaṅ,fẹtšu
35,privy,dua so,kona
35,privy,,tšọnọ
35,privy,,tiafi
35,privy,,wamọtšu
35,privy council,ọhene agyinamfo,maṅtšẹ adšinafoi
35,privy counsellors,ọhene agyinamfo,maṅtšẹ adšinafoi
35,prize,bọ bo,wo dšra
35,prize,bu,bu
35,prize,akansi mu akatua,
35,probe,fwẹfwẹ mu,ka..kwẹ
35,probe,sọ..fwẹ,
36,proceed,seŋ,ho
36,proceed,kọ so,ya nọ
36,proceed,kọ anim,nyọ
36,proceed,nam so,ya hie
36,proceed,,fo ši
36,procession,nnipa a wọnam ŵuw pere kwaŋ,šifọ
36,prodigal,ohofwini,nyennyentši
36,prodigal,ogyennyentwi,
36,prodigality,ahofwi,ahofi
36,prodigality,bọ,ahofibọ
36,prodigality,asikasẹe,nam
36,prodigality,nnyennyentwi,
36,prodigality,bọ,
36,produce,yi,dšie
36,produce,yi kyerẹ,fe
36,produce,yi,fọ
36,produce,ba,wo
36,produce,sow (aba),ba
36,produce,wo,lẹ
36,profane,huhuw,holo
36,profane,ohuhuni,
36,profane,hura họ,bule
36,profane,gu họ fi,
36,profane,kum (obosom) ano,
36,profaneness,ahuhusẹm,holo
36,profess,kā,dšadše
36,profess,kā,gba mli kpoọ
36,profess,kyerẹ,
36,profit,fa so,ná sẹ
36,profit,nyā mfaso,fe he niitšumọ
36,profligate,ohofwini,nyennyentši
36,profligate,ohuhuni,atšrelefelọ
36,profligate,,nyennyentšibolọ
36,profound,emu dọ,kwọ
36,profound,,mli kwọ
36,profuse,fū,yā
36,profuse,bèbrē,babao
36,profuse,pì,pí
36,profuse,(fifiri pram no) wọ,
36,progeny,abusūa,akutšo
36,progeny,asefo,weku
36,progeny,,sešibii
36,progeny,,fiei
36,progress,kọ anim,ya hie
36,progress,kọ so,ya nọ
36,progress,,fo
36,progress,,fo ši
36,prohibit,siw kwaŋ,gu
36,prohibit,kame,bla
36,prohibit,bra,tši gbẹ
36,prohibit,gu,
36,project,bọ tirim (pọw),to yin
36,project,,susu
36,promiscuous,nea edi afra (afuntumfra),futufutu
36,promise,hyẹ ase,wo ši
36,promise,hyẹ bọ,
36,prompt,ntẹm,mramra
36,prompt,pepēpẹ,mlamla
36,prompt,,fitšofitšo
36,prone,eda no họ,hie dọ
36,prone,,hie dọ la
36,prone,,kā he
36,pronounce,kā,wie
36,pronounce,bọ,wie faŋ
36,pronounce,,kẹ
36,pronounce-guilty,bu fọ,bu fọ
36,proof,sofwẹ,kā
36,proof,ńfwẹso,
36,prop,waw,sọo
36,prop,,wa
36,prop,,ka
37,property,ade,nō
37,property,nneema,gbẹfāṅ
37,property,ahōde,nō
37,property,su,nōm
37,property,kwaṅso,nōm
37,prophesy,hyẹ ṅkom,gba
37,prophesy,kā adiyisẹm,gba
37,propitiate,pata,kpātā
37,proposal,agyina a wotu obi,yintō
37,proposal,kasanyansā a wokyere,ṅāwō
37,proprietor,odede,tṣe
37,proprietor,owura,nōtṣe
37,prospect,nea ẹda anim,hie
37,prospect,nea ẹda anim,noni kā hie
37,prospect,nea ẹda anim,oti
37,prosper,kā siade,fere
37,prosper,fa siade,ba
37,prosper,yẹ yiye,ba no
37,prosper,di yiye,fī
37,prosper,ko so,fe kprōkprō
37,prosper,nyā ṅkoso,hẹhẹ
37,prosper,ba anim,ho
37,prosper,few,nyō
37,prosper,fefew,ya hie
37,prosper,gyina so,ya no
37,prosperity,ṅkoso,noba
37,prosperity,yiyedi,niiferemo
37,prosperity,ofew,kpoomo
37,prosperity,ofew,kprōkprōfemo
37,prostitute,ohuhuni,adfamaṅ
37,prostitute,aguamaṅ,yō felo
37,prostitute,obeaguamaṅ,gblagbayō
37,prostrate,tototẹ,fetẹ
37,protect,buw,sra
37,protect,sra,kwẹ
37,protect,fwẹ,bu no
37,protect,pere,bu he
37,protect,gye,bu he
37,"proud, to be",yẹ ahantaṅ,wo he
37,"proud, to be",kyerẹ nehō,wo he no
37,"proud, person",ohantani,hewolo
37,"proud, person",ohōkyerẹfo,hetṣōlo
37,proverb,bẹ,abe
37,proverb,abebusẹm,abẹbu
37,to use a proverb,bu bẹ,bu abẹ
37,provide,siesie akyi,to sẹ
37,provide,fwẹ,kwẹ
37,provide,siesie hō,sa he
37,provide,bo akoṅhama,lẹ
37,providence,ofwẹ,kwẹmo
37,providence,ofwẹsie,sẹtō
37,province,omansiṅ,
37,provision,ofwẹ,nokwẹmonō
37,provision,ofwẹsie,niiyenii
37,provision,aduan,niiyenii
37,provoke,twa poa,tfa mpoa
37,provoke,huru bo,tṣō na
37,provoke,yi (abufuw),wo mlila
38,prowl,kyini,dsu
38,prowl,yẹ ha,dsu ši
38,prowl,kọ afow,ha nii
38,prowl,fa asade,t'a odṣo
38,prowl,twa dwow,
38,prowl,wia,
38,prudence,anitew,hietẹ
38,prudence,anidahọ,hiešikāmọ
38,prudence,nimdeẹ,niilẹ
38,prudence,nyansā,
38,prudence,adwẹmpa,
38,"prudent, to be",ani tew,hie kā ši
38,"prudent, to be",ani kā ase,le nii
38,"prudent, to be",nim de,hie sa
38,prudent-person,ọbanyānsafo,niilelọ
38,prudent-person,ọbanimdefo,nālelọ
38,prudent-person,ọbadwẹmma,
38,prudently,nyansam,nā mli
38,prudently,nimdeẹ so,
38,psalm,dwom,lala
38,psalm,Israel dwom,Dawid lalai
38,psalm,Onyame ūkurofo dwom,
38,public,nnipa nhinā (nny.) anim,mei fẹ hie
38,public,pefẹ,kpetekplẹ
38,public,,pefẹ
38,public-voice,nea nnipa (nny.) susuw'na wokā,dṣeṅbẹ
38,publican,ọtowgyeni,ntohelọ
38,publish,pae,ši
38,publish,kā wo gua so,gba
38,publish,tintim ṅhọma tọn,
38,pudding,abroṅo,ablono
38,pudding,fufū,
38,"puff (up), to be puffed up",puduw,fū
38,"puff (up), to be puffed up",dọ wuw,dọ fū
38,pull,twẹ,ša
38,pull,fwim,šātā
38,pull,tu,gbla
38,pull,tew,wiri
38,pull,paṅ,
38,pull,pempaṅ,
38,pull,poṅ,
38,pull,hoṅ,
38,pull,kuw,
38,pull,hare,
38,pull,F. kwane,
38,pulpit,ọsẹṅkāfo agua,damọhe
38,pulpit,asẹṅkā-agua,šiẹmọhe
38,pulpit,gyinabew,
38,pulverize,siw fekọ,ši
38,pulverize,siw mā efe,ši mlumlu
38,pump,afiri a wode twẹ (abura mu) nsu,pompi
38,puncheon,hâse (gyare 84),hase
38,"pungent, to be",keka,na ba la
38,"pungent, to be",yẹ hyerehyere,
38,punish,twẹ asọ,gbla toi
38,punish,tua kaw (bone),wo nyọmọ
38,punish,fwẹ,he m.k. nii
38,punish,di kasa,
38,punish,gye sika,
38,punish,pọnse,
38,punish,mā ẹkā ani,
38,punishment,asọtwẹ,toigblamọ
38,punishment,akatua (bone),gbẹna
38,punishment,ẹso ade,gbẹfaṅ
38,punishment,ọfwẹ,niifẹremọ
38,punishment,akasadi,niihemọ
38,punishment,atenyi,nyomọwọ
39,puny,horohoro,
39,puny,dōmā,
39,puny,dōmādōmā,
39,puny,keteketewa,
39,puny,foforo,
39,puny,,bibiō
39,puny,,fio
39,puny,,akotia
39,purchase,tọ,
39,purchase,nyā,
39,purchase,gye,
39,purchase,,he
39,purchase,,ná
39,pure,kroṅkroṅ,
39,pure,kurennyeṅ,
39,pure,gyenennyeneṅ,
39,pure,hō tew,
39,pure,ani gyeṅ,
39,pure,,kroṅṅ
39,pure,,kroṅkroṅ
39,pure,,niti
39,pure,,ṅmiṅmi
39,pure,,soṅṅ
39,pure,tse,
39,pure,he tse,
39,pure,tse keṅkeṅ,
39,purge,tew mu,
39,purge,tew hō,
39,purge,fa ase,
39,purge,,"tšū (mli, he)"
39,purge,,musū tšō
39,purge,,tšō musu
39,purgative,afaaseduru,
39,purgative,,musutšō-tšofā
39,purification,ahōdwira,
39,purification,aguare,
39,purification,ntewhō,
39,purification,,dīramo
39,purification,,tšumo
39,purification,,hetšumo
39,purity,ahōtew,
39,purity,,tšemo
39,purity,,hetšemo
39,purity,,hetšē
39,purloin,bebęw,
39,purloin,wia,
39,purloin,,šra nii
39,purloin,,šrašra nii
39,purloin,,dšu nii
39,purpose,tirim pow,
39,purpose,,yintō
39,purpose,,nāwō
39,purr,kā menewam,
39,purr,,hū mli
39,purse,sika kotoku,
39,purse,fotó,
39,purse,ọsannā,
39,purse,,šika kotoku
39,purse,,fotro
39,purser,sikakorafo,
39,purser,ofotokurafo,
39,purser,ọsannāni,
39,purser,,fotrohielọ
39,purser,,kotokuhielọ
39,pursue,di akyiri,
39,pursue,tiw,
39,pursue,tā,
39,pursue,,nyie sẹ
39,pursue,,tiu
39,pursue,,tu sẹ
39,pursue,,wa yi
39,push,si,
39,push,sūm,
39,push,pia,
39,push,worow,
39,push,wo akomfo,
39,push,wo ṅkoṅsaw,
39,push,wo atiko,
39,push,sūm atiko,
39,push,,ši
39,push,,tši
39,push,,tširẹ
39,push,,tši sẹ
39,push,,herẹ
39,push,,helẹ
39,pustule,mfōwa,
39,pustule,atōtōe,
39,pustule,ntotowe,
39,pustule,atápé,
39,pustule,,totropẹ
39,put,de(fa)..to(họ),
39,put,"de..si(hye, gu, tā, trā, tweri) bābi",
39,put,,ṅmẹ
39,put,,wo
39,put,,to
39,put,,ka
39,put,,fō
39,put,,fie ši
39,put-aside,de..to ṅkyeṅ,
39,put-aside,ofā,
39,put-aside,akyiri,
39,put-aside,bābi,
39,put-aside,yi,
39,put-aside,de..sie,
39,put-aside,toto ase,
39,put-aside,,"kẹ..to(afā, sẹ)"
39,put-aside,,šẹ..fō
39,put-down,bĕre ase,
39,put-down,de..si(to) fam,
39,put-down,soẹ(adesoa),
39,put-down,de..hye(ṅhōma) mu,
39,put-down,,to ši
39,put-in,"de..hye(to, gu, kọ) mu",
39,put-in,,họ
39,put-in,,wo mli
39,put-in,,ṅmẹ mli
39,put-off,yi,
39,put-off,pa,
39,put-off,,dšie
39,put-off,,tši..to
39,put-on,hye(atade),
39,put-on,fura(ntama),
39,put-on,,wo(atale)
39,put-on,,ha(mama)
40,Quadruped,atọteboa,
40,Quadruped,osoroboa,
40,Quadruped,asuboa,
40,quail,,drakoko
40,quake,wosow,
40,quake,posow,
40,quake,họ saw,
40,quake,họ popo,
40,quake,,hoso
40,quake,,woso
40,quake,,didā
40,quake,,he dšo
40,quake,,he kpokpo
40,quarrel,kasakasa,
40,quarrel,di akamekame,
40,quarrel,ntawntaw,
40,quarrel,atutuw,
40,quarrel,ham,
40,quarrel,kō,
40,quarrel,twē mansō,
40,quarrel,ọ-nè no anyā,
40,quarrel,,bē
40,quarrel,,blọ
40,quarrel,,nō
40,quarrel,,ta na
40,quarrel,,kę m.k. ná
40,quarrel,akasakasa,
40,quarrel,akamekame,
40,quarrel,atutuw,
40,quarrel,ọham,
40,quarrel,ọkō,
40,quarrel,mansō,
40,quarrel,,bē
40,quarrel,,blọmo
40,quarreller,ọmānefo,
40,quarreller,otutupefo,
40,quarreller,,belọ
40,quarry,abo tubea,
40,quarry,,tẹbu
40,quarry,pā (pae) abo,
40,quarry,,gba tẹ
40,quarry-man,ọbopaefo,
40,quarry-man,,tẹgbalọ
40,quarter,ṅkyem-anaṅ,
40,quarter,abobow,
40,quarter,asoẹ,
40,quarter,,mlidša ní dši edfẹ
40,quarter,,akutšo
40,queen,ọhemmea,
40,queen,,maṅnye
40,queer,ṅwōṅwā,
40,queer,,sroto
40,quench,"dum (gya, kanea)",
40,quench,kum (sukọm),
40,quench,,gbe
40,question,asemmisa,
40,question,,bimọ
40,quick,ntẹm,
40,quick,ntẹmntẹm,
40,quick,ntẹmso,
40,quick,harehare,
40,quick,ọhare-so,
40,quick,bẹw,
40,quick,f̀wimf̀wim,
40,quick,sorọwsorọw,
40,quick,amonom,
40,quick,mprempreṅ,
40,quick,wẹ,
40,quick,wẹwẹ,
40,quick,kamkam,
40,quick,kā nsa,
40,quick,bọ pāṅkrāṅ,
40,quick,yẹ ntẹm,
40,quick,yẹ nehō hare,
40,quick,patuw,
40,quick,,dšaṅdšaṅdšaṅ
40,quick,,dšraṅdšraṅdšraṅ
41,quicksighted person,oniferefo,moni hieŋmeii ano tše
41,quicksightedness,nifere,hieŋmeii ano tšemo
41,quiet,kómm,dińń
41,quiet,démm,diō
41,quiet,dínń,końń
41,quiet,kònī,konī
41,quiet,dwōdwō,kpō
41,quiet,,šo
41,quiet,,tō
41,quiet,,tōtō
41,quill,ntakara,agūs-tšere
41,quit,gyaw,ńme he
41,quit,gyā mu,hā gbe
41,quit,gu,ši
41,quit,wie,kwa
41,quit,tua,
41,quite,korā,kwrā
41,quite,wie,tō
41,quite,sā,
41,Rabbit,adańko,kpeńplē
41,race,abusūa,akutšo
41,race,ase,foi
41,race,asefo,foidamę
41,race,mma,tšetše
41,race,nnipabań,
41,race,mmirikatu,
41,race,akansi,
41,raff,pra,ha
41,raff,prapra,kpadša
41,raff,fẇim,
41,raff,fow,
41,rafter,aparow,akpale
41,rafter,damparow,
41,rag,ntamagow,efe
41,rag,agowagow,mamafe
41,rag,,feifei
41,ragamuffin,kwaterekwa,kwatrekwa
41,rage,bọ dam,gri
41,rage,bọ gye,ye seke
41,rage,gyimi,mli fū
41,rage,bọ huru,hie dọ
41,rage,ani dọ ńkrāń,plam
41,ragged,gow,fei
41,ragged,nea atetew,efe
41,ragged,,feifei
41,ragged,,tšeretšerei
42,rain,osu,
42,rain,osuto,
42,rain,nwésẽnwẽsẽ,
42,rain,pibibibi,
42,rain,píbàbababa,
42,rain,táradada,
42,rain,osu tue,
42,rain,,ne
42,rain,,Nyoñmo ne
42,rain,,tue
42,rain,osu,
42,rain,osuto,
42,rain,,Nyoñmo nẽ
42,rain,,nemo
42,rain,,nunemo
42,rain,,agbosu
42,rain,nyañkõntõn,
42,rain,,kwabuetę
42,rain,nyáñkõnsu,
42,rain,nsunsũan,
42,rain,nsunsũansu,
42,rain,,nana
42,rain,,nyoñmonu
42,rainy season,asusow,
42,rainy season,bere,
42,rainy season,,gbiena
42,rainy season,,agbiena
42,rainy season,adom,
42,rainy season,adommere,
42,rainy season,,gbo
42,raise,mã so,
42,raise,si,
42,raise,to,
42,raise,terew mu,
42,raise,kãnyãn,
42,raise,boa ano,
42,raise,yeñ,
42,raise,afieboa,
42,raise,yi,
42,raise,tow,
42,raise,gyigye,
42,raise,sika,
42,raise,,te ši
42,raise,ye sa,
42,raise,nõa sa,
42,raise,poù dom,
42,raise,,fe ta
42,raise,,bọ apa
42,raisins,asikre-aba,
42,raisins,,sukle(yi)bii
42,ram,odwẽnnini,
42,ram,,to-agbo
42,ram,,agbosu
42,ram,poma,
42,ram,oprem,
42,ram,otuo,
42,ram,,flemtšo
42,rammer,twenewa,
42,rammer,,ntfei
42,ramble,kyiñ,
42,ramble,kyini,
42,ramble,,tšomlọ
42,rapidly,fwim,
42,rapidly,fwimfwim,
42,rapidly,utem,
42,rapidly,sorowsorow,
42,rapidly,,fim
42,rapidly,,finfim
42,rare,eñka,
42,rare,ehõ ye nâ,
42,rare,eye onâ,
42,rash,gyigyagyigya,
42,rash,gyígyiri,
42,rash,kyikyírikyikyiri,
42,rash,kàmkam,
42,rash,hyèrebahyereba,
42,rash,,kakāka
42,rash,,kplakpla
42,rash,,kplokplo
42,rash,,flafla
42,rash,,tšontšontšon
42,rashness,nnam,
42,rashness,ntem,
42,rashness,ntemye,
42,rashness,agyigyirisem,
42,rashness,anuohyew,
42,rashness,,ekā
42,rashness,,kākā
42,rashness,,nam
42,rashness,,nalabā
42,rasp,twitae,
42,rasp,,raspe
42,raspberry,rasberi,
42,raspberry,,raspe
42,raspberry,rasberisã,
42,raspberry,,raspedã
42,rat,okisi,
42,rat,,obiši
42,rate,bọ bo,
42,rate,hye towyi,
42,rate,kã anim,
42,rate,twiw anim,
42,rate,,fà yi
42,rate,,dše
42,rate,,kẽ yi
42,rather,mmom,
42,rather,fasã,
42,rather,,boñ
42,rather,,mõ
42,rather,,mon
43,rave,bo gye,ye seke
43,rave,bo dam,gri
43,rave,gyimi,dsim
43,rave,tirim ka,yitson ka
43,raven,anene,kwakwalabite
43,raven,kwakwadabi,
43,ravine,obonka,dso vo
43,ravine,osuka,flo
43,ravish,twa dwow,tua
43,ravish,yi dwow,to kabona
43,ravish,tua,ye awui
43,ravish,to mmona,
43,raw,amono,enmon
43,raw,mommono,dudududu
43,raw,,yurudududu
43,raw,,seblebe
43,raw,,atro
43,ray,nsensane,susuma
43,ray,nsensamma,wuohai
43,ray,,gblamo
43,razor,oyisekan,asoi
43,razor,oyiwan,asoyi
43,razor,anseeyi,
43,reach,du,se
43,reach,du ho,se he
43,reach,to,se si ta
43,reach,so,teo
43,reach,so,fa
43,reach,nsa ka,nine bole
43,reach,nsa so,
43,reach,nsa hyia,
43,read,kau,kane
43,read,nhoma,wolo
43,read,kankan,
43,ready,krado,klalo
43,ready,wawie,efe klalo
43,ready,wasiesie nho,egbena
43,ready,watem,
43,ready,woatentem,
43,ready,eda yen ho,eka si hawo
43,ready,siesie,fe klalo
43,real,pa,ekpakpa
43,real,pote,akpa
43,real,ewom,pote
43,real,ete sa ampa,ye mli
43,real,eye,hi
43,really,ampa,lelen
43,really,wom'moa,asanokwa
43,really,wuntwa apaw,kwa
43,really,,moan
43,really,,muan
43,really,,gba
43,reaper,awitwafo,niikpalo
43,rear,ma so,wo no
43,rear,kauyan,te si
43,rear,siesie,bo apa
43,rear,yeu,le
43,reason,ase,sisi
43,reason,nhumu,yi
43,reason,ti,yitson wolo
43,reason,tirim,yin
43,reason,adwene,dfenmo
43,reason,adwempa,
43,reason,yiyi nten,yiyi
43,reason,bo nkuro,na yi
43,reason,gye akinnye,bo nkulo
43,reason,pe mu,dse nwane
43,reason,dan ti,pei mli
43,rebel,mansotwefo,atuatselo
43,rebel,otuatewfo,kaninkadselo
43,rebel,,mansotsolo
43,rebellion,manso,manso
43,rebellion,atuatew,atua
43,rebellion,,kaninkadse
44,recantation,ɔkāsaṅ,natšakemɔ
44,recantation,anodaṅ,natšōmɔ
44,recantation,,gū
44,receive,gye,he
44,receive,gye tom',here
44,receive,yɛ atū,nō
44,receive,nsa kā,he to
44,receive,nyā,he atū
44,receive,,here atū
44,receive,,-hiemɛ
44,receive,,ná
44,reckon,bu,bu akonta
44,reckon,-ano,
44,reckon,-akontā,
44,reckon,yɛ ak.,
44,reckon,susuw,
44,reckoning,akontā,akontabū
44,reckoning,-bu,
44,recognize,hū,yo
44,recognize,nim,yo he
44,recognize,,yose
44,recollect,kae,kai
44,recollect,kākae,hie ba nɔ
44,recollect,ani ba so,
44,recompense,hyɛ (si) anaṅmu,to nādšiaṅ
44,recompense,tua kaw,wo nyōmɔ
44,recompense,wo nyōmɔ,
44,recompense,akatua (pa),
44,recompense,ṅhyɛanaṅmu,
44,reconcile,pata,kpātā
44,reconcile,kā bom',tšā
44,reconvalescence,ahōninnim,hedšɔ
44,reconvalescence,ahōsaṅ,hesaṅemɔ
44,recover,nyā (ayikwaṅ),na segbɛ
44,recover,nyābio,sañe
44,recover,saṅ nyā,na hewalɛ
44,recover,hō ninnim,
44,recover,hō saṅ,
44,recovery,ahōsaṅ,hetā
44,recovery,,hetālɛ
44,recovery,,hesaṅemɔ
44,recreation,akwâhōsāṅ,tšuiwō
44,recreation,home,hedšɔmɔ
44,red,kɔ,tšuru
44,red,kɔkɔ,etšuru
44,red,..beṅ (kɔbɛṅ),-fā
44,red,..dam,fē
44,red,damārāmá,felí
44,red,adídí,felō
44,red,yɛ̀ṅ,flɛkū
44,red,yɛ̀mmɛṅ,tšu
44,red,bere,-flɛkū
44,red,do kɔ,
44,redden,bere,tšu
44,redden,wo atifɔ tšuru,
44,reddish,,tšuruo
44,reddish,,tšuo
44,redeem,poṅ,kpō
44,redeem,gye,kpoṅ
44,reduction,ntewso,nɔdšē
44,reduction,nyiso,nɔdšiemɔ
44,reduction,ṅhūaṅso,
44,reduplicate,bɔ hō,bɔ he
44,reduplicate,bɔ anim,
44,reed,demmere (nn...),dfeitšɔ
44,reed,kète,gālā
44,reed,mmɛw,nto
44,reel,him,didā
44,reel,hiṅhim,
44,reel,tɔ ntintaṅ,
44,reflect,susuw,susu
44,reflect,dwɛṅ,dfeṅ
44,refresh,mā hō dwɔ,wo tšui
44,refresh,,dšɔ he
44,refuge,hintabea,abo
44,refuge,guaṅkobea,abobā
44,refuge,guaṅdobea,akata
44,refuge,akata,akatabɔ
44,refuge,guaṅ do,ba abo
44,refuge,guaṅ toa,
45,refuse,kame,
45,refuse,pa,
45,refuse,po,
45,refuse,,kpoö
45,refuse,kwa,
45,refuse,ǹwā,
45,refuse,adese,
45,refuse,puw,
45,refuse,mmẹfẹ,
45,regain,poṅ,
45,regain,nyā bio,
45,regain,saṅ fa,
45,regain,,kpō
45,regain,,ná ekoṅ
45,regain,,sa ṅō
45,regard,fwẹ,
45,regard,bu,
45,regard,fa hō biribi,
45,regard,,kwẹ
45,regard,,bu
45,regard,,wo
45,regent,omaṅ mu panyiṅ,
45,regent,nea osi ọhene anaṅmu,
45,regent,,noyelọ
45,regent,,lumo
45,rehearse,kā ti mu,
45,rehearse,kā kyere,
45,rehearse,,śimọ nọ
45,rehearse,,śimọ sẹ
45,rehearse,,tọ nọ
45,reign,di hene,
45,reign,di so,
45,reign,,ye maṅtṣẹ
45,reign,,ye nọ
45,reign,ahenni,
45,reign,nniso,
45,reign,,maṅtṣeyeli
45,reign,,nọyeli
45,reject,tow,
45,reject,kyene,
45,reject,po,
45,reject,pa,
45,reject,,tfa
45,reject,,fọ
45,reject,,śe
45,reject,,tṣe
45,reject,,kwa
45,reject,,kpọ
45,rejoice,ani gye,
45,rejoice,ye fe,
45,rejoice,gye ani,
45,rejoice,kyekye wẹre,
45,rejoice,,nyá
45,rejoice,,mì śe
45,rejoice,,híe mẹ
45,rejoice,,śedśe mi
45,relate,kā,
45,relate,bọ kaseẹ,
45,relate,mā,
45,relate,momā,
45,relate,,gba
45,relation,abusūa,
45,relation,obusūani,
45,relation,oni,
45,relation,abusūafo,
45,relation,,weku
45,relation,,wekunyọ
45,relation,,wekumei
45,release,gya ọkwaṅ,
45,release,gyā,
45,release,gye,
45,release,yi,
45,release,,ṅmẹ he
45,release,,ṅmẹ gbẹ
45,release,,kpọ
45,religion,onyamesom,
45,religion,ọsom,
45,religion,,ḍśamọ
45,religion,,Nyọṅmọ ḍśamọ
45,religion,,sọọmọ
45,religious doctrine,onyamesom hō kyere,
45,religious doctrine,,ḍśamọ he tṣọmọ
45,rely,de nehō to so,
45,rely,ani da so,
45,rely,twẹri,
45,rely,dàṅ,
45,rely,,kā nọ
45,rely,,híe kā nọ
45,rely,,daṅ
45,remain,ka,
45,remain,ka akyiri,
45,remain,"trā (họ, mu)",
45,remain,kyẹ,
45,remain,,bọ nọ
45,remain,,hí
45,remain,,hí śi
45,remain,,tṣẹ
45,remain,,fẹ
45,remainder,ṅkaé,
45,remainder,nnekae,
45,remainder,nnikae,
45,remainder,ntwakae,
45,remainder,,fẹ
45,remainder,,fẹṅọ
45,remedy,ano aduru,
45,remedy,,tṣọfā
45,remedy,,na tṣọfā
45,remember,kae,
45,remember,ani wọ so,
45,remember,ani ba so,
45,remember,,híe ye nọ
45,remember,,híe kā nọ
45,remember,,híe ba nọ
45,remember,,kai
45,remembrance,ṅkáé,
45,remembrance,,kaimọ
46,remnant,remainder,rest
46,remonstrate,yiyi nteŋ,"yiyi, yiyi ateŋ"
46,remote,akyirikyiri; toŋn,floflōflo; šoŋn; maŋsẹ
46,remove,"yi (fi) hǫ, yiyi, de (fa).. ko; tìw ko, tu so; pam, tu","dše, dše ŋo; kẹ.. ya; tši; ya; kpo; fā"
46,removal,"yikǫ, ntuso","tši, ŋōdšẹ; nȧdšiaŋdšiemǫ; fā"
46,rend,"sūane, sunsūane; tew mu, tetew, pae","tše, tšerẹ, gba, gbla mli; (mānyā); šete"
46,rent,gow,efeị; feifeị
46,to be-,"he gba, gbla, mli gbla; sū",
46,renown,"diŋ, dimpa",gbeị
46,to be of-,wǫ diŋ,yẹ or fe gbeị
46,repair,"sesẹw, sā, tātā, tuatua, pompam; yẹ yiye; hyẹ anaŋmu","sa, to nȧdšiaŋ"
46,repay,"tua kaw, daŋ mā, hyẹ anaŋmu",fe or to nȧdšiaŋ; wo nyǫmǫ
46,repeat,"(kā) ti mu, saŋ mu, yẹ bio, saŋ yẹ, saŋ kā; kā sim'; fea, -so","ši ŋo, ši sẹ; ti mli, to ŋo"
46,repeatedly,"ntoatoaso, ntimu",kẹkẹkẹ; ŋotoŋoto
46,repetition,"ntīmu, ọkasasaŋmú","mlitilẹ, ŋošimǫ, ŋotō"
46,repent,"nū nehǫ, sakra adwene","fa he, tšake tšui, tšake dfeŋmǫ"
46,reply,"bua, gye so","here ŋo, to he"
46,report,"kaseŋ, -bǫ, amanneẹ; akwaŋmusem, atesem, ŋkā",mẹlemǫ; šẹ; adafitfā; asemsro
46,reporter,"ọbọfo, ọkyeāme; ọtékọfó","nafolǫ, naflolǫ; nšrōntilǫ; otšāme"
46,repose,"trā ase, home, da","kā ši, dšǫ he"
46,reposit,"sie, de..sie, to, hyẹ (bābi)",sa..to
46,representant,"nea ogyina obi anaŋmu, onaŋmusifo, odimāfo",nȧdšiaŋdamolǫ; digbobi
47,reprehend,kā anim,
47,reprehend,kā,
47,reprehend,twiw anim,
47,reprehend,kasa (obi),
47,reprimand,kā anim,
47,reprimand,kā,
47,reprimand,twiw anim,
47,reprimand,kasa (obi),
47,reproach,fā yi,G.dṣę
47,reproach,kā,kā hie
47,reproach,wie hie,gbe hie
47,reproach,kpātā hie,
47,reproach,fe m.k. toin sane ko,
47,reproach,sosoo,
47,reproach,fa,
47,reproach,bo ahora,
47,reproach,sopa,
47,reprove,fā yi,G.dṣę
47,reprove,kā,kā hie
47,reprove,wie hie,gbe hie
47,reprove,kpātā hie,
47,reprove,fe m.k. toin sane ko,
47,reprove,sosoo,
47,reprove,fa,
47,reprove,bo ahora,
47,reprove,sopa,
47,reproof,ṅkāanim,G. hiegbē kā
47,reproof,ṅkāanim,dṣemọ
47,reproof,ṅkāanim,famọ
47,republic,kwasafomán,G. republika
47,republic,kwàmānmán,G. republika
47,reputation,diṅ,G. gbei
47,reputation,nīdi,G. gbei
47,request,kyewpa,G. faikpamọ
47,request,adesĕre,bimọ
47,request,adesĕre,bamọ
47,rescue,gye,G. šọ
47,rescue,yi,fā he
47,rescue,fẇim,
47,resemble,sę,G. tamọ
47,resemble,sę so,
47,resemble,ẇiewẇie,
47,reservoir,baka,G. abaka
47,reservoir,asubura,nubu
47,reservoir,korabew,tohe
47,residence,trābew,G. šihilehe
47,residence,trābere,mańtṣeman
47,residence,ahemfi,
47,residence,aheṅkurow,
47,respect,fere,G. šc
47,respect,bu,še gbeye
47,respect,ani sọ,wo
47,respect,fẇeanim,bu
47,respect,hie fie,
47,respect,hie sọ,
47,respect,kwę hiena,
47,respect,kwę hietṣo no,
47,respecting,nea efa..hō biribi,G. kę ka..
47,respecting,..fām,
47,response,nnyeso,G. nọheremọ
47,response,mmuae,hetō
47,rest (remainder),ṅkae,G. fe
47,rest (remainder),ntẇakae,
47,rest (remainder),siṅ,
47,rest (repose),ohome,G. dṣọmọ
47,rest (repose),hōnam (mu) adagyew,be-
47,rest (repose),ahōdẇo,hedṣole
47,rest (repose),ahomegye,toindṣole
47,rest (repose),hewodṣiandekā,tṣuiwō
47,rest (repose),niitṣumọkpamọ,
47,rest,home,G. dṣọ
47,rest,soę,dṣọ he
47,rest,hō dẇo,to ši
47,rest,ka,kā no
47,resting-place,asoę,G. šitōhe
47,resting-place,ahomegyebea,hedṣomọhe
47,"restless, to be-",ye petérépétére,G. fe yoyōyo
47,"restless, to be-",kitikiti,fe yeyēye
47,"restless, to be-",nehō ṅkā nehō,
47,"restless, to be-",onna hō komm,
47,restless-ness,kitikitiye,G. adšiṅ
47,restless-ness,,ogagasu
47,restless-ness,,yeyēyefemọ
47,restitution,anaṅmuhye,G. nādšiantō
47,restitution,ṅhyeanaṅmu,dāimọ
47,restitution,nsianaṅmu,chēsamọ
47,restore,si anaṅmu,G. to nādšia
47,restore,sesęw,sa ekon
47,restore,dań mā,dāi
47,restrain,siw ano,G. wo tṣui kpā
47,restrain,siw kwań,tši na
47,restrain,dẇudẇo,tši gbe
47,restrain,siaṅka,
48,resurrection,wusore,šitɛ
48,resurrection,wunyaŋ,gbohiašitɛ
48,retain,so mu,tši na
48,retain,saŋ,to
48,retain,siaŋka,
48,retaliation,anaŋmuhye,nădšiaŋtō
48,retribute,hyę anaŋmu,fe nădšiaŋ
48,retribute,si,to
48,return,saŋ (ba),tšō he
48,return,saŋ n'akyi,kū sę
48,return,saŋ akyiri,dāi
48,return,daŋ nehō,kpale
48,return,,kpoō (kpou)
48,return,osaŋ,kpalemo
48,return,nsaŋakyiri,sękū
48,return,odaŋmă,
48,return,akatua,
48,return,nhyęanaŋmu,
48,return,aseda,
48,return,mmuae,
48,return,mfaso,
48,reveal,yi so,dšie kpo
48,reveal,yi adi,dšie ši
48,reveal,yi kyerę,dšie.. tšō
48,revenge,to take revenge,
48,revenge,to were,to owele
48,revenge,di were,
48,revere,fere,šē
48,revere,ani sọ,hie sọ
48,reverse,daŋ,dāi
48,reverse,sakra,tšake
48,reverse,tue,kpale
48,reverse,butuw,butu
48,reverse,akyiri,sę
48,reverse,abira,
48,revile,yaw,dšę
48,revile,di atęm,fā yi
48,revile,sopa,
48,revolt,tew atūa,tše atūa
48,revolt,twě mansō,tše (tšō) mansō
48,revolution,atūatew,atūatšemọ
48,revolution,mansō,mansō
48,revolution,twě,tšō
48,revolution,omaŋ-anidaŋ,dšeňfitemọ
48,revolution,nnaŋ-animansō,
48,reward,tua kaw,wo nyōmọ
48,reward,tua akatua pa,to nădšiaŋ
48,rheumatism,ọkwáhá,oblāi
48,rheumatism,ọséŋmù,kakao
48,rheumatism,samẽ,
48,rhinoceros,ẹsono akyi aboa bi a abẹŋ si ne fwẹne so,
48,rib,aparow,ńmăwutšō
48,ribbon,(siriki) bẽnă,bōń
48,ribbon,ntāmábamma,
48,rice,ẹmō,omō
48,rich,wọ(nyā) ade,yẹ dalei
48,rich,wọ sika,fe niiatšę
48,rich,nyānehō,
48,rich,ditāmu,
48,rich-man,ọdefo,šikatšę
48,rich-man,osikani,terematšę
48,rich-man,ọhōnyāfo,oblempoŋ
48,rich-man,odwetiwani,
48,rich-man,obirẹmpoŋ,
48,riches,ade,kpoomọ
48,riches,ahōnyāde,nii
48,riches,adedodow,niifalẹ
49,ricinus,adedeṅkrūmā,
49,ride,trā (te) opoṅko so,
49,ride,teaseęnam so,
49,ride,hamaṅkā mu,
49,ride,,ta no
49,ride,,ta okpoṅo no
49,ride,,ta fili mli
49,ride,,ta ahimaṅka mli
49,rider,opoṅkofo,
49,rider,opoṅko-so-fo (tefo),
49,rider,,notalo
49,ridge,abosam,
49,ridge,mmepow kyerepeṅ,
49,ridge,bepow atifi,
49,ridge,,kā
49,ridge,,akofi
49,ridge,,gōḍši aklempe
49,right,pa,
49,right,trēnē,
49,right,potē,
49,right,tēę,
49,right,ye,
49,right,sę,
49,right,fata,
49,right,di bem,
49,right,,edšurō
49,right,,dša (gbe)
49,right,,hi
49,right,,sa
49,right,,ye
49,right,,ye bem
49,right-hand,nifā,
49,right-hand,nsa nifā,
49,right-hand,,nine dšurō
49,right,bem,
49,right,bemdi,
49,right,ade,
49,right,asęde,
49,right,hō kwaṅ,
49,right,asentrēnē,
49,right,adetrēnē,
49,right,,bem
49,right,,bemyeli
49,right,,gbęfā
49,right,,gbęfāṅ
49,right,,gbęna
49,right,,hegbę
49,right,,dšalę
49,right,,salę
49,right,,dšalęsane
49,righteous,trēnē,
49,righteous,otrēnēni,
49,righteous,tēę,
49,righteous,di bem,
49,righteous,,dšalọ
49,righteous,,dša
49,righteous,,ye bem
49,righteousness,otēę,
49,righteousness,trēnē,
49,righteousness,bemdi,
49,righteousness,,dšalę
49,righteousness,,bemyeli
49,rim,ano,
49,rim,,na
49,rind,aboṅ,
49,rind,ęhono,
49,rind,,toto
49,ring,wosow,
49,ring,bọ (doṅ),
49,ring,gyigye,
49,ring,(asọm) yę yoṅ,
49,ring,,hoso
49,ring,,woso
49,ring,,gbe
49,ring,,(toṅ) fe hęṅ
49,ring,kā,
49,ring,"petea (toṅkokā, nōmāfuru)",
49,ring,dantabaṅ,
49,ring,haṅkare,
49,ring,kontoṅkroṅ,
49,ring,,kpotia
49,ring,,kakra (kakla)
49,ring-leader,ọkotwěbręfo,
49,ring-leader,,mo titri
49,ring-leader,,šišiḍselọ
49,ring-pad,"kahiri (kahire, kare)",
49,ring-pad,,kakra
49,rinse,hohoro mu,
49,rinse,guare,
49,rinse,,foflo
49,rinse,,dšale
49,riot,bọ ahofwi,
49,riot,tew atūa,
49,riot,,bọ nyeṅyeṅtī
49,riot,,bọ ahofi
49,ripe,kokō,
49,ripe,nea abeṅ,
49,ripe,abere,
49,ripe,ahoa,
49,ripe,awo,
49,ripe,abọ,
49,ripe,,gbīṅ
49,ripe,,egbīṅ
49,ripe,,etšuru
49,ripe,,sa
49,ripe,beṅ,
49,ripe,bere,
49,ripe,hoa,
49,ripe,wo,
49,ripe,bọ,
49,ripe,,be
49,ripe,,gbī
49,ripe,,sa
49,ripe,,wa
49,ripe,,tšu
49,ripe,,hie sa
49,ripe,,yitšoṅ sa
49,rise,sore,
49,rise,soso,
49,rise,pue,
49,rise,kukuru,
49,rise,hore,
49,rise,(ebo) foro,
49,rise,ko soro,
49,rise,ko so,
49,rise,ba,
49,rise,fi mu,
49,rise,twē mansō,
49,rise,,te ši
49,rise,,pue
49,rise,,kwọ
49,rise,,(fā) ba
49,rise,osore,
49,rise,opue,
49,rise,mfiase,
49,rise,,šitē
50,rival,ọkansifo,dalo
50,rival,oniṅkufo,awuñayelọ
50,rival,ọkorafo,
50,rival,osidifo,
50,river,asu,fã
50,river,asubọnteṅ,dṣọ
50,river,,nudṣọ
50,beyond the river,asuogya,fãsẹ
50,"bed, channel of the river",nsukã,dṣọ
50,"bed, channel of the river",osubọṅ,fãdṣọ
50,"bed, channel of the river",,mukpo
50,rivulet,asuwa,nudṣọ
50,rivulet,asutemma,fã fio
50,road,ọkwaṅ,gbẹ
50,road,ṅkwammọe,gbẹdṣẹgbẹ
50,road,ọtempọṅ,tempọṅ
50,road,apọṅkọkwaṅ,okpoṅgbẹ
50,roam (about),kyini,tṣomlọ
50,roam (about),wọ ntwẹtwẹdẹ,
50,roar,yẹ hō,fe hō
50,roar,bom',gbō
50,roar,bobom' sū,hū
50,roar,,gbẹ
50,roar,,bu
50,roast,tō,šā
50,roast,tōtō,tṣukọ
50,roast,kyew,
50,roast,kisā,
50,roast,hū,
50,rob,wia,dṣu
50,rob,bọ krọṅ,ha nii
50,rob,fow,ye odṣọ
50,rob,yi dẇow,tía odṣọ
50,rob,tẇa adẇow,
50,robber,oẇifo,odṣotfalọ
50,robber,ọkrọmfo,
50,robber,fowfo,
50,robber,adẇowtẇafo,
50,robber,ọkwaṅmukãfo,
50,robbery,krọno,dṣu kẹ fō
50,robbery,akrọmmọ,niihā
50,robbery,adẇówyí,odṣotfã
50,robbery,dẇowtẇá,
50,robbery,akwaṅmukã,
50,rock,ọbo,tẹ
50,rock,ọbotaṅ,tẹsa
50,rock,abósám,
50,rock,botantim,
50,rock,wosow,wọkọ
50,rock,posow,woso
50,rock,pusuw,hoso
50,rock,,didā
50,rocking,pòsopọsọ,wọkọwọkọ
50,rocket,ọsramaṅ,srawa
50,rocket,,osramaṅ
50,rod,dua,tṣo
50,rod,abā,tṣonine
50,rod,tẇenewá,
50,rogue,ohofẇini,niiahetfalọ
50,rogue,ọsesafo,yakagbomo
50,rogue,akẇākyére,
50,rogue,obusufo,
50,roll,pirew,koklo (ši)
50,roll,yantam,nēnē
50,roll-up,bobọw,
50,roll,puruw,
50,roll of tobacco,kēsi,okeši
50,roof,ọdaṅ atifi,tšuyiteṅ
50,roof,osuhyẹ,
50,roof,kuru (daṅ) so,
50,room,ọdaṅ,tšu
50,room,pia,pia
50,room,pumpunu,gbẹ
50,room,asa,gbẹhe
50,room,dampaṅ,
50,room,ọkwaṅ,
50,roomy,hāhärã,gblalā
50,roomy,emu gow,mli lẹ
52,ruin,buruw,
52,ruin,ḍwiriw,
52,ruin,bọ,
52,ruin,bobọ,
52,ruin,sẹe,
52,ruin,,tfa
52,ruin,,wule
52,ruin,,kū
52,ruin,,kūmọ
52,ruin,,fite
52,ruin,abu,
52,ruin,oburuw,
52,ruin,ọsẹe,
52,ruin,ọbọ,
52,ruin,afituw,
52,ruin,ọdantuw,
52,ruin,amamfọ,
52,ruin,akurofọ,
52,ruin,afabo,
52,ruin,agowagow,
52,ruin,,eša
52,ruin,,ko
52,ruin,,kwo
52,ruin,,dfā
52,ruin,,wulemọ
52,ruin,,fitemọ
52,ruin,amamfọ,
52,ruin,koikoi,
52,ruin,kuikui,
52,ruin,maṅdoku,
52,ruinous,gow,
52,ruinous,ọdaṅńów,
52,ruinous,pántàntwẹré,
52,rule,di so,
52,rule,di hene,
52,rule,di panyiṅ,
52,rule,,ye nọ
52,rule,,ye nontṣọ
52,rule,,fā
52,rule,,fā yi
52,rule,sensaṅdua,
52,rule,susudua,
52,rule,kwaṅso,
52,rule,ṅfẹweso,
52,rule,sodi,
52,rule,ahenni,
52,rule,,liamọtṣo
52,rule,,susumọtṣo
52,rule,,yeli
52,rule,,nọ-
52,rule,,lumo-
52,rule,,nontṣọyeli
52,ruler,sodifo,
52,ruler,ọhene,
52,ruler,ọpanyiṅ,
52,ruler,owura,
52,ruler,,noyelilọ
52,ruler,,noyelọ
52,ruler,,onukpa
52,ruler,,owurayelọ
52,rum,mmorọsā,
52,rum,nsā,
52,rum,mereken,
52,rum,gyin,
52,rum,kūmbraká,
52,rum,,blọfodā
52,rum,,dā
52,rum,,bọbọ
52,rum,,kūmi
52,ruminate,puw ẅesaw,
52,ruminate,dadẅeṅ,
52,ruminate,susuw (ne)tirim,
52,rumour,ṅkā,
52,rumour,nsise,
52,rumour,asesẹm,
52,rumour,atesẹm,
52,rumour,akwaṅmusem,
52,rumour,,adafitfā
52,rumour,,asemsro
52,rumour,,kemọ
52,rump,akonsiṅ,
52,rump,pā,
52,rump,pām,
52,rump,sisi,
52,rump,,suplupu
52,rump,,kuku
52,rump,,ku
52,run,de mmirika,
52,run,tu (tutu) mmirika,
52,run,guaṅ,
52,run,,da foi
52,run,,dšo foi
52,run,,hie foi
52,run,,ša foi
52,run,,tšē foi
52,run,,wo foi
52,run,,bele
52,run,,bleši
52,run-after,tiw,
52,run-after,di akyi,
52,run-after,,tiu
52,run-after,,tu sẹ
52,run-after,,nyie sẹ
52,run-aground,hyeṅ kotim,
52,run-aground,bọ,
52,run-aground,gu asu,
52,run-aground,,ša ši
52,run-off,guaṅ,
52,run-off,tew,
52,run-off,,dšo foi
52,run-off,,fole
52,run-out,ẅie (mmirikatu),
52,run-out,fẅere,
52,run-out,sẹe,
52,run-through,fẅirow,
52,run-through,,kẹ..tšẹkẹ
52,run-through,,gbu
52,run-through,,dū
52,run-through,,tšu
52,run-through,,fo mli
52,run-through,,tšō mli
52,rupture,mpāpae,
52,rupture,abu,
52,rupture,,kūmọ
52,rupture,,laṅmoṅblu
52,rupture,,akronoi
52,rush,tow gu (so),
52,rush,bọ kọ (daṅ mu),
52,rush,bọ (hyia),
52,rush,bọ kirididi,
52,rush,,kē
52,rush,,tšē
52,rush,,tšērē
52,rust,ṅkānare,
52,rust,,ṅkanale
52,rust,dọ ṅkānare,
52,rust,gye-,
52,rust,ye-,
52,rust,,dọ ṅkanale
53,Sabre,ǹkrante,ogàdã
53,Sabre,ǹkrante,klante
53,Sabre,ǹkrante,tši
53,sack,kotoku,kotoku
53,sack,atwěã,kotoku
53,sack-cloth,atwěãtam,kpekpe
53,sack-cloth,pepe,kpekpe
53,sacrament,biribi a ehō tew,noko ní he tše
53,sacrament,adekronkron,nokronkron
53,sacrament,adommänāde,Nontšo niiyenii
53,sacrifice,bo afoṛe,bo afoṛe
53,sacrifice,yi mã,fe
53,sacrifice,afoṛe,afoṛe
53,sacrifice,bo,afoṛe
53,sacrifice,afoṛe,afoṛešã
53,sacrifice,bo,bo
53,"sad, to be-",wẹṛe ahow,fẹšikplikpi
53,"sad, to be-",muna,hie tẹtẹo
53,"sad, to be-",di ṅkọmmọ,hie fe tototo
53,"sad, to be-",yẹ mmọbọmọbọ,wẹṛe ho
53,"sad, to be-",yẹ sipiripi,ye ṅkọmọ
53,"sad, to be-",yẹ sipiripi,fe mọbọmọbọ
53,sadness,aweṛehow,aweṛeho
53,sadness,yamgya,ṅkọmọyeli
53,sadness,ṅkọmmodi,mọbọmọbọfemo
53,sadness,mmọbọmọbọye,šikplikpifemo
53,saddle,pọṅkọ (so) agua,okpọṅọnotramọṅọ
53,saddle,ate,okpọṅọnotramọṅọ
53,safe,dwòdwō,fē
53,safe,tótōṛotō,fēfe
53,safe,soṅṅ,fefēfe
53,safe,pintinṅ,kpinṅ
53,safe,pintinṅ,kpintinṅ
53,"safe, to be-",nyã ṅkwū,ná wala
53,"safe, to be-",nyã ṅkwū,yi ná wala
53,"safe, to be-",nyã ṅkwū,fe fefēfe
53,sage,onimdefo,niilelọ
53,sage,onyansafo,ṅālọ
53,sail,abranā,abala
53,sail,abranā,abla
53,sailor,ọkwāmfó,akwamfo
53,sailor,opofoni,amlakunyo
53,sailor,hyeṅmuni,nṣọṅṅyo
53,sailor,kurūni,
53,saint,ọhōtefo,moni ehe tše
53,saint,nea ne hō tew,kronkron
53,saint,kronkron,kronkron
53,"sake, for the -of",nti,hewọ
53,salary,akatua,nyọmọ
53,salary,asranne,nyọṅdšenii
53,salary,afrihyiade,
53,sale,otọṅ,hōmọ
53,sale,aguade fi,hōmọ
53,salt,ṅkyene,ṅō
53,salt-basket,ṅkyempae,ṅō-odi
53,salt-water,ṅkyenensu,
53,salt-water,bṛekẹsẹ,
53,"salted, saltish, salty",ṅkyeneṅkyene,yereyere
53,"salted, saltish, salty",ṅkyeneṅkyene,ṅō
54,saltpetre,obo-so-ńkyene,kawę
54,salutation,ńkyia,bimǫ
54,salutation,akyēmā,dętamǫ
54,salutation,akyè,ńāmǫ
54,salutation,amo,srainǫ
54,salutation,,flamǫ
54,salute,kyia,bi
54,salute,dwa,fa
54,salute,mā akyē,fla
54,salute,adwō,ńā
54,salute,amo,wie na
54,salute,akwaba,sra
54,salute,,ta dę
54,salvation,ogye,dśiemǫ
54,salvation,ńkwāgye,heremǫ
54,salvation,,(yi)walaheremǫ
54,salvation,,susumaheremǫ
54,salve,ńkū,ńkū
54,salve,aduru a wọde sra,tśofā
54,salve,,tśofāmū
54,salve (v.),sra ńkū,kpa ńkū
54,salve (v.),aduru,fifia tśofā
54,salve (v.),fọw ńńọ,fọ mū
54,same,onoara,lę lę
54,same,enoara,lę noń
54,same,koro noara,lędientśę
54,same,bafua,dientśę
54,sanctification,ahōtew,dśramǫ
54,sanctification,krońkrońyę,tśūmǫ
54,sanctification,ahōdwira,hetśumǫ
54,sanctification,,krońkrońfemǫ
54,sand,ńhwēa,sia
54,sand-bank,ńhwēaso,olewu
54,sand-bank,,no
54,sand-stone,ńhwēańhwēabo,kafutę
54,sand-stone,,śiatę
54,sandal,mpaboá,tokota
54,sandal,ntokota,
54,sandal (of wood),ńkurónnúá,
54,sandal-maker,mpaboapamfo,tokotakpęlǫ
54,sanguine (to be),yę harehare,ye flafla
54,sanguine (to make),,kę śiwo fufu m.k.
54,sap,emu nsu,mli nu
54,sap,dua mu nsu,
54,sash,aseńmu dukū,
54,sash,abomú,
54,sash,ńkyekyeremu,
54,satiation,omę,tǫ
54,satiation,,trǫ
54,satiation,,tole
54,satisfaction,mpata,bem
54,satisfaction,anisǫ,hāmǫ
54,satisfaction,anikā,yeli
54,satisfaction,ahomekā,ńādśiantǫ
54,satisfaction,bem,kpātāmǫ
54,satisfaction,,hedśǫmǫ
54,satisfaction,,miśę
54,satisfy,mę,hå tǫ
54,satisfy,pata,kpātā
54,satisfy,sǫ ani,śę na
54,satisfy,du,fa
54,satisfy,du ano,
54,satisfy,dōsǫ,
54,satisfied (to be),mę,tǫ
54,satisfied (to be),ani sǫ,mumǫ tā
54,satisfied (to be),ani gye,kplē
54,satisfied (to be),pene,mi śę
54,satisfied (to be),,hīe mę
54,satisfied (to be),,ná he
55,Saturday,meměneda,họ
55,sauce,sọs,
55,sauce,srade,
55,sauce,ṅkwaṅ,
55,sauce,,saus
55,sauce,,fọ
55,sauce,,wọnu
55,savage,okwaemuni,
55,savage,ọhamuni,
55,savage,n'asẹm aham'sẹm,
55,savage,n'ani yẹ hyew,
55,savage,,hie krāmākrāmā
55,save,gye,
55,save,yi,
55,save,gye ṅkwā,
55,save,kyee (so),
55,save,kora (so),
55,save,nyā ṅkwā,
55,save,,dšie
55,save,,here
55,save,,here (yi) wala
55,save,,ba yi
55,save,,ná wala
55,save,gye,dša
55,saviour,ogyéfo,
55,saviour,agyeṅkwā,
55,saviour,ahūnanyāṅkwā,
55,saviour,,dšielọ
55,saviour,,herelọ
55,saviour,,(yi)walaherelọ
55,saw,twa,
55,saw,pae,
55,saw,de waṅ twa,
55,saw,,gba
55,saw,,gbla sao
55,saw,owaṅ,
55,saw,sā,
55,saw,,sao
55,saw-dust,dua hō mporoporowa,
55,saw-wrest,,legesao
55,saw-wrest,,lengesao
55,sawer,nnuapaefo,
55,sawer,,tsogbalọ
55,say,se,
55,say,kā (kyere),
55,say,,ke
55,say,,keke
55,say,,de
55,saying,ose,
55,saying,asẹm,
55,saying,,kemo
55,scabbard,boha,hebo
55,scaffold,apa,tšo
55,scaffold,pata,agba
55,scaffold,,wyiętšo
55,scale,aboṅ,
55,scale,hono,
55,scale,nsenia kora,
55,scale,antwĕri,
55,scale,atrapoĕ,
55,scale,,toto
55,scale,,susumọtšo
55,scale,,atfele
55,scale,,atrakpĕ
55,a pair of scales,nsenia,nsĕni
55,scandal,aferesẹm,
55,scandal,aniwude,
55,scandal,ahohorade,
55,scandalous,tantaṅ,
55,scandalous,nea eye fẹre,
55,scandalous,aniwu,
55,scandalous,ahohora,
55,scandalous,ọhohorani,
55,scandalous,,taṅ
55,scandalous,,tantaṅ
55,scandalous,,ahorafo
55,scar,twā,doku
55,scar,,atšuā
55,scarce,ehō yẹ nā,sĕ
55,scarcity,okọm,
55,scarcity,aduaṅkọm,
55,scarcity,nsukọm,
55,scarcity,tākọm,
55,scarcity,,hōmọ
55,scare,bọ piriw,
55,scare,yi ahi,
55,scare,yi hū,
55,scare,yẹ hāehāe,
55,scare,,wo gbeye
55,scarf,koṅmu (asẹmu) dukū,dukuenyo
55,scarf,,kuęduku
55,scatter,bọ..petĕ,
55,scatter,bọ..gu,
55,scatter,fwete (mu),
55,scatter,,gbẹ
55,scatter,,gbẹ..fā
55,scatter,,dfa..fā
55,scatter,,fĕ
55,scatter,,fō ši
56,scent,hũã,fũ
56,scent,ohũãm,šifũ
56,scent,boŋ,fũdšę
56,scent (v.),yi hũã,fũ (ši)
56,scent (v.),boŋ,dše ǹmã
56,scent (v.),hũã,nu ǹmã
56,scent (v.),hũãm,
56,sceptre,ahempoma,maǹtšętšo
56,scholar,osũani,kaselo
56,scholar,osũafo,
56,scholar,ǹhõmam' nimdefo,
56,school,sukũ,kasemowe
56,school,sũabea,kasemohe
56,school,,woloǹkwę
56,scissors,akape,sagse
56,scissors,,sakse
56,scoff,goru hõ,li
56,scoff,,ye he fęo
56,scold,yaw,dšę
56,scold,kã anim,gbe daǹ
56,scold,twiw anim,šiu daǹ
56,scold,,lomǫ
56,scold,,fã yi
56,scoop,saw,ka
56,scoop,sesaw,pęi mli
56,scoop,pęe,
56,scoop,seǹ,
56,scoop,sinseǹ mu,
56,scorch,hyew,šã
56,scorch,pirim,
56,scorn,goru hõ,li
56,scorn,yi ahi,gbe he guǫ
56,scorn,sopa,gbe hie
56,scorn,bǫ ahohora,sopa
56,scorn,,bǫ ahora
56,scorpion,akekantwęre,nyoǹmoǹkrakro
56,scorpion,,tetete
56,scour,twiw,šã
56,scour,pow hõ,šǫ
56,scour,kwaw,tšumo he
56,scour,,kwao
56,scourge,mpire,kplebii
56,scourge,abã,kpã
56,scourge (v.),kã (obi) mpire,yi m.k. kplebii
56,scourge (v.),mmã,yi m.k. kpã
56,scourge (v.),tẁom,
56,scrape,węre,fę
56,scrape,węrew,flę
56,scrape,twęręw,titi
56,scrape,twęrętwǫręw,ǹmla he
56,scrape,hũã,
56,scrape (together),tia,
56,scrapings,ǹwura,dęi
56,scrapings,,totoi
56,scrapings,,tutu
56,scratch,węręw,ǹmã
56,scratch,twęręw,ǹmlã
56,scratch,ǹworaǹ,kpiti
56,scratch,ti,ti
56,scratch,titi,titi
56,scratch,hũane,wamǫ
56,scream,boǹ,kę
56,scream,sũ (denneǹ),blǫ
56,scream,bǫ bęnã,
56,scream,bǫ abubuw,
56,scream (at),,kę m.k. yi
56,scream (at),,fã .. yi
56,screw,mfęwa,skru
56,screwdriver,mfęwakyimfo,skruši
56,scribe,okyeręwfo,woloǹmãlo
56,scuffle,kǫ ntokwaw,wo dęǹ
56,scuffle (n.),akasakasa,hǫfęmǫ
56,scuffle (n.),ntokwaw,bũ
56,scuffle (n.),,nǫmǫ
56,scuffle (n.),,bę
56,scum,ahuru,afũi
56,scum,adesé,tumunǫnǫ
56,scum (v.),pa ani,
57,sea,epo,
57,sea,bosonopo,
57,sea,,nṣo
57,sea,,wuṣo
57,sea,wō,
57,sea-calf,sukramaṅ,
57,sea-calf,,nugbe
57,sea-calf,ati,
57,sea-fish,ponām,
57,sea-fish,pom'mpatā,
57,sea-fish,,lo
57,sea-fish,,nṣoṅlo
57,sea-lichen,,wosúma
57,sea-man,opofoni,
57,sea-man,hyeṅmuni,
57,sea-man,,wolenyo
57,sea-man,,nṣoṅnyo
57,sea-shore,mpoāno,
57,sea-shore,,nṣona
57,sea-shore,,ṣiano
57,sea-sickness,po so yare,
57,sea-sickness,,nṣomōmo
57,sea-town,mpoāno kurow,
57,sea-town,,nṣona maṅ
57,sea-water,epo (mu)'nsu,
57,sea-water,,nṣonu
57,sea-water,,nṣo
57,seal,sukramaṅ,
57,seal,nṣoāno,
57,seal,,nugbe
57,seal,nasoṅmo,
57,seal,nasoṅmoṅō,
57,seal,so ano,
57,seal,,ṣoo na
57,sealingwax,dagire,
57,sealingwax,,dagle
57,seam,bu ano,
57,seam,pam,
57,seam,,"lata (na, he)"
57,seam,anobu,
57,seam,mmuāno,
57,seam,mpāpae,
57,seam,twā,
57,seam,,helatamo
57,seamstress,opamfo (bea),
57,seamstress,yō niikpelọ,
57,search,fwẹ mu,
57,search,fwẹfwẹ mu,
57,search,pẹ(pẹpẹ) mu,
57,search,bọre,
57,search,tasensem akyi,
57,search,twẹ,
57,search,,kwẹ mli
57,search,,tao mli
57,search,,pẹimli
57,search,,kpa ṣi
57,search,,kpe ṣi
57,season,bere,
57,season,,be
57,dry-season,ope,
57,dry-season,bere,
57,dry-season,,aharabata
57,rainy-season,asusow,
57,rainy-season,asusobere,
57,rainy-season,adom,
57,rainy-season,,agbiena
57,rainy-season,,gbo
57,seat,agua (adwā),
57,seat,akoṅñua,
57,seat,abūrogua,
57,seat,dufuā,
57,seat,mâñọ́,
57,seat,trābere,
57,seat,trābew,
57,seat,,sēi
57,seat,,gwa
57,seat,,ablogwa
57,seat,,tṣoku
57,seat,de..trā ase,
57,seat,mā..trā ase,
57,seat,tẹw,
57,seat,dua,
57,seat,tim,
57,seat,,hã..ta ṣi
57,second,nea odi họ,
57,second,otia abieṅ,
57,second,ọto so abieṅ,
57,second,ọkā hō,
57,second,,moni nyie sẹ
57,second,,moni dṣi enyo
57,secret,ahintasẹm,
57,secret,asisẹm,
57,secret,,temọsane
57,in-secret,kokoam,
57,in-secret,,niifīfiiaṅ
57,in-secret,,temọ mli
57,to do in a secret way,nam ase,
57,to do in a secret way,wīawīa nehō yẹ,
57,to do in a secret way,,dṣu ṣi fe
57,secretary,okyerewfo,
57,secretary,,ṅmālọ
57,secretary,,woloṅmālọ
57,security,a[ka]gyinam[di],
57,security,a[ka]baso[di],
57,security,omaṅñwoee,
57,security,dwōdwō,
57,security,,akadṣinam
57,security,,mlidamọlọ
57,security,,maṅḍṣọlẹ
57,security,,fẹfẹfẹfẹmọ
57,to stand-security,gyina..akyi,
57,to stand-security,di a[ka]gyinam,
57,to stand-security,di a[ka]baso,
57,to stand-security,,damọ sẹ
57,to stand-security,,damọ mli
57,seduce,gyigye,
57,seduce,dādā,
57,seduce,,laka
57,seduce,,ṣiṣi
57,see,hū,
57,see,ani bọ so,
57,see,ani tua,
57,see,,na
57,see,,hie tu
57,see,,na fufūfu
57,see-not well,ani bọ akata,
57,see-not well,asẹe,
57,see-not well,,bieṅmẹi nọ ha
58,seed,aba,wu
58,seed,adua,wui
58,seed,duaba,dūmọnii
58,seek,fwefwe,tao
58,seek,pe,di se
58,seek,ani sa,nyie se
58,seek,di akyiri,
58,seem,ye (ani so),fe
58,seem,,tamo
58,seeth,nōa,tfa
58,seeth,huru,ho
58,seize,so mu,mō
58,seize,kyere,mō mli
58,seize,kita,kpiti
58,seize,kukuru,
58,select,paw (mu),fā (mli)
58,select,yi,dšie mli
58,select,yiyi mu,hala (mli)
58,select,sa mu,kọ mli
58,select,fa mu,kpa mli
58,self,ankasa,dientše
58,self,ara,nientše
58,self,hō,he
58,self,,hewọ
58,selfish,ye ahōpe,hie šā
58,selfish,di apeseneŋkōnyā,fe hieša
58,selfish,pe nehō dodo,sumọ he tšō
58,sell,tọn,hō
58,send,mănā,mădše
58,send,soma,tšu
58,send,tu (abofo),
58,senior,opanyiṅ,onukpa
58,sense,ṅkāte,numọ
58,sense,ṅkātede,henumọ
58,sense,olū,yomọ
58,sense,ote,
58,sense,adwene,
58,sense,adwempa,
58,sense,nyansa,
58,sense,ase,
58,sentence,atemmu,asentiā
58,sentence,atemmusem,ose
58,sentence,,okasafua
58,sentiment,nsusuwi,susumọ
58,sentiment,adwene,dfeṅmọ
58,sentinel,oẇemfo,hebulo
58,sentinel,osrafo,sralo
58,separate,pae mu,gbla mli
58,separate,tew (tetew) mu,dša mli
58,separate,bae (mu),tšere mli
58,separate,gua,
58,separate,tẇa mu,
58,separation,ntetewmu,mlitšereṃọ
58,sepulchre,oda,fūhe
58,sepulchre,odamōa,tohe
58,sepulchre,,bu
58,sepulchre,,gbonyobu
58,sepulchre,,saṅ
58,serene,"(anim, ẇim, osoro) atew",gble hie
58,serene,,fe heṅn
59,sergeant,sadṣen,sadeŋ
59,serpent,owo,onufu
59,serpent,otwēaseę,sinō
59,serpent,,sikpā
59,serpentine,kontokontoŋ,lokoliki
59,servant,osomfo,tṣūlo
59,servant,abofra,tṣūloŋu
59,servant,obōni,tṣūloyo
59,servant,ogyaaseni,sōolo
59,servant,ofinipa,
59,serve,som,sōmo
59,serve,sore,
59,serve,di abō,
59,serve,ye aboi,
59,service,osom,sōomo
59,service,dẅuma,
59,service,mfaso,
59,service (divine),asore,Nyoŋmo dṣamo
59,service (divine),onyamesom,solemo
59,servility,akotokotow,kotokotomo
59,servitude,akoaye,nyoŋyeli
59,servitude,afānāye,
59,servitude,onyāye,
59,session,asetrā,sitrāmo
59,session,atemmufo,gwabō
59,session,guabo,kpemo
59,session,nhyiam,saneyeli
59,session,asenni,
59,session,atemmu,
59,session,asennida,
59,set,de..si,ke
59,set,tā,mā
59,set,to,ta
59,set,trā,dū
59,set,tim (ho),tṣō
59,set,tew,tṣone
59,set,hye,hūlū
59,set,kā,nyō ši
59,set,kànyāŋ,
59,set,sum,
59,set,to (afiri),
59,set,(owia) to,
59,set down,de..si ho,
59,set down,ta ho,
59,set down,trā ase,
59,set down,hye (nhōmam),
59,set forth,yi adi,yi
59,set forth,yi kyere,yi gbę
59,set forth,kamfo,fā gbę
59,set forth,sim',ko gbę
59,set forth,si kwaŋ so,
59,set forth,tu kwaŋ,
59,settle,trā ase,duna mō ši
59,settle,siesie,he ši
59,settle,sesew,domo
59,settle,pata,ye sane
59,settle,hye,bu ateŋ
59,settle,di asem,
59,settle,bu nteŋ,
59,settlement,trābea,šihemohe
59,settlement,atutrāfo kurow,
59,settler,otubrafo,
59,settler,otutrāfo,
59,seven,asoŋ,kpawo
59,seven,nsoŋ,
59,seventeen,dunsoŋ,nyoŋma-kę-kpawo
59,seventy,aduoṣoŋ,nyoŋmai kpawo
59,sever,tew,gba mli
59,sever,tew mu,tṣe
59,sever,twā,fo mli
59,severe,deŋ,wā
59,severe,denneŋ,vevēve
59,severe,,duŋduŋduŋ
59,sew,"pam (ade, atade)",kpe (nii)
59,shackle,to mpokyere,wo gbokle
59,shade,oŋwini,hōŋ
59,shade,,hōlo
59,shade,,hōŋo
59,shadow,sunsuma,susuma
59,shade-tree,gyedua,blohūŋtṣo
59,shade-tree,,dṣaŋotṣo
59,shade-tree,,hoŋtṣo
60,shadowy,oñwini,hō
60,shadowy,kusū,hō
60,shady,oñwini,hō
60,shady,kusū,hō
60,shake,wosow,hoso
60,shake,posow,woso
60,shake,pusuw,wọkọ
60,shake,popo,mugu
60,shake,him,kpokpo
60,shake,hiṅhim,he dṣo
60,shake,hō saw,
60,shake,bọ piriw,
60,shake,bọ plu,
60,shake,ṅmiṅmi mọ m.k.,
60,shake hands,kyia,ta dẹ
60,shake hands,dwa,ta deṇ
60,shake hands,,hwânyâ nine
60,shall,sẹ sẹ,kulẹ
60,shall,,dša
60,shall,,sa akẹ
60,sham,sisi,ye fẹo
60,sham,dādā,
60,sham,di kusum,
60,sham,goru hō,
60,shame,aniwu,hiegběle
60,shame,animguase,hietšulẹ
60,shame,fere,hietūtśā
60,shame,ahohora,skam
60,shame (int.),kosẹ,tfa
60,shame (int.),,tfia
60,shame (int.),,tšo
60,shame (int.),,fi
60,shame (int.),,kosẹ
60,shame,hyẹ aniwu,wo hiegběle
60,shame,kum aniwu,wo hie mūdši
60,shame,gu anim ase,gbe hie
60,shame,ani wu,bọ ahora
60,shame,anim gu ase,na hiegble
60,shame,fere,
60,shamefulness,aniwudeyẹ,hiegbedšianüfemọ
60,shameless,ani ṅwu ade,hie gboo noko
60,shameless,ọmfere,
60,shape,su,henọ
60,shape,baṅ,su
60,shape,dua,šōmọ
60,shard,kyemfere,gbẹkoi
60,shard,,ṅesu
60,share,kyẹ,dša mli
60,share,kyẹfā,mlidša
60,share,ṅkyem,
60,shark,obōdede,ogbōlele
60,shark,eso,tsafrobi
60,shark,twaforobi,
60,shark,fürefüre,
60,sharp,nnam,šōšōšō
60,sharp,nnamnam,
60,sharp,deṅ,
60,sharp,fẹafẹā,
60,sharp (to be),hyehye,na ba
60,sharp (to be),ano yẹ nam,na ba la
60,sharp (to be),,tšo la
60,sharp (to be),,wa
60,sharp-eyed,yẹ oniferefo,hieṅmẹi nọ tše
60,sharpen,sew ano,dṣọ na
60,sharpness,nnam,nabā
60,sharpness,,latšō
60,sharpness,,nadšomọ
60,sharpness,,nam
60,shatter,bọ,kū
60,shatter,bobọ,kūmọ
60,shatter,,mli kū
60,shatter,,dfa
60,shatter,,dīra
60,shave,yi,šẹ
60,shave,,šẹ he
60,shave the forehead,bu anim,dšie hiena
60,shave the forehead,yiyi ṅhwi ano,
60,shave the whole head,yi ti,kpo yi
60,shawl,ṅṅuguso,ṅohanō
60,shawl,ṅkatakoṅmu,
61,she,ono,le
61,she,o,e
61,she,o,yo
61,shea-butter,nkû,nku
61,sheaf,efi,dsatšu
61,sheaf,afiafi,
61,sheath,boha,hebo
61,shed,osan,agba
61,shed,apa,akpa
61,shed,pata,
61,shed,osésé,
61,shed,asesewa,
61,shed,fwie,fie
61,shed,fwie gu,fie ši
61,shed,kā gu,tue
61,shed,petë,yeroke
61,sheep,oguan,to
61,sheep,odwane,togbanten
61,sheep,oguanten,gwanten
61,sheet,ntama,lao
61,sheet,gyawurusi,lau
61,shell,abon,toto
61,shell,nwora,wanoño
61,shell,,nelēi
61,shell,,nlēi
61,shelter,nkōmãnōá,trābea
61,shelter,asoqe,
61,shepherd,oguanfwefo,tokwelo
61,shepherd,,toialelo
61,shepherd,,toiatše
61,shield,okyem,bon
61,shield,nkataso,hehano
61,shield,,nohano
61,shield,,tse
61,shield,,soomono
61,shift,sakra,tsake
61,shin-bone,gyā,nanehēno
61,shin-bone,gyawa,nanehintsono
61,shin-bone,nanhin,nanetšo
61,shine,gyigye,dsedše
61,shine,hàran,fe gwan
61,shine,hyeren,fe henn
61,shine,hoa,tšo
61,shine,pae,tše ši
61,shine,owia afi,kpe
61,shine,wimtew,dsedšemo
61,shine,hãnn,hennfemo
61,shine,ohàran,tšō
61,shine,ohyeren,kpemo
61,shining,hãnn,nulãn
61,shining,kãnn,hann
61,shining,hyeñn,kãnn
61,shining,hyēhyē,kankan
61,shining,,heñn
61,ship,hyeñ,lele
61,ship,ahyemma,nsoilele
61,ship,obonto,le
61,ship-master,hyeñ wura,leletše
61,ship-wreck,asugu,leledfã
61,ship-wright,hyeñpamfo,lelekpelo
61,shirt,kämísá,kamisa
61,shirt,,seki
61,shiver,bubu,tía
61,shiver,wosow biribiri,día
61,shiver,hō popo,dfra
61,shiver,hō saw,fè ye m.k.
61,shiver,,he kpokpo
61,shiver,,he nyie
61,shoe,asepatere,asipatere
61,shoe,,aspatre
61,shoe-maker,asepaterepamfo,aspatrekpelo
62,shoot,tow,tfa oti
62,shoot,tow,tfa tū
62,shoot,bemma,tfa oti
62,shoot,bemma,tfa tū
62,shoot,tuo,tfa oti
62,shoot,tuo,tfa tū
62,shoot,fifi,tfa oti
62,shoot,fifi,tfa tū
62,shoot,fefew,tfa oti
62,shoot,fefew,tfa tū
62,shoot,tšē,tfa oti
62,shoot,tšē,tfa tū
62,shoot,tšērē,tfa oti
62,shoot,tšērē,tfa tū
62,shoot,gāi,tfa oti
62,shoot,gāi,tfa tū
62,shoot,gba afofro,tfa oti
62,shoot,gba afofro,tfa tū
62,shoot,gba ahwanya,tfa oti
62,shoot,gba ahwanya,tfa tū
62,shop,aguadedan,dšraniitšu
62,shop,aguadedan,niihŏmghe
62,shop,aguadedan,fiase
62,shop,adetọndan,dšraniitšu
62,shop,adetọndan,niihŏmghe
62,shop,adetọndan,fiase
62,shop,afiase,dšraniitšu
62,shop,afiase,niihŏmghe
62,shop,afiase,fiase
62,shore,mpoāno,na
62,shore,mpoāno,nuna
62,shore,mpoāno,nṣona
62,shore,mpoāno,ka
62,shore,nsuāno,na
62,shore,nsuāno,nuna
62,shore,nsuāno,nṣona
62,shore,nsuāno,ka
62,shore,ano,na
62,shore,ano,nuna
62,shore,ano,nṣona
62,shore,ano,ka
62,short,tiā,akotia
62,short,tiā,atekę
62,short,tiā,ketea
62,short,tiā,kpitio
62,short,tiā,fio
62,short,akwatia,akotia
62,short,akwatia,atekę
62,short,akwatia,ketea
62,short,akwatia,kpitio
62,short,akwatia,fio
62,short,ketewa,akotia
62,short,ketewa,atekę
62,short,ketewa,ketea
62,short,ketewa,kpitio
62,short,ketewa,fio
62,short,kūmā,akotia
62,short,kūmā,atekę
62,short,kūmā,ketea
62,short,kūmā,kpitio
62,short,kūmā,fio
62,short,kakra,akotia
62,short,kakra,atekę
62,short,kakra,ketea
62,short,kakra,kpitio
62,short,kakra,fio
62,shorten,twa so,fo kpitio
62,shorten,twa so,fo kuku
62,shorten,twa tiā,fo kpitio
62,shorten,twa tiā,fo kuku
62,shorten,bn so,fo kpitio
62,shorten,bn so,fo kuku
62,shot,tuotow,tūtfā
62,shot,tuotow,tuntę
62,shot,tuotow,okplemtę
62,shot,tuotow,otitfalọ
62,shot,aboba,tūtfā
62,shot,aboba,tuntę
62,shot,aboba,okplemtę
62,shot,aboba,otitfalọ
62,shot,pręmmoba,tūtfā
62,shot,pręmmoba,tuntę
62,shot,pręmmoba,okplemtę
62,shot,pręmmoba,otitfalọ
62,shot,tubo,tūtfā
62,shot,tubo,tuntę
62,shot,tubo,okplemtę
62,shot,tubo,otitfalọ
62,shot,korabo,tūtfā
62,shot,korabo,tuntę
62,shot,korabo,okplemtę
62,shot,korabo,otitfalọ
62,shot,mpewá,tūtfā
62,shot,mpewá,tuntę
62,shot,mpewá,okplemtę
62,shot,mpewá,otitfalọ
62,shot,mpěnema,tūtfā
62,shot,mpěnema,tuntę
62,shot,mpěnema,okplemtę
62,shot,mpěnema,otitfalọ
62,shot,hâgire,tūtfā
62,shot,hâgire,tuntę
62,shot,hâgire,okplemtę
62,shot,hâgire,otitfalọ
62,shoulder,mmati,kōn
62,shoulder,mmati,kōli
62,shoulder,abatiri,kōn
62,shoulder,abatiri,kōli
62,shoulder,ękoŋso,kōn
62,shoulder,ękoŋso,kōli
62,shoulder,akoŋkoŋ,kōn
62,shoulder,akoŋkoŋ,kōli
62,shout,bom',bo
62,shout,bom',blọ
62,shout,bom',kē
62,shout,bọ ose,bo
62,shout,bọ ose,blọ
62,shout,bọ ose,kē
62,shout,huro,bo
62,shout,huro,blọ
62,shout,huro,kē
62,shove (in),de..hyę mu,họ
62,show,kyerę,tšō
62,show,kā kyerę,tšō
62,show,kyerękyerę,tšō
62,show,pue,tšō
62,shower,tọ,šrāke
62,shower,tọ,yerọke
62,shower,tọ,fie ši
62,shower,tọ,tue
62,shower,gu,šrāke
62,shower,gu,yerọke
62,shower,gu,fie ši
62,shower,gu,tue
62,"shrewd, to be-",beŋ,gbi
62,shrink,pompono,dšitša
62,shrink,pompono,here
62,shrink,pompono,hele ši
62,shrink,pompono,kpokpo
62,shrink,pompono,šrę
62,shrink,pompono,su
62,shrink,ńweń,dšitša
62,shrink,ńweń,here
62,shrink,ńweń,hele ši
62,shrink,ńweń,kpokpo
62,shrink,ńweń,šrę
62,shrink,ńweń,su
62,shrink,bọ piriw,dšitša
62,shrink,bọ piriw,here
62,shrink,bọ piriw,hele ši
62,shrink,bọ piriw,kpokpo
62,shrink,bọ piriw,šrę
62,shrink,bọ piriw,su
62,shrub,dua,tšo
62,shrub,duā,tšo
62,shrubbery,akwaewa,
62,shrubbery,nnuā,
62,shudder,hō dwiriw,he fe m.k. ṅmå
62,shudder,hō dwiriw,he nyie
62,shudder,birikyi,he fe m.k. ṅmå
62,shudder,birikyi,he nyie
62,shudder,mmanińwow gu no so,he fe m.k. ṅmå
62,shudder,mmanińwow gu no so,he nyie
62,shudder,ayise pini no,he fe m.k. ṅmå
62,shudder,ayise pini no,he nyie
62,shudder,ne hō nyēnnyāṅ no,he fe m.k. ṅmå
62,shudder,ne hō nyēnnyāṅ no,he nyie
62,shun,kyi,wyi he
62,shun,guaṅ,wyi he
62,shun,fere,wyi he
62,shut,to mu,ṅā
62,shut,to mu,ṅmę
62,shut,to mu,ṅmę na
62,shut,to mu,ṅmę mli
62,shut,hini ano,ṅā
62,shut,hini ano,ṅmę
62,shut,hini ano,ṅmę na
62,shut,hini ano,ṅmę mli
62,shut,bua so,ṅā
62,shut,bua so,ṅmę
62,shut,bua so,ṅmę na
62,shut,bua so,ṅmę mli
62,shut,dwōm,ṅā
62,shut,dwōm,ṅmę
62,shut,dwōm,ṅmę na
62,shut,dwōm,ṅmę mli
62,shut,"mūa (aniwa, ano)",ṅā
62,shut,"mūa (aniwa, ano)",ṅmę
62,shut,"mūa (aniwa, ano)",ṅmę na
62,shut,"mūa (aniwa, ano)",ṅmę mli
62,shut,mia (ani),ṅā
62,shut,mia (ani),ṅmę
62,shut,mia (ani),ṅmę na
62,shut,mia (ani),ṅmę mli
62,shut,mia (hieṅmeii),ṅā
62,shut,mia (hieṅmeii),ṅmę
62,shut,mia (hieṅmeii),ṅmę na
62,shut,mia (hieṅmeii),ṅmę mli
62,shut (in),to..mu,ṅmę yi
62,shut (in),to..mu,ṅā yi
62,shutter,apomma,samflęsę
62,shuttle,akorokorowa,
62,shuttle,korā,
62,shy,fere,še
62,shy,fere,še gbye
62,shy,suro,še
62,shy,suro,še gbye
62,shy,tew ṅkânyāṅ,še
62,shy,tew ṅkânyāṅ,še gbye
62,shy,sorow,še
62,shy,sorow,še gbye
62,shy,asō asorow,še
62,shy,asō asorow,še gbye
62,shyness,osuro,šemo
62,shyness,ehū,šemo
62,shyness,ofere,šemo
63,sick,bęte,
63,sick,siāmō,
63,sick,oyarefo,
63,sick,yare,
63,sick,hō nyę (no) deŋ,
63,sick,,blolō
63,sick,,bloši
63,sick,,boliboli
63,sick,,gbedegbedē
63,sick,,derelē
63,sick,,fenfen
63,sick,,fū
63,sick,,helatše
63,sick,he ye,
63,sick,he dšra,
63,sick,kā ši,
63,sick,gbodšo,
63,sickness,oyare,
63,sickness,nyarewa,
63,sickness,asonokā,
63,sickness,ahōomerew,
63,sickness,,hela
63,sickness,,hedšramo
63,side,afā,
63,side,ṅkyeŋ,
63,side,ṅkyeŋmu,
63,side,mfē,
63,side,mfēm,
63,side,,afā
63,side,,masęi
63,side,,nō
63,side,,ṅmawuaŋ
63,sigh,gu ahome,
63,sigh,si apini,
63,sigh,pene,
63,sigh,,domo ntšoi
63,sigh,,kēmo
63,sigh,ahome,
63,sigh,gu,
63,sigh,apinisi,
63,sigh,,ntšoidomo
63,sigh,,kēmo
63,sight,ani,
63,sight,anim,
63,sight,aniwa,
63,sight,adehū,
63,sight,adefwę,
63,sight,ani-so-ade (hū),
63,sight,,hie
63,sight,,nalę
63,sight,,niinā
63,sight,,niikwęmo
63,sign,seŋkyeręne,
63,sign,nsow,
63,sign,agyirae,
63,sign,,okadi
63,sign,hye seŋkyeręne,
63,sign,hye nsow,
63,sign,hye agyirae,
63,sign,kari,
63,sign,,ṅmā (he)
63,signification,ase,
63,signification,,šiši
63,signification,,kadimo
63,silence,krānā,
63,silence,kommyę,
63,silence,,krānā
63,silence,,krikri
63,silence,,krikrikri
63,silence,,diofemo
63,silence,gyae,
63,silence,gyae!,
63,silence,múnnyaekasa!,
63,silence,mónyękomm!,
63,silence,,dsaidšai
63,silence,tua ano,
63,silence,mūa ano,
63,silence,mā..yę komm,
63,silence,diṅ,
63,silence,dādā,
63,silence,mā ti da,
63,silence,,dšedše
63,silence,,gbe daṅ
63,silence,,siu daṅ
63,silence,,tfa daṅ
63,silence,,dṣo (bi)
63,silence,,laka (gbekę)
63,silence,,fediṅ
63,silence,,fe diō
63,silent,krānā,
63,silent,krānanana,
63,silent,diṅ,
63,silent,démm,
63,silent,kómm,
63,silent,kòni,
63,silent,mūa ano,
63,silent,,diṅ
63,silent,,diō
63,silent,bu na,
63,silent,mu,
63,silent,mu na,
63,silent,kómm,
63,silent,dékedękę,
63,silent,,dekeke
63,silent,,dekedęke
63,silent,,mui
63,silent,,muimui
63,silk,seda,
63,silk,sirikyi,
63,silk,,seda
63,silk-cotton,ntentrehu,
63,silk-cotton,,kafote
63,silk-cotton tree,onyā,
63,silk-cotton tree,As. onyína,
63,silk-cotton tree,,onyiäitšo
63,sill,apoññua ase,
63,sill,,šinašiši
63,silly person,okwasęá,
63,silly person,ogyimfó,
63,silly person,ogyigyirifo,
63,silly person,ogyennyentwī,
63,silly person,tiboṅkósò,
63,silly person,otōtōbrofó,
63,silly person,,kwašia
63,silly person,,bulu
63,silver,dwetę (gwetę),
63,silver,,dfetęi
63,silver,dwetębonā,
63,silver,dare,
63,silver,,sika
63,silver,,dfetęi-dale
63,silver,kamfrātoto,
63,silver,dwetędwimfo,
63,silver,,dfetęisōlo
63,silver,,dfetęiñalō
64,simple,koro,ekoro
64,simple,koro,koro
64,simple,koro,kro
64,simple,koro,kroŋ
64,sin,yẹ bone,tõ
64,sin,yẹ bone,tõ ŋo
64,sin,yẹ bone,fe ęša
64,sin,yẹ bone,fõ
64,sin,fom so,tõ
64,sin,fom so,tõ ŋo
64,sin,fom so,fe ęša
64,sin,fom so,fõ
64,sin,tõ mmăra,tõ
64,sin,tõ mmăra,tõ ŋo
64,sin,tõ mmăra,fe ęša
64,sin,tõ mmăra,fõ
64,sin,bone,ęša
64,sin,bone,nõša
64,sin,bone,nõšafemọ
64,sin,bone,nõfoŋ
64,sin,bone,nõfoŋfemọ
64,sin,adebone,ęša
64,sin,adebone,nõša
64,sin,adebone,nõšafemọ
64,sin,adebone,nõfoŋ
64,sin,adebone,nõfoŋfemọ
64,sin,mfomso,ęša
64,sin,mfomso,nõša
64,sin,mfomso,nõšafemọ
64,sin,mfomso,nõfoŋ
64,sin,mfomso,nõfoŋfemọ
64,sin,mmăratõ,ęša
64,sin,mmăratõ,nõša
64,sin,mmăratõ,nõšafemọ
64,sin,mmăratõ,nõfoŋ
64,sin,mmăratõ,nõfoŋfemọ
64,since,ntam',tam
64,since,fi,dše
64,since,fi,ke-dše
64,since,fi,tše
64,since,kyẹ,dše
64,since,kyẹ,ke-dše
64,since,kyẹ,tše
64,sinful,bone,ša
64,sinful,bone,ęša
64,sinful,bone,yakayaka
64,sinful,bone,efoŋ
64,sinful,efoŋ,ša
64,sinful,efoŋ,ęša
64,sinful,efoŋ,yakayaka
64,sinful,efoŋ,efoŋ
64,sing,to dwom,la
64,singer,odwontoni,lalatše
64,singer,odwontoni,lalọ
64,singer,dwentofo,lalatše
64,singer,dwentofo,lalọ
64,singe,hyew,šă fă-kę-fă
64,singe,pirim,šă fă-kę-fă
64,single,koro,ekoro
64,single,koro,kroŋ
64,single,koro,kuli
64,single,fua,ekoro
64,single,fua,kroŋ
64,single,fua,kuli
64,single,biakõ,ekoro
64,single,biakõ,kroŋ
64,single,biakõ,kuli
64,single,-pẹ,ekoro
64,single,-pẹ,kroŋ
64,single,-pẹ,kuli
64,single-cowry,niwa,hieo
64,single-palmnut,befua,ńme
64,single-person,obiakõfo,
64,single-person,osigyafo,
64,single-person,ohõkwafo,
64,single-state,sigyaw,
64,sink,tọ,nyõ(ši)
64,sink,tọ,kpleke(ši)
64,sink,tọ,yi ši
64,sink,fwẹ (ase),nyõ(ši)
64,sink,fwẹ (ase),kpleke(ši)
64,sink,fwẹ (ase),yi ši
64,sink,durn,nyõ(ši)
64,sink,durn,kpleke(ši)
64,sink,durn,yi ši
64,sink,si (ase),nyõ(ši)
64,sink,si (ase),kpleke(ši)
64,sink,si (ase),yi ši
64,sink,kọ fam,nyõ(ši)
64,sink,kọ fam,kpleke(ši)
64,sink,kọ fam,yi ši
64,sink,mem,nyõ(ši)
64,sink,mem,kpleke(ši)
64,sink,mem,yi ši
64,sink,da,nyõ(ši)
64,sink,da,kpleke(ši)
64,sink,da,yi ši
64,sinner,odeboneyẹfo,ęšafelọ
64,sinner,odeboneyẹfo,nõšafelọ
64,sinner,odeboneyẹfo,efoŋfelọ
64,sip,fwirow,mũ
64,sip,bọ fwirow,mũ
64,sir,owúrà,tšié
64,sir,awurá,tšié
64,sister,onua,nyebi
64,sister,onua,awobi
64,sister,onua,tšebi
64,sister,onua,anyemi
64,sister,onua,nyemi
64,sister,onua,nyemiyõ
64,sister,onuabea,nyebi
64,sister,onuabea,awobi
64,sister,onuabea,tšebi
64,sister,onuabea,anyemi
64,sister,onuabea,nyemi
64,sister,onuabea,nyemiyõ
64,sister,onuawa,nyebi
64,sister,onuawa,awobi
64,sister,onuawa,tšebi
64,sister,onuawa,anyemi
64,sister,onuawa,nyemi
64,sister,onuawa,nyemiyõ
64,sister-in-law,onua yere,šabi
64,sister-in-law,oyere nuabea,šabi
64,sister-in-law,akūmmă,šabi
64,sit,te,si
64,sit,te,tă
64,sit,te,buw
64,sit,te,butuw (aba so)
64,sit,tră (těnă),si
64,sit,tră (těnă),tă
64,sit,tră (těnă),buw
64,sit,tră (těnă),butuw (aba so)
64,sit,-ase,si
64,sit,-ase,tă
64,sit,-ase,buw
64,sit,-ase,butuw (aba so)
64,sit,fata,hi
64,sit,fata,ta
64,sit,fata,tra
64,sit,fata,ta ši
64,sit,kọ (yiye),hi
64,sit,kọ (yiye),ta
64,sit,kọ (yiye),tra
64,sit,kọ (yiye),ta ši
64,sit-down,buw,bū
64,sit-down,buw,ta ši
64,sit-down,buw,ho ta ši
64,sit-down,buw,sõ ši
64,sit-down,tră ase,bū
64,sit-down,tră ase,ta ši
64,sit-down,tră ase,ho ta ši
64,sit-down,tră ase,sõ ši
64,sit-in the sun,to aŵia,wyere hūlū
64,sit-up,sore tră ase,si pẹ
64,sit-up,soso,si pẹ
64,sitting,guabọ,gwabọ
64,sitting,guabọ,šitramọ
64,sitting,guabọ,šibumọ
64,sitting,agyinatu,gwabọ
64,sitting,agyinatu,šitramọ
64,sitting,agyinatu,šibumọ
64,sitting-place,trăbea,šit[r]amọbe
64,sitting-place,-bere,šit[r]amọbe
64,sitting-place,-bew (těnă ..),šit[r]amọbe
64,situated,"to be-, da",dforo
64,situated,"to be-, da",dfere
64,situated,"to be-, gu",dforo
64,situated,"to be-, gu",dfere
64,situation,dabea,dforomọ
64,situation,dabea,dferemọ
64,situation,dibea,dforomọ
64,situation,dibea,dferemọ
64,situation,asetră,dforomọ
64,situation,asetră,dferemọ
64,six,asia,ekpa
64,six,nsia,ekpa
64,sixteen,edunsia,nyoŋma-kę-ekpa
64,sixty,aduosia,nyoŋmai ekpa
65,skeleton,ohōnam unompe a etoatoam se ete,sisa
65,skeleton,osaman,sisa
65,skill,nyansā,ñā
65,skill,nyansā,ñālē
65,skill,nyansā,niilē
65,skin,hō,wolo
65,skin,hō,hewolo
65,skin,hō,toto
65,skin,were,wolo
65,skin,were,hewolo
65,skin,were,toto
65,skin,ñhōma,wolo
65,skin,ñhōma,hewolo
65,skin,ñhōma,toto
65,skin,hono,wolo
65,skin,hono,hewolo
65,skin,hono,toto
65,skin,kotoku,wolo
65,skin,kotoku,hewolo
65,skin,kotoku,toto
65,skip,huruw,huru
65,skip,huruw,teke
65,skip,huruhuruw,huru
65,skip,huruhuruw,teke
65,skip,di ahurusi,huru
65,skip,di ahurusi,teke
65,skip,tew akrayám,huru
65,skip,tew akrayám,teke
65,skip over,huruw tra,gyaw
65,skirmish,di bene,
65,skirmish,di benne,
65,skirmisher,obenedi,
65,skirmisher,benefó,
65,skirt,ano,husu
65,skirt,ano,nagbē
65,skirt,ano,na
65,skirt,ano,kpokpa
65,skirt,mmuāno,husu
65,skirt,mmuāno,nagbē
65,skirt,mmuāno,na
65,skirt,mmuāno,kpokpa
65,skirt,ohye,husu
65,skirt,ohye,nagbē
65,skirt,ohye,na
65,skirt,ohye,kpokpa
65,skirt,tia,husu
65,skirt,tia,nagbē
65,skirt,tia,na
65,skirt,tia,kpokpa
65,skull,tikorā,yitšoñoño
65,skull,korawa,yitšoñoño
65,skull,nitiri,yitšoñoño
65,sky,wim,ṅwei
65,sky,wim,atatu
65,sky,wim,oblotu
65,sky,ahuṅmu,ṅwei
65,sky,ahuṅmu,atatu
65,sky,ahuṅmu,oblotu
65,sky,osoro,ṅwei
65,sky,osoro,atatu
65,sky,osoro,oblotu
65,skylight,atifi mfensere,lū
65,slack,ye hodwohodwo,fe šōō
65,slack,ye hodwohodwo,lila ši
65,slack,ye hodwohodwo,šašao ši
65,slack,nyā,fe šōō
65,slack,nyā,lila ši
65,slack,nyā,šašao ši
65,slack,gow,fe šōō
65,slack,gow,lila ši
65,slack,gow,šašao ši
65,slack,gono,fe šōō
65,slack,gono,lila ši
65,slack,gono,šašao ši
65,slack,twētwēnehō,fe šōō
65,slack,twētwēnehō,lila ši
65,slack,twētwēnehō,šašao ši
65,slackness,ahōtwētwē,gbodsomo
65,slackness,ogōm,gbodsomo
65,slander,di nseku,wie he
65,slander,di nseku,wie se
65,slander,di nseku,hi
65,slander,di nseku,hie m.k.
65,slander,di nseku,bo ošeku
65,slander,di nseku,tfa lilei
65,slander,di nseku,sa he
65,slander,bo nseku,wie he
65,slander,bo nseku,wie se
65,slander,bo nseku,hi
65,slander,bo nseku,hie m.k.
65,slander,bo nseku,bo ošeku
65,slander,bo nseku,tfa lilei
65,slander,bo nseku,sa he
65,slander,twiri,wie he
65,slander,twiri,wie se
65,slander,twiri,hi
65,slander,twiri,hie m.k.
65,slander,twiri,bo ošeku
65,slander,twiri,tfa lilei
65,slander,twiri,sa he
65,slander,twa ikontompo,wie he
65,slander,twa ikontompo,wie se
65,slander,twa ikontompo,hi
65,slander,twa ikontompo,hie m.k.
65,slander,twa ikontompo,bo ošeku
65,slander,twa ikontompo,tfa lilei
65,slander,twa ikontompo,sa he
65,slander,tōtō ano,wie he
65,slander,tōtō ano,wie se
65,slander,tōtō ano,hi
65,slander,tōtō ano,hie m.k.
65,slander,tōtō ano,bo ošeku
65,slander,tōtō ano,tfa lilei
65,slander,tōtō ano,sa he
65,slander,twa to so,wie he
65,slander,twa to so,wie se
65,slander,twa to so,hi
65,slander,twa to so,hie m.k.
65,slander,twa to so,bo ošeku
65,slander,twa to so,tfa lilei
65,slander,twa to so,sa he
65,slander,bo to so,wie he
65,slander,bo to so,wie se
65,slander,bo to so,hi
65,slander,bo to so,hie m.k.
65,slander,bo to so,bo ošeku
65,slander,bo to so,tfa lilei
65,slander,bo to so,sa he
65,slander,ye osusukā,wie he
65,slander,ye osusukā,wie se
65,slander,ye osusukā,hi
65,slander,ye osusukā,hie m.k.
65,slander,ye osusukā,bo ošeku
65,slander,ye osusukā,tfa lilei
65,slander,ye osusukā,sa he
65,slanderer,osekufo,hewielo
65,slanderer,osekufo,lileitfalo
65,slanderer,osekufo,osekubolo
65,slanderer,otwirifo,hewielo
65,slanderer,otwirifo,lileitfalo
65,slanderer,otwirifo,osekubolo
65,slate,srētē,tāo
65,slaughter,kum,gbe
65,slaughter,kum,plene
65,slaughter,kunkum,gbe
65,slaughter,kunkum,plene
65,slaughter,dwow gu fam,gbe
65,slaughter,dwow gu fam,plene
65,slaughter,dwerew,gbe
65,slaughter,dwerew,plene
65,slaughter (noun),okum,plenemo
65,slaughter (noun),okum,gbē
65,slaughter (noun),okunkese,plenemo
65,slaughter (noun),okunkese,gbē
65,slave,akoa,nyoṅ
65,slave,akoa,nyoṅnu
65,slave,akoa,nyoṅyo
65,slave,akoa,wenu
65,slave,akoa,weyo
65,slave,afānā,nyoṅ
65,slave,afānā,nyoṅnu
65,slave,afānā,nyoṅyo
65,slave,afānā,wenu
65,slave,afānā,weyo
65,slave,atokwā,nyoṅ
65,slave,atokwā,nyoṅnu
65,slave,atokwā,nyoṅyo
65,slave,atokwā,wenu
65,slave,atokwā,weyo
65,slave,onyā,nyoṅ
65,slave,onyā,nyoṅnu
65,slave,onyā,nyoṅyo
65,slave,onyā,wenu
65,slave,onyā,weyo
65,slave,ofenipa,nyoṅ
65,slave,ofenipa,nyoṅnu
65,slave,ofenipa,nyoṅyo
65,slave,ofenipa,wenu
65,slave,ofenipa,weyo
65,slave,osomfo,nyoṅ
65,slave,osomfo,nyoṅnu
65,slave,osomfo,nyoṅyo
65,slave,osomfo,wenu
65,slave,osomfo,weyo
65,slave (plural),webii,tsūlo
65,slave (destined for sacrifice),okāra,okra
65,slave (destined for sacrifice),okāra,okrawa
65,slave (destined for sacrifice),akyere,okra
65,slave (destined for sacrifice),akyere,okrawa
65,slave dealer,nnipatoṅfo,gbomohōlo
65,slave dealer,nnipatoṅfo,nyōdšiahōlo
65,slave dealer,ṅkoatoṅfo,gbomohōlo
65,slave dealer,ṅkoatoṅfo,nyōdšiahōlo
65,slavery,ṅkoaye,nyoṅyeli
65,slavery,afānāye,nyoṅyeli
65,slavery,onyāye,nyoṅyeli
65,slay,kum,gbe
65,slay,kū,gbe
65,to be slain,to,nyō
66,sleep,da,wo
66,sleep,fa mu da,tso mli
66,sleep,nna,
66,sleep,nnabo,
66,sleeping-room,dabekyiri,wotsu
66,sleeping-room,pia,setsu
66,sleeping-room,,pia
66,sleepy,ani kum,hienmeii tsi
66,sleepy,to nko,wo ye
66,sleepy,aniwa soa nkyene,
66,sleepiness,anikum,woyeli
66,sleepiness,nkoto,mlitso
66,slender,tenten,godso
66,slender,tea,godsogodso
66,slender,teatca,legelege
66,slender,pankran,lio
66,slice,atra,krata
66,slice,esin,klata
66,slide,patiriw,sane
66,slide,watiriw,
66,slide,siane,
66,slight,kakra,fio
66,slight,,herebi
66,slight,,herebiherebi
66,slight,mmu,
66,slight,to ho mpe,
66,slime,srade,fo
66,slime,dote poto,nmoto
66,slimy,ma,dale
66,slimy,matamata,drele
66,slimy,prapra,dre-dre
66,slimy,pikapika,kplele
66,slimy,,seblebe
66,slimy,mata,mata
66,slimy,sremsrem,tsotso
66,slimy,tsotso,salosalo
66,sling,hentia,afla
66,sling,atabo,akromia
66,slip,patiriw,sane
66,slip,watiriw,srake
66,slip,wiawia neho ko,
66,slip,fene,
66,slip,dse,
66,slipper,odanmu asepatere,nyon-aspatre
66,slipper,,doflo
66,slippery,patoropatoro,samo
66,slippery,toro,
66,slippery,torotoro,
66,slit,suane,gba
66,slit,pae,
66,slit,bae,
66,slit,guae mu,
66,slit,tew mu,
66,slope,kyea,kpa
66,sloth,akwadwero,hedso
66,sloth,anihaw,femo
66,sloth,nya,sofemo
66,sloth,ye,anihao
66,sloth,ogom,
66,slough,dontori,nmiamo
66,slough,atekye,nmoto
66,slough,denkyedenkye,
66,sloven,buru,folo
66,sloven,burum,bulu
66,sloven,obufo,kwatrekwa
66,sloven,opatafo,
66,slovenliness,buru,fo
66,slovenliness,apata,anyagba
66,slovenliness,,bulufemo
67,slow,berɛɛ,
67,slow,nyà,
67,slow,dekedeke,
67,slow,,bleo
67,slow,,bleobleo
67,slow,,sõ
67,slow,,nyà
67,slow,,nyànyà
67,slowness,nyàyɛ,
67,slowness,ogòm,
67,slowness,,nyànyãfemo
67,slowworm,osunsoŋ,
67,slowworm,,titiŋmoto
67,sluggard,okwadwɔfo,
67,sluggard,onihafo,
67,sluggard,,hedšõlo
67,slumber,to ŋko,
67,slumber,,wo dei
67,slumber,,adei
67,slumber,,adẽ
67,slumber,wohie se,
67,sly,onitefo,
67,sly,,šidšunõ
67,sly,,šidšulo
67,small,ketewa,
67,small,ŋketeŋkete,
67,small,kùmã,
67,small,kakrawa,
67,small,mfetemfetewa,
67,small,mehɛmehɛ,
67,small,mesɛmesɛ,
67,small,mmiamiã,
67,small,nnodowa'nodowa,
67,small,sũa,
67,small,susũa,
67,small,,bibiõ
67,small,,fiõ
67,small,,fiofiõ
67,small,,kpokpao
67,small,,tonõ
67,small,,bodobodo
67,small,,modõmodõ
67,small,,dšekeḍšekeḍšeke
67,small,,yukuyuku
67,small,,nyegeteo
67,small,,nyegetebii
67,small,,pempeo
67,small,,pempebii
67,small-pox,mpete,
67,small-pox,,kpate
67,smash,bo,
67,smash,bobo,
67,smash,peṭew,
67,smash,,dḟa
67,smash,,dḟra
67,smash,,ši
67,smear,sra,
67,smear,so,
67,smear,hõ,
67,smear,mu,
67,smear,kã,
67,smear,kekã,
67,smear,siãm,
67,smear,,kpaŋo
67,smear,,fõ
67,smear,,fiḟia
67,smell,hũa,
67,smell,te,
67,smell,hũã,
67,smell,ŋkã,
67,smell,hũãm tie,
67,smell,yi hũa,
67,smell,boŋ,
67,smell,,nu
67,smell,,fũ
67,smell,,he
67,smell,,ša
67,smell,,dše fũ
67,smell,,dše sã
67,smell,,dše ŋma
67,smell,hũa,
67,smell,ŋkã,
67,smell,,hefũ
67,smell,fũ,
67,smell,fũdše,
67,smell,sã,
67,smell,sãdše,
67,smelt,nãŋ,
67,smelt,dadebo n.a.,
67,smile,serew,
67,smile,tew anim,
67,smile,,tše hie
67,smile,,ŋmọ mui
67,smite,bo,
67,smite,kum,
67,smite,pira,
67,smite,sɛe,
67,smite,fwɛ,
67,smite,,di
67,smite,,gba
67,smite,,lu
67,smite,,tḟa
67,smite,,yi
67,smith,otomfo,
67,smith,,sõlọ
67,smoke,owusiw,
67,smoke,owisie,
67,smoke,,lasũ
67,smoke,fi wusiw,
67,smoke,how,
67,smoke,nãm,
67,smoke,,dše lasũ
67,smoke,,tsukọ
67,smoke,,lo
67,smoke,nom tã,
67,smoke,nom abua,
67,smoke,,nu tawa
67,smoke,,nuble
67,smooth,monommonom,
67,smooth,torotoro,
67,smooth,torómtorõm,
67,smooth,fɛmm,
67,smooth,dábõ,
67,smooth,,trotro
67,smooth,,trõmõ
67,smooth,he kpɛ,
67,smooth,kokwaw,
67,smooth,torow,
67,smooth,trõm,
67,smooth,trontrõm,
67,smooth,hõ,
67,smooth,mu,
67,smooth,pata,
67,smooth,deḟedeḟe,
67,smooth,tow so,
67,smooth,,gbe nii
67,smooth,,gbọ
67,smooth,,gblọ
67,smooth,,kpãtã
67,smooth,,šọ
67,smooth,,dšadše
67,smooth,,to nọ
67,smother,ye wusiwusi,
67,smother,,su
67,smother,,šiki
67,smoulder,ye wusiwusi,
67,smoulder,,su
67,smoulder,,šiki
67,smuggle,di nnukũrogua,
67,snail,ŋwa,
67,snail,ŋwaw,
67,snail,,wã
68,snake,owo,onufu
68,snake,otwɛaseɛ,sikpã
68,snake,opantene,šinõ
68,snake,nini,
68,snake,ebore,
68,snake,onankã,
68,snake,oprãmíri,
68,snake,okyéreben,
68,snake,ahabammóno,
68,snake,atirenú,
68,snake,asónawọ,
68,snake,ahurutoá,
68,snake,bamiawu,
68,snake,akitãosũã,
68,snake,osuwọ,
68,snap,sọw,kpa
68,snap,hũań,tše kpeńń
68,snare,afiri,tšõ
68,snare,,natšõ
68,snare,,tšõne
68,to lay a-,sum afiri,tšõ tšõne
68,snatch,fẅim,ha
68,snatch,,ša
68,snatch,,šõ
68,snatch,,kpadša
68,sneak (away),ẅea,dęke
68,sneak (away),nam dękędękę (kọ),dšu ši (kę-ya)
68,sneak (away),ẅiaẅia nehõ (kọ),fole
68,sneakingly,,mlętomlęto
68,sneer (at),yi ahi,li he
68,sneer (at),bu abomfiã,ye he fẹo
68,sneer (at),,ye ahi
68,sneer (at),,nyãfi
68,sneeze,ńwansĩ,tšine
68,snore,hũane ńkọrọm,hõ ńklõń
68,snore,,hũ ńklõ
68,snot,fẅenerg,gũgõ
68,snot,hem fẅenem,fe gugoń
68,snout,ano,na
68,snow,nsukyerẹma,snõ
68,snub,kã anim,heń
68,snub,tẅa so,
68,snub,siw ano,
68,snuff,asra,fũ
68,snuff,sra,fũ asra
68,snuff,som asra,
68,snuff-box,asratoa,asratọ
68,"snuffers, a pair of-",ọdabaw,abẹle
68,snuffle,hũãm tie,fũ he
68,snuffle,bọ fẅene kasa,
68,snuffle,kasa fẅenem,
68,so,sa,nękẹ
68,so,sã,nakai
68,so,sẹ,
68,"so..as, as..so",sẹnea,
68,"so..as, as..so",sẹ.. sẹ.. (te) neń,
68,soak,dọń,wo nu mli
68,soak,donnọń,hã bọbọ
68,soak,,bọbọ treke
68,soap,sãmina,sãmlã
68,soap,gyare,
68,"sober, to be-",ani da họ,hie kã ši
68,"sober, to be-",ọmmowe,
68,"sociable, to be-",nim ago,fẹ
68,"sociable, to be-",le fẹmọ,le fẹmg
68,sociable-ness,agoru,fẹmọ
68,sociable-ness,nidọyẹ,
68,society,asafo,asafo
68,society,fekuw,agwaseń
68,society,mfẹfo,
68,society,aguasém,
69,sock,soke,kaosu
69,sock,soke,hausu
69,sofa,sofa,kampe
69,soft,bètē,
69,soft,bètebète,
69,soft,bòdō,
69,soft,bòḍobòḍo,
69,soft,bòkō,
69,soft,bòkòb.,
69,soft,ḍábō,
69,soft,dèfē,
69,soft,fékō,
69,soft,fékof.,
69,soft,múhūmúhū,
69,soft,mméréw,
69,soft,bèrèbère,
69,soft,bèrēō,
69,soft,nyà,
69,soft,ḍékẹḍeke,
69,soft,dònnú,
69,soft,prokyewa,
69,soft,,bō
69,soft,,boḍo(boḍo)
69,soft,,bòkō
69,soft,,ḍšō
69,soft,,fo
69,soft,,fofole
69,soft,,kubo
69,soft,,ḍoli
69,soft,,kpeṭekpeṭe
69,soft,,lulūlu
69,soft,,mātā
69,soft,,ṭsafuṭsafu
69,soft,,hẹrẹbī
69,soft,,blẹo
69,soft,bobo,
69,soften,yẹ mmerew,
69,soften,ḍwuḍwo,
69,softener,,kpolo
69,softness,mmerew,
69,softness,,mātāfemọ
69,soil,fa,
69,soil,fam,
69,soil,asase,
69,soil,ḍāḍe,
69,soil,ḍote (nnoṭee),
69,soil,,su
69,soil,,šikpoṅ
69,soil,biri,
69,soil,kekā mu,
69,soil,yẹ fī,
69,soil,,ùmḷā
69,soldier,osrâni,
69,soldier,osoroḍâni,
69,soldier,osorâni,
69,soldier,osafonī,
69,soldier,ọkōfo,
69,soldier,,asrafonyo
69,soldier,,tabilo
69,sole,onammoṅ,
69,sole,nañase,
69,sole,,naneši
69,sole,ṅkō,
69,sole,ṅkuṭō,
69,sole,,kẹkẹ
69,sole,,ṭō
69,solid,yẹ deṅ,
69,solid,ase ṭim,
69,solid,emu yẹ ḍuru,
69,solid,di mū,
69,solid,ewom,
69,solid,,hie sa
69,solid,,wa
69,solid,yẹ emū,
69,solid,yẹ mli,
69,some,bi,
69,some,(e)binom,
69,some,kakra,
69,some,kakrābi,
69,some,keṭewābi,
69,some,,eko
69,some,,ekomei
69,some,enyoọ,
69,some,fio,
69,some-body,obi,
69,some-body,,moko
69,some-thing,biribi,
69,some-thing,,noko
69,some-times,eṭoḍabi a,
69,some-times,nnakoro-nnakoro,
69,some-times,,gbīkomei
69,some-where,bābi,
69,some-where,Ak. beabi,
69,some-where,,heko
69,somerset,afribú,
69,somerset,afiripaṭá,
69,somerset,,aḍaḍeṅkwa
69,somerset,,adeṅkwa
69,son,oba,
69,son,obabarima,
69,son,obabaniṅ,
69,son,,bi
69,son,,binū
69,son-in-law,obabea kunu,
69,son-in-law,oba,
69,son-in-law,,šanū
69,song,eḍwom (eḍwom),
69,song,ebadwom (ñūwoṅkoro),
69,song,oḍakuḍwom,
69,song,ḍwaeḍw,
69,song,akorodoḍw,
69,song,onnibiamaneḍw,
69,song,kwāḍwom,
69,song,saṅkūḍwom,
69,song,agyemannare,
69,song,anṭorepira,
69,song,,lāla
69,song of praise,ayeyidwom,
69,song of praise,,yiḍšemolala
69,soon,nṭem,
69,soon,amonom,
69,soon,mprempreṅ,
69,soon,anni ḍabi,
69,soon,aṅkyẹ,
69,soon,akakūmā,
69,soon,,amrō
69,soon,,mra
69,soothsay,kānā(krā),
69,soothsay,hyẹ ńkom,
69,soothsay,,gba
69,soothsay,,kla
70,sorcerer,ayɛn,aye
70,sorcerer,ọbaninyɛn,domo
70,sorcerer,ọbāyɛn,kramo
70,sorcerer,ọbayifo,ńkonyāyẹlọ
70,sorcerer,ọkomfo,
70,sorcerer,osumanfo,
70,sorcerer,ntafoayifo,
70,sorcery,bayi,ńkonyāyẹli
70,sorcery,abayigoru,afāiyeli
70,sorcery,asumansem,
70,sorcery,ntafoayi,
70,sore,ekuru,asāne
70,sore,akisikuru,fāla
70,sore,ńkuwańkúwa,fla
70,"sore, to be-",yẹ kuru,yi wuań
70,"sore, to be-",tu kuru,wule
70,"sore, to be-",pira,wo wu
70,"sore, to be-",,he dšra
70,"sore, to be-",,pila
70,sorrow,awẹrẹhow,dō
70,sorrow,amane,dolẹ
70,sorrow,amanchunu,haomọ
70,sorrow,ńkọmọ,awẹrẹhō
70,sorrow,,amane
70,sorrow,,ńkọmọ
70,"sorrow, v.",wẹrẹ how,hao
70,"sorrow, v.",wẹrẹ ho he,dọ
70,"sorrow, v.",ye ńkọmọ,
70,"sorry, to be-",nu nehō,fa he
70,"sorry, to be-",wọ hō,dọ
70,"sorry, to be-",eyẹ(no)yaw(yea),
70,sort,su,srọto
70,sort,bań,su
70,sort,ahorow,bań
70,sort,bi,
70,sort,kō,
70,sot,okwaseá,bulu
70,sot,tibońkósò,kwašia
70,soul,ọkăra,susuma
70,soul,sunsum (hońhom),
70,"sound, v.",gyigye,dšedše
70,"sound, v.",kā,gbẹ
70,"sound, v.",bọ,
70,"sound, v.",hyẹń (abẹń n.a.),
70,"sound, v.",gyigye,gbẹ
70,"sound, v.",nnyigyei,gbẹmọ
70,"sound, v.",gyegyẹgye,
70,"sound, v.",ẹnẹ,
70,"sound, a.",pintińń,kpintińń
70,"sound, v.",hō ye,kpińń
70,"sound, v.",hō ye deń,he wa
70,"sound, v.",di mū,ye emū
70,"sound-ness, n.",pintińnyẹ,kpińńfemọ
70,"sound-ness, n.",ahōọdeń,hewale
70,"sound-ness, n.",akwāhōsań,emuyeli
70,"sound-ness, n.",mūdi,salẹ
70,soup,ńkwań,wọnu
70,soup,mmẹkwań,ńkwań
70,soup,,akokosu
70,"sour, a.",nyīnyănyīnyă,katekate
70,"sour, a.",yerẹyerẹw,nyănyănyă
70,"sour, a.",yerẹdẹdẹ,
70,"sour, v.",nyań,ša
70,"sour, v.",nyane,kpa
70,"sour, v.",kaw,gba
70,"sour, v.",pae,
70,"he is a sour, morose fellow",onnim ago,elee fẹmọ
70,"soursap, -sop",adukántùńkúm,aluguntugū
70,"source, n.",nsu-aniwa,nubu
70,"source, n.",nsuti,dšẹhe
70,"source, n.",(asubọntẹń) atifi,
70,"source, n.",fibea,
70,"source, n.",ase,
70,"south, n.",ẹpom',ńsọgbẹ
70,"south, n.",po-fām',woyi
70,"south, n.",nifā,ninedšurōgbẹ
70,"south, n.",-fām,
70,"south, n.",kesē-fām,
70,"south, n.",sud..,
70,"south, n.",sûdí,
71,sow,prako,kploko
71,sow,prako,kplotō
71,sow,prako,batafo
71,sow,prako,beo(?)
71,sow,kokotebere,kploko
71,sow,kokotebere,kplotō
71,sow,kokotebere,batafo
71,sow,kokotebere,beo(?)
71,sow,batafo,kploko
71,sow,batafo,kplotō
71,sow,batafo,batafo
71,sow,batafo,beo(?)
71,sow,dua,dū
71,sow,dua,lā dūmoŋii
71,sow,gu (aba),dū
71,sow,gu (aba),lā dūmoŋii
71,sow,pě,dū
71,sow,pě,lā dūmoŋii
71,sow,petě,dū
71,sow,petě,lā dūmoŋii
71,spacious,kese,mli le
71,spacious,kese,he gbe pi yo
71,spacious,teterę,mli le
71,spacious,teterę,he gbe pi yo
71,spacious,hãhãrā,mli le
71,spacious,hãhãrā,he gbe pi yo
71,spacious,emu gow,mli le
71,spacious,emu gow,he gbe pi yo
71,spacious,emu terew,mli le
71,spacious,emu terew,he gbe pi yo
71,spacious,sō,mli le
71,spacious,sō,he gbe pi yo
71,spade,hanspā,id
71,span,nsãmma,krakate
71,span,nsãmma,klakate
71,span,nsãmma,klọ
71,Spain,Spania (Sampãnyã),Ameo
71,Spain,Spania (Sampãnyã),Spania
71,spar,aparow,agbale
71,spar,odampare,agbale
71,spare,gye (ŋkwã),ba yi
71,spare,gye (ŋkwã),here (wala)
71,spare,gye (ŋkwã),tia
71,spare,gye (ŋkwã),bọ dfetri
71,spare,kyee (so),ba yi
71,spare,kyee (so),here (wala)
71,spare,kyee (so),tia
71,spare,kyee (so),bọ dfetri
71,spare,tia,ba yi
71,spare,tia,here (wala)
71,spare,tia,tia
71,spare,tia,bọ dfetri
71,spare,bọ dwetiri,ba yi
71,spare,bọ dwetiri,here (wala)
71,spare,bọ dwetiri,tia
71,spare,bọ dwetiri,bọ dfetri
71,sparingly,,kūma
71,sparingly,,kę
71,sparingly,,nõ n.k. kūma
71,spark,(ogya) nturuturuwi,(la)srēmi
71,sparrow,akasanōmã,aflimata
71,spawn,apatã ŋkesua,ŋmã
71,speak,kasa,wie
71,speak,kā,kā
71,speak,kā asęm,tā
71,speak,kā..kyerę,fa na
71,speak,bu (be),fo daŋ
71,speak,bu (be),bu (abe)
71,speak against,kasa tia (hye),gu
71,speak against,nūrū,wie ši
71,speak against,tutu ano sisi,kū na
71,speak against,tua ano,
71,speak against,tōtō ano,
71,speak for,kasa mã,dšie na
71,speak for,yi ano,fã he
71,speak friendly,kasa okasapa,dše osreŋe
71,speak friendly,kasa -yiye,wie tšui na
71,speak friendly,kā abodwōeesęm,wie tšuidšurō na
71,speak ill,kā asęmmone,nyie šiši
71,speak ill,ano to,wie he
71,speak openly,yi anim kasa,kā
71,speak openly,yi anim kasa,wie fãŋŋ
71,speaker,okyēãmé,otšāme
71,speaker,aséamãŋ,wielo
71,speaker,okasafọ,
71,speaker of proverbs,obebufo,abębūlọ
71,spear,peaw,galitšo
71,spear,pęmę,akplọ
71,spear,F. kama,
71,spear,wọ peaw,dū akplọ
71,spear,wọ peaw,gbu
71,spear,wọ peaw,tšu
71,specie,asikamono,šika
71,specie,dare,dale
71,species,su,heŋọ
71,species,baŋ,su
71,species,ahorow,baŋ
71,species,ahorow,sroto
71,speckled,ntọkọántọkọá,ŋwãtãŋwãtã
71,speckled,ntokontráma,ŋwętęŋwętę
71,speckled,,tuntrã
71,speckled,,damdam
72,spectre,ọsésã,sisa
72,spectre,ọsāmã́n,sisa
72,speditor,ọmãuãfo,mãdšẹlọ
72,speech,ọkasa,nadšã
72,speech,asẹm,nadšale
72,speech,kasec,sẹntfã
72,speech,amanneẹ,wiemọ
72,speed,ntẹm,mramráfemọ
72,speed,ye,oyáfemọ
72,speed,ahọọhare,oyáfemọ
72,spend,di,ye
72,spend,fwere,fere
72,spend,sẹẹ,fite
72,to be spent,rewu,gbo
72,to be spent,sã,plene
72,to be spent,hi,tã
72,to be spent,hi,yi tã
72,to be spent,hi,wule
72,sperm,nsu,fọ
72,sperm,ahọbã,henu (gũgọ)
72,spice,aduru,tšofã
72,spice,ohũãm,tšofã-kẹ-ńma
72,spice,atomde,tšofã-kẹ-ńma
72,spice,mako,tšofã-kẹ-ńma
72,spice,pépèrẹ,tšofã-kẹ-ńma
72,spider,ànanse,ananu
72,spider,ntikúma,ananu
72,spider,ọkyémfó,ananu
72,spider,kónnọre,ananu
72,spider's web,anansehũhũa,nanukpà
72,spider's web,ntontañ,nanukpà
72,spill,fwie gu,fie ši
72,spill,kã fwie,dfere
72,spill,kã gu,fose
72,spill,kã gu,fote
72,spill,kã gu,tši.. fie
72,spin,to asawa,tšẽ
72,spin,fira,tšẽ
72,spin,fura,tšẽ
72,spindle,kyekye,tšẽmọtšọ
72,spindle,kyekye,keke
72,spirit,súnsúm,mumọ
72,spirit,hoñhom,kla
72,spirit,ọsésá,okla
72,spirit,ọsámã́n,sisa
72,spirit,nsã,saman
72,spirit,mmọrọsã,dã
72,spirit,mmọrọsã,blọfodã
72,spirt,bọ gu,tšẽ
72,spirt,hinam (ntasu),tšẽ
72,spit,fọ ntasu,fè
72,spit,ta (to) ntasu,fè ladšõ
72,spit,ta (to) ntasu,tšẽ ladšõ
72,spittle,ntasu,ladšõ
72,spitting-box,toapo,ladšõnõ
72,spite,ahí,hiegbẽ
72,spite,nitañ,hiegbẽle
72,spite,abohuru,nyãfimọ
72,spiteful person,nitamfo,šišitfalọ
72,spleen,tàni,musulilei
72,spleen,tàni,hela
72,splendid,hãnãhãnã,hrãhrã
72,splendid,wofwẹ a ẹnfwẹ,kañkañ
72,splendid,dàguã,kañkañ
72,splinter,duã,kuli
72,splinter,dua hō mporoporowa,kuli
72,split,pae,gba
72,split,pae,gbla
72,spoil,bọ,dfa
72,spoil,sẹẹ,dfra
72,spoil,pọrow,fite
72,spoil,suw,su
72,spoil,fow,hie kpãtã
72,spoil,fo,kpãtã hie
72,spoil,ha,fo
72,spoil,ha,ha
72,spoil (n.),afowde,nomñõnii
72,spoil (n.),asade,nom
72,spoil (n.),nnomum,ofo
72,spoil (n.),nnomum,hanii
73,spoiler,oṣẹfo,
73,spoiler,ofowfo,
73,spoiler,,fitelo
73,spoiler,,hiekpātālo
73,spoiler,niihalo,
73,sponge,osaw,
73,sponge,tòtọ,
73,sponge,obosaw,
73,sponge,brọdewa,
73,sponge,ahensaw,
73,sponge,sapọw,
73,sponge,posaw,
73,sponge,,kotṣa
73,sponge,bosao,
73,sponge,nṣọŋkotṣa,
73,sponge,pẹ adifude,
73,sponge,,ye akpāṅma
73,spoon,atere,
73,spoon,Ak. ato,
73,spoon,atoo,
73,spoon,,awale
73,spoon,,ato
73,sport,agoru,
73,sport,mfẹfẹwayi,
73,sport,anigye,
73,sport,ahayo,
73,sport,,sāsāsō
73,sport,,femo
73,sport,,alakpadṣe
73,sport,,gbobimo
73,sport,,mile
73,sport'sman,obommofó,
73,sport'sman,obofó,
73,sport'sman,,milo
73,sport'sman,,gbobilo
73,sport,goru,
73,sport,twẹ akúrodo,
73,sport,,dṣe alakpa
73,spot,bābi,
73,spot,beabi,
73,spot,fākō,
73,spot,anaṅmu,
73,spot,amonom họ,
73,spot,ṅekāe,
73,spot,,mpetěmma
73,spot,,he
73,spot,,gbehe
73,spot,,nādṣiaṅ
73,spot,,heṅmāmọ
73,spot,pẹ,
73,spot,petẹ,
73,spot,kekā,
73,spot,,tṣeṅe
73,spot,,ūmā
73,spot,,ūmlā he
73,spotted,ṅworaṅworaṅ,
73,spotted,ṅmẹṭeṅmẹṭe,
73,spotted,dṣẹkẹdṣẹkẹdṣẹkẹ,
73,spotted,truntrā,
73,spout,bọ..gu,
73,spout,fwie,
73,spout,huruw,
73,spout,fifi,
73,spout,,tṣē (nu)
73,sprain,hūaṅ,
73,sprain,,loke
73,spread,hata,
73,spread,kata(so),
73,spread,tow(poṅ),
73,spread,sẹw,
73,spread,terẹw,
73,spread,terẹw mu,
73,spread,petẹ,
73,spread,bọ..petẹ,
73,spread,fwete,
73,spread,bọ..gu,
73,spread,hye,
73,spread,hyehye,
73,spread,hyeta,
73,spread,,ka
73,spread,,ha (no)
73,spread,,ṅme
73,spread,,ṅmọ(okplō)
73,spread,,gbē
73,spread,,fā
73,spread,,gbẹ..fā
73,spread,frala ṣi,
73,spread,bọ ṣi,
73,spread,dṣedṣe,
73,spread,hehe,
73,spread,tṣēṅe,
73,spring,huruw,
73,spring,fi,
73,spring,fifi,
73,spring,ba,
73,spring,pue,
73,spring,pae,
73,spring,fi ase,
73,spring,,huru
73,spring,,kwē
73,spring,,tū
73,spring,,ba
73,spring,mfiase,
73,spring,fifibere,
73,spring,nsuaniwa,
73,spring,nsuti,
73,spring,mmasu,
73,spring,mpāpae,
73,springe,afiri,
73,springe,,tṣōṅe
73,sprinkle,pẹ,
73,sprinkle,petẹ,
73,sprinkle,ḍwira,
73,sprinkle,,fā
73,sprinkle,,fā nọ
73,sprinkle,,tṣēṅe
73,sprout,fefẹw,
73,sprout,nyiṅ,
73,sprout,,gba ahwānyā
73,sprout,,kwē
73,sprout,mfefẹwe,
73,sprout,,ahwānyā
73,spume,ahuru,
73,spume,,afūi
73,spunk,mfahū,
73,spunk,,asósọ
73,spur,pọṅkopiadade,
73,spur,nṣoe,
73,spur,,kando
73,spur,wọ (opọṅko) dade,
73,spur,pia,
73,spur,,ṣi
73,spur,,tṣirẹ yise
74,steel,apagya-dade,stol
74,steel,dadepen,dadepeṅ
74,steep,kūroṅkūroṅ,sōmomō
74,steep,kūroṅkūroṅ,grēmē
74,steep,kūroṅkūroṅ,gōigōi
74,steep,kūroṅkūroṅ,groṅṅ
74,steer,kudọ,kudọ
74,steer,kyerẹ (hyeṅ) kwaṅ,
74,stem,dua,tšo
74,stem,dutaṅ,tšoku
74,stem,abusũa,
74,stem,siw kwaṅ,tši gbe
74,stem,siw ano,tši gbe
74,stem,di asi,tši gbe
74,stench,hũā,fū
74,stench,pāmpāṅ,dšē
74,stench,sā,dšē
74,step,tia,tšia
74,step,nantew,tšia
74,step,pere (kwaṅ),tšia
74,step,dọṅ,tšia
74,step,kyēa,tšia
74,step,nyie dada,tšia
74,step,atrapoẹ,atrakpe
74,step,onammoṅ,kpo
74,step-brother,agya-gba,tšebi
74,step-brother,eṇā-gba,tšebi
74,step-sister,agya-gba,nyebi
74,step-sister,eṇā-gba,nyebi
74,step-child,okunu ba,wubi
74,step-child,oyere ba,ñābi
74,steward,adiakyiri,adiatširi
74,steward,opiani,sẹmo
74,steward,ofiefwẹfo,sẹmo
74,stick,wo,du
74,stick,bọ,ka
74,stick,hyẹ,tšeke
74,stick,bata,tšē
74,stick,fām,kō
74,stick,tua,kpetẹ
74,stick,si,
74,stick,tim,
74,stick,ka (họ),
74,stick,dua,tšo
74,stick,poma,deṅhiemọtšo
74,stick,abā,deṅmātšo
74,stiff,deṅ,šākātā
74,stiff,kyeṅkyereṅṅ,keketē
74,stiff,wā,kwekwēkwe
74,stiff,trōmọ,
74,stiffness,okyẹṅ,šō
74,stiffness,oseṅ,šō
74,stifle,siw,šiu
74,stifle,siw mene,šiki
74,stifle,siw so,šiki
74,still,kómm,diō
74,still,dínṅ,diṅṅ
74,still,démm,krānā
74,still,kònī,kpō
74,still,krānā,
74,still,kránanana,
74,still,bọm,sĕ
74,still,tẹm,sĕ koni
74,still,pata,laka
74,still,dwudwọ,dšọ he
74,still,mā ti da,kpātŭ
74,still,da so,dō
74,still,kọ so,kĕ
74,still,ara,kĕlẹ
74,still,kyéṅkyēū ara,koṅṅ
74,still,nanso,lolo
74,still,eyẹ deṅ ara a,tšĕ
74,still,,tšĕkĕ
74,still,,tšebẹlẹ
74,sting,bọ,ti
74,sting,wo,tšĕ
74,sting,fwirow,tsĕrĕ
74,sting,ka,
74,sting,keka,
74,stink,(họ) boṅ,(he) fū
74,stink,yi hũā,dše fū
74,stink,,ša
74,stink,,dše sā
74,stinking,kaṅkaṅ,bobokple
74,stinking,,boṅboṅ
74,stinking,,fū
74,stinking,,ša
74,stinking,,šra
74,stipulate,hyẹ,ye fua
74,stipulate,hyẹ to họ,
74,stipulate,kā to họ,
74,stipulate,fua,
74,stipulate,di fua,
74,stipulation,anodi,apayeli
74,stipulation,ṅkātoho,yeli-kẹ-fuamo
75,stir,fono,
75,stir,fōntaṅ,
75,stir,hwānyāṅ mu,
75,stir,kā,
75,stir,kekā,
75,stir,kānyāṅ,
75,stir,nū (nūnū) mu,
75,stir,pūa,
75,stir,tane ani,
75,stir,,futa
75,stir,,lota
75,stir,,ta mli
75,stir,,hao mli
75,stir-apple,,latšá
75,stitch,wo,
75,stitch,pam,
75,stitch,tā mu,
75,stitch,,lata
75,stitch,,tšē he
75,stitch,,gbu
75,stock,dua,
75,stock,dunsiṅ,
75,stock,dutaṅ,
75,stock,ase,
75,stock,,tšo
75,stock,,tšoku
75,stock of money,dwetiri,
75,stock of money,sika akoteṅ,
75,stock of money,,dɛtri
75,stock of money,,yi
75,stocking,stokiṅ,
75,stocking,astagiri,
75,stocking,,kaosu
75,stocking,,kausu
75,stomach,nsonokeṣé,
75,stomach,yam' kotoku,
75,stomach,yafunum,
75,stomach,ofuru,
75,stomach,,kotoku
75,stomach,,musuṅ
75,my-aches,me,
75,my-aches,me bo fotaṅ me,
75,my-aches,,mitšine ṇo futami
75,my-rises,me bo fono me,
75,my-rises,,mitšine lotami
75,stone,ọbo,
75,stone,adua,
75,stone,aba,
75,stone,fweā,
75,stone,,tẹ
75,stone,pa abo,
75,stone,bo abo,
75,stone,siw abo,
75,stone,,tfa tẹ
75,stone,,tfia tei
75,stony,aboabo,
75,stony,,tẹitei
75,stony,sakasaka,
75,stool,agua,
75,stool,akoṅnua,
75,stool,abrogua,
75,stool,akenteṅnua,
75,stool,mâñó,
75,stool,,guo
75,stool,,ablogwa
75,stool,,sēi
75,stool,,maño
75,stoop,kotow,
75,stoop,bọ (ne)mu ase,
75,stoop,"bērẹ (ne hō, ne mu) ase",
75,stoop,si,
75,stoop,,dọ mli
75,stoop,,koto ši
75,stop,siw,
75,stop,kwaṅ,
75,stop,ano,
75,stop,tua ano,
75,stop,siaṅka,
75,stop,gyina,
75,stop,gyae,
75,stop,soe,
75,stop,,tši
75,stop,,gbẹ
75,stop,,na
75,stop,,pia
75,stop,,gbe daṅ
75,stop!,gyina họ!,
75,stop!,ayẹ yiye!,
75,stop!,,kokōko!
75,stop!,,ayẹ!
75,stop!,,damọ ši!
75,stopper,ntuaāno,
75,stopper,,plope
75,stopple,ntuaāno,
75,stopple,,plope
75,store,afiase,
75,store,adekorae,
75,store,adekoradaṅ,
75,store,pia,
75,store,pumpunu,
75,store,pakusu,
75,store,,fiase
75,store-keeper,ofiepanyiṅ,
75,store-keeper,odekorafo,
75,store-keeper,opiadifo,
75,store-keeper,,adiatširi
75,store-keeper,,sẹmo
75,storm,ahum,
75,storm,oprannā,
75,storm,gyegyēgye,
75,storm,sakasaka,
75,storm,,ahum
75,storm,ahum tu,
75,storm,mframa bọ denneṅ,
75,storm,bọ dam,
75,storm,toa,
75,storm,,hu
75,storm,,ahum tía
75,storm,,fā yi
75,storm,,kē yi
75,stormy,hū,
75,stormy,hō,
75,stormy,kirididi,
75,stormy,,hū
75,story,asẹm,
75,story,asẹṅkekāe,
75,story,asẹmma,
75,story,anansesẹm,
75,story,ayẹsẹm,
75,story,nsẹmso,
75,story,,sane
75,story,,nsọdo
75,story,,sēndo
75,upper-story,abansoro,
75,upper-story,,nsọdo enyo
75,upper-story,,ṅwei nsọdo
76,stout,kẹse,
76,stout,deṅ,
76,stout,denneṅ,
76,stout,dùkuduku,
76,stout,hō pirim,
76,stout,,agbo
76,stout,,wulu
76,stout,fi,
76,stout man,ọbẹraṅ,
76,stout man,ọhọọdeṅfo,
76,stout man,ọtwẹntwẹmfo,
76,stout man,,oblaṅ
76,stoutness,ọbẹraṅ,
76,stoutness,kẹse(yẹ),
76,stoutness,deṅ(yẹ),
76,stoutness,ahọọdeṅ,
76,stoutness,,oblaṅdšẹ
76,stoutness,,oblaṅbamo
76,stoutness,,agbodšẹ
76,stoutness,,fīlẹ
76,stow,sie,
76,stow,kora,
76,stow,,to
76,straight,tē,
76,straight,trēnē,
76,straight,tēe,
76,straight,Ak. tene,
76,straight,,trōmō
76,straight,dša,
76,straight-way,tē,
76,straight-way,trēneneṅe,
76,straight-way,(tu) nteṅ,
76,straight-way,,trẹuẹ
76,straighten,tēe,
76,straighten,tēetēe,
76,straighten,,dšadšẹ
76,straightness,otēe,
76,straightness,trēnẹ(yẹ),
76,straightness,,dšalẹ
76,straightness,,trẹnefemo
76,strain,peṅ mu,
76,strain,yere mu,
76,strain,kyim,
76,strain,soṅ so,
76,strain,mia ani,
76,strain,biri mogya ani,
76,strain,,do no
76,strain,,kpa no
76,strain,,tšere no
76,strait,ahọhia,
76,strait,ahọkyere,
76,strait,mpotam',
76,strait,,fimo
76,he is in a strait,ne hō bia no,
76,he is in a strait,ne hō kyere no,
76,he is in a strait,n'ani atane,
76,he is in a strait,,efilẹ
76,he is in a strait,,ehe fi
76,he is in a strait,,ehe hiale
76,strange,adefoforo,
76,strange,ṅwōṅwā,
76,strange,sono,
76,strange,Ak. sora,
76,strange,,kpōṅ
76,strange,,gbọ
76,strange,,sroto
76,strange,,kọšikọši
76,strange,sro,
76,strange,soro,
76,strange matter,aṅwoṅwāsem,
76,strange matter,asẹm foforo bi,
76,strange matter,,asemsro
76,stranger,ọhọho,
76,stranger,ọnanani,
76,stranger,,mokpōṅ
76,stranger,,gbọ
76,stranger,,maṅseṅyo
76,strangle,seṅ,
76,strangle,mene,
76,strangle,siw mene,
76,strangle,mia kọṅmu kum,
76,strangle,,sèṅ
76,strangle,,mia sē
76,strangle,,šōtō
76,straw,sare,
76,straw,ṅwura,
76,straw,,dfei
76,straw-basket,pirebi,
76,straw-basket,,ablabutu
76,straw-hat,,sōnfai
76,straw-mattras,pikyi,
76,straw-mattras,,tšatša
76,stray,yera,
76,stray,(hāra),
76,stray,wọ ntwẹtwẹdẹ,
76,stray,kyiṅ,
76,stray,kyini,
76,stray,,ladšẹ
76,stray,,dū gbẹ
76,stray,,tšomlọ
76,streak,sensaṅ,
76,streaked,ṅworaṅworaṅ,
76,stream,asu,
76,stream,asuteṅ,
76,stream,asuboṅteṅ,
76,stream,,fa
76,stream,,nsuboṅteṅ
76,street,bọrọṅ,
76,street,aboṅteṅ,
76,street,,blohū
76,street-tree,gyedua,
76,street-tree,,blohūṅtšo
76,strength,ahọọdeṅ,
76,strength,deṅ(yẹ),
76,strength,ọbẹraṅ(yẹ),
76,strength,mmaninyẹ,
76,strength,,wā
76,strength,,hewā
76,strength,,walẹ
76,strength,,hewalẹ
76,strength,,heṅwalẹ
76,strength,,kpakpatāfemo
76,strength,,oblaṅdšẹ
76,strength,,oblaṅbamo
76,strength,,timo
76,strength,,tūna
77,strengthen,hye deŋ,wa
77,strengthen,hye ahōodeŋ,wadše
77,strengthen,,wo hewale
77,strengthen,,fi se
77,strenuous,deŋ,
77,strenuous,pa,
77,strenuous,mmarimaso,
77,stretch,tēe,kpà
77,stretch,twē (mu),ble
77,stretch,terew (mu),gbe mli
77,stretch,yere mu,šia
77,stretch,peŋ mu,
77,stretch,sā,
77,strew,pē,gbe
77,strew,petē,fā
77,strew,gu,gbe..fā
77,strict,deŋ,petē
77,strict,ketē,kpeŋŋ
77,to be strict,(ani) ye deŋ,hie wá
77,to be strict,,fo mli kpeŋŋ
77,stride,si apoŋkoŋaŋ,tu nane
77,stride,tutu anaŋ,
77,strife,akasakasa,bē
77,strife,aperepere,bēi
77,strife,-di,hebē
77,strife,okō,apleple
77,strife,atutuw,-yeli
77,strife,,nōmo
77,strife,,natā
77,strike,bọ,di
77,strike,boro,lu
77,strike,fwe,yi
77,strike,pā,gba
77,strike,tow,gbe
77,strike,to,tfa
77,strike (of lightning),duru,
77,strike (of lightning),si,
77,strike (with the hand or fist),bọ mē,gba mā
77,strike (with the hand or fist),pā asōm,mā atfere
77,strike (with the hand or fist),tow twere,
77,strike (with the hand or fist),bọ-,
77,strike (with the hand or fist),bọ kuturuku,
77,strike (with the hand or fist),kuturumōá,
77,strike down,kā bọ fam,hẹ ši
77,strike down,,lu ši
77,strike down,,tfa ši
77,strike root,gye ntini,here (hele) ši
77,strike root,ṅhiù,yi fā
77,strike root,,dše šišifā
77,string,hama,kpà
77,string (of cowries),obaŋ,
77,half a string of cowries,tapo,tšakpo
77,string,kyekyere,fi
77,string,sina,wo kpā
77,string,baŋ,
77,strip,pa,kpla
77,strip,gua,kproke
77,strip,woro(w),
77,strip,wore,
77,striped cotton,dukudoŋ,konoku
77,striped cotton,abrokyiri-kente,ablotšile-kente
77,stripling,aberantéwá,
77,stripling,aberantékwá,
77,strive,bọ mmodeŋ,bọ modeŋ
77,strive,pere,ye apleple
77,strive,perepere,bē
77,strive,di aperepere,nō
77,strive,kò,ta na
77,stroke,obọ,tfā
77,stroke,asōm pā,tfiame
77,stroke,"mē (twere, kutruku)",toigbā
77,stroke,a wọbọ,toigblamo
77,stroke,,māgblamo
77,stroke,,bum
77,stroke,,gbo
77,stroke,,gbu
77,stroke,srasra,gbla he
77,stroke,siām,
77,stroke,defedefe,
77,stroke,kyi (nufu),
77,stroll,kyini,tšomlo
77,stroll,wọ ntweṭwede,bọ
77,stroll,bọ ko,bọ ko
77,stroller,obadueduefo,tšomlolo
77,stroller,okobọfo,kobọfo
78,strong,deṅ,
78,strong,dennéṅ,
78,strong,pintiṅ,
78,strong,prim,
78,strong,prímprim,
78,strong,,wā
78,strong,,agbo
78,strong,,anosā
78,strong,,dendeṅ
78,strong,,dendendeṅ
78,strong,,kākā
78,strong,,kpanā
78,strong,,kpanakpana
78,strong,,kpiṅ
78,strong,,titrī
78,strong (to be),hō ye deṅ,
78,strong (to be),hō ye pintiṅ,
78,strong (to be),ye obēraṅ,
78,strong (to be),oyẹ mû prim,
78,strong (to be),ne hō prim,
78,strong (to be),,wa
78,strong (to be),,he wa
78,strong (to be),,ti
78,strong (to be),,dše oblaṅ
78,strong (to be),,gba oblaṅ
78,strong-man,ohōgdeṅfo,
78,strong-man,otwentwemfo,
78,strong-man,oberaṅ,
78,strong-man,,hewalo
78,strong-man,,oblaṅ
78,struggle,kō,
78,struggle,-ntokwaw,
78,struggle,pere,
78,struggle,si kane,
78,struggle,,nō
78,struggle,,ple
78,struggle,,ši akaṅ
78,struma,,do
78,stubborn (to be),ṅweṅ,
78,stubborn (to be),ye mpi,
78,stubborn (to be),tew ahi,
78,stubborn (to be),asō asorow,
78,stubborn (to be),koṅ aseṅ,
78,stubborn (to be),ani ye deṅ,
78,stubborn (to be),,yitšo wa
78,stubborn (to be),,kuẹ kû
78,study,sūa ṅhōmam' fẹ,
78,study,nēm adesūa hō,
78,study,da dweṅ,
78,stuff,ade wode aye no biribi,
78,stuff,ade,
78,stuff,-titiriw,
78,stuff,afide,
78,stuff,ntama,
78,stumble,hintiw,
78,stumble,Ak. fwinti,
78,stumble,Kuk. sunti,
78,stumble,F. purow,
78,stumble,,hrāṅ
78,stumble,,tẹ (ši)
78,stumble,,trẹ
78,stumble,,ti ši
78,stumble,,tšō no
78,stumbling-block,hintidua,
78,stumbling-block,-bo,
78,stumbling-block,,pampi
78,stumbling-block,,tšōne
78,stumbling-block,,šitemoṅō
78,stump,siṅ,
78,stump,,ku
78,stump (of a tree),dunsiṅ,
78,stump (of a tree),,tšoku
78,stump (of a tree),,tšokuku
78,stunned (to be),etware no,
78,stunned (to be),,hie di m.k.
78,stupid,tiboṅkósò,
78,stupid,okwasea,
78,stupid,kwātéé,
78,stupid,ogyimfo,
78,stupid,aboa,
78,stupid (v.),gyimi,
78,stupid (v.),nni ti,
78,stupid (G. a.),,melō
78,stupid (G. n.),,kwašia
78,stupid (G. n.),,bulu
78,stupid (G. n.),,kolo
78,stupid (G. v.),,fe ašitū
78,stupid (G. v.),,yitšo wa
78,stupified (to be),hò dwiriw(no),
78,stupified (to be),,he dšō he
78,stupified (to be),,fe ṅwōṅwā
78,stutter,po dodow,
78,stutter,,ha momo
78,sty,prakodaṅ,
78,sty,,tšu
78,sty,,kplototšu
78,subject,akoa,
78,subject,onipa,
78,subject (pl.),omamfo,
78,subject (pl.),omaṅ mma,
78,subject (pl.),ṅkurofo,
78,subject,ade a eye a.s. woye no biribi,
78,subject,ade a wokā hō aseṅ,
78,subject,,gbomo
78,subject,,wenyo
78,subject,,šišinyo
78,subject,,dšasefonyo
78,subject (pl.),,maṅbii
78,subject (pl.),,webii
78,subject (pl.),,šišibii
78,sublime,kese,
78,sublime,kūnini,
78,sublime,nea woamāso,
78,sublime,,wulu
78,sublime (v.),ye gbeye,
78,submerge,mem,
78,submerge,do asuko,
78,submerge,hye-,
78,submerge,,mi
78,submerge,,šiu
78,submit,bēre (nehō) ase,
78,submit,de hye nsa,
78,submit,de (nehō) mā,
78,submit,,ùmẹ
78,submit,,ùmẹ ši
78,subsist,wo ho,
78,subsist,te.. so,
78,subsist,di,
78,subsist,didi,
78,subsist,yeṅ,
78,subsist,,ye
78,subsist,,ye
78,subsist,,le
79,subsistence,akwaŋhyęde,sisę
79,subsistence,akoŋhama,niyenii
79,subsistence,sise,lę
79,subsistence,,nyoŋdsenii
79,substance,ade,nō
79,substance,emu ade,nii
79,substance,adetitiriw,
79,substance,ahōde,
79,substitution,anaŋmuhye,nādšiaŋto
79,substitution,,yeli
79,succeed,di akyiri,ye sęo
79,succeed,di anaŋmu,ye nādšiaŋ
79,succeed,di ade,fere
79,succeed,ko anim,ya hie
79,succeed,ko so,ya no
79,succeed,nyā siade,
79,success,siade,šade
79,success,úkoso,feremo
79,success,,noyā
79,success,,hieyā
79,succession,anaŋmudi,nādšiaŋyeli
79,succession,adedi,sęoyeli
79,successor,adiakyiri,maňtše sęmo
79,successor,ahenniakyiri,
79,successor,odedifo,
79,succumb,di ŋkōgu,tfa na tû
79,such,sá,nakai
79,such,sā .. yi,nekę .. nę
79,suck,few,fo
79,suck,num nufu,šo
79,suck,,nu fufọ
79,suck,,ye fufọ
79,suckling,nufunumfo,fufonulọ
79,suckling,akokoā,gbeke fufọo
79,suckling,,gbeke abifao
79,suddenly,mpofirim',kpatû
79,suddenly,afreso,kpatukpatu
79,suddenly,amonomhọara,
79,to do,patuw,kpatu
79,suet,asābo hō srade,sabai he fọ
79,suffer,hū amane,na nō
79,suffer,hū biribi,na amane
79,suffer,mia ani hū,
79,suffer,yare,
79,suffer,mā ọkwaŋ,
79,suffer for,tua,wo nyōmọ
79,suffer for,tua kaw,
79,suffice,sō,fa
79,suffice,dōsō,šę
79,suffice,du (ano),na
79,sufficiency,nea csō,fale
79,sufficiency,ędōsō,šę
79,sufficiency,edu,nasę
79,sufficiency,,kplemọ
79,suffocate,siw mene,šiki
79,suffocation,menesiw,šikimọ
79,suffocation,,tsuisū
79,sugar,asikre,sukle
79,sugar,,tę
79,sugar cane,afwerew,sę
79,sugar cane,afwereę,wild-fwerew
79,suggest,hye nyansā,wo na
79,suggest,hye tirim,toin
79,suggest,,yin
79,suggest,,ñā
79,suicide,ahōkum,hegbę
79,he commits suicide,odi nehō dọm,egbe ehe
79,he commits suicide,,egbe edšeň na
79,suit,fata,sa
79,suit,kọ yiye,sa hie
80,sullen,muna,tū hie
80,sullen,kum,yibọ
80,sullen,anim,yikulę
80,sullen,anim amuna,
80,sum,ano,
80,sum,ntoāno,
80,summer,ahŏhurubere,latšabe
80,summit,atifi,yiteń
80,summit,sronsroń,šōšōšō
80,sun,oŵia,hūlū
80,sun,aŵia,hūnū
80,sun,,hūrū
80,sun-down,aŵiato,hūlūšinyō
80,sun-rise,aŵiapue,hūlūšitē
80,sun-rising,adekyēe,
80,sun-shine,aŵia,hūlūtšō
80,Sunday,kwasida,hogba
80,supercilious,n'ani tra ne ntoń,
80,superficially,anianihayi,famfam
80,superficially,fā-nè-fā,fā-kę-fā
80,to cover superficially,nyinanyinam,
80,superfluity,mmoroso,falę
80,superfluity,ntraso,niiańwūmọ
80,superfluity,tāmu,notekemọ
80,support,boa,piń
80,support,gyina akyi,wao
80,support,tweri,sọo
80,support,sum,wa
80,support,waw,wadše
80,support,hye deń,lę
80,support,bọ akońhama,
80,support (noun),ọboa,waomọ
80,support (noun),gyina,wadšemọ
80,support (noun),akyidua,lę
80,support (noun),mūdua,
80,support (noun),deńhye,
80,support (noun),akońhamabọ,
80,supporter,ọboafo,sẹfilọ
80,supporter,okyigyinafo,hefatalọ
80,suppose,susuw,kpa ši
80,suppose,susu,to hie
80,suppose,,yi fē
80,sure,nea ewom' ampa,krẹdẹ
80,sure,wonim ampa,lẹlẹń
80,sure,nokware,anọkwa
80,sure,ampaara,šińń
80,sure,,noni yeń
80,surety,a(ka)gyinam',akadšinam
80,surety,a(ka)gyinadi,nādšiańdāmọ
80,surety,a(ka)baso,mlidāmọ
80,surety,a(ka)basodi,
80,surf,asorọkye,nsrọkei
80,surf,aworo,
80,surface,ani,hie
80,surface,so,nọ
80,surface,hō,
80,surface,nsuani,
80,surname,mmărań,sablă
80,surname,nsăbrań,sablāń
80,surpass,seń,fe
80,surpass,kyeń,bọ nọ
80,surpass,boro (so),ho na
80,surpass,tra (so),ho he
80,surpass,buńkam (so),ta nọ
80,surpass,deń (so),teke nọ
80,surpass,,fe nine
80,surprise (verb),tow gu so,fie nọ
80,surprise (verb),tua,gbe nọ
80,surprise (verb),to,ti ši
80,surprise (verb),patuw,tua
80,surprise (verb),,nina
80,surprise (verb),,hień
80,surprise (verb),,kpatu
80,surprise (noun),ńwŏńwă,ńwŏńwă
80,surprise (noun),ntua,tuamọ
80,surprise (noun),,kpatumọ
81,surround,twa ho hyia,
81,surround,bo ho kontonkron,
81,surround,dantaban,
81,surround,,bole
81,surround,,bo klanma
81,surround,,sa yi
81,survey,fwe,
81,survey,gyen,
81,survey,gyen ani fwe,
81,survey,fwe so,
81,survey,susu (asase),
81,survey,,kwe
81,survey,,no hie ka m.k. hie
81,survey,,susu
81,suspect,susu (obi) ho bone,
81,suspect,,susu (m.k.) he efon
81,to render (one) suspected,ye (obi ho) osusuka,
81,to render (one) suspected,ntwatoso,
81,to render (one) suspected,mmotoso,
81,suspend,sen (so),
81,suspend,bo to ho,
81,suspend,tu so,
81,suspend,pem ase,
81,suspend,,tsotro si
81,suspend,,sen si
81,suspend,,tsi gbe
81,suspend,,tsi se
81,suspend,,fo
81,suspension,mmotoho,
81,suspension,akyinyegye,
81,suspension,ntuso,
81,suspension,,abo
81,suspension,,yeli
81,suspicion,,hiesa
81,suspicion,,dsen
81,suspicion,,hienmeinsa
81,suspicion,,so
81,suspicious,"he is - against him, onhu (onnim) ne tirim",
81,suspicious,,esusu ehe efon
81,sustain,sum,
81,sustain,waw,
81,sustain,tweri,
81,sustain,di boa,
81,sustain,yen,
81,sustain,bo akonhama,
81,sustain,mia ani hu (amane),
81,sustain,,he
81,sustain,,kpe na
81,sustain,,kpete sisi
81,sustain,,mia hie
81,swag,hodwow,
81,swag,hinhim,
81,swag,,tsotro si
81,swagger,hoahoa neho,
81,swagger,ye ahupo,
81,swagger,,fa (yaka)
81,swagger,,fu he
81,swallow,mene,
81,swallow,memmene,
81,swallow,,su
81,swallow,,mi
81,swallow,asomfana,
81,swallow,asonomfoa,
81,swallow,,nyonmobitete
81,swamp,atekyę,
81,swamp,dęnkyędęnkyę,
81,swamp,,nmoto
81,swamp,,nmiamo
81,swampy,taka,
81,swampy,takataka,
81,swampy,,nmotonmoto
81,sward,,wule
81,swarming,manyamanya,
81,swarming,pitipiti,
81,swarming,pepe,
81,swarming,,yukuyuku
81,swarming,,nyanyananya
81,swarming,,nyenyenyenyenye
81,swear,ka ntam,
81,swear,ka,
81,swear,di nsew,
81,swear,di abosom,
81,swear,,ka kita
81,swear,,kia kita
81,swear,,na
81,swear,,nana tan
81,swear -by,ka,na m.k.
81,swear -to,ka ntam gu so,ka m.k. kita
81,swear -falsely,ka ntanhu,
81,swear -mutually,di ntammara,
81,sweat,fifiri,
81,sweat,,latsa
82,sweep,pra,
82,sweep,prapra,
82,sweep,popa,
82,sweep,,bę
82,sweepings,ṅwura,
82,sweepings,dódów,
82,sweepings,,dfei
82,sweepings,,bęmọnii
82,sweepings,,tumunọ
82,sweet,dẹ,
82,sweet,dẹdé,
82,sweet,bróbrọbro,
82,sweet,dòkọ,
82,sweet,dòkọdọkọ,
82,sweet,fẹnemm,
82,sweet,frẽmfrẽm,
82,sweet,hũãmhũãm,
82,sweet,gyenennyenen,
82,sweet,fẹfé,
82,sweet,,dọkọ
82,sweet,,dọkọdọkọ
82,sweet,,srẽmsrẽm
82,sweet-heart,ọdọfo,
82,sweet-heart,mpănă,
82,sweet-heart,ṅwẹwẹ,
82,sweet-heart,,hemo
82,sweet-potatoe,ntómmọ,
82,sweet-potatoe,,atomo
82,sweet-scent,ohũãm,
82,sweet-scent,,ṅma
82,sweet-things,nnoḳoṅoḳowade,
82,sweet-things,,dọkọdọkẹnii
82,sweeten,mã eye fremfrem,
82,sweeten,,dọkọ
82,sweeten,,wo ṅomọ
82,sweetness,ọdew,
82,sweetness,ohũãm,
82,sweetness,ahõọfẹ,
82,sweetness,odwọ,
82,sweetness,ayamye,
82,sweetness,animtew,
82,sweetness,,dọkọmọ
82,sweetness,,ṅomọ
82,sweetness,,na-
82,sweetness,,he-
82,swell,họn,
82,swell,pũn,
82,swell,pumpun,
82,swell,puduw,
82,swell,yiri,
82,swell,pram,
82,swell,,fũ
82,swell,,he fũ
82,swell,,fũfũi
82,swell,,tẽre
82,swell,,yiri
82,swell,,plam
82,swell,,fe ṅmọnmọnmọ
82,swelling,ohọn,
82,swelling,,hefũmọ
82,swelling,abua,
82,swelling,kakao,
82,swerve,maṅ,
82,swerve,fom (kwaṅ),
82,swerve,kyini,
82,swift,harchare,
82,swift,fwimfwim,
82,swift,sorwsorow,
82,swift,ohareso,
82,swift,ntem,
82,swift,,flefle
82,swift,,oyá
82,swift,,mra
82,swim,guare,
82,swim,boro asu,
82,swim,,"sere (sre, sele)"
82,swim,,wu
82,swine,prako,
82,swine,m-,
82,swine,,kploto
82,swine,,-i
82,swing,him,
82,swing,tow doṅko,
82,swing,,ša
82,swing,,ye abọ
82,swing,odóṅkó,
82,swinge,fwẹ,
82,swinge,kà mpire,
82,swinge,,yi (kpã)
82,swish,fa,
82,swish,dote,
82,swish,,sû
82,swish,yẹ dote,
82,swish,,bọ sû
82,switch,abã,
82,switch,,kpã
82,swoon,tọ piti,
82,swoon,tọ beraw,
82,swoon,ani so biri,
82,swoon,,tọ piti (biti)
82,swoon,pititọ,
82,swoon,berawtọ,
82,swoon,abiribiriw,
82,swoon,,piti
82,swoon,,-tọ
82,swoon,,bititọ
82,sword,ṅkránté,
82,sword,afõa,
82,sword,afõnã,
82,sword,akọfãná,
82,sword,tàta,
82,sword,,klante
82,sword,,agãdã
82,sword,,tsi
82,sword-bearer,ọfõasoafo,
82,symbol,sẹṅkyerẹne,
82,symbol,gyidikãsẹm,
82,symbol,,okadi
82,sympathize,hũ mà..,
82,sympathize,te mã..,
82,sympathize,,na hã m.k.
82,sympathy,mmọborohunu,
82,sympathy,ahũmọbọ(re),
82,sympathy,timọbọ,
82,sympathy,,nã-kẹ-hãmọ
83,Tabernacle,ntamadaŋ,
83,Tabernacle,ebuw,
83,Tabernacle,ọsésé,
83,Tabernacle,,gba
83,Tabernacle,,bu
83,Tabernacle,,asese
83,table,opoŋ,
83,table,didipoŋ,
83,table,adwumpoŋ,
83,table,,okplō
83,tail,dùa,
83,tail,,lei
83,tailor,opamfo,
83,tailor,atadepamfo,
83,tailor,,mamakpelọ
83,tailor,,niikpelọ
83,take,gye,
83,take,fa,
83,take,de,
83,take,kura,
83,take,kita,
83,take,so mu,
83,take,kyere,
83,take,yi,
83,take,kukuru,
83,take,tase,
83,take,,he
83,take,,here
83,take,,ñō
83,take,,kę
83,take,,ko
83,take,,klọ
83,take,,mọmli
83,take,,dše
83,take,,wo
83,take,,hole
83,take,,lo
83,tale,asẹm,
83,tale,asẹmma,
83,tale,asẹnkekãe,
83,tale,anansesẹm,
83,tale,,kemọ
83,tale,,sane
83,tale,,gbale
83,tale,,adesã
83,talk,kasa,
83,talk,bọ ṅkọmmọ,
83,talk,sẹmọde,
83,talk,,gba
83,talk,,toke
83,talk,,wie
83,talk,,trili
83,talkative,(ano)kurokuro,
83,talkative,birebire,
83,talkative,berebere,
83,talkative,,trili
83,talker,okasafo,
83,talker,,tokelọ
83,talker,,wielọ
83,talker,,triliwielọ
83,tall,tenteŋ,
83,tall,pánfwẹnn,
83,tall,pánkraŋ,
83,tall,ware,
83,tall,,kakadaŋ
83,tall,,agbo
83,tall,,kē
83,tallow,aboróòṅnǔá,
83,tallow,srade,
83,tallow,,abloṅwa
83,tallow,,tšinafo
83,tame,dwo,kpō
83,tame,hō dwo,blẹō
83,tame,aní dwo,tobe-
83,tame,dwudwọ,dšọ
83,tame,,dšọ he
83,tameness,odwọ,
83,tameness,anidwọ,
83,tameness,,hiedšọle
83,tameness,,hedšọle
83,tameness,,mlidšọle
84,tan,hyę nhōma,kpo wolo
84,tanner,ūhōmahyęfo,wolokpolo
84,tanner,ūhōmahyęfo,wolasalo
84,tank,nsu-abura,nubu
84,tar,amā,amā
84,tardy,berēo,blęo
84,tardy,berēo,šō
84,tardy,nyā,blęo
84,tardy,nyā,šō
84,tardiness,ahōtwētwē,ogōm
84,tardiness,ogōm,ogōm
84,target,okyęm,tšeṅ
84,target,okyęm,oti
84,target,botae,tšeṅ
84,target,botae,oti
84,tarnish,yę fi,fe mūdši
84,tarnish,yę fi,ṅmā he
84,tarry,kyę,duna mę ši
84,tarry,kyę,hahala ši
84,tarry,kyę,lila ši
84,tarry,kyę,šašao ši
84,tarry,twęṅ,duna mę ši
84,tarry,twęṅ,hahala ši
84,tarry,twęṅ,lila ši
84,tarry,twęṅ,šašao ši
84,tarry,twęntwęṅ (naṅ) ase,duna mę ši
84,tarry,twęntwęṅ (naṅ) ase,hahala ši
84,tarry,twęntwęṅ (naṅ) ase,lila ši
84,tarry,twęntwęṅ (naṅ) ase,šašao ši
84,task,adwuma,niitšumo
84,tassel,dwow,amānya
84,tassel,dwow,aṅmānya
84,taste,kā fwę,sa
84,taste,kā fwę,sa na
84,taste,kā fwę,nu
84,taste,kā fwę,ṅō
84,taste,kā ano,sa
84,taste,kā ano,sa na
84,taste,kā ano,nu
84,taste,kā ano,ṅō
84,taste,sọ fwę,sa
84,taste,sọ fwę,sa na
84,taste,sọ fwę,nu
84,taste,sọ fwę,ṅō
84,taste,te,sa
84,taste,te,sa na
84,taste,te,nu
84,taste,te,ṅō
84,taste,tie,sa
84,taste,tie,sa na
84,taste,tie,nu
84,taste,tie,ṅō
84,taste (noun),odete,nasā
84,taste (noun),odete,naṅōmo
84,agreeable,odew,tšinebā
84,agreeable,odew,ṅōmo
84,to loose the taste,anom kum,daṅ dšō
84,tasteful,yę de,ṅō
84,tasteful,yę de,ba tšine
84,tasteful,yę de,yę tšine na
84,tasteful,yę akonno,ṅō
84,tasteful,yę akonno,ba tšine
84,tasteful,yę akonno,yę tšine na
84,tasteless,titri,fęte
84,tasteless,titri,fęte-fęte
84,tasteless,titri,dududūdu
84,tasteless,titri,yurududūdu
84,tasteless,titri,mudę
84,tasteless,titri,toblobō
84,tasteless,tóbūrō,fęte
84,tasteless,tóbūrō,fęte-fęte
84,tasteless,tóbūrō,dududūdu
84,tasteless,tóbūrō,yurududūdu
84,tasteless,tóbūrō,mudę
84,tasteless,tóbūrō,toblobō
84,tasteless,tobūrobō,fęte
84,tasteless,tobūrobō,fęte-fęte
84,tasteless,tobūrobō,dududūdu
84,tasteless,tobūrobō,yurududūdu
84,tasteless,tobūrobō,mudę
84,tasteless,tobūrobō,toblobō
84,tasteless,wó,fęte
84,tasteless,wó,fęte-fęte
84,tasteless,wó,dududūdu
84,tasteless,wó,yurududūdu
84,tasteless,wó,mudę
84,tasteless,wó,toblobō
84,tasteless,tówow,fęte
84,tasteless,tówow,fęte-fęte
84,tasteless,tówow,dududūdu
84,tasteless,tówow,yurududūdu
84,tasteless,tówow,mudę
84,tasteless,tówow,toblobō
84,to become tasteless,tabaw,gbo
84,to become tasteless,yę mfiṅ,gbo
84,to make the mouth tasteless,kum anom,gbe daṅ
84,tastelessness,anomkum,daṅbele
84,tastelessness,anomkum,nagbele
84,tastelessness,anomkum,nagbō
84,tatter,ntamagow,
84,tatter,mamafe,
84,tatter (verb),sunsŭane,
84,tatter (verb),tetew,
84,tattle,kasa papa,toke
84,tattle,kasa papa,wie tšō
84,tattle,kasa papa,wie trili
84,tax,otow,nto
84,tax,otow,onia
84,tax,amanne,nto
84,tax,amanne,onia
84,tax,akwanne,nto
84,tax,akwanne,onia
84,tax-gatherer,otowgyęfo,ntohelo
84,tax-gatherer,otowgyęfo,ntoyilo
84,tax-gatherer,otowgyęfo,oniatšulo
84,tax-payer,otowyifo,ntoyilo
84,tax-payer,otowyifo,oniatšulo
84,tea,ti,tē
84,tea-cup,ti-kope,tē-kope
84,tea-jug,ti-kuruwa,tē-kpulu
84,tea-kettle,ti-ketere,tē-kętrę
84,teach,kyerę,tšō
84,teach,kyerę,wie..tšō
84,teach,kyerękyerę,tšō
84,teach,kyerękyerę,wie..tšō
84,teach,kasa kyerę,tšō
84,teach,kasa kyerę,wie..tšō
84,teacher,kyerękyeręfo,tšōlō
84,teacher,kyerękyeręfo,wolotšōlō
84,tear,nisu,yafonui
84,tear,nisu,hieṅmęinu
84,tear,nusu,yafonui
84,tear,nusu,hieṅmęinu
85,tear,tew,fã
85,tear,tetew,tšere
85,tear,sūane,
85,tear,sunsūane (mu),
85,tear (from),paŋ,šō
85,tear (from),poŋ,kproke
85,tear (from),fwim,
85,tear (out),tu,fã
85,tear (out),tutu,
85,tease,yi mfēfēwa,tše na
85,tease,gyigye,dšedše
85,tease,teaze,
85,tell,kà kyere,ke
85,tell,se,gba
85,tell,kaŋ,sane
85,tell,keŋkaŋ,wo toi ŋo
85,tell,bu ano,kane
85,teller,okāfo,kelo
85,teller,okeŋkaŋfo,gbalo
85,teller,,sane-
85,teller,,kanelo
85,temper (to be out of),ne bo ahuru,hie do
85,temper (to be out of),n'ani bere,hie do la
85,temper (to be out of),n'ani yehyew,
85,temper (to be out of),onseŋ ne werem,
85,temple (place of worship),asoredaŋ,Nyoŋmotšu
85,temple (place of worship),asorefi,we
85,temple (of the face),asôntorom,hietšo
85,tempt,so..fwę,kā
85,tempt,gyigye,tšō
85,tempt,,-na
85,tempt,,wo kā
85,tempt,,dšedše
85,temptation,sofwę,kā
85,temptation,nnyigye,tšō
85,temptation,,natšō
85,temptation,,tšōle
85,temptation,,tšōmo
85,tempter,osofwefo,kalo
85,tempter,ogyigyefo,(na)tšōlo
85,tempter,,tšōnetšōlo
85,ten,edu,nyoŋma
85,tend,weŋ,sra
85,tend,sra,wa
85,tend,buw,kwe(no)
85,tend,som,
85,tend,gyigye,
85,tend,fwę (so),
85,tend,fwefwę,
85,tender,berew,bo
85,tender,mmerew,bō
85,tender,bętę,bodo(bodo)
85,tender,bòdō,dodōdo
85,tender,dōmā,doli
85,tender,hòrohoro,dšo
85,tender,,fo
85,tender,,foo
85,tender,,kubo
85,teut,ebuw,bū
85,teut,ntamadaŋ,asese
85,teut,,šrōmi
85,terminate,twa ohye,gbe na
85,terminate,twa so,fo kuku
85,terminate,twa to,fo sę
85,terminate,wie,sę fo
85,terminate,to twa,fō
85,terminate,sā,tā
85,terminate,,kpa
85,termite,mfote(e),fote
85,terrible (to be),hō ye hū,he ye gbeye
85,terrify,yi hū,wo gbeye
85,terrify,yi ahi,wo ṅmiṅmi
85,terrify,bo piriw,
85,terrify,tu bo,
85,terrify (pass),bo toyam,
85,terror,ehū,ṅmiṅmi
85,terror,ahōdwiriw,
85,terror,ahōde,
85,terror,ahōdwiride,
85,test,so fwę,kpa na
85,test,twa(sika) fwę,sa na
85,test,,ka kwę
85,testament,sāmānséw,sisamla
85,testicles,fweawa,gbei
86,testimony,adanse,odaseyeli
86,than,seŋ,fe
86,than,kyeŋ,fe
86,thank,da ase,dšo
86,thank,hyira,dšo
86,thank,da ši,dšo
86,thank,aseda,šidā
86,thankful,da ase,dšo
86,thankful,hyira,dšo
86,thankful,yi aye,dšo
86,thankful,wo aye,dšo
86,thankful,da ase,le šidā
86,thankful,hyira,le šidā
86,thankful,yi aye,le šidā
86,thankful,wo aye,le šidā
86,that,no,no
86,that,eno,no
86,that,nea,no
86,that,no,ní
86,that,eno,ní
86,that,nea,ní
86,that,no,moni
86,that,eno,moni
86,that,nea,moni
86,that,no,noni
86,that,eno,noni
86,that,nea,noni
86,that,se,ake
86,that,nea ebeye na,ake
86,that,se,akeši
86,that,nea ebeye na,akeši
86,that,se,koni
86,that,nea ebeye na,koni
86,thatch,kuru daŋ so,wo tšu
86,thatch,bua so,wo tšu
86,the,no,le
86,theatre,afwęe,adesātāmohe
86,theatre,agorufwęe,adesātāmohe
86,theatre,afwęe,niikwęmohe
86,theatre,agorufwęe,niikwęmohe
86,theatre,afwęe,fęmohe
86,theatre,agorufwęe,fęmohe
86,thee,wo,bo
86,theft,aẅi,dšū
86,theft,akrommo,dšū
86,their,woṅ,ame
86,their,woṅ (wore),ame
86,theirs,woṅ de,ameṅō
86,theirs,woṅ dea,ameṅō
86,them,woṅ,ame
86,themselves,woṅ ara,ameḍentše
86,themselves,woṅ aṅkasa,ameḍentše
86,themselves,woṅhō,ameḍentše
86,themselves,woṅ ara,amehe
86,themselves,woṅ aṅkasa,amehe
86,themselves,woṅhō,amehe
86,then,afei,afęne
86,then,eno ansā na,afęne
86,then,eno na,afęne
86,then,enna,afęne
86,then,eno akyi,afęne
86,then,akyiri no,afęne
86,then,da no,afęne
86,then,ebere no,afęne
86,then,eho no,afęne
86,then,ehobere no,afęne
86,then,afei,agbęne
86,then,eno ansā na,agbęne
86,then,eno na,agbęne
86,then,enna,agbęne
86,then,eno akyi,agbęne
86,then,akyiri no,agbęne
86,then,da no,agbęne
86,then,ebere no,agbęne
86,then,eho no,agbęne
86,then,ehobere no,agbęne
86,then,bele,bele
86,then,belękë,bele
86,then,beni fe se,bele
86,then,fese le,bele
86,then,keke le,bele
86,then,mo,bele
86,then,no le,bele
86,then,no mli le,bele
86,there,eho,dšei
86,there,nom,dšei
86,there,eho,dšemei
86,there,nom,dšemei
86,there,eho,dšęmę
86,there,nom,dšęmę
86,there,eho,ledšei
86,there,nom,ledšei
86,there-about,ehonom,dšeiniiaṅ
86,there-after,eno akyi,fese le
86,there-after,akyiri no,fese le
86,there-after,eno akyi,no se le
86,there-after,akyiri no,no se le
86,there-fore,enti,nohewo
86,there-fore,eno nti,nohewo
86,there-fore,eyi nti,nohewo
86,these,yi,enę
86,these,eyinom,enę
86,these,yi,enęmei
86,these,eyinom,enęmei
86,they,woṅ,ame
86,thick,pipri,titri
86,thick,durudúru,titri
86,thick,kesé,titri
86,thick,pikāpikā,titri
86,thick,kùsū,titri
86,thick,kàbi,titri
86,thick,pipri,kusū
86,thick,durudúru,kusū
86,thick,kesé,kusū
86,thick,pikāpikā,kusū
86,thick,kùsū,kusū
86,thick,kàbi,kusū
86,thick,pipri,kusukusu
86,thick,durudúru,kusukusu
86,thick,kesé,kusukusu
86,thick,pikāpikā,kusukusu
86,thick,kùsū,kusukusu
86,thick,kàbi,kusukusu
86,thick,pipri,busū
86,thick,durudúru,busū
86,thick,kesé,busū
86,thick,pikāpikā,busū
86,thick,kùsū,busū
86,thick,kàbi,busū
86,thick,pipri,kpi
86,thick,durudúru,kpi
86,thick,kesé,kpi
86,thick,pikāpikā,kpi
86,thick,kùsū,kpi
86,thick,kàbi,kpi
86,thick,pipri,kpiti
86,thick,durudúru,kpiti
86,thick,kesé,kpiti
86,thick,pikāpikā,kpiti
86,thick,kùsū,kpiti
86,thick,kàbi,kpiti
86,"to be, grow thick",bo,bu
86,"to be, grow thick",pēa,bu
86,"to be, grow thick",piw,bu
86,"to be, grow thick",fuw,bu
86,"to be, grow thick",bua kusū,bu
86,"to be, grow thick",kyere,bu
86,"to be, grow thick",da,bu
86,"to be, grow thick",pirim,bu
86,"to be, grow thick",bo,bu kusū
86,"to be, grow thick",pēa,bu kusū
86,"to be, grow thick",piw,bu kusū
86,"to be, grow thick",fuw,bu kusū
86,"to be, grow thick",bua kusū,bu kusū
86,"to be, grow thick",kyere,bu kusū
86,"to be, grow thick",da,bu kusū
86,"to be, grow thick",pirim,bu kusū
86,"to be, grow thick",bo,wo
86,"to be, grow thick",pēa,wo
86,"to be, grow thick",piw,wo
86,"to be, grow thick",fuw,wo
86,"to be, grow thick",bua kusū,wo
86,"to be, grow thick",kyere,wo
86,"to be, grow thick",da,wo
86,"to be, grow thick",pirim,wo
86,"to be, grow thick",bo,kplim
86,"to be, grow thick",pēa,kplim
86,"to be, grow thick",piw,kplim
86,"to be, grow thick",fuw,kplim
86,"to be, grow thick",bua kusū,kplim
86,"to be, grow thick",kyere,kplim
86,"to be, grow thick",da,kplim
86,"to be, grow thick",pirim,kplim
86,"to be, grow thick",bo,kpoto
86,"to be, grow thick",pēa,kpoto
86,"to be, grow thick",piw,kpoto
86,"to be, grow thick",fuw,kpoto
86,"to be, grow thick",bua kusū,kpoto
86,"to be, grow thick",kyere,kpoto
86,"to be, grow thick",da,kpoto
86,"to be, grow thick",pirim,kpoto
86,"to be, grow thick",bo,ti
86,"to be, grow thick",pēa,ti
86,"to be, grow thick",piw,ti
86,"to be, grow thick",fuw,ti
86,"to be, grow thick",bua kusū,ti
86,"to be, grow thick",kyere,ti
86,"to be, grow thick",da,ti
86,"to be, grow thick",pirim,ti
86,"to be, grow thick",bo,fi
86,"to be, grow thick",pēa,fi
86,"to be, grow thick",piw,fi
86,"to be, grow thick",fuw,fi
86,"to be, grow thick",bua kusū,fi
86,"to be, grow thick",kyere,fi
86,"to be, grow thick",da,fi
86,"to be, grow thick",pirim,fi
86,thickness,pipripí,tile
86,thickness,emu duru,tile
86,thickness,kusū(ye),tile
86,thickness,pipripí,timo
86,thickness,emu duru,timo
86,thickness,kusū(ye),timo
87,thicket,oḍoṭo,
87,thicket,ahabaŋ,
87,thicket,kwae,
87,thicket,wura,
87,thicket,,kowyei
87,thief,oẅifo,
87,thief,oḳromfo,
87,thief,,dšulo
87,thigh,sēre,
87,thigh,atāso,
87,thigh,,fio
87,thigh-bone,dẅoṅku,
87,thigh-bone,,dšoṅku
87,thimble,timere,
87,thimble,,siele
87,thimble,,sēle
87,thin,fēṭefeṭe,
87,thin,hāmahama,
87,thin,hātā,
87,thin,hatahata,
87,thin,téatēā,
87,thin,trátrā,
87,thin,,bloblo
87,thin,,blobloo
87,thin,,feṭe(feṭe)
87,thin,,habahaba
87,thin,,helehele
87,thin,,liō
87,thin,,ṅleṅle
87,thin,,ṅmeḷē
87,thin,,ṭsoroṭsorō
87,thin,,ṭsreṭsre
87,thin,,wyiwyiwyi
87,to grow thin,foṅ,
87,to grow thin,,tā lo
87,thine,wo,
87,thine,wode,
87,thine,wodea,
87,thine,,o...
87,thine,,onō
87,thing,ade,
87,thing,adee,
87,thing,nnewa,
87,thing,nneema,
87,thing,asem,
87,thing,,nō
87,thing,,nii
87,thing,,sane
87,"a bad, sinful thing",adebone,
87,"a bad, sinful thing",asemmone,
87,"a bad, sinful thing",,nōfoṅ
87,"a bad, sinful thing",,nōsa
87,think,dẅeṅ,
87,think,susuw(tirim),
87,think,bo tirim(pow),
87,think,,dīeṅ
87,think,,fie yi
87,think,,ḳe hie to no
87,think,,susu
87,"think about, of, on",dẅeṅ hō,
87,"think about, of, on",dẅeṅ so,
87,"think about, of, on",kae,
87,"think about, of, on",ani wo so,
87,"think about, of, on",,dfeṅ he
87,"think about, of, on",,dfeṅ no
87,thirst,osukoṃ,
87,thirst,nsukoṃ,
87,thirst,,kumai
87,thirst,,yeli
87,to be thirsty,osukoṃ de...,
87,to be thirsty,..de sukoṃ,
87,to be thirsty,menewam ẅo,
87,to be thirsty,,kumai ye...
87,to be thirsty,,..seṅ gbi
87,thirteen,edumiensā,
87,thirteen,,nyoṅma-ḳe-ete
87,thirty,aduasā,
87,thirty,,nyonmai ete
87,this,oyi,
87,this,eyi,
87,this,yi,
87,this,adi=ade yi,
87,this,ni=ne yi,
87,this,,eṅe
87,this,,moṅe
87,this,,mene
87,this,,noṅe
87,this,,ḷe
87,this,,ne
87,thither,eho,
87,thither,ehoṅom,
87,thither,fām,
87,thither,,dšei
87,thither,,dšemei
87,thither,,dšeigbe
87,thorn,nsọe,
87,thorn,kasae,
87,thorn,ṅṅuare,
87,thorn,oẅirom,
87,thorn,,ṅme
87,thorn,,ṅmei
87,thorn,,kandó
87,thorny,nsọensọe,
87,thorny,,ṅmeiṅmei
87,thoroughly,kórå,
87,thoroughly,pé,
87,thoroughly,pepēpe,
87,thoroughly,fé,
87,thoroughly,fefēfe,
87,thoroughly,,ṭse
87,thoroughly,,ṭsebele
87,thoroughly,,ṭsenaso
87,thoroughly,,ṭsekē
87,thoroughly,,ṭsehū
87,thought,adẅene,
87,thought,tirim,
87,thought,tirimasem,
87,thought,nsusuwi,
87,thought,,dfeṅmo
87,thought,,susumo
87,thought,,yi
87,thought,,yiṅ
87,thought,,yiṭsoṅ
87,thought,,yiṅfiemo
87,thousand,apem,
87,thousand,,akpe
87,thrash,porow,
87,thrash,,gbe
87,thrash,,gble
87,thrash,,gbele
88,thread,hama,
88,thread,a-,
88,thread,asawa,
88,thread,,kpā
88,thread,,gblọ
88,thread,,dšidšei
88,thread (turkey-red),adídi,
88,thread (yellow),adidisika,
88,thread (v.),,tsērē abui
88,threat,atēętęę,
88,threat,kokobọ,
88,threat,,akpọiwọ
88,threat,,gbeyewọ
88,threat,,yifāmọ
88,threat,,kokobọ
88,threaten,tēętęę,
88,threaten,bọ koko,
88,threaten,ye hāehāe,
88,threaten,,bọ koko
88,threaten,,fā (yi)
88,threaten,,kwa
88,threaten,,ùwā
88,threaten,,wo akplọ
88,threaten,,wo akpoi
88,threaten,,wo gbeye
88,three,ęsā,
88,three,nsā,
88,three,abięsā,
88,three,mmiensā,
88,three,bāsā,
88,three,,ete
88,threshold,apoṅnua-ase,
88,threshold,abobow-āno,
88,threshold,,šinašiši
88,thrice,mpeṅ abięsā,
88,thrice,mprensā,
88,thrice,,šii ete
88,thrift,mfaso,
88,thrift,siade,
88,thrift,yiyedi,
88,thriftiness,anikāase,
88,thriftiness,ṅkọso,
88,thriftiness,,hiešikāmọ
88,thriftiness,,letemọ
88,thriftiness,,tiamọ
88,thriftiness,,feremọ
88,thrifty (to be),ani kā ase,
88,thrifty (to be),kyee ne nneęma so,
88,thrifty (to be),,hie kā ši
88,thrifty (person),,dfetribọlọ
88,thrive,kọ so,
88,thrive,ye yiye,
88,thrive,di yiye,
88,thrive,few,
88,thrive,fefew,
88,thrive,,ya nọ
88,thrive,,fere
88,thrive,,bọ
88,thrive,,ba
88,throat,okọṅmu,
88,throat,mene,
88,throat,menewa,
88,throat,,sē
88,throat,,sę̀n
88,throat,,sękpā
88,throne,aheṅnua (aheṅnẅa),
88,throne,,maṅtšęsēi
88,throng (v.),kyere so,
88,throng (v.),kétekete,
88,throng (v.),pepépépé,
88,throng (v.),pitipiti,
88,throng (n.),ṅkyereso,
88,through,fa mu,
88,through,nti,
88,through,,tsō mli
88,through,,hewọ
88,through,,kā
88,through-out,korā,
88,through-out,,floflōflo
88,through-out,,sọṅn
88,through-out,,kwrā
88,throw,to,
88,throw,tow,
88,throw,sūm,
88,throw,bo,
88,throw,pa,
88,throw,yi,
88,throw,,fọ
88,throw,,tfa
88,throw-away,tow..kyene,
88,throw-away,tow..gu,
88,throw-away,,sę..fọ
88,throw-away,,tši..śie
88,throw-down,fwe ase,
88,throw-down,kā..gu,
88,throw-down,fwe fam,
88,throw-down,gu fam,
88,throw-down,,hę ši
88,throw-down,,lu ši
88,throw-down,,tfa ši
88,throw-down,,fọ ši
88,throw-down,,gbe ši
88,throw-down,,nyọ ši
88,thrust,bọ,
88,thrust,kā,
88,thrust,mia,
88,thrust,siw,
88,thrust,petęw,
88,thrust,,fọ
88,thrust,,tši
88,thrust-through,fwirow,
88,thrust-through,wow,
88,thrust-through,,gbu
88,thrust-through,,tšu
88,thumb,kokürobeti,
88,thumb,,gọnti
88,thunder-storm,ọprannā,
88,thunder-storm,,nyoṅmọšimọ
88,thunder-bolt,Onyame abonua,
89,thunder,oprannā bom',Nyoŋmo ši
89,thunder,bobom',Nyoŋmo ši
89,Thursday,yawda,sō
89,thus,sa,nakai
89,thus,sā,nakai
89,thus,sę,nakai
89,thus,sē,nakai
89,thus,ne sā nti,nakai
89,thus,sa,nękę
89,thus,sā,nękę
89,thus,sę,nękę
89,thus,sē,nękę
89,thus,ne sā nti,nękę
89,thy,wo,o
89,thy,w',o
89,thyself,woara,bodientṣę
89,thyself,woaṅkasa,bodientṣę
89,thyself,wohō,bodientṣę
89,thyself,woara,ohe
89,thyself,woaṅkasa,ohe
89,thyself,wohō,ohe
89,tickle,nunu,titi
89,tickle,titi,titi
89,tickle,nunu,dokodiki
89,tickle,titi,dokodiki
89,tide,epo (nsu) hŭaṅ,nṣo fā
89,tide,twē,nṣo fā
89,tide,epo ye mā,nṣo yi
89,tie,kyekye,ṅmọ
89,tie,kyekyere,ṅmọ
89,tie,kā .. bom',ṅmọ
89,tie,mantam,ṅmọ
89,tie,sā,ṅmọ
89,tie,kyekye,fī
89,tie,kyekyere,fī
89,tie,kā .. bom',fī
89,tie,mantam,fī
89,tie,sā,fī
89,tie,kyekye,wo kpā
89,tie,kyekyere,wo kpā
89,tie,kā .. bom',wo kpā
89,tie,mantam,wo kpā
89,tie,sā,wo kpā
89,tiger,,mlantfi
89,tiger-nut,atadwě,adāṅme
89,tiger-nut,atadwě,atāṅme
89,tight,mia,hiahia
89,till,de,kę
89,till,ko or ba,ya (te) or ba
89,till,de-ko,ke-ya
89,till,de-kosi,ke-yaši
89,till,du,ke-yaši
89,till,pem,ke-yaši
89,till,kā,ke-yaši
89,till,sō,ke-yaši
89,till,de-ba,ke-ba
89,till,de-besi,ke-baši
89,till,na .. ansā,ke-šę
89,till now,praṅ yi,kpla nę
89,till,"dow (asase, afuw)","hū (kō, ṅā)"
89,tiller,odowfo,hūlọ
89,tiller,okuafo,hūlọ
89,tiller,odowfo,šikpoṅhūlọ
89,tiller,okuafo,šikpoṅhūlọ
89,timber,dua,mplaṅ
89,timber,nnua,mplaṅ
89,timber,nnannua,mplaṅ
89,timber,mpuraṅ,mplaṅ
89,timber-sow,ṅhūṅhūnii,dśedśedśe
89,timber-sow,ṅhūṅhūnii,agblala
89,time,adagye(w),(a)dekā
89,time,bere,(a)dekā
89,time,da,(a)dekā
89,time,doṅ,(a)dekā
89,time,peṅ,(a)dekā
89,time,mpeṅ,(a)dekā
89,time,ahorow,(a)dekā
89,time,adagye(w),be
89,time,bere,be
89,time,da,be
89,time,doṅ,be
89,time,peṅ,be
89,time,mpeṅ,be
89,time,ahorow,be
89,time,adagye(w),gbi
89,time,bere,gbi
89,time,da,gbi
89,time,doṅ,gbi
89,time,peṅ,gbi
89,time,mpeṅ,gbi
89,time,ahorow,gbi
89,time,adagye(w),ṅmele
89,time,bere,ṅmele
89,time,da,ṅmele
89,time,doṅ,ṅmele
89,time,peṅ,ṅmele
89,time,mpeṅ,ṅmele
89,time,ahorow,ṅmele
89,time,adagye(w),tfā
89,time,bere,tfā
89,time,da,tfā
89,time,doṅ,tfā
89,time,peṅ,tfā
89,time,mpeṅ,tfā
89,time,ahorow,tfā
89,time,adagye(w),ši
89,time,bere,ši
89,time,da,ši
89,time,doṅ,ši
89,time,peṅ,ši
89,time,mpeṅ,ši
89,time,ahorow,ši
89,time of old,tete,blema
89,time of old,bere,blema
89,time of old,bēme,blema
89,time of old,nteredē,blema
89,timid person,ohūfo,tšuifālọ
89,timid person,ohūfo,gbeyelọ
89,timidity,ehū,tšuifā
89,timidity,ehū,gbeyēṣemọ
89,tin,sānyā',sānyā
89,tin-vessel,kâṅkyē',kaṅke
89,tin-vessel,kâṅkyē',tšins
89,tinder,mfahū,asosọ
89,tingle,gyigye,dśedśe
89,tingle,(asōm) ye yoṅṅ,dśedśe
89,tingle,gyigye,(toin) fe heṅṅ
89,tingle,(asōm) ye yoṅṅ,(toin) fe heṅṅ
90,tiny,keteketewa,bibiō
90,tip,ano,na
90,tip,fwēti,
90,tippled,tia berew so,tọ dā
90,tippled,,ye glagi
90,tippled,,fọ hie
90,tipsy,tia berew so,tọ dā
90,tipsy,,ye glagi
90,tipsy,,fọ hie
90,to be,tia berew so,tọ dā
90,to be,,ye glagi
90,to be,,fọ hie
90,grow,tia berew so,tọ dā
90,grow,,ye glagi
90,grow,,fọ hie
90,bow,nsā,
90,tire,hye ọbērẹ,tọ
90,tire,guan hō,trọ
90,tire,haw,
90,tired,bērẹ,deṅmẹ mō m.k.
90,tired,tọ,gbo deṅmẹ
90,tired,pa abaw,dše tšine
90,tired,usa pa,he hĩa m.k.
90,tired,afono (no),
90,to be,bērẹ,deṅmẹ mō m.k.
90,to be,tọ,gbo deṅmẹ
90,to be,pa abaw,dše tšine
90,to be,usa pa,he hĩa m.k.
90,grow,bērẹ,deṅmẹ mō m.k.
90,grow,tọ,gbo deṅmẹ
90,grow,pa abaw,dše tšine
90,grow,usa pa,he hĩa m.k.
90,tiredness,ọbērẹ,tọ
90,tiredness,abawpa,tole
90,tiredness,,tromo
90,tiredness,,deṅmẹgbō
90,tithe,ntoso du,mlidša nyoṅma
90,to,(de) kọ,ke-ya
90,to,(de) ba,ke-ba
90,to,ṅkyeṅ,ṅō
90,toad,apọṅkyereṅ,kōdō
90,toast,tōtō,šā
90,toast,kyerẹ nsā,
90,toast,mā tri-ṅkwā,
90,toast,pā nsābraṅ,
90,tobacco,tawa,taba
90,tobacco,tā,tawa
90,tobacco,ababantā,tā
90,tobacco,asra,asra
90,in leaves,tawa ntabaṅ,
90,in rolls,kēsi,okēsi
90,pipe,abua,tawablẹ
90,pipe,aburobua,
90,pipe,tāseṅ,
90,plant,ahuahā,
90,toe,nansoā,wao
90,toe,,nane wao
90,together,twēm,tfēm
90,together,prẹkō,kwa
90,together,patā,šikome
90,together,bom',kẹ-kpe
90,together,hyia,
90,toil,yẹ (ọbērẹ-)adwuma,tšu nii
90,toil,bērẹ hō,gbo deṅmẹ
90,toil,biri (ne)mogya ani,
90,token,sẹṅkyerẹne,(o)kadi
90,of remembrance,ṅkae-ade,kaimọṅō
90,of remembrance,,kaimọkadi
90,toll,tow,nto
90,toll,akwanne,onia
90,gatherer,ọtowgyeni,ntohelọ
90,taker,ọtowgyeni,oniatšulọ
90,ton,hâse,hase
90,ton,ṅkaribo mpennu,
90,tone,eṅē,gbē
90,tone,gyigye,
91,tongs,adabaw,abele
91,tongue,tekrema,
91,tongue,tekyerema,
91,tongue,gyerema,
91,tongue,okasa,
91,tongue,,lilei
91,tongue,,wiemo
91,too,nso,
91,too,bi,
91,too,kā hō,
91,too,,hū
91,tool,ade,
91,tool,adwinne,
91,tool,adwinnade,
91,tool,nnade,
91,tool,,ñānō
91,tooth,esē,
91,tooth,adonténmùsé,
91,tooth,sēbommofo,
91,tooth,nnyépí,
91,tooth,,nyānyōn
91,tooth,kita,
91,tooth,tebi,
91,top,eso,
91,top,ti,
91,top,atifī,
91,top,mpampam,
91,top,ntentennōa,
91,top,ṅkōá,
91,top,sronsroṅ,
91,top,ano,
91,top,,no
91,top,,yi
91,top,,yiteṅ
91,top,,yiteṅ šōšōšō
91,torch,ogyateṅ,
91,torch,,ha
91,torch,,koti
91,torch,,dšateṅ
91,torch,,pompā
91,torment,ye ayayade,
91,torment,aninyānne,
91,torment,hye ahōoyaw,
91,torment,,wa yi
91,torment,,hao
91,torment,,pi
91,tornado,oprânnā,
91,tornado,ahum,
91,tornado,,ahum (ke nyoṅmošimo)
91,tortoise,akyekyere,
91,tortoise,awuru,
91,tortoise,apohuru,
91,tortoise,,akpokplonto
91,tortoise,,hala
91,torture,aninyānne,
91,torture,ohaw,
91,torture,ahōoyaw-hye,
91,torture,,nōnā
91,torture,,pimo
91,torture,,haomo
91,toss,tow,
91,toss,sūm,
91,toss,wosow,
91,toss,posow,
91,toss,,tši se
91,toss,,woso
91,tottering,pósoposo,
91,tottering,pòsoposo,
91,tottering,,wokowoko
91,tottering,,wosowoso
91,toucan,akyéṅkyèná,
91,touch,(de nsa) kā,
91,touch,so mu,
91,touch,pem,
91,touch,perew,
91,touch,to,
91,touch,du,
91,touch,hyia,
91,touch,twiw,
91,touch,fa hō biribi,
91,touch,bo diṅ,
91,touch,ta,he
91,touch,sa,he
91,touch,ši,
91,touch,ti,
91,towel,mpopahō,
91,towel,,haṅkle
91,towel,,pampam
92,town,kurow,mā
92,town,kurow,mãn
92,town,ọmãn,mā
92,town,ọmãn,mãn
92,toy,agode,fẹmọnọ
92,trade,di gua,ye dšra
92,trade,di gua,ye guọ
92,trade,di bata,ye dšra
92,trade,di bata,ye guọ
92,trade,egua,dšra
92,trade,egua,dšrayeli
92,trade,egua,guọyeli
92,trade,egua,ńā
92,trade,egua,ńālē
92,trade,egua,niitšumọ
92,trade,aguadi,dšra
92,trade,aguadi,dšrayeli
92,trade,aguadi,guọyeli
92,trade,aguadi,ńā
92,trade,aguadi,ńālē
92,trade,aguadi,niitšumọ
92,trade,bata,dšra
92,trade,bata,dšrayeli
92,trade,bata,guọyeli
92,trade,bata,ńā
92,trade,bata,ńālē
92,trade,bata,niitšumọ
92,trade,di,dšra
92,trade,di,dšrayeli
92,trade,di,guọyeli
92,trade,di,ńā
92,trade,di,ńālē
92,trade,di,niitšumọ
92,trade,dẇuma,dšra
92,trade,dẇuma,dšrayeli
92,trade,dẇuma,guọyeli
92,trade,dẇuma,ńā
92,trade,dẇuma,ńālē
92,trade,dẇuma,niitšumọ
92,trade,adẇuma,dšra
92,trade,adẇuma,dšrayeli
92,trade,adẇuma,guọyeli
92,trade,adẇuma,ńā
92,trade,adẇuma,ńālē
92,trade,adẇuma,niitšumọ
92,trader,ọbatani,dšrayelọ
92,trader,ọbatani,guọyelọ
92,trader,oguadini,dšrayelọ
92,trader,oguadini,guọyelọ
92,trader,ọdetọṇfo,dšrayelọ
92,trader,ọdetọṇfo,guọyelọ
92,tradesman,ọbatani,
92,tradesman,oguadini,
92,tradesman,ọdetọṇfo,
92,tradesman,odẇumfo,
92,trail,tẇē,tẇētẇē(ase)
92,train,tẇē,kpa
92,train,tẇē,kpla
92,train,yeṇ,kpa
92,train,yeṇ,kpla
92,train,kyerekyerẹ,kpa
92,train,kyerekyerẹ,kpla
92,train,tēetēẹ,kpa
92,train,tēetēẹ,kpla
92,train,lẹ,kpa
92,train,lẹ,kpla
92,train,tṣọse,kpa
92,train,tṣọse,kpla
92,train,tṣọ,kpa
92,train,tṣọ,kpla
92,train,kyerepeṇ,
92,train,sántēṇ,
92,train,akyidifo,
92,train,dọm,
92,train,dùa,
92,traitor,ọfátẇafo,kotompofo
92,traitor,ọfátẇafo,segbeṭṣọlọ
92,traitor,kwasíàmaṅkwá,kotompofo
92,traitor,kwasíàmaṅkwá,segbeṭṣọlọ
92,tramp,tiatia so,nana nọ
92,tramp,tiatia so,šimọ ši
92,tramp,de anaṅ pempem fam,nana nọ
92,tramp,de anaṅ pempem fam,šimọ ši
92,tranquil,komm,diṅ
92,tranquil,komm,diọ
92,tranquil,komm,kpọ
92,tranquil,diṅ,diṅ
92,tranquil,diṅ,diọ
92,tranquil,diṅ,kpọ
92,tranquil,dẇọdẇọ,diṅ
92,tranquil,dẇọdẇọ,diọ
92,tranquil,dẇọdẇọ,kpọ
92,tranquility,asomdẇoee,diọfemọ
92,tranquility,ahọṭọ,diọfemọ
92,tranquility,kommyẹ,diọfemọ
92,transact,ye,ye
92,transact,ye,ye na
92,transact,ye,fe
92,transact,ye,tšu
92,transact,di,ye
92,transact,di,ye na
92,transact,di,fe
92,transact,di,tšu
92,transact,di ano,ye
92,transact,di ano,ye na
92,transact,di ano,fe
92,transact,di ano,tšu
92,transaction,odi,yeli
92,transaction,odi,nayeli
92,transaction,odi,femọ
92,transaction,odi,niitšumọ
92,transaction,anodi,yeli
92,transaction,anodi,nayeli
92,transaction,anodi,femọ
92,transaction,anodi,niitšumọ
92,transaction,asẹm,yeli
92,transaction,asẹm,nayeli
92,transaction,asẹm,femọ
92,transaction,asẹm,niitšumọ
92,transaction,adẇuma,yeli
92,transaction,adẇuma,nayeli
92,transaction,adẇuma,femọ
92,transaction,adẇuma,niitšumọ
92,transform,daṅ,tšake
92,transform,sakra,tšake
92,transgress,bu so,kū nọ
92,transgress,bu so,tọ
92,transgress,bu so,tọ nọ
92,transgress,bu so,tọ kitā
92,transgress,bu so,bule
92,transgress,fom,kū nọ
92,transgress,fom,tọ
92,transgress,fom,tọ nọ
92,transgress,fom,tọ kitā
92,transgress,fom,bule
92,transgress,fom so,kū nọ
92,transgress,fom so,tọ
92,transgress,fom so,tọ nọ
92,transgress,fom so,tọ kitā
92,transgress,fom so,bule
92,transgress,tọ,kū nọ
92,transgress,tọ,tọ
92,transgress,tọ,tọ nọ
92,transgress,tọ,tọ kitā
92,transgress,tọ,bule
92,transgression,ọfom,tọmọ
92,transgression,ọfom,nọtọmọ
92,transgression,ọfom,mlatọmọ
92,transgression,ọfom,bulemọ
92,transgression,ọfom,dšū kẹ fọ
92,transgression,mfomso,tọmọ
92,transgression,mfomso,nọtọmọ
92,transgression,mfomso,mlatọmọ
92,transgression,mfomso,bulemọ
92,transgression,mfomso,dšū kẹ fọ
92,transgression,mmăratọ,tọmọ
92,transgression,mmăratọ,nọtọmọ
92,transgression,mmăratọ,mlatọmọ
92,transgression,mmăratọ,bulemọ
92,transgression,mmăratọ,dšū kẹ fọ
92,transgression,boneyẹ,tọmọ
92,transgression,boneyẹ,nọtọmọ
92,transgression,boneyẹ,mlatọmọ
92,transgression,boneyẹ,bulemọ
92,transgression,boneyẹ,dšū kẹ fọ
92,translate,kyerẹ ase,tṣō šiši
92,translate,kyerẹ ase,dšie na
92,translate,daṅ,tṣō šiši
92,translate,daṅ,dšie na
92,translate,yi ano,tṣō šiši
92,translate,yi ano,dšie na
92,transplant,tẹw,tẹọ
92,transplant,tẹw,fā kẹ-tẹọ hekroko
92,transplant,tu kọṭẹw bābi,tẹọ
92,transplant,tu kọṭẹw bābi,fā kẹ-tẹọ hekroko
92,trap,afiri,tṣō
92,trap,afiri,natṣō
92,trap,afiri,tṣōne
92,trap,afiri,wọṭṣōne
92,trap,afiri,akpa
92,trap,apa,tṣō
92,trap,apa,natṣō
92,trap,apa,tṣōne
92,trap,apa,wọṭṣōne
92,trap,apa,akpa
92,trapper,ofirisumfo,tṣōnetṣọlọ
92,trapper,ofirisumfo,dūlọ
93,trash,adehun,
93,trash,uwura,
93,trash,wuradodow,
93,trash,ntetewa,
93,trash,mmefɛ,
93,trash,,dfei
93,trash,,tutu
93,trash,,yakanii
93,travail,haw nehɔ,
93,travail,bɛrɛ,
93,travail,kɔ awo,
93,travail,,gba he na
93,travail,,kɛ
93,travail,,kɛmɔ
93,travail,,kɔ
93,travail (noun),awokɔ,
93,travail (noun),,nagbamɔ
93,travail (noun),,yokɛmɔ
93,travail (noun),,yokɔmɔ
93,travel,nantew,
93,travel,tu kwaŋ,
93,travel,,nyie gbe
93,travel,,fã gbe
93,travel by sea,fa epo ani,
93,travel by sea,,nyie nṣo hie
93,traveler,onantefo,
93,traveler,okwantemfo,
93,traveler,,nyielo
93,traveler,,gbe-
93,traveler,,gbɛfãlɔ
93,traveling bag,akwantu-bɔtɔwa,
93,traveling bag,,gbɛnyiemɔ-kotoku
93,traveling basket,apakaŋ,
93,traveling basket,,akpakãi
93,traverse,de..bea mu,
93,traverse,twa mu,
93,traverse,ŋwɔnã,
93,traverse,siw kwaŋ,
93,treachery,ŋkontompo,
93,tread,tia,
93,tread,tiatia(so),
93,tread,si,
93,tread,nam,
93,tread,nantew,
93,tread,,na (si)
93,tread,,nana(si)
93,treasure,akorade,
93,treasure,adaŋmude,
93,treasure,ahũ,
93,treasure,,ahũ
93,treasure,,dɛetri
93,to find a treasure,tu ahũ,
93,treasurer,ofotosãnfo,
93,treasurer,osannãni,
93,treasurer,sikakorafo,
93,treasurer,,fotrohĩɛlɔ
93,treasury,adekorae,
93,treasury,adekoradaŋ,
93,treasury,,tohe
93,treasury,,tohetšu
93,treat,di,
93,treat,yɛ,
93,treat,kura,
93,treat,yɛ hɔhɔ,
93,treat,tow poŋ,
93,treat,mɔmã hɔ,
93,treat,,ye
93,treat,,hĩɛ
93,treat,,fe gbɔ
93,treat,,ŋmɛ okplɔ
93,treatment,odi,
93,treatment,ahɔhoye,
93,treatment,apontow,
93,treatment,,yeli
93,treatment,,gbɔfemɔ
93,treatment,,okplɔ̃nmɛ
93,treaty,apãm,
93,treaty,mmom',
93,treaty,anodi,
93,treaty,,kpãnmɔ
93,treaty,,apãm
93,treaty,,nayeli
93,tree,duá,
93,tree,eduya,
93,tree,,tšo
93,tremble,popo,
93,tremble,hɔ-,
93,tremble,wosow,
93,tremble,posow,
93,tremble,him,
93,tremble,hɔ saw,
93,tremble,,kpokpo
93,tremble,,he-
93,tremble,,woso
93,tremble,,he dɔo
93,trembling,ahɔpopo,
93,trembling,,hekpokpomo
93,trench,okã,
93,trench,amɔa,
93,trench,amãnã,
93,trench,,dṣo
93,trench,,nudṣo
93,trespass,fom,
93,trespass,fom so,
93,trespass,nsa pa hɔ,
93,trespass,,tɔ
93,trespass,,tɔ nɔ
93,trespass (noun),ofɔm,
93,trespass (noun),mfomso,
93,trespass (noun),mmăratɔ,
93,trespass (noun),,tɔmɔ
93,trespass (noun),,nɔtɔmɔ
93,trial,sofwɛ,
93,trial,asenni,
93,trial,atemmu,
93,trial,,kã
93,trial,,kodṣomɔ
93,tribe,abusãkuw,
93,tribe,omaŋ,
93,tribe,omansin,
93,tribe,,akutšo
93,tribe,,tṣɛkũ
93,tribe,,maŋ
93,tribulation,ohaw,
93,tribulation,otã,
93,tribulation,amanehunu,
93,tribulation,,haomɔ
93,tribute,tow,
93,tribute,apeatow,
93,tribute,,onia
93,tribute,,nto
94,tricks,ṅkwada(wa)ṣem,ṅă
94,tricks,ṅkwada(wa)ṣem,ṅănii
94,tricks,ṅkwada(wa)ṣem,natṣōnii
94,trifle,goru (hō),fę
94,trifle,toto ase,hie yę fleflę
94,trim,hychyę,wula na
94,trim,kekă,wula na
94,trim,wura,wula na
94,trim,baṅ ano,wula na
94,tripe,ayamde,mlinii
94,triumph,nim,nyámọ
94,triumph,ṅkōnim,kōnim
94,triumph,ṅkōnim,-yeli
94,triumph,di nim,nyá
94,triumph,di ṅkōnim,ye kōnim
94,triumph,di ahurusi,ye kōnim
94,troll,pirew,koklo
94,troll,kyiṅ,koklo
94,troop,asafo,kutū
94,troop,-kuw,asafokū
94,troop,fekuw,asafokū
94,troth,nokware,aṅokwale
94,troth,-di,aṅokwayeli
94,trouble,haw,gba na
94,trouble,guaṅhō,hao
94,trouble,hia hō,ye
94,trouble,dše la wo m.k. he,dše la wo m.k. he
94,trouble,dšedše,dšedše
94,trouble,těre,těre
94,trouble,wo hedšramọ,wo hedšramọ
94,trouble,tše na,tše na
94,to be troubled,hō hia no,he hia m.k.
94,to be troubled,-guaṅ no,he fe m.k. nii
94,to be troubled,-kyere no,tsui ye
94,to be troubled,di ṅkọmmo,mlì ye
94,trouble,amane,amane
94,trouble,-hunu,amanchūlū
94,trouble,ahōntowoso,ahūntọ
94,trouble,ọhaw,haomọ
94,trouble,ahōkyere,nagbamọ
94,trouble,ahōhia,fimọ
94,trouble,ahōguaṅ,tsuiyeli
94,trouble,ṅkọmmo,yeli
94,trouble,aŵerehosęm,yeli
94,to be in trouble,hō hia no,fe yeyěye
94,to be in trouble,hū amane,hao(he)
94,troubler,ọhawfo,nagbalọ
94,troubler,ọhōguaṅfo,haolọ
94,troublesome,haw,fe yeredę
94,troublesome,haw,fe yeyěye
94,trowsers,trōs,bluku
94,trowsers,ntwontwō,wonon
94,trowsers,wono,wonon
94,truant,ọkwadwọfo,hedšōlọ
94,truant,onihafo,anihaolọ
94,truant,werehunu,anihaolọ
94,truck,di nsesāgua,tšake
94,true,wom' (wọ mu),yę
94,true,yę nokware,yeṅ
94,true,di nokware,yę mli
94,trumpet,(to)torobento,biglo
94,trumpet,aborobęn,tętręmantrę
94,trumpeter,torobęntohyeṅfo,tętręmantręflilo
94,trumpeter,torobęntohyeṅfo,-kpālọ
94,trunk,dunsiṅ,tšo
94,trunk,duasiṅ,tšoku
94,trunk,akonsiṅ,gbomotšo
94,trunk,(ṅhōma-)adaka,gbomotšo
94,trunk,fare,munum
94,trust,de ani to ..so,ṅọ hie fọ ..no
94,trust,de nehọ to ..so,hie kā no
94,trust,ani da so,ka hā
94,trust,dàṅ,ka hā
94,trust,tweri,ka hā
94,trust,bata,ka hā
94,trust,gyina so,ka hā
94,trust,anidaso,hieṅkāmọ
94,trust,anidaso,hie kę nọfọ
95,trustworthy,onokwáfo,anokwafo
95,trusty,onokwáfo,anokwafo
95,truth,nokware,anokwa
95,truth,nokwasem,anokwale
95,try,so..fwe,ka
95,try,ka..fwe,ke..ka
95,try,ye..fwe,fo hie
95,try,kyere,sa
95,try,kekare (n'anim),so he
95,try,,tso
95,try,,tso na
95,tsetse (a fly),,ofoi
95,tub,topo,blage
95,tub,korow,blake
95,Tuesday,benada,dsufo
95,tug,twe,kpla
95,tug,twetwe,sa
95,tug,tu,sata
95,tug,tutu,
95,tug,pere,
95,tuft (of hair),mpese,yitsoi kutsa
95,tuition,oyen,tsosemo
95,tuition,okyere,tso-mo
95,tuition,nfWeso,
95,tumble,fwe(ase),wule
95,tumble,pirew,lu si
95,tumble,yantam,gbesi
95,tumble,,ku
95,tumbler,nkonko,
95,tumultuous,ye ho,fe ho
95,tumultuous,ye hobobobo,bu
95,tumultuous,bo wi,
95,tun,ton,hase
95,tun,hase,
95,tun,nkaribo mpennu,
95,tune,dwom,lala
95,tune,dwontobea,gbe
95,tune,gyigye,lalagbe
95,turkey,krakum,klakunu
95,turkey,,klakun
95,Turkey-red (cotton-yarn),adidi,
95,turn,dan,kpale
95,turn,dan..kyere,ku
95,turn,de..kyere..so,tso
95,turn,toto,tso he
95,turn,kisa,tso no
95,turn,san,tso hie
95,turn,bu,wyie hie
95,turn,sakra,
95,turn,twa neho dafa,
95,turn,dan n'ani,
95,turn,twa n'ani,
95,turn (about),twa neho,bo kontonkron
95,turn (about),dan n'ani,
95,turn (aside),man,gba
95,turn (aside),,gbale
95,turn (back),dan akyiri,tso se
95,turn (back),dan n'akyi,ku se
95,turn (back),san,kpale
95,turn (back),pini n'akyi,
95,turn (down),dan kyere fam,tso si
95,turn (down),butuw,butu
95,turn,adannan,
95,turn,di,
95,turn,dibea,
95,turn,yebea,
95,turn (it is my),adu me so,
95,turtle (dove),aburuburu,kose-okpo
95,turtle (pigeon),aburuburu,kose-okpo
95,turtle (sea),sukyekyere,hala
95,turtle (sea),suhuru,
95,turtle (sea),apohuru,
95,turtle (sea),supurupu,
96,tusk (of a wild boar),batafosẽ,tṣo
96,tweak,ti,tṣotṣe
96,tweak,titi,titi
96,tweak,fẹm,
96,twelve,edumienu,nyoŋma-kę-enyo
96,twelve,dumieṅ,
96,twenty,aduonu,nyoŋmai enyo
96,twice,mpẹṅ abieṅ,šii enyo
96,twice,mpẹrennu,
96,twig,duabasa,tṣonine
96,twig,dubã,
96,twig,mfefẹwe,
96,twig,abã,
96,twig (v.),baw amane,dū amã
96,twilight,ade rekyẽ a anim baebae,hie futẹfutẹ
96,twilight,boeboe,hie mātã-mātã
96,twilight,bue,dṣetṣerẹmo
96,twilight,yẹ,dṣenamo
96,twilight,fontãfontãṅ,hie tūtū
96,twilight,ṅwāniṅwāni,
96,twilight,sesasesa,
96,twilight,wẹ,
96,twilight,ade sã a anim yẹ ṅwāniṅwāni,
96,twilight,anadwọfã fomm,
96,"twilight (to be, grow-)",ade sã,dṣe na
96,twin,ata (male),hãdṣi
96,twin,atã' (female),Akuẹtẹ & Akuẹtẹ
96,twin,nta,Akuele & Akuọkọ
96,twin,Ata panyiṅ,
96,twin,Ata kūmã,
96,twin,obiwom',
96,twin,Atã,
96,twine,kyim,fa
96,twine,fira,tṣẽ
96,twine,ṅwene,nyene kpã
96,twine (n.),hama,kpã
96,twine (n.),mfiriwa,
96,twine (n.),dọw,
96,twinge,titi,tṣotṣe
96,twinge,fẹm,
96,twinkle,bu (bubu) ani,tṣã hieṅmẹi
96,twinkle,di aniwabubu,
96,twist,kyim,fa
96,twist,fira,nyene
96,twist,ūwene,tṣõ
96,two,enu (nnu),enyo
96,two,abieṅ,
96,two,mmienu,
96,type,ṅfẹwẹso,henọ
96,type,nsẹso,kwēmọnọ
96,type,sennahọ,okadi
96,type,ntintimi,ṅmlamọnọ
96,type,,woloṅkadinọ
96,Udder,nufu,fufọ
96,ugly,taṅ,taṅ
96,ugly,tantáṅ,tantaṅ
96,ulcer,ekuru,asãne
96,ulcer,akisikuru,fla
96,ulcer,,fafale
96,ulcerate,tu kuru,fã fla
97,umbrella,akatawia,akataiwia
97,umbrella,asowia,akataiwia
97,large umbrella,katamánsò,akatamanso
97,large umbrella,bamkyinii,akatamanso
97,large umbrella,kyinię,akatamanso
97,umpire,otemmuni,atenyelo
97,umpire,otemmuni,atenbulo
97,unadulterated,kroṅkroṅ,kroṅkroṅ
97,unadvisedly,mpasompaso,afúnyām
97,unadvisedly,mpasompaso,yimū
97,unadvisedly,sesękwā,afúnyām
97,unadvisedly,sesękwā,yimū
97,unappeasable,nea ontie mpata,kpatakple
97,unappeasable,nea ontie mpata,moni kplēē kpātāmọ
97,unaware(s),mpaso,
97,unaware(s),mpaase,
97,unaware(s),mpofirim,
97,unbelief,ogye a wonnye nni,hemo ni ahee yee
97,unboiled,amono,eṅmọṅ
97,unboiled,momono,eṅmọṅ
97,unbound,ęhō da họ,he kā
97,unbound,ọkwaṅ da(no) họ,he kā
97,uncertainty,akyinnye,ṅwane
97,uncertainty,akyinnye,dsē
97,unchastity,efi,yakayaka niitšumọ
97,unchastity,efi,mūdšinii
97,unchastity,efi adeyę,yakayaka niitšumọ
97,unchastity,efi adeyę,mūdšinii
97,uncle (mother's brother),wofa,tšękwē
97,uncle (father's brother),agya,tšękwē
97,uncle (father's brother),kūmā,tšękwē
97,unclean,buru,fō
97,unclean,burum,fō
97,unclean,fi,fō
97,unclean,fifi,fō
97,unclean,nea ne hō yę fi,fō
97,unclean,buru,mūdšimūdši
97,unclean,burum,mūdšimūdši
97,unclean,fi,mūdšimūdši
97,unclean,fifi,mūdšimūdši
97,unclean,nea ne hō yę fi,mūdšimūdši
97,unclean,buru,tantaṅ
97,unclean,burum,tantaṅ
97,unclean,fi,tantaṅ
97,unclean,fifi,tantaṅ
97,unclean,nea ne hō yę fi,tantaṅ
97,uncleanness,efi,mūdšiniitšumọ
97,uncleanness,mpebebę,mūdšiniitšumọ
97,uncleanness,apătā,mūdšiniitšumọ
97,uncleanness,efi,kplokoniitšumọ
97,uncleanness,mpebebę,kplokoniitšumọ
97,uncleanness,apătā,kplokoniitšumọ
97,uncovered,(ọdaṅ) ūkánńñūāṅ,he kā
97,to be uncovered,ęso da họ,he kā
97,under,ase,šiši
97,under,ase,si
97,undercloth,amōase,male: tekle
97,undercloth,amōase,female: boi
97,undercloth,amōase,female: boitšę
97,undergarment,Ak. ọtam,male: tekle
97,undergarment,Ak. dánta,male: tekle
97,undergarment,Ak. ọtam,female: boi
97,undergarment,Ak. dánta,female: boi
97,undergarment,Ak. ọtam,female: boitšę
97,undergarment,Ak. dánta,female: boitšę
97,understand,hū,hie tu
97,understand,te,hie tu
97,understand,hū ase,hie tu
97,understand,hū mu,hie tu
97,understand,te ase,hie tu
97,understand,hū,na šiši
97,understand,te,na šiši
97,understand,hū ase,na šiši
97,understand,hū mu,na šiši
97,understand,te ase,na šiši
97,understand,hū,na na
97,understand,te,na na
97,understand,hū ase,na na
97,understand,hū mu,na na
97,understand,te ase,na na
97,understand,hū,nu
97,understand,te,nu
97,understand,hū ase,nu
97,understand,hū mu,nu
97,understand,te ase,nu
97,understand,hū,yo sę
97,understand,te,yo sę
97,understand,hū ase,yo sę
97,understand,hū mu,yo sę
97,understand,te ase,yo sę
97,hard to be understood,asę yę deṅ,šiši wa
97,hard to be understood,yę hū nā,šiši wa
97,understanding,nimdeę,lē
97,understanding,ṅhūase,lē
97,understanding,ṅhūmu,lē
97,understanding,ṅhūāno,lē
97,understanding,ti,lē
97,understanding,tirim,lē
97,understanding,tipā,lē
97,understanding,nimdeę,niilē
97,understanding,ṅhūase,niilē
97,understanding,ṅhūmu,niilē
97,understanding,ṅhūāno,niilē
97,understanding,ti,niilē
97,understanding,tirim,niilē
97,understanding,tipā,niilē
97,understanding,nimdeę,nanā
97,understanding,ṅhūase,nanā
97,understanding,ṅhūmu,nanā
97,understanding,ṅhūāno,nanā
97,understanding,ti,nanā
97,understanding,tirim,nanā
97,understanding,tipā,nanā
97,understanding,nimdeę,šišilē
97,understanding,ṅhūase,šišilē
97,understanding,ṅhūmu,šišilē
97,understanding,ṅhūāno,šišilē
97,understanding,ti,šišilē
97,understanding,tirim,šišilē
97,understanding,tipā,šišilē
97,understanding,nimdeę,šišina
97,understanding,ṅhūase,šišina
97,understanding,ṅhūmu,šišina
97,understanding,ṅhūāno,šišina
97,understanding,ti,šišina
97,understanding,tirim,šišina
97,understanding,tipā,šišina
97,understanding,nimdeę,yi
97,understanding,ṅhūase,yi
97,understanding,ṅhūmu,yi
97,understanding,ṅhūāno,yi
97,understanding,ti,yi
97,understanding,tirim,yi
97,understanding,tipā,yi
97,understanding,nimdeę,yiṅ
97,understanding,ṅhūase,yiṅ
97,understanding,ṅhūmu,yiṅ
97,understanding,ṅhūāno,yiṅ
97,understanding,ti,yiṅ
97,understanding,tirim,yiṅ
97,understanding,tipā,yiṅ
97,understanding,nimdeę,yitšoṅ
97,understanding,ṅhūase,yitšoṅ
97,understanding,ṅhūmu,yitšoṅ
97,understanding,ṅhūāno,yitšoṅ
97,understanding,ti,yitšoṅ
97,understanding,tirim,yitšoṅ
97,understanding,tipā,yitšoṅ
97,undress,yi atade,dšie atade
97,undress,yi atade,dšie mama
97,undress,yi atade,dšie nii
97,undress,pa ntama,dšie atade
97,undress,pa ntama,dšie mama
97,undress,pa ntama,dšie nii
97,uneasiness,ahōhia,behiamọ
97,uneasiness,ahōhia,tšuiyeli
97,uneasiness,ahōhia,haomọ
98,unemployed,kwa,yaka
98,uneven,aŵereaŵere,kōdōn
98,uneven,apowapow,kpoikpoi
98,uneven,aboṅkyiaboṅkyi,sakasaka
98,unexpected,nea woanfwę okwaṅ,
98,unexpectedly,mpofirim,wrao
98,unexpectedly,mpaase,kpatukpatu
98,unexpectedly,putúpűrú,
98,unexpected (to do or happen),"patuw (yę, ba..)",kpatu
98,unfortunate (to be),hū amane,na amane
98,unfortunate day,dabone,musugbi
98,unfriendliness,animmuna,hie(ṅmei)śa
98,unfriendliness,,nyāfimo
98,unfriendliness,,finyāfinyā
98,unfruitful,patā,kpetē
98,unfruitful,boniù,kene
98,ungrateful person,nea oyi amō,otrumu
98,ungrateful person,omoyifo,trumufelo
98,ungratefulness,boniayę,trumufemo
98,unhappiness,ahōyeraw,
98,unicorn,okō,ṅmaṅma
98,union,biakōyę,gbekpāmo
98,union,mmom',ekomcfemo
98,union,,nanyobō
98,unite,yę biakō,fe ekome
98,unite,bom',ye egbo
98,unite,(mā) ano ko bęn korom',bom
98,unite,,tša
98,unjust,nea ontęę,nou edšaa
98,unjust,entęę,
98,unjust,atęṅkyew,
98,unkind,oyamoṅwenefo,gbo
98,unkind (to be),,hie wa
98,unkind (to be),,mli wa
98,unleavened bread,apiti,akpiti
98,unless,gye sę,dša
98,unless,sę gye,dša akę
98,unload,soę,
98,unloose,sāṅ,fēne
98,unmanly,,yeiabinō
98,unmarried,osigyafo,ošidšafo
98,unmarried,ghōkafo,
98,unmarried (to be),di sigyaw,
98,unmeaning,hunu,eflo
98,unmingled,kroṅkroṅ,kroṅkroṅ
98,unmingled,kurennyeṅ,
98,unparalleled,biakō,ekōme
98,unparalleled,nea eso bi nni,
99,unpleasant,nea enyẹ fe,
99,unpleasant,de,
99,unpleasant,enso ani,
99,unpleasant,,taŋ
99,unpleasant,,tantan
99,unpleasant,,noni saa hie
99,unprepared,amono,
99,unprepared,momono,
99,unprepared,futuru,
99,unprepared,nea wansiesie nehọ,
99,unprepared,nea wonnyạ nsiesie ẹ,
99,unprepared,,enmọŋ
99,unprepared,,moni esako
99,unprepared,,noni asako
99,unquiet,petẹrẹpẹtẹrẹ,
99,unquiet,harehare,
99,unquiet,perepere,
99,unquiet,,fidšitefidšite
99,unquiet,,krukru
99,unquiet,,kplekple
99,unreasonable person,ogyigyirifo,
99,unrighteous,ọntẹe,
99,unrighteous,odifo,
99,unrighteous,,eye fo
99,unrighteousness,ọtẹe a obi ntẹẹ,
99,unrighteousness,ntẹŋkyew,
99,unrighteousness,amim,
99,unrighteousness,ikontompo,
99,unrighteousness,ńkońkońsa,
99,unrighteousness,,ateńtšeo
99,unrighteousness,,amim
99,unrighteousness,,kōtōmpoyeli
99,unripe,buŋ,
99,unripe,nea emmeree ẹ,
99,unripe,emmọe ẹ,
99,unripe,abuntwẹre,
99,unripe,akyeńkyeń,
99,unripe,,brubru
99,unripe,,fo
99,unripe,,ńmlikiti
99,unroot,tu,
99,unroot,tu ase,
99,unroot,,fạ
99,unroot,,fạ šiši
99,unruly,kitikiti,
99,unruly,kurokuro,
99,unruly,kyikyírikyikyíri,
99,unruly,tew ahi,
99,unruly,,fidšitefidšite
99,unruly,,flafla
99,unruly,,gidi(gidi)
99,unruly,,krukru
99,unruly,,kplekple
99,unruly,,māmāmā
99,unruly,,fe gidigidi
99,unruly,,yẹ flafla
99,unruly,,dše adšiń
99,unruly,,dše ogagasu
99,unruly,,dše ši
99,unruly,,tše ši
99,unruly,,flegedše
99,unseal,tew ano,
99,unseal,,tše na
99,unsociable,onnim ago,
99,unsociable,,ekẹ m.k. fẹe
99,unstable,,kpańle
99,unstaid,,kpańle
99,unsteady,,kpańle
99,untie,sạń,
99,untie,,fẹne
99,untouched,emū,
99,untouched,nea woạńkạ no dẹkyé,
99,untouched,enni dẹm,
99,untouched,edi mu,
99,untouched,,(e)mū
99,untouched,,noni atako he
99,untrue,ennim',
99,untrue,ennim' sa,
99,untrue,woboa!,
99,untrue,,bẹ mli
99,unused,nea ẹda họ kwa,
99,unused,wonyẹẹ họ biribi ẹ,
99,unused,wontạ nyẹ,
99,unwind,,yẹroke
99,up,so,
99,up,soro,
99,up,foro,
99,up,,no
99,up,,ńwei
99,upper part,ẹso,
99,upper part,osoro,
99,upper part,ti,
99,upper part,atifi,
99,upper part,atifī-fām,
99,upper part,,no
99,upper part,,ńweigbẹ
100,upon,so,no
100,upon,atifĩ,yiteŋ
100,upon,ani,hie
100,upright,trẽnẽ,klomlo
100,upright,kyerebeŋ,dšalọ
100,upright,,trōmō
100,uproar,hō,
100,uproar,atūatew,
100,uproar,mansōtwẽ,
100,uproar,sakasaka,
100,uproar,ntanani,
100,upset,butuw,butu
100,upside down,butuw,butu
100,upstairs,abansoro,ṅwei
100,upstairs,,tšuyiteŋ
100,upward,osoro,ṅweigbẹ
100,upward,akyiri,no
100,upward,boro,fe
100,urge,pia,tši
100,urge,pūa,tšire
100,urge,sūm atiko,yisẹ
100,urge,haw,fā yi
100,urge,kānyāŋ,
100,urgency,ghōntowoso,ahūntō
100,urgency,ohia,fimọ
100,urgency,ahōkyere,
100,urgent,hia,fe ahūntō
100,urgent,pia,fī
100,urgent,pūa,
100,urine,dwensọ,šamọ
100,us,yeŋ,wọ
100,use,de,hie
100,use,kura,fe he noko
100,use,de..yẹ biribi,ye
100,use,yẹ hō biribi,
100,use,di,
100,useless,hunu,yaka
100,useless,kwa,yakatsā
100,useless,teta,gbonyo
100,useless,huhuw,
100,useless,funu,
100,useless,fọ,
100,useless,nea ẹmfra,
100,useless,wọmfa nyẹ fwẽ,
100,usurper,,nokpalọ
100,usury,huruw sika,he hekpa
100,usury,hyẹ hurufem,agẽfọagẽ
100,utter,akyiri,noni yọ
100,utter,,sẹ
100,utter,,segbẹ
100,utmost,korā,fọflọo
100,utmost,akyirikyiri,šọnn
100,utmost,ano nohọ toṇn,nagbẽ
100,utter,kā,kẹ
100,utter,kā asẹm,wie
100,utter,efi n'ano,dše na
100,utter,,dše daṇ
100,utterance,asẹm,sẹntfā
100,utterance,,daṇdšẽ
100,utterance,,nadšẽ
100,utterance,,wiemọ
100,utterance,,kẹmọ
101,Vagabond,kobofo,kobofo
101,Vagabond,kabonnāfo,ñanyōlọ
101,Vagabond,obadueduefo,niiahetfalọ
101,Vagina,twẹ,yohe
101,Vagina,twẹ,yonọ
101,Vagina,sọ,
101,Vagina,gbemi (gbebi),
101,Vain,hunu,eflọ
101,Vain,huhuw,yaka(yaka)
101,Vain,kwa,yakatfā
101,Vale,oboṅ,dṣọ
101,Vale,osuboṅ,nudṣọ
101,Vale,oboṅkā,flọ
101,Valiant,ọsabarímá,kpanā
101,Valiant,ọkatakyí (kwatakyi),kpanaku
101,Valiant,,ekālọ
101,Valiant,,kākālọ
101,Valour,nnam,ekā
101,Valour,mmaninyẹ,nam
101,Valour,,nūfemọ
101,Valour,,hianiifemọ
101,Van,twafo,asafokaṅ
101,Vanguard,twafo,asafokaṅ
101,Vanish,yera (hāra),ho ya
101,Vanish,tu yera,tu yarabasa
101,Vanish,seṅ kọ,ladṣe
101,Vanish,twaṃ,
101,Vanity,ahuhude,yaka
101,Vanity,ahuhusẹm,-nọ
101,Vanity,adehuhuw,
101,Vanity,agohunu,
101,Vapour,ahohow,afua
101,Vapour,ahuhuw,lamọ
101,Vapour,huruhurow,
101,Variable,nea ẹsakra(sakra),
101,Variable,edi adannaṅ,
101,Variance,nsakrae,bẹ
101,Variance,mansọ,
101,Variance,atutuw,
101,Variation,nsakrae,
101,Variation,adannaṅ,
101,Variation,nsonee,
101,Variation,nsonsonee,
101,Various,horow,srotọ
101,Various,ahorow,
101,Various,sono,
101,Various,sonsono,
101,Vehement,denneṅ,wā
101,Vehement,pī,pī
101,Vehement,bebrẹ,bam
101,Vehement,kẹse,bambambam
101,Vehement,sẹ,
101,Vehement,bam,
102,veil,ńkataanim,hiehanō
102,vein,ntini,fā
102,velvet,seda,
102,velvet,ago,
102,velvet,,agobofū
102,velvet,,flonto
102,venison,hanām,milclo
102,venom,bore,bo
102,venom,bore,ebo
102,venom,bore,onufubo
102,venom,owọ-bore,bo
102,venom,owọ-bore,ebo
102,venom,owọ-bore,onufubo
102,venture,sọ..fwe,ka
102,venture,sọ..fwe,ka hie
102,venture,sọ..fwe,ṣo he
102,venture,sọ..fwe,ši tsitši fe
102,venture,kekare(anim),ka
102,venture,kekare(anim),ka hie
102,venture,kekare(anim),ṣo he
102,venture,kekare(anim),ši tsitši fe
102,venture,si bo ye,ka
102,venture,si bo ye,ka hie
102,venture,si bo ye,ṣo he
102,venture,si bo ye,ši tsitši fe
102,venture,abòsi,kā
102,venture,abòsi,tsitšišimọ
102,venture,abòsi,ekā
102,veranda,abrânnā,ablana
102,verdigrise,kôbere hō bore,bo
102,verdigrise,kôbere hō bore,ebo
102,verdigrise,kôbere hō bore,obohima
102,verdigrise,kôbere hō bore,nkanale
102,verdigrise,úkānare,bo
102,verdigrise,úkānare,ebo
102,verdigrise,úkānare,obohima
102,verdigrise,úkānare,nkanale
102,verily,ampa,leleŋ
102,verily,ampa,anokwa
102,verily,ampa,asanokwa
102,verily,nokware,leleŋ
102,verily,nokware,anokwa
102,verily,nokware,asanokwa
102,verity,nokware,anokwale
102,vertex,atifi,yiteŋ
102,vertex,atifi,pampaso
102,vertex,mpampam,yiteŋ
102,vertex,mpampam,pampaso
102,very,pa,naakpa
102,very,pa,tšō
102,very,pa,tūtu
102,very,pa,dukuduku
102,very,pa,sukusuku
102,very,pa,gbogbōgbo
102,very,pòtē,naakpa
102,very,pòtē,tšō
102,very,pòtē,tūtu
102,very,pòtē,dukuduku
102,very,pòtē,sukusuku
102,very,pòtē,gbogbōgbo
102,very,trēnē,naakpa
102,very,trēnē,tšō
102,very,trēnē,tūtu
102,very,trēnē,dukuduku
102,very,trēnē,sukusuku
102,very,trēnē,gbogbōgbo
102,very,ara,naakpa
102,very,ara,tšō
102,very,ara,tūtu
102,very,ara,dukuduku
102,very,ara,sukusuku
102,very,ara,gbogbōgbo
102,vessel,ade,nō
102,vessel,ade,lele
102,vessel,ade,Ad. le
102,vessel,hyeń,nō
102,vessel,hyeń,lele
102,vessel,hyeń,Ad. le
102,vessel,korow,nō
102,vessel,korow,lele
102,vessel,korow,Ad. le
102,vex,haw,hao
102,vex,haw,gba na
102,vex,haw,fe niiseniiani
102,vex,haw,fe anuanuanii
102,vex,guań hō,hao
102,vex,guań hō,gba na
102,vex,guań hō,fe niiseniiani
102,vex,guań hō,fe anuanuanii
102,vex,gyigye,hao
102,vex,gyigye,gba na
102,vex,gyigye,fe niiseniiani
102,vex,gyigye,fe anuanuanii
102,vex,yi mfefēwa,hao
102,vex,yi mfefēwa,gba na
102,vex,yi mfefēwa,fe niiseniiani
102,vex,yi mfefēwa,fe anuanuanii
102,vice,bone,esa
102,vice,bone,efonfemọ
102,vice,bone,musu
102,vice,bone,bulemọ
102,vice,yẹ,esa
102,vice,yẹ,efonfemọ
102,vice,yẹ,musu
102,vice,yẹ,bulemọ
102,vice,amumoyẹ,esa
102,vice,amumoyẹ,efonfemọ
102,vice,amumoyẹ,musu
102,vice,amumoyẹ,bulemọ
102,vice,ànómmane,esa
102,vice,ànómmane,efonfemọ
102,vice,ànómmane,musu
102,vice,ànómmane,bulemọ
102,victor,ńkōnimdifo,kōnimye(li)lọ
102,victor,ńkōnimdifo,noyelọ
102,victory,ńkōnim,kōnim
102,victory,ńkōnim,yeli
102,victory,ńkōnim,tanagbē
102,victorious,di so,ye kōnim
102,victorious,di so,gbe ta na
102,victorious,di so,ye nọ
102,vie,si kane,da
102,vie,si kane,da he
102,vie,si kane,ši akan
102,view,fwẹ,kwẹ
102,view,hū,kwẹ
102,view,ofwẹ,
102,view,adefwẹ,
102,view,nea obi susuw wọ brb. hō,
102,view,ńhūmu,
103,vigour,ahōọdeṅ,
103,vigour,tumi,
103,vigour,nnam,
103,vigour,mmarimasẹm,
103,vigour,mmaninyẹ,
103,vigour,,hewale
103,vigour,,nyēmo
103,vigour,,ekā
103,vigour,,nam
103,vigour,,nūfemo
103,village,kurow,
103,village,akurowa,
103,village,akurā,
103,village,-ase,
103,village,,akrowa
103,villain,ohuhuni,
103,villain,onipahuhuw,
103,villain,onipabone,
103,villain,omumoyẹfo,
103,villain,,yakayakagbomo
103,villain,,gbomo foṅ
103,vinegar,mfinegar,
103,vinegar,,ašiṅ
103,violence,ahōọdensem,
103,violence,anuọdensem,
103,violence,akokobírisem,
103,violence,akakabénsém,
103,violence,asénníni,
103,violence,ntíntimànsém,
103,violence,,hewa
103,violence,,hewale
103,violence,,hiewale
103,violence,,yiwale
103,violence,,ahom
103,violence,,kakabā
103,violent,kekā,
103,violent,ọkekāfo,
103,violent,,blabla
103,violent,,kākālọ
103,violent a-death,opatuwu,
103,violent a-death,owusiṅ,
103,violent a-death,,plenemo
103,violent a-death,,kpatumo
103,violently,akakabénsò,
103,violently,akokobírìsò,
103,violently,aporiso,
103,violently,ọberaṅso,
103,violently,,hewale na
103,violin,ọsāṅkū,
103,violin,,saṅkū
103,viper,ọwọ,
103,viper,ahurutoa,
103,viper,,onufu
103,viper,,šinō
103,viper,,šikpā
103,virgin,abábā,
103,virgin,ọbábun,
103,virgin,,oblayō
103,virgin,,-mū
103,virginity,mmabābere,
103,virginity,mūdi,
103,virginity,,oblayeiaṅ
103,virginity,,emuyeli
103,virginity,,hetšemo
103,visage,anim,
103,visage,,hie
103,visible,nea wohū,
103,visible,,noni anaä
103,visit,fwẹ,
103,visit,befwẹ,
103,visit,kofwẹ,
103,visit,kyia,
103,visit,,sra
103,visit,,ṅā
103,vocable,asemfua,
103,vocable,,wiemo
103,vocabulary,ọkasa mu nsemfua mmoaāno,
103,vocabulary,nsem-asekyere-ṅhōmā,
103,vocabulary,,wiemo-wolo
103,vocabulary,,wiemoi-ašišitšōmo-wolo
103,voice,ẹne,
103,voice,,gbē
103,voice loud-,ẹne kese,
103,voice loud-,,gbē wā
103,void,hunu,
103,void,patā,
103,void,,eflo
103,void,,kplauā
103,Volta,Fīraw,
103,Volta,,firao
103,Volta,,filao
103,vomit,fe,
103,vomit,,fe
103,vomit inclination to-,abofono,
103,vomit inclination to-,yam fōntāu,
103,vomit inclination to-,,tšine no futamo
103,vomit inclination to-,,-lotamo
103,vow,hyẹ bọ,
103,vow,hyẹ ase,
103,vow,,wo ši
103,vulture,opété,
103,vulture,akrampā,
103,vulture,kokosakyi,
103,vulture,borebiṅ,
103,vulture,,akpaṅa
104,Wag,him,woko
104,Wag,hiñhim,hoso
104,Wag,wosow,
104,Wage,so..fwę,ka
104,Wage,kyia,
104,Wage,si bo,
104,Wage,awowa,awoba
104,Wage,akatua,gbęna
104,Wage,apābode,nyōmọ
104,Wage,asranne,wō
104,Wage,afrihyiade,apabọnii
104,Wage,,nycndšenii
104,Wag(g)on,teaseęnam,fili
104,Waggoner,teaseęnam-käfo,filigblalọ
104,"Waggoner (ursa major, the greater bear)",nsoromasoṅ,dšeṅkpawo
104,Waist,aseṅmu,mliteṅ
104,Waist (coat),,wes
104,Wait,twęṅ,mę
104,Wait,fwę okwaṅ,kwę gbę
104,Wait,węṅ,tšę
104,Wait,kyę,tęo
104,Wait,tęw,sōmọ
104,Wait,buw,
104,Wait,di abọ,
104,Wait,som,
104,Waiter,abofra,tšulọ
104,Waiter,obōni,sōolọ
104,Waiter,osomfo,bage
104,Wake,ani so da họ,hieṅmei dfere no
104,Wake,si pę,hie tšę
104,Wake,nyaṅ,tšię (hie)
104,Wake,kānyāṅ,
104,Wake (n.),pesi,
104,Wakefulness,ani a eso da họ,hietědšemo
104,Wakefulness,ani a eṅkum,hietšě
104,Wakefulness,pesi,
104,Walk,nam,nyie
104,Walk,nantew,tšō
104,Walk,fa,šěra ši
104,Walk,pase,
104,Walk-about,nantenantew,nyie he
104,Walk-about,duedue,hewọ
104,Walk-affectedly,doṅ,tšia
104,Walk-affectedly,kyēa,šere
104,Walk-after,di..akyi,nyie sę
104,Walk-after,di akyiri,
104,Walk-along,pere (abonteṅ),nyie na
104,Walk-along,nam ano ano,
104,Walk-around,twa hō hyia,bọle
104,Walk-backward,saṅ n'akyi,nyie sęse
104,Walk-backward,pini n'akyi,
104,Walk-before,di anim,nyie hămọ
104,Walk-before,di kaṅ,hie
104,Walk-over,fa so,
104,Walk-in procession,wuw,fo
104,Walk-in procession,,foṅ
104,Walk-in procession,,fo ši
104,Walk-in procession,,tšō no
104,Walk-proudly,kyēa,tšia
104,Walk (n.),onantew,yā
104,Walk (n.),okwaṅ,nyiemọ
104,Walk (n.),okwanferene,šišeramọ
104,Walk (n.),bra,gbę
104,Walk (n.),abrabo,dšeṅ
104,Walk (n.),amammu,
104,to take a walk,kopase,šera ši
104,to take a walk,pasepase,ya šišeramọ
104,to take a walk,koapase,
104,to take a walk,apasaw,
104,to take a walk,nennam,
104,to take a walk,gye mframa,
104,to take a walk,mfare,
104,walking-staff,poma,dęhhiemọtšọ
104,walking-staff,,dęnmātšọ
104,wall,ofasu,gbogbo
104,wall,fabaṅ,afabaṅ
105,wallow,pirew,
105,wallow,yantam,
105,wallow,,kokro
105,wallow,,koklo
105,wallow,,wu
105,wander,nantew,
105,wander,tu kwaŋ,
105,wander,dom',
105,wander,dodom',
105,wander,kyiŋ,
105,wander,kyini,
105,wander,nantenantew,
105,wander,,bo
105,wander,,fā
105,wander,,tšomlọ
105,wander,,kpa ši
105,wander,,logo he
105,wandering,akwantu,
105,wandering,ofom,
105,wandering,mfomso,
105,wandering,,gbẹdū
105,wandering,,kobo
105,wandering,,tšomlọmọ
105,wandering,,šikpā
105,want,fwefwẹ,
105,want,pẹ,
105,want,gye,
105,want,,tao
105,want,,ye n.k.
105,want,,he niitšumọ
105,want,ohia,
105,want,okom,
105,want,,fe
105,want,,ohia
105,want,,hiamọ
105,want,,heniitšumọ
105,want,,kpa
105,want,,ona
105,want,,taomọ
105,want of breath,ahometew,
105,want of breath,,tšuisū
105,wanton,bo ahofwī,
105,wanton,,ho la
105,wanton person,ohofwīni,
105,wanton person,,laholọ
105,wanton person,,hieflefletše
105,wantonness,ahofwī,
105,wantonness,,lahō
105,wantonness,,obla
105,wantonness,,hieflefle
105,wantonness,,ahofi
105,war,osa,
105,war,ọkō,
105,war,akōdi,
105,war,edọm,
105,war,dọnkōe,
105,war,nnoŋkōe,
105,war,,ta
105,war chief,osahene,
105,war chief,osafohene,
105,war chief,odọmmanin,
105,war chief,,tatše
105,war chief,,asafoatše
105,war cry,ose,
105,war cry,,ose
105,war dance,asrayere,
105,war dance,asrayeredi,
105,war dance,,asayere
105,war,kō,
105,war,tu sa,
105,war,ko osa,
105,war,di dọm,
105,war,di akō,
105,war,,wu
105,war,,wu ta
105,ward off,gye,
105,ward off,sow ano,
105,ware,ade,
105,ware,aguade,
105,ware,,dšra
105,ware,,dšrayelinii
105,ware,,guọnii
105,earthen ware,ǹkuku nè ǹkaka,
105,warm,ohyew,
105,warm,hyewhyew,
105,warm,hyerehyere,
105,warm,hō huru,
105,warm,,hereñ
105,warm,kā hyew,
105,warm,how gya,
105,warm,,kā ohyeo
105,warm one's self,gya,
105,warm one's self,awĩa,
105,warm one's self,,wyere
105,warm one's self,,hūlū
105,warm one's self,,gbomọ he
105,warn,bọ koko,
105,warn,yi apra,
105,warn,tia.. nan so,
105,warn,tu fo,
105,warn,kasa kyerẹ,
105,warn,hye nyansa,
105,warn,yi asitiw,
105,warn,,bọ koko
105,warn,,wie tšō
105,warn,,wo nã
105,warp,kontoñ,
105,warp,pono,
105,warp,kyea,
105,warp,,kōdō
105,warrior,okōfo,
105,warrior,okōfoni,
105,warrior,osafoni,
105,warrior,osrání,
105,warrior,,tabilọ
105,warrior,,tawulọ
105,warrior,,wulọ
105,warrior,,asrafonyo
106,wash,guare,
106,wash,horo,
106,wash,hoho,
106,wash,hohoro,
106,wash,,dšu
106,wash,,fo
106,wash,dšale,
106,wash,ša,
106,wash,ya fa,
106,wash,wu fa,
106,wash,wu nṣo,
106,wash (clothes),horo,
106,wash (clothes),si,
106,wash (clothes),posa ntade,
106,wash (clothes),ntama,
106,wash (clothes),,fo atade he
106,wash (clothes),,nii ahe
106,wash (clothes),kposa,
106,"wash (with seawater, soap, lemons)",guare po,
106,"wash (with seawater, soap, lemons)",samina,
106,"wash (with seawater, soap, lemons)",aṅkā,
106,"wash (with seawater, soap, lemons)",,dšu nṣo
106,"wash (with seawater, soap, lemons)",,samla
106,"wash (with seawater, soap, lemons)",,abonua
106,wash-basin,aguaseṅ,
106,wash-basin,,waskefa
106,wash-basin,,kulo
106,washing-room,aguaredaṅ,
106,washing-room,,(he)dšutšu
106,washer,otamahorofo,
106,washer,otamasifo,
106,washer,,folo
106,washer,,niiahefolo
106,washer,,kposalo
106,washer,,šalo
106,wasp,kotokúròdú,
106,wasp,agyénnare,
106,wasp,mpennǎ,
106,wasp,apemnèadǎ,
106,wasp,,adšanali
106,wasp,,asāgbā
106,waste,see,
106,waste,fwere,
106,waste,ye dwerębē,
106,waste,franam,
106,waste,,fite
106,waste,,kpătǎ hie
106,waste,,še..fō
106,waste (place),ṅkyerekyerǎ(so),
106,waste (place),amamfō,
106,waste (place),akurofō,
106,waste (place),,oleṅleṅ
106,waste (place),,he kpatǎ
106,waste (place),,amamfō
106,watch,węṅ,
106,watch,sra,
106,watch,fwę,
106,watch,buw,
106,watch,si pę,
106,watch,,bu (he)
106,watch,,ši kpe
106,watch,,kwę
106,watch,,sra
106,watch,,wo (he)
106,watch (noun),o węṅ,
106,watch (noun),pesi,
106,watch (noun),o węmfo,
106,watch (noun),awęnē,
106,watch (noun),edoṅ,
106,watch (noun),anyansādoṅ,
106,watch (noun),,bū
106,watch (noun),,kpeši
106,watch (noun),,(he)bulo
106,watch (noun),,hū
106,watch-house,o węmfo daṅ,
106,watch-house,,womotšu
106,watch-man,o węmfo,
106,watch-man,,bulo
106,watch-man,,sralo
106,watch-man,,(he)wolo
106,watch-man,,woṅ
106,water,nsu,
106,water,asu,
106,water,dwenso,
106,water,,nu
106,water,baba,
106,water,,nyu
106,cold-water,nsuoṅwini,
106,cold-water,,nuhō
106,hot-water,nsuohyew,
106,hot-water,,nula
106,to make water,gu nsu,
106,to make water,dwenso,
106,to make water,,šamo
106,to make water,,fie nu
106,water-carrier,nsusawfo,
106,water-drawer,nsutowfo,
106,water-carrier/drawer,,nuyelo
106,water-frog,apotoro,
106,water-frog,atwere,
106,water-frog,,amlebo
106,water-melon,ánòwátére,
106,water-pit,asubura,
106,water-pit,nsu-amōa,
106,water-pit,,bukwo
106,water-pit,,nubu
106,water-pit,,(ano)watere
106,water-pot,ahina,
106,water-pot,atáhína,
106,water-pot,,(nu)gbe
106,water-pot,,dudo
106,water-pot,,botoku
106,water-snake,osuwọ,
106,water (verb),gu so nsu,
106,water (verb),,wo nu
106,water (verb),,fa no nu
106,watery,fōsō,
106,watery,fosofoso,
106,watery,,frōfrō
106,watery,,tšorotšorō
106,watery,,tšrętšrę
107,wave,sorokyé,
107,wave,,amlemle
107,wave,,amimírim
107,wave,,nukē
107,wave,,nṣokē
107,wave,,nṣrokē
107,waver,hinhim,
107,waver,gyigya,
107,waver,to ntintaŋ,
107,waver,,didā
107,waver,,dine
107,waver,,dšidša
107,way,okwaŋ,
107,way,osa,
107,way,otempoŋ,
107,way,broŋ,
107,way,nnantam',
107,way,akwammā,
107,way,,gbe
107,way,,gbehe
107,way,,hegbe
107,way,,blo
107,waylay,tew,
107,waylay,buw,
107,waylay,,wo kā
107,we,yeŋ,
107,we,yeŋ,
107,weak,mméréw,
107,weak,bĕrĕw,
107,weak,bètē,
107,weak,betebete,
107,weak,bòkō,
107,weak,bòkọbọkọ,
107,weak,bōròkō,
107,weak,bōrògō,
107,weak,gòrōw,
107,weak,dufudufu,
107,weak,fèfā,
107,weak,fétẹfẹte,
107,weak,hòdwō,
107,weak,hodwohodwo,
107,weak,horọhorọ,
107,weak,nā,
107,weak,nī,
107,weak,nyámō,
107,weak,siàmō,
107,weak,pósoposo,
107,weak,pòsoposo,
107,weak,,biē
107,weak,,bedē
107,weak,,bedebedē
107,weak,,bodọ(bodo)
107,weak,,bobokū
107,weak,,doli
107,weak,,fete(fete)
107,weak,,gbedē
107,weak,,gbedegbedē
107,weak,,kpetekpete
107,weak,,šrōbí
107,weak,,vi
107,weak,,wudọ(wudo)
107,weak,,yobọ(yobo)
107,weaken,gow(mu),
107,weaken,gurow,
107,weaken,,dọdọ
107,wealth,ade,
107,wealth,ahōnyāde,
107,wealth,tāmudi,
107,wealth,,nii
107,wealth,,niifalẹ
107,wealthy,nyā(wọ) ade,
107,wealthy,nyā nehō,
107,wealthy,di tāmu,
107,weapon,akōde,
107,weapon,dade,
107,weapon,ṅkrante,
107,weapon,,tawunō
107,weapon,,(a)dade
107,weapon,,klante
107,wear,"hye (atade, kye, asepatere, petea)",
107,wear,fura (ntama),
107,wear,sē (kotoku),
107,wear,siane (afōa),
107,wear,"bọ (abotiri, aboso)",
107,wear,,"wo (atade, ga)"
107,wear,,bu(mama)
107,wear,,ha (bō)
107,weariness,obērẹ,
107,weariness,,deṅme
107,weariness,,tō
107,weariness,,tole
107,weariness,,dšinedšē
108,weary,bĕrẹ,
108,weary,pa abaw,
108,weary,,tọ
108,weary,hye bĕrẹ,
108,weary,pa abaw,
108,weary,,tọ
108,weary,,hã tọ m.k.
108,weather,wĭm',
108,weather,,dše
108,weather,,dšeṅ
108,weave,ṅwene,
108,weave,,lo
108,weaver,ọ(tama)ṅwemfo,
108,weaver,,(mama)lolo
108,weavers shuttle,akorokorowa,
108,weavers shuttle,,kloklo
108,wed,hyia,
108,wed,oyere,
108,wed,ayeforo,
108,wed,ware,
108,wed,,kpe
108,wed,,nọ
108,wed,,wyẹ
108,wed,,yọ
108,wed,,gbã
108,wed,,hã gblã
108,wed,,bote gblã mli
108,wedding,ayeforohyia,
108,wedding,,ayemforokpemọ
108,wedding,,yọkpemọ
108,wedding,,yọwyẹ
108,wedding,,yọnọ
108,wedding,,gblã
108,wedding guest,ayeforohyia mma,
108,wedding guest,,bialọ
108,wedding guest,,yọkpemọbii
108,wedlock,aware,
108,wedlock,,yọkpemọ(kpọ?)
108,wedge,nnamĕ,
108,wedge,,kpemẹ
108,wedge,,tšili
108,Wednesday,wukuda,
108,Wednesday,,šọ
108,weed,wúrá,
108,weed,ṅwúrá,
108,weed,dodow,
108,weed,,dšei
108,weed,tu ṅwura,
108,weed,ṅwane,
108,weed,dow,
108,weed,,fã dšei
108,weed,,hū
108,week,dapẹṅ,
108,week,nnaawotwĕ,
108,week,,otši
108,weep,sū,
108,weep,nusu gu no,
108,weep,tere no,
108,weep,,fo (he)
108,weep,,fo yafonui
108,weep,hie fe tọtọtọ,
108,weep for,sū,
108,weep for,gyam,
108,weep for,,fo m.k.
108,weigh,kari,
108,weigh,,ṅmẹ
108,weight,ṅkarii,
108,weight,duru,
108,weight,bo,
108,weight,abrammo,
108,weight,,tšimọ
108,welcome,kyia,
108,welcome,gye tom',
108,welcome,,fla
108,welcome,,dšuro
108,welcome,here atū,
108,welcome,hiemẹ,
108,welcome,abō!,
108,welcome,akwaba!,
108,welcome,akwabō!,
108,well,yiye,
108,well,papa,
108,well,ampa,
108,well,yiw,
108,well,yiẹ,
108,well,wĭẹ,
108,well,ayō!,
108,well,yō,
108,well,,ampa
108,well,,dšogba
108,well,,odšogbaṅ
108,well,,kpakpa
108,well,,naakpa
108,well,,saṅṅ
108,well,,yiu
108,well to be,hō ye,
108,well to be,(hō) te yiye (pésẹ),
108,well to be,berẹọ,
108,well to be,,yẹ dšogbã
108,well to be,,bleọ!
108,well to be again,hō asaṅ,
108,well to be again,hō atọ(no),
108,well to be again,hō aye(no) deṅ,
108,well to be again,yare agyae,
108,well to be again,asã,
108,well to be again,,he dšọ
108,well to be again,,he tā
108,well to be again,,he wa
108,well done,aye (woaye no) yiye!,
108,well done,mo!,
108,well done,woaye ade!,
108,well done,,ahekō!
108,well done,,anyehekō!
108,well done,,ofē!
108,well,abura,
108,well,asubura,
108,well,nsuti,
108,well,nsu-aniwa,
108,well,mmasu,
108,well,,bu
109,wench,obeawa,
109,wench,afǎnǎ,
109,wench,mpǎnǎ,
109,wench,obeaguǎmǎn,
109,wench,,blakpayo
109,west,atifi,
109,west,atoe(fàm),
109,west,,anai(gbe)
109,west,,yitengbe
109,west,,asi(gbe)
109,wet,fònono,
109,wet,fòkyē,
109,wet,fosò,
109,wet,,flanò
109,wet,,dodò
109,wet,,dodoli
109,whale,bònsu,
109,whale,,bonsu
109,what,deŋ,
109,what,Ak.seŋ,
109,what,edeŋ,
109,what,deebeŋ,
109,what,ebeŋ ade,
109,what,beŋ,
109,what,nea,
109,what,dèkòde a,
109,what,,mē
109,what,,mēni
109,what,,nē
109,what,,noni
109,wheat,awì,
109,wheat,,ǹmǎ
109,wheel,teaseŋam-naŋ,
109,wheel,ǹkyimí,
109,wheel,ntwǎhònaŋ,
109,wheel,,lonto
109,wheel,,kokrolonto
109,wheel,,agolo
109,wheel,,filinane
109,when,ebere a,
109,when,da kō a,
109,when,,beni
109,whence,fi hē,
109,whence,nea fi,
109,whence,,nēgbę
109,whence,,dšę
109,whence,,heni dšę
109,where,ehē (ehene),
109,where,nea ho,
109,where,,nē
109,where,,nēgbę
109,where,,heni
109,whether,sę,
109,whether,,akę
109,whet,sew ano,
109,whet,,dšọ na
109,which,beŋ,
109,which,nea o,
109,which,nea e,
109,which,,mè
109,which,,nē
109,which,,ní
109,which,,noni
109,while,bere,
109,while,,be
109,whip,abǎ,
109,whip,mpire,
109,whip,apoŋkobǎ,
109,whip,sikafere,
109,whip,,kpǎ
109,whip,,kplebii
109,whip,,okpoŋokpǎ
109,whip,,šikafele
109,whirlwind,atwǎsiframa,
109,whirlwind,kyiŋhyia-mframa,
109,whirlwind,,lasūogble
110,whiskers,bógyeseputu,dabetṣoi
110,whisky,nsã,dā
110,whisky,mmọrọsã bi,blọfodā
110,whisper,tu asu,wo toiṅ
110,whistle,bọ fwirema,fli
110,whistle,hyeṅ bọtowa,kpā blẹ
110,whistle,atẹntẹbẹṅ,
110,white,fufu,falefale
110,white,fitā,fitā(fitā)
110,white,furubaṅ,futā
110,white,hyeṅṅ,fufu
110,white,hoa,eyeṅ
110,white,sereṅ,yeṅ
110,white,,ye
110,white,,gba fū
110,whiten,hoa (hō),ye
110,whiten,,ša he
110,whitewash,sra hō hyirew,ša
110,whitewash,akado,wo kalo
110,whitish,fufu,eyeṅo
110,whitish,hoa,yeṅo
110,whitish,sereṅ,yeo
110,whither,ẹhē?,nē?
110,whither,ẹhēfā?,nēgbẹ?
110,whither,nea..họ,heni
110,who,ẹhena,namo?
110,who,hwana,moni..
110,who,ṅhwāe,ní
110,who,hona,
110,whole,emū,emū
110,whole,ne nnyinā,mū
110,whole,ṅka-ṅhinā,sọke
110,whore,aguămāṅ,adṣamaṅ
110,whore,ọbeaguamaṅ,ašifo
110,whore,,gblakpayo
110,whore,,yo felọ
110,whose,hena (hwana) de?,namo nō?
110,whose,nea ne..,monō ní
110,why,ẹdeṅ?,mẹba?
110,why,ẹdeṅ ntia?,mĕhewọ?
110,why,nea enti,nō hewọ ní...
110,wick,asawa,odonti
110,wicked,bone,efoṅ
110,wicked,mūọ,fō
110,wicked,yẹbone,tšo la
110,wicked,di asẹmmone,
111,wicker,abā,
111,wicker,hama,
111,wicker basket,kentęń,
111,wicker basket,kyereńkye,
111,wicker basket,,kenteń
111,wicket,berapac,
111,wicket,abobow,
111,wide,bàyā,
111,wide,bayabáyà,
111,wide,tèterę,
111,wide,tetereté,
111,wide,håhårā,
111,wide,håhåråhá,
111,wide,(mu)teręw,
111,wide,,bayā
111,wide,,gblalā(gblalā)
111,wide,,hatō
111,wide,,kplelę
111,wide,,kuyō
111,wide,,leketę
111,wide,,ńme
111,wide,,tetrę
111,wide,,wuyā
111,wide,(mli)le,
111,widen,teręw mu,
111,widen,,lę mli
111,widow,okunafo,
111,widow,okunafo bea,
111,widow,ok. barima,
111,widow,obea kunafo,
111,widow,obarima k.,
111,widow,,(o)kulafo
111,widow,,-yō
111,widow,,-nū
111,widowhood,kuna,
111,widowhood,kunaye,
111,widowhood,,okulá
111,widowhood,,-femọ
111,wife,oyére,
111,wife,oye,
111,wife,,añā
111,wife,,ñā
111,wild,kekā,
111,wild,kitikiti,
111,wild,krāmākrāmā,
111,wild,krāńń,
111,wild,,gidi(gidi)
111,wild,,kakāka
111,wild,,klāmāklāmā
111,wild,gyimi,
111,wild,ani bere,
111,wild,ani ye hyew,
111,wild,ye dennennen,
111,wild,ye krāmākrāmā,
111,wild,do ńrāń,
111,wild,,dšim
111,wild,,hie do la
111,wild,,ho la
111,wild,,ye or fe gidigidi
111,wild beast,ahaboa,
111,wild boar,batafo,
111,wild boar,kokote,
111,wild boar,,batafo
111,wild boar,,beo
111,wild dog,odompo,
111,wild dog,hatwéa,
111,wild dog,odemerefũa,
111,wild dog,sakramaú,
111,wild dog,,ńańgbe
111,wild fig,odoma,
111,wild fig,,agbami
111,wild fig,,agbomi
111,wild horse,saresopońkọ,
111,wild horse,,ńańokpońo
111,wild man,okekāfo,
111,wild person,okekāfo,
111,wild man,ohamuni,
111,wild man,n'asem ahamseṃ,
111,wild man,,hiedọlọ
111,wild man,,kōnyo
111,wild yam,ahabáyere,
111,wildness,kekā,
111,wildness,anibere,
111,wildness,anuọhyew,
111,wildness,,hiedọ
111,wildness,,hiekrāmākrāmā
111,wilderness,sare(sere),
111,wilderness,sarem',
111,wilderness,sareso,
111,wilderness,ńwēaso,
111,wilderness,epawso(apāso),
111,wilderness,sare pradadada,
111,wilderness,sare patā,
111,wilderness,ńkyerekyerewa(..kyerā),
111,wilderness,kwae,
111,wilderness,kwaberentuw,
111,wilderness,eham',
111,wilderness,ahabań,
111,wilderness,wuram,
111,wilderness,,ńā
111,wilderness,,ńāńo
111,wilderness,,ńākpatā
111,wilderness,,kohayi
111,will,pe,
111,will,fwę,
111,will,fwęfwę,
111,will,,sumo
111,will,ope,
111,will,nea wope,
111,will,samansew,
111,will,,suomọ
111,will,,nōsuomọńō
111,will,,taomọ
111,willingly,ope-so,
111,willingly,ayamyi-so,
111,willingly,,suomọ na
111,win,nyā,
111,win,fa,
111,win,fa so,
111,win,di ńkōnim,
111,win,dādā,
112,wind,mframa,koyo
112,wind,mfare,koyo
112,wind,huw,hu
112,wind,hyeŋ,fli
112,wind,abeŋ,kpa
112,wind,bare,tšo
112,wind,bebarehō,
112,wind,fefano,
112,wind,bo,
112,wind,bobow,
112,wind,daŋ,
112,wind,dannaŋ,
112,windlace,,fufohewale
112,windlass,,fufohewale
112,window,mfensere,samfle
112,window,tokuru,samfle
112,window frame,mfensere dua,flentšo
112,window frame,mfensere agua,flentšo
112,window glass,mf. afwefwę,samfle alife
112,window pane,mf. afwefwę,samfle alife
112,wine,nsā,dā
112,wine,bobesā,wein
112,wing,ntabaŋ,
112,wing,ńkyeŋmu,
112,wing,edom bi nifā,
112,wing,edom bi beŋkum,
112,winged creature,ntakaraboa,fidsiatše
112,winged creature,ntuboa,fidsiatše
112,wink,bu..ani,bę hienmeii
112,wink at,bu (kā) ani gu so,dšie hie ye no
112,wink at,bu (kā) ani gu so,kū hie fō no
112,wink,aniwabu(bu),
112,winnow,huw so,ša
112,winnow,po so,ša
112,winter,awowbere,fēibe
112,wipe,pa,tšumo
112,wipe,popa,tšumo
112,wipe,pra,tšumo
112,wipe,prapra,tšumo
112,wipe,twiw,tšumo
112,wipe,twitwiw,tšumo
112,wipe,siām,tšumo
112,wisdom,nyansā,ńā
112,wisdom,nimdee,ńāle
112,wisdom,,lē
112,wisdom,,niilē
112,wise,nim nyansā,le ńā
112,wise,hū nimdee,le nii
112,wise,ani tew,hie tē
112,wise,ani da ho,hie kā ši
112,wise,ani kā ase,ńa
112,wise person,onyansafo,ńālo
112,wise person,onimdefo,niilelo
112,wish,pe,sumo
112,wish,fwefwę,tao
112,wish,fwę,
112,wish,ope,suomo
112,wish,nea obi pe,nōsuomono
112,wish,nea ofwefwę,taomo
112,wit,asęnkwā,lē
112,wit,,feoyeli
112,witch,ayeŋ,aye
112,witch,obāyeŋ,aye
112,witch,obayifo,aye
112,witch,dew bayi,
112,witchcraft,bayi,ayekpemo
112,witchcraft,abayigoru,ayekfemo
112,with,nè,nō
112,with,ńkyeŋ,ke
112,with,de,
112,withal,nso,hū
112,withal,bi,nakai non
112,withal,sāara,
112,withal,kā hō,
112,within,mu,mli
112,within,emu-fām',mligbe
112,without,adi,he
112,without,adiwo,ši
112,without,hō,bę mli
112,without,akyi,
112,without,akyiri,
112,without,kwati,
112,without,gyaw,
112,without,nnim',
113,withdraw,yi,
113,withdraw,twē ko,
113,withdraw,twē(nehō),
113,withdraw,saŋ,
113,withdraw,ko,
113,withdraw,koda,
113,withdraw,wiawia nehō ko,
113,withdraw,,ḍsie
113,withdraw,,gbla
113,withdraw,,gbla he
113,wither,guàŋ,
113,wither,nyām,
113,wither,kisā,
113,wither,bow,
113,wither,botow,
113,wither,kagyaw,
113,wither,monom,
113,wither,,kpę
113,wither,,gbi
113,withhold,kame,
113,withhold,siw kwaŋ,
113,withstand,siw ano,
113,withstand,siw kwaŋ,
113,withstand,di asi,
113,witness,adanse,
113,witness,-di,
113,witness,odansefo,
113,witness,,odase
113,witness,,-yeli
113,witness,,odasefo
113,wizard,ayeŋ,
113,wizard,obaninyeŋ,
113,wizard,obayifo,
113,wizard,osumaŋfo,
113,wae,eyaw,
113,wae,amane,
113,wae,mmusu,
113,wae,,haomo
113,wae,,nōnā
113,wae,,musu
113,woman,obea,
113,woman,obā,
113,woman,o(bā)basia,
113,woman,,yō
113,womb,yafunu,
113,womb,awotwēaŋ,
113,womb,,fomohe
113,wood,wura,
113,wood,kwae,
113,wood,ha,
113,wood,ham',
113,wood,ahabaŋ,
113,wood,dua,
113,wood,ogya,
113,wood,nnyentia,
113,wood,,kō
113,wood,,tṣo
113,wood,,la
113,wood,,lai
113,wool,oguanteŋ hō ŋhwi,
113,wool,kuntū,
113,wool,,gwanteŋhetṣoi
113,wool,,tohetṣoi
114,word,asɛm,
114,word,asɛmfua,
114,word,okasa,
114,word,ose,
114,word,kasɛɛ,
114,word,amanneɛ,
114,word,ńkra,
114,word,,gbɛ
114,word,wiemo,
114,word,kɛmo,
114,word,sane,
114,work,yɛ (ade),
114,work,yɛ adwuma,
114,work,di dwuma,
114,work,,tšu (nii)
114,work,di pɛ,
114,work,,ye apa
114,work,di nnoboa,
114,work,,bɔ mpaŋ
114,work,adwuma,
114,work,yɛ,
114,work,dwuma,
114,work,di,
114,work,,tšumo
114,work,,niitšumo
114,work,adwiṅ,
114,work,adwiṅni,
114,worker,odwumayɛfo,
114,worker,opani,
114,worker,,tšulo
114,worker,,niitšulo
114,worker,,apayelo
114,worker,,apafonyo
114,workshop,adwumayɛbew,
114,workshop,,niitšumohe
114,world,ɛwiase,
114,world,wim,
114,world,wiasefo,
114,world,ade,
114,world,adenyinā (ǹh.),
114,world,bra,
114,world,abrabu,
114,world,amammui,
114,world,aguasem,
114,world,de,
114,world,nnipa,
114,world,,dše
114,world,,dšeṅ
114,world,asamaṅ,
114,world,,gbohiadše
114,world,wiaseni,
114,world,wiasefo,
114,world,,dšeṅnyo
114,world,,dšeṅbii
114,world,wiasetrɛ,
114,world,wiase amammui,
114,world,,dšeṅšthilɛ
114,worm,osunsoṅ,
114,worm,obannyā',
114,worm,aboā (aboawa),
114,worm,ṅuṅhunii,
114,worm,,gōgōmi
114,worm,do mmoawa,
114,worm,wo gōgōmi,
114,worm,hunu (perf.),
114,worry,haw,
114,worry,guaṅ hō,
114,worry,hyɛ berɛ,
114,worship,kotow,
114,worship,sore,
114,worship,som,
114,worship,gyaw,
114,worship,di ni,
114,worship,,dša
114,worship,,sōmo
114,worship,,sole
114,worth,ɛbo,
114,worth,papa,
114,worth,yiye,
114,worth,nidi,
114,worth,animduru,
114,worth,,dšra
114,worth,,našimo
114,worthiness,mfataso,
114,worthiness,animduru,
114,worthiness,papa,
114,worthiness,mmaninyɛ,
114,worthiness,,salɛ
114,worthless,nea ɛmfra,
114,worthless,huhuw,
114,worthless,hunu,
114,worthless,,akle
114,worthless,yaka,
114,worthless,,eflo
114,worthy,sɛ,
114,worthy,fata,
114,worthy,sɔ ani,
114,worthy,wɔ bo,
114,worthy,,sa
114,wound,pira,
114,wound,pirapira,
114,wound,bɔ fɛ,
114,wound,bobɔ afɛ,
114,wound,,pila
114,wound,,ye awui
114,wound,opira,
114,wound,ekuru,
114,wound,pirakuru,
114,wound,ofɛ,
114,wound,,pilamo
114,wound,,fla
114,wound,pira,
114,wound,tu kuru,
114,wound,tutu akuru,
114,wound,,pila
114,wound,,fā fla
114,wound,opirafo,
114,wound,okufo,
114,wound,,fadšiatšɛ
115,wrap,bobow,bla he
115,wrap,dura,bla he
115,wrath,abufuw,mlifū
115,wrath,abohuru,mlila
115,wrath,anibere,grimo
115,wrath,yamgya,
115,wreath,ṅhabamma a woakyekye,kekre
115,wreath,ṅhabamma a woakyekye,nyanyera
115,wreath(e),kyekye(re),
115,wreath(e),ṅwene,
115,wreath(e),hyehye,
115,wreck,gu asu,ša ši
115,wrest,a saw,lenge
115,wrest,a saw,lege
115,wrestle,tam,fō abotiri
115,wrestle,tam abotiri,nō
115,wrestle,sūa ntokwaw,na
115,wrestle,kō,ple he
115,wrestle,pere,ši akaṅ
115,wrestle,si kane,
115,wrestle,di aguma,
115,wrestle,di ayénsiṅ,
115,wrestler,okōfo,nōlo
115,wrestler,ogumadifo,abotiri(fō)lo
115,wretch,mmoboroni,
115,wretch,akyere,
115,wretch,ohuhuni,
115,wrinkle,pono,kūa
115,wrinkle,pompono,
115,wrinkle,mōṅkyēm,
115,wrinkle(s),mpomponee,hiekūamo
115,wrist,bakoṅ,nineši
115,write,kyerew (ṅhōma),ṅmā (wolo)
115,write,kurukyerew,
115,writer,okyerewfo,(wolo)ṅmālo
115,writing,ṅhōma-kyerew,ṅmā
115,writing,ṅhōma-kyerew,ṅmāmo
115,writing-desk,kyerew-poṅ,woloṅmā-okplō
115,writhe,kyím,
115,writhe,fira,
115,writhe,daṅ,
115,wrong,bone,efoṅ
115,wrong,nea enye,atfeńteṅ
115,wrong,eṅtēe,ateṅtšeo
115,wrong,akyea,
115,wrong,nea woboa,
115,wrong,teṅkyew,
115,wrong (n),bone,efoṅ
115,wrong (n),amim,amim
115,wrong (n),mfomso,tōmo
115,wrong (v),ye bone,fe efoṅ
115,wrong (v),di amim,ye amim
115,wry,kontoṅkye,kōdōṅ
116,yam,ode,
116,yam,odee,
116,yam,edw̃o,
116,yam,gyawú,
116,yam,àkwakọ,
116,yam,krúkrupà,
116,yam,ṅkantámi,
116,yam,díká,
116,yam,măde,
116,yam,ṅkaní,
116,yam,bàyéré,
116,yam,kókóra,
116,yam,pepeá,
116,yam,afaséw,
116,yam,afasékànì,
116,yam,afasetuntúm,
116,yam,ménsá,
116,yam,ṅkámfó,
116,yam,,yere
116,yam,,yele
116,yam,,dšawu
116,yam,,afaseo
116,yard,adiwo,
116,yard,abañnua,
116,yard,abasamfã,
116,yard,,kpo
116,yard,,kpo no
116,yard,,agbo na
116,yard,,yale
116,yawn,yeram,
116,yawn,hăram,
116,yawn,emu bae,
116,yawn,tẽ ano bàyã,
116,yawn,,haku
116,yaws,gyato,
116,yaws,,adšato
116,ye,mo,
116,ye,,nye
116,yea,yiw,
116,yea,ampa,
116,yea,mpo,
116,yea,mmom,
116,year,afe,
116,year,afrihyia,
116,year,afirihyiae,
116,year,,afi
116,yearn,(ne)yam hychye(no),
116,yearn,fe,
116,yearn,ani gyina,
116,yearn,,mli tšõ
116,yellow,kõ,
116,yellow,kokõ,
116,yellow,aṅkāhono,
116,yellow,bofua,
116,yellow,odubẽn,
116,yellow,adidisika,
116,yellow,,fũ
116,yellow,,etšuru
116,yellow,,gũfa
116,yellow,,gulfa
116,yellow,,abonua
116,yellow,,akutu
116,yes,yiw,
116,yes,ẽ,
116,yes,ehẽ,
116,yes,,ẽ
116,yes,,hẽ
116,yes,,yõ
116,yesterday,nera,
116,yesterday,ene da,
116,yesterday,nara,
116,yesterday,nora,
116,yesterday,,nye
116,yet,da so,
116,yet,kyeṅkyeñara,
116,yet,ara,
116,yet,,lolo
116,yet,,kẽ
116,yet,,kẽle
116,yield,yi,
116,yield,mā,
116,yield,yi mā,
116,yield,pene,
116,yield,mā okwaṅ,
116,yield,,fere
116,yield,,hã gbẽ
116,yield,,ṅmẽ gbẽ
116,yield,,kplẽ
116,yield,,wo
116,yield,,bọ
116,yield,,ba
116,yoke,koṅdua,
116,yoke,mpamhõ,
116,yolk,ṅkesuam,
116,yolk,kokrobotọ,
117,yon,no,
117,yon,eho no,
117,yon,no ho,
117,yon,nohõ,
117,yon,dohã,
117,yon,aya noho,
117,yon,anim noho,
117,yore,tete,
117,yore,tete nteredẽ,
117,yore,tetebere so,
117,yore,,blẹma
117,yore,,momosa
117,you,mo,
117,you,hom,
117,you,ehomnom,
117,you,,nye
117,your,mo,
117,your,hom,
117,your,,nye
117,yours,mode,
117,yours,modea,
117,yours,homdee,
117,yours,hom dze,
117,yours,,nyenõ
117,yourselves,moara,
117,yourselves,moaṅkasa,
117,yourselves,mohõ,
117,yourselves,,nyedientše
117,yourselves,,nyedientšemei
117,yourselves,,nyehe
117,young,foro,
117,young,oba,
117,young,abofra,
117,young,kūmā,
117,young,,foo
117,young,,bi
117,young child,abotafowa,
117,young child,akokoã,
117,young child,,gbekẽ
117,young child,,abifao
117,young child,,fufoo
117,young people,mmofra,
117,young people,'nemma,
117,young people,,gbekẽbii
117,young man,aberante,
117,young man,akwaṅkwā,
117,young man,,oblanyo
117,young woman,abábā,
117,young woman,,oblayo
117,youngest child,oposie,
117,youngest child,opopayam,
117,youth,mmofraase,
117,youth,mmerantebere,
117,youth,mmabābere,
117,youth,mmere,
117,youth,abofra,
117,youth,aberante,
117,youth,aberantewa,
117,youth,akwaṅkwā,
117,youth,obábuṅ,
117,youth,obabuṅ,
117,youth,mmofra,
117,youth,mmerante,
117,youth,mmabā,
117,youth,,oblanyo
117,youth,,gbekẽbii
117,youth,,oblahĩ
117,youth,,oblayei
117,youthful,onipamóno kâṅwē,
117,youthfulness,mmeranteyẹ,
117,youthfulness,bereyẹ,
117,youthfulness,mmere,
117,youthfulness,,obla
117,youthfulness,,oblanyofemo
117,Zeal,anibere,
117,Zeal,mmodeṅ,
117,Zeal,mmodeṅbo,
117,Zeal,,he dọ
117,Zeal,,hiedọ
117,Zeal,,modeṅ
117,Zeal,,modeṅbo
117,zealous,bo mmodeṅ,
117,zealous,,bọ modeṅ
117,zealous,,hie dọ
117,zenith,atifĩ,
117,zenith,wọ osoro,
117,zenith,,yiteṅ
117,zink,sānyâ,
117,zink,,sānyâ
