page,eng,twi
4,Akan customary laws,Akan amammara
4,Akan people,Akanfoɔ
4,Akan states,Akan man
5,Paramount Chief or King,Omanhene
5,Queen-Mother,Ohenma
5,Head Chief or Chief,Ohene
5,Head Chief or Chief,Opakani
5,Sub-Chief,Odikro
5,Chief of the Body Guard,Ankobeahene
5,Chief of the Personal Guard,Jasehene
5,Chief of the Rear Guard,Kyidomhene
5,Chief Councillor,Osomanyawa
5,Chief Councillor,Omankrado
5,Stool-Holders,
5,Stool Heir,Odehye
5,Linguist or Spokesman,Okyeame
5,Stool Carrier,Akonnuasoafo
5,State Treasurers,Sanna
5,State Treasurers,Fotosanfo
5,Gold Breast Plate Bearers,Nkrafo
5,Gold Breast Plate Bearers,Awoso
5,Gold Breast Plate Bearers,Nkrafohene
5,Court Criers or Heralds,Nsenefo
5,Palanquin Bearers,Asoamfo
5,State Insignia Bearers,Tumtufo
5,State Insignia Bearers,Mmenatofo
5,State Insignia Bearers,Mmfenasoafo
5,State Insignia Bearers,Bankyiniyetufo
5,Drummers and Horners,Asokwafo
5,Drummers and Horners,Akyeremadefo
5,Drummers and Horners,Mpintinkafo
5,Executioners,Abrafo
5,Minstrel Poets,Memafo
5,Steward of the Chamber,Dabehene
5,Councillors,Atrafo Mpanyinfo
6,The Legislature,Okyeman Mpanyin Nhyiam
6,Fetish Oath,
6,A Chief's Personal Oath,Brepo or Nhyira
6,The National Oath,Okyenhene Ntam
6,Swearing oath with someone,Ntam Keka
6,Swearing oath upon someone,Ntam Kãguso
6,Violating oath,Ntamto
6,Procedure by Summons,Fre obi wo mpanyin anim
6,Criminal Case,Amanenya
6,On hearing a case,Di Asem
6,Judgment,Atemmu
7,First Ohum,Ohum-Kan
7,Second or Last Ohum,Ohum-Kyire
7,Purification Festival,Odwira
7,Grand Odwira,Odwira-Tuo
7,Celebration in the Mausoleum,Banmukoro
7,Wednesday Celebration,Wuku-Dae
7,Sunday Celebration,Kwasidae
7,Infant Betrothal,Asiwa
7,Ceremony of Divorce,Hireguo
7,Satisfaction for Adultery,Ayefare
7,Confession of Adultery,Wiakyere
7,Seduction,Asɔmmɔ
7,Table of Ayefare Fees,Ayefare Boɔ
7,Family Tie,Kahire or Ekal
8,Stool Property,Ahennwa
8,Akan Belief in a Hereafter,Asamando
8,Akim Abuakwa Councils,Akyem Abuakwa Mpaninfoɔ
8,The Okyeman (State) Council,Okyeman Mpaninfoɔ
8,The Amantoo-mmiensa Council,Amantuo Mmiensa
8,Akan Order of Precedence,Akanfoɔ Dibebea
8,Guardian Spirits and Genii,Kra
8,Kings of Akim Abuakwa (Asona Clan),Akyem Abuakwa Ahemfo (Asona Abusuapanin)
8,A Phylogeny of the Akan Clans,Akan Abusuakuo
8,Gold Weights used by the Akans,Mrammou
8,Akan Names of the Months,Akan Abosome Din
8,Selections from the Songs of the Minstrels,Kyerɛkyerɛfoɔ Dwom
9,Minstrels,Amemafo
9,Executioners,Abrafo
9,Creator,Odomankama
9,Esen,Esen
9,Drummer,Okyerɛma
9,Executioner,Kwawu Kwabrafo
10,Akan tribes,Akanfo
10,circumcision,
10,tattooing,
11,Akan,
11,Fanti,Fante
11,Twi,Twi
11,Tshi,Twi
11,Ashanti,Asante
11,Akyems,Akyem
11,Akims,Akyem
12,The King of Ashanti,Osantehene
12,The King of Akim,Okyenhene
12,The King of Ashanti treats with none but the King of Akim on familiar and equal footing,Okyenhene nkɔ ara na Osantehene ne no di nsawoso
12,The most binding and dreadful of Ashanti oaths,Koromante
13,Akan,Akan
13,Omanhene,Ɔmanhene
13,Akim Abuakwa,Akyem Abuakwa
13,Akim,Akyem
13,Ashanti,Asante
13,Twi,Twi
13,Asen,Asen
14,Akan,Akan
14,Fanti,Fante
14,Ashanti,Asante
14,Twi,Twi
15,feudal services,
15,escheat,
15,gift,
15,forfeiture,
15,aids,
15,reliefs,
15,fee simple,
15,estate tail,
15,life estate,
15,land tenure,
15,relief,
15,funeral-help-thing,Ayibuadie
16,Akan funeral observances payment to a chief,Ayibuadie
16,bathing or purification,guare
16,thing or gift for having helped in the funeral,Ayi-boa-de
16,thing possessed on death-inheritance,Awunyade
16,thing given-gift,Akyede
16,tax-toll,Tuo
16,tax-toll,too
16,seizing of pledge-forfeiture,Adwoyie
17,free born,Odehye
17,head of a large Akan family,nana
17,A bought person,akoa
17,"one, single, lonely",okoro
17,a being removed but one stage from the mere animal,Otwea
17,"the pure, the first race",Akan
17,priest,Okomfo
19,King,Omanhene
19,The Kyebi Council,Ankobea-ne-Apesemaka-ne-Kyidom
19,The Okyeman Council,Okyeman
19,The Council of Three Counties,Amantoo-mmiensa
19,A chief with the right to ride in a Palanquin,Opakani
19,Palanquin,Apakan
19,Divisional Chief,
20,Ankobea,Ankobea
20,Ankobea-Chief,Ankobeahene
20,Amomam Stool,Amomam
20,Jase sub-part,Jase
20,Jase-Chief,Jasehene
20,State messengers and State emblem-bearers,nhenkwa
20,Apesemaka,Apesemaka
20,Abontendom-hene of Kibbi,Abontendomhene
20,Apesemaka-hene,Apesemakahene
20,Principal Chief,
20,Divisional Chief,
20,Odikro,Odikro
20,Kings,Amanhene
20,Omanhene,Omanhene
20,Queen Mother,Ohemma
21,The leading and senior party on the Kibbi Council,Apesemaka
21,The third party on the Kibbi Council,Kyidom
21,The senior Chief of the Kyidom,Kyidomhene
21,The stool occupied by the Kyidomhene,Ampebame Stool
21,The occupier of the second stool of the Kyidom,Kyidom Panin
21,The stool occupied by the Kyidom Panin,Jase Stool
21,The stool of the Ankobea,Ankobea Stool
21,The stool of the Apesemaka,Apesemaka Stool
21,The stool of the Kyidom,Kyidom Stool
21,The sovereign head of Akim Abuakwa,Omanhene
21,The national council of Akim,Okyeman Council
21,The council of the eight chiefs,Amantoo-mmiensa Council
21,The chairman or leader of the Okyeman Council,Adontenhene
22,Omanhene,Omanhene
22,Okyeman Council,Okyeman
22,Akim Abuakwa,Akim Abuakwa
22,Kibbi,Kibi
22,Adontenhene,Adontenhene
23,Sovereign-President,
23,Linguist,Okyeame
23,Nifahene,Nifahene
23,Benkumhene,Benkumhene
23,Adontenhene,Adontenhene
23,Omanhene,Omanhene
23,Akan,Akan
24,Amantoo-mmiensa Council,Amantuo-mmiensa
24,Council of Three Counties,Amantuo-mmiensa
24,Chief or Odikro,Odikro
24,Drum,Asafo Pranpran
24,Stool,Ofori Akonnua
25,Council of Three Counties,Amantoo-mmiensa
25,Paramount Chief,Omanhene
25,Companies of young men,Asafomma
25,Asafo company,Asafo
25,Okyeman Council,Okyeman
25,Stool,
26,company captains,Asafoatsefo
26,captaincy,Asafoatse
26,Akim Abuakwa,Akim Abuakwa
26,Asafo,Asafo
26,Amantoo-mmiensa Council,Amantoo-mmiensa
26,Kibbi,Kibbi
26,Okyeman Council,Okyeman
26,Kibbi Council,Kibbi
26,Ofori Panin Stool,Ofori Panin
26,Apadja-Ofori,Apadja-Ofori
26,Akantamasu,Akantamasu
27,Amantoo-mmiensa,Amantuo-mmiensa
27,Okyeman Council,Okyeman
27,Executive Council,
27,Kibbi Executive Council,
27,Asafo people,Asafo
27,Asafo leaders,Asafoatsefo
28,Akim Abuakwa,
28,Chiefs,
28,democracy,
28,limited monarchy,
28,councils of hereditary and elected chiefs and councillors,
29,Creator,Odomankama
29,Drummer,Kyerɛma
29,Executioner,Kwabrafoɔ
30,Court Crier,Esen
30,"A person in full attire, often associated with the royal household or specific ceremonial roles",Akrafo
30,Paramount Chief,Omanhene
31,Akan State system,Akan
31,Akim Abuakwa practice,Akyem Abuakwa
31,Fetish system,
31,Ga tribe,Ga
31,Adangwe tribe,Adangme
31,Chief or King of a Ga community,Mantse
31,Homowo custom,Homowo
32,Paramount Chief,Omanhene
32,Nation,Oman
32,King,Ohene
32,Kings,Amanhene
32,Kings,Amanahenfo
32,Kings,Ahenfo
32,"Mother-of-mothers, i.e. grandmother or grandfather",Nana
32,"Ever-thankful, ever deserving thanks",Dasebre
32,"Ever-thankful, ever deserving thanks",Daseɛnsa
32,Mighty or majesty,Otumfo
32,Maker of good deeds or benefactor,Deefo
32,The valiant,Katakyi
32,King of Akyem,Okyenhene
32,King of Kwahu,Kwahuhene
32,King of Asante,Asantehene
32,King of Akuapem,Akuapemhene
32,King of Akim Abuakwa,Abuakwahene
32,King of Akim Kotoku,Kotokuhene
32,District,Oman
32,King or ruler,Ohin
33,"King or Chief of a nation, town or village",Omanhene
33,King of an Akan State,Oman
33,Supreme head of the state,Omanhene
33,Paramount Chief,Omanhene
34,Paramount Chief,Omanhene
34,Chief,Ohene
34,Golden stool,Sika Dwa
34,Silver stool,Dwete Dwa
34,A set of drums,Mpentin
34,A set of drums,Fontomfrom
35,Paramount Chief,Omanhene
35,Chief,Ohene
35,Drums,Boma
35,Drum set,fontomfrom
35,Sunday festival,Kwasidae
35,Festival,Ohum-Kyire
35,Festival,Odwira
35,Festival,Ohumkan
35,Festival,Banmu
35,Clan,Asona
35,Queen-Mother,Ohema
36,Paramount Chief,Omanhene
36,Chief,Ohene
36,Palanquin,Apakan
36,Sedan-chair,seko
36,Chiefs,Ahenfo
36,Disputes or legal cases,palavers
36,Twin born,Abam
36,Adowa dance,Adowa
36,Odoto dance,Odoto
37,Paramount Chief,Omanhene
37,Queen,Omanhema
37,Queen,Ohema
37,Queen-Mother,
37,Head-Chief or Chief,Ohene
37,Head-Chief or Chief,Opakani
37,Nana,Nana
37,old dame,Aberewa
37,mistress or lady,Awura
38,Head-Chief,Ohene
38,subdivision,Ohen-man
38,province,Omansin
38,Palanquin Chiefs,Mpakanfo
38,Advance-guard,Adontenfo
38,provinces,Ahen-man
38,provinces,Amansin
39,Paramount Chief,Omanhene
39,Chief of the Adonten division,Adontenhene
39,Chief of Tafo,Ohene of Tafo
39,Chief of Asuom,Ohene of Asuom
39,Chief of Apapam,Odikro of Apapam
39,Chief of the Right Wing,Nifahene
39,Chief of the Takwa division,Takwahene
39,Chief of the Left Wing,Benkumhene
39,Alternative name for the Chief of the Left Wing,Fanteakwahene
40,Commander or general of the left wing of the army,Benkumhene
40,Chief of the Stool Guard,Oseawuhene
40,Paramount chief,Omanhene
40,Chief of Osenase and Otwereso,Odauhene
40,Chief of Apinaman,Ohene
40,Chief of Osino,Odikro
40,Chief of Apedwa,Odikro
40,Commander or general of the right wing of the army,Nifahene
40,Chief of the Adonten division,Adontenhene
40,Chief of Asamankese,Ohene
40,Chief of Abomosu,Pomasehene
40,Chief of Abomosu,Ohene
41,Jasehene,Jasehene
41,Body-guard,Jase
41,Paramount Chief,Omanhene
41,Abontendomhene,Abontendomhene
41,Asona clan,Asona
41,Agona clan,Agona
41,Omanhene's sons,Ahenema
41,Odikro,Odikro
41,Ohene,Ohene
42,Head-Chiefs,Ahenfo
42,administration of his ohen-man,ohen-man
42,Omanhene,Omanhene
42,Okyeman Council,Okyeman
42,the manly,Barima
42,the valiant,Barima
42,Paramount stool,
42,oath of allegiance,
42,Odwiratuo,Odwiratuo
42,Sub-Chiefs,Adikrofo
42,Asafohene,Asafohene
42,owner or ruler of a town,Odikro
43,Odikro,Odikro
43,Head-Chief,
43,Paramount Chief,
43,Ohene,Ohene
43,sedan-chairs,seko
43,Mpintin drums,Mpintin
43,black linguist-staff,Amampam Poma
43,horse's tail,Mponkofi
43,horn,
43,drum,Twenesin
43,Omanhene,Omanhene
43,stool,
43,The Brave,Bafuor
43,sub-chief,
43,Chief,Ohene
44,Chief of Body-guard,Ankobeahene
44,Chief of the Home or House Guard,Ankobea
44,Chief,hene
44,Chief of Personal Guard or Chamberlain,Jasehene
44,Chief of the place of fire,Ja-se-hene
44,Chief's attendants,Nhenkwa
44,Paramount Chief,Omanhene
44,Ankobea order,Ankobeani
44,Appellation of the Ankobeahene,Bafuor
45,Chief of Rear Guard,Kyidomhene
45,Rear Guards,Kyidomfo
45,Chief Councillor,Osomanyawa
45,Chief Councillor,Omankrado
46,The first person after the chief or king of the council,Abontendomhene
46,He who carries the legs of a town or district,Osomanyawa
46,He who carries the legs of a town or district,Osokuro-nnyawa
46,Chief of a town,Odikro
46,Stool-holders or Captains-on-Stools,Osafohene
46,Drum,Twenesin
46,Horn,Abentia
46,Stool heir,Odehye
47,Stool,
47,Akan State,Akan
47,Stool heir,
47,Prince,
47,Succession through the female line,
47,Issue resulting from an unlawful connection,aguamanba
47,Stool heiress,
47,Council of the reigning Chief,
48,stool heir,
48,stool heiress,
48,fetish,
48,Paramount Chiefs,
48,Head Chiefs,
48,Chiefs,
48,Sub-Chief,Odikro
49,Blood Royal,Odehyeɛ
49,Elderly stool heir,Barima
49,Elderly stool heir,Bafuor
49,Linguist or Spokesman,Okyeame
49,Linguist or Spokesman (Fanti),Kyiam
49,Paramount Chief,Omanhene
49,Chief,Ohene
49,Sub-chief,Odikro
49,So says the king,Sɛ ohene se ni
50,Linguist,
50,Paramount Chief,
50,The 'Kid' (or small boy) ignorant of the prowess of the Lion,Akaa bi a onmim gyata
51,Linguist,
51,Chief,Omanhene
51,The king's wife or private adviser,Ohen-ye
51,Stool carriers,Nkonnuasoafo
51,Chieftaincy of stool-carriers,Nkonnuasoafo-hene
51,Throne,Ahennua
52,The regalia in the stool-house,
52,Abontendomhene,Abɔntendomhene
52,Stool celebrations,
52,Chief stool-carrier,
52,Odwira,Odwira
52,State funeral customs,
52,Stool-house,
52,Black Sacred Stool,
52,Akan ancestor-worship,
52,Sacred Order of Stool Worship,
52,Fetish worship,
52,Akan-Fanti nations,
53,Stool-carriers,
53,Black Stool,
53,Golden Stool,
53,State Treasurer,Sannafo
53,State Treasurer,Fotosanfo
53,Chest of State,
53,Balance for weighing gold,Fotoo
54,the person who unties the weights,Fotosanfo
54,the opener of the safe or chest,Fotosanfo
54,leopard cap,Akrobonkye
54,multi-coloured,topresono
54,Soul-keepers,Nkrafo
54,Breast-plate Bearers,Nkrafohene
54,soul of a person,Okra
54,gold plate,Ekyerɛ
54,cooking-place or kitchen,Sanna
55,Ntoro Family,Ntoro
55,Bosompra,Bosompra
55,Bosomtwe,Bosomtwe
55,Asona dynasty,Asona
55,common monkey,Kwakuo
55,tree-climbing snails,tamira
55,white-nosed squirrel,anwenhema
55,Akrafo,Akrafo
55,Okrafo,Okrafo
55,Chief of Nkrafo,Nkrafohene
55,okraguarefo,okraguarefo
55,Ekyere performances,Ekyere
55,Awoso,Awoso
55,war head-and-collar-dress of the Omanhene,Awoso and Fodoo
56,Paramount Chief,Omanhene
56,Palanquin-bearers,Asoamfo
56,Chief of palanquin-bearers,Asoamfohene
56,Palanquin,Apakan
56,Stool-insignia Bearers,Tumtofo
56,Stool-insignia Bearers,Mmenatofo
56,Stool-insignia Bearers,Fenasoafo
56,Stool-insignia Bearers,Bankyini-yetufo
57,"A boy below the age of puberty who wears the awoso dress and carries the sceptre, sitting in front of the Omanhene in his palanquin.",Awoso
57,Paramount Chief,Omanhene
57,A minor chief,Ohene
57,Court Criers or Heralds,Nsenefo
57,Court crier or herald,Esen
57,The chief court-crier's cap,Adamasa
57,Chief of black monkeys,Efohene
58,Royal Gun-bearers,Tumtufo
58,A gun with a large brass barrel,Ohum
58,"Bearers of elephant tails, ostrich feathers, etc., used in State functions",Mmenatofo
58,Paramount Chief,Omanhene
58,Messenger groups,Nhenkwa
58,Sub-chief,Odikro
58,Bearers of the Sword with the Gold Handle,Mfenasoafo
59,State Umbrella Bearers,Bankyiniyetufo
59,Captain of Drummers and Horners,Asokwahene
59,Captain of the set of Mpintin Drummers,mpintikafohene
59,Drummers and Horners,"Asokwafo, Akyeremadefo and Mpintinkafo"
60,The great Odwira festival,Odwira
60,The two atumpan or kettle drums,Atumpan Kese
60,The large two trunk drums which are ornamented with human skulls,Fontomfrom
60,The large two trunk drums which are ornamented with human skulls,Bomata
60,Short pipes,adukrogya
60,Short pipes,apasoa
60,Short pipes,mmemma
60,The large drum,yedruso
60,The gonggong,gonggong
61,Single-air drums,Atwenesin
61,"When you go, return",Korabra
61,Fate's decree,Nkrawiri
61,Immediate presence,woni-mini
61,Deny or be partial to no one,Mpebi
61,Adodonkurwa,Aburukua
61,Minstrels,Amomafo or Abrafo
61,Leopard,Etwie
61,Ponder over something,Susubribi
61,Give honour where honour is due,Susubribi
61,Despise nobody,Susubribi
61,Immunity from oath penalty,Kantamanto
62,Brass Drum,
62,Mpintin,Mpintin
62,Horns,
62,speaking horns,Aseseben
62,speaking horns,Asokoben
62,short horns for single airs,Mmentia
62,general term for horners and drummers,Asokwafo
62,Horn-blowers,Mmenhyenfo
62,Horn-blowers,Mmentiahyenfo
62,Omanhene,Omanhene
63,Atumpan drummer,Atumpan
63,King's Jesters,amema
63,Executioner,Obrafo
63,Professional executioners,abrafo
63,Jesters,Memafɔ
63,Minstrel poets or bards,Omemafo
63,Gloomy Occiputs,Atikosum
63,Small bells,Nnawa
63,Bunch of knives,Asekantwa
63,Chimpanzee skins,kontromfi
64,Hereditary Councillors,
64,Nominated Councillors,
64,Elders,
64,Chiefs,
64,Sub-chiefs,
64,Heads of houses,
64,Families,
64,Towns,
64,Patriarch,
64,Chief's Council,
64,Akan Council,Akan
64,Monarchical democracy,
65,The Memafo,Memafo
65,Omanhene,Omanhene
65,Gormandizers,Amindifo
65,Fetish Law,
65,Dabehene,Dabehene
65,Jasehene,Jasehene
65,Bed-chamber,Dabere
66,"It is so, O Majesty!","Tramen, tramen"
66,Nominated Councillors,
66,sitters,atrafo
67,The traditional leaders or members of the council,Councillors
67,"A traditional office or role, often associated with the council or military companies",atrafo
67,Captains of the Asafo companies,Asafoatsefo
67,Companies formed by the young men of the town,Asafo
67,The act of removing a chief or official from office,destoolment
67,The traditional seat or symbol of office for a chief,stool
68,Tribal party,
68,Royalists' party,
68,Nationalists' party,
69,The Legislature,Okyeman Mpanyin Nhyiam
69,Okyeman Council,Okyeman Mpanyin Nhyiam
69,Sovereign-President of the Council,Omanhene
69,Place of meeting,Ofori Panin Fie
69,Linguist,
69,Committee,
69,Executive councillors,
69,Linguist of the Mpakanfo,Mpakanfo
69,Adonten linguist,Adonten
70,Sovereign-President,Omanhene
70,Council members,Mpakanfo
70,Sub-chiefs,Adikrofo
70,Amantoo-mmiensa Council,Amantoo-mmiensa
70,Court Crier or Herald,Esen
70,Wing Chief,Opakani
71,The supreme ruler or paramount chief,Omanhene
71,A specific oath used to define the penalty for breaking a law,Wakuda
71,A specific oath used to define the penalty for breaking a law,Kwanyako
71,A fine or penalty nominally valued at £7,Bena
71,The council with the right to make laws affecting the whole country,Okyeman
71,The most important and leading members of the Council,Mpakanfo
71,The Adontenhene of Kukurantumi,Adontenhene
71,The Nifahene of Asiakwa,Nifahene
71,The Benkumhene of Begoro,Benkumhene
71,The Oseawuhene of Wankyi,Oseawuhene
71,The Jasehene of Kwabeng,Jasehene
72,minor chiefs,Adikrofo
72,premier sub-divisional chief,Apakan
72,ordinary sub-chiefs,mpakanfo
72,senior minor chief,Odikro
72,premier sub-divisional chief,Opakani
72,state,Oman
72,Okyeman Council,
72,Kibbi Council (the executive),
72,Amantoo-Mmiensa Council,
72,state,Oman
72,sub-state or division,Omansin
73,Amantoo-mmiensa,Amantuo-mmiensa
73,Kibbi Councils,Kibi
73,State Council,
73,Okyeman Council,Okyeman
74,King of the town or nation,Ohene
74,Stool-owning Chief,
74,Tribunal,
74,Akan state system,
75,Tribunal,
75,Chief,
75,Elders,
75,Councillors,
75,Town Tribunal,
75,Odikro,Odikro
75,Ohene,Ohene
75,Pakani,Pakani
75,Sub-Divisional Tribunal,
75,Sub-chiefs,
75,Adikrofo,Adikrofo
75,Omanhene,Omanhene
75,Omanhene's Tribunal,
75,Paramount Chief,
75,Abontendomhene,Abontendomhene
75,Jasehene,Jasehene
76,Akan Laws and Customs,Akan
76,Omanhene's supreme Tribunal,Omanhene
76,Opakani,Opakani
76,Amantoo-Mmiensa,Amantuo-Mmiensa
76,Ahemfo,Ahemfo
76,Mpakanfo,Mpakanfo
76,Okyeman,Okyeman
76,Adikrofo,Adikrofo
76,Akyem-Abuakwa,Akyem-Abuakwa
76,Oath,
76,Procedure by Summons,
76,Amanenya (Criminal Cases),Amanenya
77,Omanhene's Tribunal,Omanhene
77,Ohene's Tribunal,Ohene
77,Odikro's Tribunal,Odikro
77,judicial department of the Okyeman (State) Council,Okyeman
77,head of family,Obusuapanin
77,Fetish Oath,Duabo
77,A Chief's Personal Oath,Brepo
77,A Chief's Personal Oath,Nhyira
77,National Oath,Okyenhene Ntam
77,invoking the penal wrath of a Fetish on one's own life,dinse
77,invoking the penal wrath of a Fetish on the life of another person,bo obidua
77,striking (with) wood,bo dua
78,The three great Oaths,Ntankɛseɛ mmiɛnsa
78,A forbidden oath formula,Tram Kese
79,Fetish curse,
79,Fetish oath,
79,"Anokye Fetish, take thou away the curse",Anokye Kɔkɔtwea
79,National Oath,
79,Chief's court,
79,Pacification money,
79,Stool,
80,fetish oath,
80,Ancestral Stool Worship,
80,Hereditary Stool,Akonnuatuntum
80,associate members of the order of Stool Worship,Nkrafo
81,lesser stools,Nkonnua-wa
81,fetish oath,Duabo
81,Chief's personal oath,Brepo
81,Chief's personal oath,Nhyira
81,invoking fetish on one's own life,di nse
82,Chief's oath,
82,solemn (palm leaves) oath,brepɔ
82,Linguist,Okyeame
82,the knot of palm leaf,brepɔ
83,the oath of Solemn palm leaf,Brɛpɔ
83,tie the knot of palm leaf,bo brɛpɔ
83,wave away,hugya
83,direct brɛpɔ,Asita
83,sworn in the bold direct manner,sii Asita
83,red oath,Ntamkɔkɔ
83,bumped his head against the wall,ode ne ti apem dan
83,to bless,Hyira
83,blessedness,Nhyira
83,step or walk boldly,Si Asita
84,Akan oath,Brepo
84,Superior chief,Ohene
84,Paramount chief,Omanhene
84,Soul guardians,Nkrafo
84,Soul,Kra
85,Chief's personal oath,Brɛpo
85,Personal oath of a private person,dua-bo
85,A type of oath,Ntamkoko
85,A minor chief or village head,Odikro
85,A chief of a higher rank,Ohene
85,A paramount chief,Omanhene
86,Brepo oath,Brɛpɔ
86,persons under torture,atopre
86,National Oath,Okyenhene Ntam
86,The National Oath of Akyem Abuakwa,Wukuda nè Kwanyako
87,A special celebration held every six weeks on a Wednesday,Awukudae
87,National Oath,Ntankeseɛ Mmiensa
87,Omanhene's Oath,
87,Wukuda nè Kwanyako oath,Wukuda nè Kwanyako
87,National Oath of the State of Akyem Abuakwa,
87,Action commenced by both parties to a dispute swearing the national oath in vindication of their respective claims,Ntamkekã
87,Action commenced by oath,Ntamkãguso
87,Action commenced by oath,Ntamto
88,National Oath,
88,Wukuda and Kwanyako oath,Wukuda ne Kwanyako ntam
88,sworn oath severally,ke ka ntam
88,oath prisoners,
88,State messengers,Nhenkwa
88,oath reporting fee,Apasobode
88,oath reporting fee (minimum),domafa
88,oath reporting fee (high),osua ne doma
89,National Oath,
89,Ofori Stool,
89,Odikro,Odikro
89,Ohene,Ohene
89,Omanhene,Omanhene
89,Ntamsuso,Ntamsuso
89,State Messenger,Ahenkwa
90,Wukuda oath,Wukuda
90,Kwanyako oath,Kwanyako
90,Chief,Ohene
90,Paramount Chief,Omanhene
90,Sworn on or against,ntam agu ... so
90,Oath prisoners,
90,Ntamkeka oath,Ntamkeka
90,Violation of oath,Ntamto
91,Procedure by Summons,Fre wo mpanin anim
91,called the other party before elders,wafre no wo mpanin anim
91,head-of-family,Obusua-panin
91,deciding a cause,di asem
91,investigating a cause,bo nkuro
91,Arbitrators,Baguafo
91,Arbitrators (short form),Bagua
91,Elders,Mpaninfo
91,place of palaver,Asenii
92,public assembly of chairs,Baguam
92,head-of-family,Obusuapanin
92,hearing fee,dwentade
92,spokesman,Okyeame
92,witness,Odanseni
92,he who-reverts-fetish oath,O-dan-se-ni
92,fetish oath,nse
93,payment of money,adansede
93,judgment fee,abene
93,Bagua,
93,Nkrobo case,
93,National Oath,
94,A tribunal or informal hearing body,Bagua
94,To swear on the other party for the case to be commenced afresh in a proper tribunal,Ntamkaguso
94,A village head or chief,Odikro
94,A chief or king,Ohene
94,A paramount chief,Omanhene
94,Head of a family,Obusuapanin
94,A de facto oath case,Ntamkeka
94,A procedure that can take place before a head-of-family or before a chief in camera,Nkrobo
94,Accused Summons,Amanenya
95,A case involving a penalty or fine,Amanenya-sem
95,A mere civil case,Mansɔtwe-sem
95,A habitual litigant,Omansotwefo
95,The Omanhene's Linguist,Okyenhene Kyeame
96,Amanenya case,Amanenya
96,National Oath,Ntam
96,Violator of oath,Ntamtofo
96,Violation of oath,Ntamto
96,Omanhene's Linguist,Okyeame
96,"Elders I run (i.e. appeal) to you to intercede with the Linguist (i.e., the Omanhene) on my behalf, for he is right","Mpanin me dwan toa mo, moma Okyame dibem ma me"
97,A runaway (prisoner),Mpanin odwanefo bi aba ha
97,"Nana, you are right","Nana, wodi bem"
97,Oath prisoner,Ntamtofo
98,criminal offence,Amanenya-sem
98,torture,atopere
98,Chief's personal oath,Brepo
98,State messenger,Ahenkwa
98,spokesperson or linguist,Okyeame
99,national oath,
99,oath summons,Kwadjo Kotto se ɔnɛ Kwaku Kuma wo nkuro (anase akeka ntam) enti kohyia no bra
99,Jurisdiction,
99,Chiefs,Ahemfo
99,Sub-chiefs,Adikrofo
99,the knife of life and death,Osekan
99,Paramount Chief,Omanhene
99,to hold the knife of life and death,Ahemfo a wɔwɔ osekan
99,Chiefs with the power of life and death,Mpakanfo
99,Head of family,Obusua-panin
99,the Omanhene alone has the knife (of life and death),Okyenhene na ɔwɔ sekan
99,where there is the knife there power is,Nea osekan wɔ na tumi wɔ
100,The supreme ruler or paramount chief,Omanhene
100,Principal chiefs or elders,Mpakanfo
100,Sub-chiefs or village chiefs,Adikrofo
100,Secured to a log,bo no pam
101,a further stage of torture,atopre
101,personal oath,Brepo
101,a slender knife,sepo
101,State executioners,Abrafo
102,Omanhene's Tribunal,
102,State Tribunal,
102,Omanhene as presiding judge,Okyeman mpanin atra ase
102,Omanhene's Palace,Ofori Panin Fie
102,Council of Three Counties,Amantoo-mmiensa
102,State Messengers,Nhenkwa
103,entrusted to them,bo amanee
103,charges,asɛm ko a wɔwɔ ka
103,"Elders, so says the King",Mpanin se ohene see nen
103,judgment fee,abene
104,judgment fee,Abene
104,Abene hire,Abene
104,sureties who secured or bailed the condemned man,nea ode onipa a odiifo no koofie no
104,finest type of sheep,adwansae
105,A sacrificial sheep,wotua dua
105,On Hearing a Case,Diasem
105,A day of rest or custom excluding tribunal sittings,Awukudae
106,The drum used to summon the Tribunal,Kantamanto
106,The drum used to summon the Tribunal,woni-mini
106,Hearing fee,Dwentadee
107,professional sponsors,Akyigyinafo
107,artful subtlety of cross-examination,Asem-misa
107,National Oath,
107,defendant's examination,bisa n'asem
108,Judgment,Atemmu
108,Linguist canes or staffs,Akyeame poma
108,The witness-box or dock,Asenii
109,Omanhene,Omanhene
109,Apesemakahene,Apesemakahene
109,"Elders, let us retire into council",Mpanin monsore mā yenkɔ agyina
110,Omanhene,Omanhene
110,Linguist,Okyeame
110,Court Crier,Esen
110,Chief,Ohene
110,Sub-chief,Odikro
111,Ankobea,Ankobea
111,Apesemaka,Apesemaka
111,Kyidom,Kyidom
111,Wentirem ne Anwanfi,Wentirem ne Anwanfi
111,Omanhene,Omanhene
111,Linguist,
111,private vengeance,
111,satisfaction money,
112,wand,festuca
112,hearing fee,dwentadee
112,assembly place,dwem
112,a forced sitting,ta
112,thing or money,de
113,Omanhene's Linguist,Okyeame
113,Court crier,Esen
113,"Aye, well said",Heii
113,"Elders, I run (i.e. appeal) to you for intercession, please say with me to the Linguist (which is meant for the Omanhene) that he is right.","Mpanin me dwan toa mo, mo ma Okyeame dibem ma me."
113,"Nana, you are right, oh Majesty.","Nana wudi bem, Amen"
113,National Oath,
113,Omanhene,Omanhene
114,judgment fee,Abene
114,person found guilty is allowed to go home with his surety,obi de no kɔ fie
114,oath fine,bena
115,Odikro's Tribunal,Odikro
115,Ohene's Tribunal,Ohene
115,Omanhene's Tribunal,Omanhene
115,State Tribunal,
115,Ohene's Mankrado,Mankrado
115,Osomanyawa,Osomanyawa
116,Omanhene's Tribunal,Omanhene
116,Native Jurisdiction Ordinance,
116,Stool,Akonnwa
116,Brepo oath,Brepo
117,enstoolment,ahennwa
117,destoolment,ahennwa
117,Chief of a town,Odikro
117,Chief of a sub-divisional state,Ohene
117,Paramount Chief of an independent state,Omanhene
118,Enstoolment,
118,Stool,Ahennwa
118,Goes to his village,Kɔ ne kuro mu
118,Mater-familias,Ɔbaa panyin
118,Destooled,Ahennwa so a wotuu no
119,Enstoolment,
119,Destoolment,
119,Stool,
119,Royal Family,
119,Heir-presumptive,
119,Heir-apparent,
119,Akim Abuakwa,
119,Cottage stool,
119,Town stool,
119,Akan,
119,Election,
119,Chief,
119,Regent,
119,Sub-Chiefs,
119,Elders,
119,Councillors,
119,Captains,
119,Asafo companies,Asafo
119,Werempi Company,Werempi
120,Asafo or Werempi Company,Asafo
120,Aseda money,Aseda
120,Oath of Allegiance,
120,Stool,
120,Queen-mother,
120,materfamilias,
121,Enstoolment,
121,Destoolment,
121,Oath of Allegiance,
121,Paramount Stool,
121,Odwiratuo,Odwira
121,Installation,
121,Stool-house,
121,Stool Worship,
122,black consecrated stool,
122,town-stool,
122,tribal-stool,
122,family-stool,
122,provincial stool,
122,Paramount or National Stool,
123,Enstoolment,
123,Destoolment,
123,Stool,Akonnwa
123,Chief,Ohene
123,Stool Family,Akonnwa Abusua
123,Chief's Councillors,Mpanyimfoɔ
124,Chief,
124,Stool,
124,Destoolment,
124,Akan,
124,Asona,Asona
124,Oyoko,Oyoko
124,Asafo-mma,Asafo-mma
124,Asafo Company,Asafo
124,Tribunal,
125,Enstoolment,Ahennwa
125,Destoolment,Ahennwa-twa
125,Chief,Ohene
125,Council,Ahenfo Nhyiamu
126,Councillors,
126,Chief,
126,Destoolment,
126,Enstoolment,
126,Osomanyawa,Osomanyawa
126,Adontenhene,Adontenhene
126,Omanhene,Omanhene
126,Ahenfo,Ahenfo
126,Sub-Chiefs,
126,Queen-Mother,
126,Stool,
127,Enstoolment,
127,Destoolment,
127,Asafo Companies,Asafo
127,National Institutes of young men,
127,Head Chiefs,Mpakanfo
127,Amantoo-miensa Council,Amantuo-mmiensa
127,Paramount Queen,
128,Amantoo-mmiensa,Amantuo-mmiensa
128,Nifahene,Nifahene
128,Adontenhene,Adontenhene
128,Okyeman Council,Okyeman
128,Head Chiefs,Mpakanfo
128,Asafo Company,Asafo
128,Destoolment,
129,Asafo Companies,
129,destoolment,
129,Chief,
129,lieutenant,sripi
129,captain-on-stool,
129,Chief's Council,
129,sub-Chief,
129,Elders,
129,Councillors,
129,Stool Family,
129,Adontenhene,
130,destooled,
130,enstoolment,
130,Stool,
130,Stoolocracy,
131,Enstoolment,
131,Destoolment,
131,Stool,Akonnwa
131,Queen-Mother,Ohemaa
131,Chief,Nana
132,Paramount Chief,Omanhene
132,Head Chief,Mpakanfo
132,Chief,Mpakanfo
132,Sub-Chief,
132,Destooled,
132,Stool Family,
132,Stool-house,
133,Festivals,Afahye
133,Harvest festival,Ahuba
133,Harvest festival,Ohum
133,Harvest festival,Odwira
133,First Ohum,Ohum-Kan
133,Second Ohum,Ohum-Kyirie
133,Festival held on every fortieth day Wednesday,Wukudae
133,Festival held on every fortieth day Sunday,Kwasidae
133,Festival held on the fortieth day Monday,Fodjuor
133,Festival held on the fortieth day Tuesday,Kwabena
133,Festival held on the fortieth day Friday,Fofie
134,Ohum-Kan,Ohum-Kan
134,first Ohum,Ohum-Kan
134,fortieth day Sunday,Kwasidae
134,deep pool,Bun
134,favourable sign,
134,sheathing leaf,mmrekesono
135,The paramount chief,Omanhene
135,"A meal of pounded coco-yam, plantain or yams",Fufuo
135,"A symbol of authority or office, often used to refer to the throne or the ancestral spirit associated with it",Stool
135,A type of talking drum,Atumpan
136,The sovereign or paramount chief,Omanhene
136,A section of the palace where firewood is kept,Jase
136,The annual dance of boys between the ages of 8 and 12,Ohum-tufo
136,Full initiation ceremonies,Ohum
136,Chief of Stool Carriers,Ahennua
136,A festival of the harvest and worship of ancestral Stools,Ohum
136,The first Ohum festival,Ohum-Kan
136,The second Ohum festival,Ohum-Kyire
136,Board of flamens,Jasefo
136,Chief of the place of fire,Jasehene
137,Purification,Odwira
137,"to cleanse from guilt or moral and religious uncleanness; to sanctify, to consecrate",dwira
137,to wash oneself or to bathe,guare
137,to wash oneself or to bathe,dware
137,to cause to wash,dwira
138,Odwira festival,Odwira
138,Ohum festival,Ohum
138,King,Ohene
138,Sacred Stool,
139,Ohum,Ohum
139,Odwira,Odwira
139,Odwira-tuo,Odwira-tuo
139,Yam,Ode
139,Famous or illustrious,Ode-hye
139,Consecrated leaf,somme
139,Ohumkyire,Ohumkyire
139,Dapada,Dapada
139,Omanhene,Omanhene
139,State Treasurer,Sanahene
140,Odwira,Odwira
140,Queen-Mother,Ohemmaa
140,Adewa,Adewa
140,Omanhene,Omanhene
140,Totusie,Totusie
140,Abofosie,Abofosie
140,Amantoo-mmiensa Asafo,Amantuo-mmiensa Asafo
140,Asafo-pranpran,Asafo-pranpran
140,Ohum gun,Ohum
140,Bosomtwe sceptre,Bosomtwe
140,Stool-House,Akonnwa-dan
141,sanctify and consecrate,bo asuo
141,"a plant, an emblem of purification and peace",Asommɛ
141,to purify with water = to baptize,Bo asu
142,Ofori's soldiers,Ofori nsrafo
142,Stool Remembrancers,werempefo
142,Drink Durbar,Sa-gua
142,Akan deity of the twin-born,Abam
142,Principal dance,Adewa
143,Sanctification,Odwira
143,Grand Odwira,Odwira-Tuo
143,First manifestation or debut,ahoyie
144,Great Oath of Allegiance and Fealty,
144,Paramountcy,
144,Paramount Stool,
144,Sub-Chiefs,Adikrofo
144,Omanhene of Akyem Abuakwa,Okyenhene
145,Chiefs,
145,Queen-Mother,
145,oath of Allegiance and Fealty,
145,Ahenfo,Ahenfo
145,Omanhene,Omanhene
145,oath of office,
145,Royal Stools,
145,Nsa (Antique) cloths,Nsa
145,Odwira,Odwira
145,Awoso,Awoso
145,Fodoo,Fodoo
145,Awoso Bearer,
145,Sacred River Birrim,
145,apakan,apakan
146,Paramount Chief,Omanhene
146,Queen-Mother,
146,Stool-House,
146,Odwiratuo,Odwiratuo
146,Odwira,Odwira
146,Drink or Dress Durbar,
146,golden stool,
146,sub-Chiefs,Adikrofo
146,Asaman (Hades),Asaman
146,Abam celebration,Abam
147,Odwira,Odwira
147,Kwasidae,Kwasidae
147,Odwiratuo,Odwiratuo
147,Bosomtwe,Bosomtwe
147,Bosomtwe Nkrafo,Bosomtwe Nkrafo
147,Sannahene,Sannahene
147,Odikro,Odikro
147,Nkrafo,Nkrafo
147,Omanhene,Omanhene
147,Gold breast plates,Ekyere
147,Bosompra Celebration,Bosompra
147,Banmukoro (Celebration in the Mausoleum),Banmukoro
147,Awakudae,Awakudae
148,Goddess Earth,Asase Ya
148,Keeper of the Royal Mausoleum,Odikro
148,Mausoleum,Nkronso
148,Ntumpan Drummer,Ntumpan
148,Paramount Chief,Omanhene
148,Overseer of the royal sepulchres,Adadentam
148,Banmu custom,Banmu
148,Odwira Festival,Odwira
148,Wednesday Celebration,Wukudae
148,Wednesday celebration,Awukudae
148,Sunday celebration,Kwasidae
148,Dwoada Fodjuor,Dwoada Fodjuor
149,Announcing the day's celebration,Wo tu adae
149,"A general term applicable to all the Akan tribes, and it is just probable that it was the original name borne by the Akan-Fanti-tribes before the disintegration. Asante is unto this day called Asantii Kotoko.",Kotoko
149,"Originally meant 'great man': Banin ('man'), pon ('great'), hence prince, duke, king. In these days an 'Obrempon' is a foppish sort of self-made Chief, holding no position in our constitution, but respected for his wealth and influence.",Brempon
150,Wednesday,Wukuda
150,Wednesday celebration,Awukudae
150,A town name,Kwanyako
150,A day kept sacred with no regular occupation,Fofie
150,The Tuesday following Fofie,Kwabena
150,Sunday celebration,Kwasidae
150,The Saturday before Kwasidae,Dapaa
150,Drumming on Sunday morning,Tu adae
150,The Palace,Ofori Panin Fie
150,The ninth Kwasidae,Odwira
152,Chief,Ohene
152,Queen,Ohemma
152,Asiwa,Asiwa
152,Ceremony of Divorce,Hiregno
153,Truth,Nokware
153,Goodness,Yieye
153,Beauty,Ahɔfɛ
153,Love is death,Ɔdɔ yɛ owu
154,Infant betrothal,Asiwa
154,Thanks-money,Aseda
154,Adultery fine,Ayefare
154,Extra half amount of the lawful Ayefare,Twebɔn
154,A form of Asiwa followed by a Chief or a rich man by laying hand on an infant girl as his future wife,Abaso Kyekyere
155,marriage-messengers,aware gyefo
155,sanction-money,aseda
155,witnesses,bagua
155,witnesses,baguafo
156,Thanks Money,
156,satisfaction money for adultery,ayefare
156,payment of Aseda,aseda
156,head-money,
156,Doma,doma
156,Predwan,pɛdwan
157,head-money,
157,thanks-offering,Aseda
158,head-money,
158,Betrothal,
158,Courtship,
158,Marriage,
158,Wedding,
158,introduction,
158,begging,
158,thanking,
159,"The principal meal of the Akans, made of yam, coco-yam or plantain boiled and pounded in wooden mortars.",Fufu
159,Wife-brawls actuated by jealousy.,Koratwe
160,Aseda,Aseda
160,Akan marriage,Akan
161,Akan Laws and Customs,
161,husband,kun
161,wife,ɔyere
161,cocoa,kokoɔ
161,kola,bese
161,green-crops,
161,pepper plants,mako
161,garden eggs,gbe
161,treasure trove,
161,State,ɔman
161,divorce,awaregyae
161,domestic slavery,
162,fetish,obosom
162,take fetish,nom abosom
163,palaver,
163,every divorce is preceded by palaver,Awaree gu nkuro
164,He who is lying by the fire knows how much (or how little) the heat torments him.,Nea oda ne gya no onim senea ehyehye no
164,Bill of Expenses,
164,Aseda,Aseda
164,head-money,
164,white clay,
165,Ceremony of Divorce,Hireguo
165,"exposing to the sun, i.e., bringing hidden facts to light",Wiakyere
165,Adultery fine,Ayefare
166,head-money,
166,Aseda,Aseda
166,One does not go into another's family to accumulate wealth,Obi nnko obi abusua mu nnkobo dwetiri
166,condolence-money,Nsewabodee
167,funeral expenses,Ayiaseka
167,head-money,
167,Okyeman Council,
168,money to the value of Ntakuo-mmiensa (1s. 6d.),Ntakuo-mmiensa
168,customary relics of her late husband,Kunadoso
169,notables,Abrempon
170,Satisfaction for adultery,Ayefare
170,Custom of satisfaction for adultery (as called by the Fantis),Brabbu
171,adultery,ayefare
171,fine or penalty for the pacification of the injured husband,brabbu
171,dowry,consawment
171,head-money,tira-sika
171,sanction fee,nteho
171,sanction fee,nterakyire
172,pacification fine,
172,satisfaction money,
172,Court Officer,Ahenkwa
172,Ayefare,Ayefare
173,An amount of money fixed by law and payable by a person taking another's wife to the husband so wronged.,Ayefare
173,Confession of Adultery,Wiakyere
173,Actual connexion with penetration,Obarima no pɛ ɔbea no pɛ pa
173,Sleeping on the same bed with intentional contact of their respective persons,One no da kɛtɛ koro so de ne barima si nano so
173,Exuding semen on any part of her body,Ne hɔ ba gu no so
173,Undue handling of her waist-beads,Ososɔ nasenem-deɛ mu basabasa
173,Unfastening her shame-cloth from the waist-beads,Otu nano so
173,A fee paid forthwith if the son admits adultery,Nteho
173,A fee paid forthwith if the son admits adultery,Ntarekyire
174,rigid denial,Nsankyee
174,testimony fee,Nteho
174,Woman speaks the truth,Oba na ɔka nokware
174,Man speaks the truth,Obarima na ɔka nokware
175,evidence,Kwadubo
175,false accusation,wiakyere
175,adultery fine,ayefare
175,a person (placeholder name),Asiamasi
175,a person (placeholder name),Obenten
176,customary satisfaction money for adultery,ayefare
176,sheep money,adwantwadee
177,Akan Maam,Maam
177,Seduction,Asommo
177,Satisfaction for simple adultery,ayefare
178,Adultery or compensation for adultery,ayefare
178,A custom related to marriage and divorce claims,Asommo
178,Arbitrators,Baguafo
178,A dispute or legal case,palaver
179,National fetish,
179,National Oath,
179,Fetish priest,
180,Ayefare,Ayefare
180,Head-money,
180,Asommo fees,Asommo
181,Adultery fee,ayefare
181,A fixed penalty for the breach of an oath,Tasuanu
181,A ceremony to revert the curse of a fetish,Asɔmmɔ
181,A customary payment made to the family of a bride,Aseda
181,Head-money,
182,Adultery,
182,Ayefare,Ayefare
182,Customary law,
182,Equity,
182,Venereal disease,
183,adultery damages,ayefare
183,marriage validation fee,aseda
183,divorce,white clay
183,head-money,tirisika
183,satisfaction money,
183,pacification,
184,ayefare,ayefare
184,actual amount of money payable,oyere-fa-de
184,Any native of Akim Abuakwa,osua ne suru ne nsano
184,Ohenenana (Omanhene's grandson),asuanu ne dwoa suru
184,Ohenaba (Omanhene's son),predwan asia
184,Okyenhene Kyeame (Omanhene's linguist),predwan asia
184,Okyenhene Akyeame-hene (Chief of the Omanhene's linguists),tasuanu
184,Okyenhene Ahenkwa (Omanhene's state servant),asuanu-ne-dwoa suru
184,Gold Breast Plate Bearer,akrafo
184,Okyenhene Twerefoo Panyin (Omanhene's Chief Clerk),predwan asia
184,Okyenhene Atwerefo a aka (other clerks in the Omanhene's office),bena
184,Okyenhene Atrafo a yente nkonwaso (Omanhene's non-stool holding councillors),bena
184,inter-state ayefare,osua-ne-doma
185,Chief Keeper of the mausoleum,Banmuhene
185,Chief of the stool carrier,Nkonwasoafohene
185,Chief of the Gold Breast Plate-bearers,Nkrafohene
185,Chiefs of the Council of three counties,Amantoo-miensa-Adikrofo
185,Principal Chief's son,Opakani ba
185,Linguist of a Head Chief,Opakani Kese Kyeame
185,Linguist of one of the other principal Chiefs,Opakani kuma Kyeame
185,Stool Heir of one of the five Head Chiefs,Opakani Kese Dehyee
185,Councillor on Stool of one of the five Head Chiefs,Opakani Kese Panin
185,Stool Heir of one of the seven principal Chiefs,Opakani kuma Dehyee
185,Councillor on Stool of one of the eight Principal chiefs,Opakani kuma Panin
185,Principal Chief's Councillor not holding Stool,Opakani biara Hotrafo aonte Akonwuaso
185,An Odikro Chief of a town,Odikro biara
185,An Adikro's Chief Councillor,Odikro biara Panin a oye Osomanyawa
185,Odikro's Councillor not holding a Stool,Odikro biara Hotrafo a onte akonwaso
185,The principal Fetish Priests,Akomfo Akese
186,Adultery fine or compensation,Ayefare
186,Ordinary Fetish Priests,Akomfo nkuma
186,Son of an odikro,Odikro bi ba
186,Captain,Osafohene
186,The other volunteers,Osafo a aka no
186,Stool Heir,Odehye
186,Chief,Opakani
186,Nobody makes law for a prince,Obi nnfwe Opanin nntwa mmra
187,pacification,
187,Chief,
187,Arbitrative Council,
187,commoner,
188,Succession,
188,Akan people,
188,Matrilineal descent,
188,Clan mother,materfamilias
188,Succession to Stool,
188,Ordinary inheritance,
188,Paternity and Custody of Children,
188,Disinherison,Kahire (Ekal)
188,Stool,
189,a dead man does not or cannot look after his mundane affairs,Nea wawuo mmpra ne hɔ
189,"Except there are no mother's sons (i.e. brothers), no nephew inherits",Nniwa mma nsaea wofase nni adee
190,nephew succession,
190,de jure,
190,de facto,
190,Fanti Customary Laws,
191,thanks money,Aseda
191,a family or town Stool,
191,salic law,
192,Aseda,Aseda
193,a child of harlotry,Aguaman-ba
193,legitimation by subsequent marriage,legitimatio per subsequens matrimonium
194,a thief has no child,Okromfo nni ba
194,adultery case,Ayefare
194,a father loses complete control over his child,Tamboba
195,Tamboba,Tamboba
195,Akan,Akan
195,Tshi speaking tribes,Twi
195,Maternal succession,mutterecht
196,money payable for taking another's wife,Ayefare
196,a sum of money fixed by law to be paid to a father when he parts with his life interest in his children in favour of their maternal relations,Tamboba
196,uterus,Tam
196,small stone,bo-ba
196,a small weight of money payable when emancipating an offspring of marriage,Tam-boba
196,formerly £2 payable for a boy,Osua
196,formerly 30s. payable for a girl,Asia
196,"modern figure for a son, equal to £24 or 25£",Mpredwan mmiensa
196,"modern figure for a daughter, equal to £16",Ntanu
197,Head-money,Tiri-sika
197,A customary payment made in respect to a girl's marriage,Tiri-sika
197,A payment or institution related to the control of a child's individuality and freedom between the father and the maternal uncle,Tamboba
197,A slave wife or bought-wife,tò-yere
198,Tamboba,
198,Head-money,tiri-sika
198,Freeborn,dehye
198,Freeborn,dihi-Fanti
199,maternal succession,
199,Stool families,Ahennwa
200,Paternal Responsibility,
200,Family Tie,Kahire
200,Family Tie,Ekal
201,great family,Abusuapɔn
201,cutting off a member from the tie connecting him to the family,Kahire
201,disinheriting a member of his family,Kahire
201,family relation,obusuani
201,disinheriting,Kahire
201,disinheriting,ekal
201,soft substance used when carrying articles on the skull of the head,Kahire
202,the tie which binds or connects the members of a family to bear each other's sorrows and share their burdens,Kahire
202,the tie which binds or connects the members of a family to bear each other's sorrows and share their burdens,ekal
202,"a system which, when solemnly adopted, places a ban or a 'bar-sinister' on the right of a particular member of a family, and his or her issue, ascending the Stool",Wiem-Tuo
202,In the air,Wiem
202,gun or gun-shot,Tuo
203,firing a gun into the air,Wiem-tuo
203,Blood Royal,Odehye
203,ancestral Stool,
203,Paramount Chief,
203,royal funeral custom,
203,Odwira festival,Odwira
204,head of a family,abusua
204,great family,abusuapon
205,mutual assistance in cultivation,Nnoboadi
205,Stool or tribal property,
205,Family or patriarchal property,
205,Private or individual property,
206,Stool property,Akonnwa agyapadeɛ
206,Stool,Akonnwa
206,Akan,Akan
206,Chiefs,Ahenfo
206,Captains,Safohenfo
207,Stool,Akongua
207,Asamanfo,Asamanfo
208,Stool,Akonnwa
208,Omanhene,Omanhene
208,Etoo,Etoo
209,Stool,Akonnwa
209,Destoolment,Akonnwa-gyae
209,Chief,Ohene
209,Sub-Chiefs,Ahenemma
209,Elders,Mpanyimfoɔ
210,The people of Osiem,Oman
210,The stool,Stool
210,Hades,Asaman
211,queen-mother,Ohemma
211,patriarch,
211,mater or matriarch,
211,pater,
211,materfamilias,
211,stool,
211,Stoolocracy,
212,elder of the family,Abusuapanin
212,uncle,Wofa
212,grand-uncle,Nana
212,great family,Abusuapon
213,farmstead,mfuwa
213,farmlet,mfuwa
214,private property,
214,family property,
214,stool property,akonnwa
214,tribal property,
214,mutterecht,
215,farmsteads,afuo
215,farmlets,afuo
216,Private Property of Wife,
216,Property in agriculture acquired by the wife during her married life,
216,Income obtained by the wife in any trade or profession,
216,Income realized in selling foodstuffs of a farm made in conjunction with the husband or made by her alone,
216,Treasure-troves,
216,Gold nugget,
216,Sudden fortune,
216,Private Property of Children,
217,Head of Family,
217,family property,
217,private property,
217,stool occupant,
217,slave,Nnonkofo
217,domestic,
217,dependent,
217,freed-slave,
217,clan,Akan
217,pawn-slave,
218,pawn-slave,
218,freeborn,Odehye
218,freeborn,ingenuus
218,squatter,
218,peregrine,
219,Alienation of Property,
219,Purchase,
219,Gift,
219,Mortgage,
219,Abusa System,Abusa
219,Rent,
219,Tax,
219,Toll,
219,Loan of Property,
219,Suretyship,
219,Ancestral spirits,Asamanfo
219,Predwan,predwan
220,Fanti Customary Laws,Fante
220,Akans,Akan
220,stool land,ahennwa
221,Stool,Akonnwa
221,Stool lands,Akonnwa asase
221,Paramount Stool,Omanhene akonnwa
221,Paramount Chief,Omanhene
221,Sub-stool,Odekro akonnwa
222,Paramount Stool,
222,fee-simple,
222,tenant in fee-simple,
222,Egua,agua
222,stool,agua
223,paramount Chief,
223,abusa,abusa
223,stool,egua
223,Ntome trees,ntome
224,The cutting and measuring of the land,guaha
224,earnest-money,trama
224,a small amount of money paid to witnesses,doma-fa
225,The stool (as a symbol of authority or office),stɔɔ
225,Pacification money,
225,Paramount Stool,
225,Sub-stool,
225,Subject-stool,
225,Cutting fees,
225,Guaha,guaha
226,Gift,
226,Mortgage,
226,Pledge,
227,A system by which an owner of land arranges with a tenant for payment to him of one-third share of the proceeds of crops realizable from the tenanted property.,Abusa
227,"Property belonging to a family, requiring verification of debt or assent before mortgaging.",
227,"Property belonging to the Stool, which cannot be claimed as absolute ownership by a non-native stranger through long and undisturbed possession.",
228,Abusa system,Abusa
228,head-load of snails,nwakyem
229,portion of snails,Kyem
229,Paramount Stool,
229,stool land,
229,treasure-trove,
229,gold nugget,
229,sub-stool,
229,Loan of Property and Suretyship,
230,Suretyship,
230,Surety,
230,Principal debtor,
230,Money-lender,
231,Paramount chief,Omanhene
231,Chief,Odikro
231,Captains,Asafohene
231,Captains,Asafoatse
231,Lieutenants,Sripi
231,Asafo companies,Asafo
232,Asafo Companies,Asafo
232,Captain-on-Stool,Okonnuasoni
232,enstoolment,
232,destoolment,
233,Asafo Companies,Asafo
233,Ankobea,Ankobea
233,Apesemaka,Apesemaka
233,Amantoo-mmiensa,Amantuo-mmiɛnsa
234,Amantoo-mmiensa,Amantuo-mmiɛnsa
234,Omanhene,Omanhene
234,Enstoolment,
234,Destoolment,
234,Akan,Akan
235,Asafo company,Asafo
235,Chief,Ɔhene
235,Chieftaincy,Ahenni
236,"A form of wrestling involving arm-to-arm and leg-to-leg combat, similar to Japanese Ju-jitsu",Avensin
236,"A form of wrestling involving arm-to-arm and leg-to-leg combat, similar to Japanese Ju-jitsu",Aguma
236,A dance established and managed by elderly men or appointed young people,Adowa
236,A dance established and managed by elderly men or appointed young people,Densem
237,The spiritual or ghostly world,Asaman
237,The inhabitants of Hades,Asamanfo
237,The living,Ateasefo
238,an inhabitant of Hades,Osaman
238,perpetual inferiæ to the manes of the dead,
238,a fetish as punishment for sin,
238,reincarnation,Asaman
238,a supreme Being,Nyankopɔn
239,God,Nyankopon
239,God does not like bad things,Nyame mpe bone
239,Member of a great family,obusuaponi
239,The person who supervises the funeral rites,Nea ote ayi pa so
239,"Money, cloth, or liquor donations",Nsewabode
239,Widow,Kunafo
240,a traditional dance,akrodo
240,give drink to the young dancers,Moma gofomma no nsa
241,customary rites,Bredwane
241,customary rites,Asimeremen
241,the spirit or ghost of the dead person,
241,the land of the dead,Asaman
241,Grove of the Dead,Nsamam-pom
242,"Drink, drink, bring more drink","nsa, nsa, womfa nsa mera"
242,The family have done well,Abusuafɔɔ no ayɛ adeɛ
242,Funeral,Yida
243,inferiæ,
243,feu-de-joie,
243,Odwira festival,Odwira
243,sensam,sensam
243,musu,musu
244,Asaman,Asaman
244,family cup,Abusua kuruwa
245,The land of the living,Ateasefo
245,The land of the Dead,Asamanfo
245,The custom of carrying the coffin through the streets with a view of its striking down the person who had caused the deceased's death,Afunsoa
245,Hades,Asaman
246,Paramount Chief,Omanhene
246,Regent,Jasehene
246,First Councillor,Abontendomhene
246,Chief of the Home or House Guard,Ankobeahene
246,Chief of the Personal Body Guard,Jasehene
246,Chiefs of the Rear Guard,Kyidom
246,Queen-Mother,
246,Council of Three Counties,Amantoo-mmiensa
246,State Council,Okyeman
246,Chairman of Committes and General Chief of the Advance Guard,Adontenhene
246,Chief of the Right Wing,Nifahene
247,Paramount Chief,Omanhene
247,Rear Guard,Kyidom
247,Body-Guard,Ankobea
247,Body-Guard,Jaseman
247,Stool-Guard,Oseawuman
247,Chief of Advance Guard,Adontenhene
247,Advance Guard,Adonten-man
247,Right Wing,Nifa-man
247,Left Wing,Benkumman
247,The Council of Three Counties,Amantoo-mmiensa Council
248,Natal name,Krada-din
248,Sunday,Kwasida
248,Monday,Dwowda
248,Tuesday,Benada
248,Wednesday,Wukuda
248,Thursday,Yaoda
248,Friday,Fida
248,Saturday,Memenda
248,Strong name,menane
248,Patronymic,Ntoro
249,a masculine God,Ntoro
249,Lake Bosomtwe in Ashanti,Bosomtwe
249,God,bosom
249,Antelope,twe
249,"River Pra, River God Pra",Bosompra
249,"Obo-stone, rock plural mmo, the God stone",Bosom-muru
249,"Epo-The Sea, God of the Sea",Poakwa
249,to lean upon as a support,twere
249,a tenacious and strong-willed Ntoro,Konsi
250,Akan,Akan
250,"The pure, or first Race",
250,Ekoana (Buffalo),Ekoɔna
250,Asona (Red Serpent),Asona
250,Ntwa (Dog),Ntwa
250,Twidam (Panther or Leopard),Twidan
250,Aduana (Fish),Aduana
250,Oyoko (Red Plastic Clay),Oyoko
250,Nana (literally descendants),Nana
250,Goat or perhaps the Chimpanzee,Adu-ana
251,five great families who are children of one mother,Mmusuaban anum a woye ɛna mma biako
251,Ekoana,Ekoana
251,Asona,Asona
251,Ntwa,Ntwa
251,Twidam,Twidam
251,Aduana,Aduana
252,appendage,Nterakyire
252,grace or sanction money,nteho
252,pesewa,pesewa
252,taku,taku
252,domafa,domafa
252,doma,doma
252,suru,suru
252,osua,osua
252,predwan,predwan
253,January,Openima
253,February,Opepon
253,March,Ogyefuo
253,God's own sun,Onyamewia
253,April,Obenem
253,April,Ogyenko
253,May,Oforisuo-gyenɔ
253,May,Otwanyokon
253,May,Opraworam
253,June,Kitawonsa
253,June,Ayewoho mumo
253,June,Huhuhuhu
253,July,Kotonnima
253,July,Nyanya
253,August,Osanna
253,August,Osiapansam
253,September,Odwenwane
253,September,Kokosukwakwawia
253,October,Ebo
253,October,Ahinime
253,November,Opese
253,December,Obubuo
254,Odum branch,Odum
254,Odan branch,Odan
254,Kankanfre,Kankanfre
254,Fetefre tree,Fetefre
254,Nyankoma tree,Nyankoma
255,Taboos,kyiri
255,Fetish,suman
255,Murderer,awufo
255,Doa fibre,doa
255,Inquisitive,fɛkyere
255,Dissimulating,brabrafo
255,Power,tumi
256,sound of the gonggong,"Tin koko, tin koko"
256,music of the drum,"Frikyi, frikyi"
256,Words of the drum-Atta's strong names,Akuti Mireku Amoa Duodu
256,Atta's Nobility,Atta's Nobility
256,Atta is Interfering,Atta is Interfering
256,Fetish Bosomtwe whose day is Sunday,Suman Kwasi Bosomtwe
257,Fetish,
257,Priest,okomfoɔ
257,Gonggongs,
257,Creator,Odomankoma
257,Hearing,Te
257,King,Brempon
257,Grandfathers,Nananomse
258,"If a little boy (the small river) attempts to jump over an elderly man (the sea), he gets entangled between the elder's horns.",Abofra huru tra opanin a osa ne men mu
258,Atta the Indomitable,Atta
258,Atta is Intermeddling,Atta
258,The fetish Bosomtwe of a Sunday,Suman Kwasi Bosomtwe
259,adultery fee,
260,the white mark of judgment,Abene
260,judgment fee,Abene
260,the ceremony,Adae
260,dance,Adewa
261,"Akan, customs and institutions of the people",Akan
261,Akan fighting qualities of the,Akan
261,Akan language,Akan
261,Akan monarch,Akan
261,Akan religion,Akan
261,Akan state system,Akan
261,Akan married life,Akan
261,Akan tribes,Akan
261,Akim Abuakwa,Akyem Abuakwa
261,Akrafo,Akrafo
261,"Akuapem, the Omanhene of","Akuapem, Omanhene"
261,Akwamus,Akwamu
261,Akyem,Akyem
261,Akyeremadefo,Akyeremadefo
261,"Allegiance, the oath of",
261,Amamprobi,Amamprobi
261,Amanenya (crime),Amanenya
261,"Amantoo-miensa, the council of",Amantuo-miensa
261,"Amemafo, song of the",Amemafo
261,"Amoako Atta I, II, III, Kings of Akim Abuakwa","Amoako Atta, Akyem Abuakwa"
261,"Amoakade, the Clan",Amoakade
261,"Amomam, Stool, the","Amomam, Akonnwa"
261,"Ampebane Stool, the","Ampebane, Akonnwa"
261,"Ananse, the Akan hero of folklore","Ananse, Akan"
261,"Ancestors, the worship of",
261,"Ancestral lands, husband's cultivation of",
261,"Animkwatia, King of Akim Abuakwa","Animkwatia, Akyem Abuakwa"
261,"Ankobea, as an Asafo","Ankobea, Asafo"
261,"Anona, the Clan",Anona
261,Ankobeahene of Kibbi,"Ankobeahene, Kibi"
261,Ankobeahene of Kwabeng,"Ankobeahene, Kwabeng"
261,Ankobea-ne-Apesemaka-ne-Kyidom,Ankobea-ne-Apesemaka-ne-Kyidom
261,"Anokye, as a God",Anokye
261,"Anokye, fetish",Anokye
261,Apadja-Ofori of Akantamansu,"Apadja-Ofori, Akantamansu"
261,Apakan (palanquin),Apakan
261,"Apapam, Odikro of","Apapam, Odikro"
261,Apasobode,Apasobode
261,Apeanin Kwaframoa Woyiawonyi,Apeanin Kwaframoa Woyiawonyi
261,"Apedwa, Odikro of","Apedwa, Odikro"
261,Apesemaka as an Asafo,"Apesemaka, Asafo"
262,thanks-money in marriage,Aseda
262,Palanquin Bearer,Asoamfo
262,adultery,Ayefare
263,"Bagua (arbitrators), functions and rights",Bagua
263,"Banmu, the, Festival",Banmu
263,"Benkumhene, the office and functions of the",Benkumhene
263,"Beretu, the Clan",Beretu
263,Bomata (double drums),Bomata
263,"Bosom-muru, the Ntoro",Bosom-muru
263,Bosompra festival,Bosompra
263,Bosomtwe festival,Bosomtwe
263,"Bredwane, the funeral dance of",Bredwane
263,Brepo oath,Brepo
263,"Bretu, the Clan",Bretu
263,"Bunso, the Ohum ceremony at",Bunso
264,Captain of Asafo Company,Asafo
264,Captain-on-Stool,Asafo
264,Chieftaincy,
264,Chiefs,
264,Asafo company,Asafo
264,Akan customs,Akan
264,Akan social life,Akan
264,Akan people,Akan
264,Fanti company system,Fante
264,Akim Abuakwa Constitution,
264,Paramount Stools,Ohenewa
264,Court Crier,
264,Council of Three Counties,
264,Asafoatse,Asafoatse
265,"Dabehene, the office and functions of the",Dabehene
265,"Dance, adowa",adowa
265,"Dance, ahima",ahima
265,"Dance, ankedam",ankedam
265,"Dance, asiko",asiko
265,"Dance, densem",densem
265,"Dance, fernapo (Fernandopo)",fernapo
265,"Dance, siti",siti
265,"Damran, King Akim Abuakwa",Damran
265,"Danquah, A. E. B., enstoolment of, as Omanhene",Omanhene
265,"Dapaa, the celebration of, day",Dapaa
265,Denkera,Denkera
265,Densu river,Densu
265,"Descent, Akan, how traced",Akan
265,"Destooled Chief, final position of a",
265,Destoolment and Enstoolment,
265,"Divorce, fetish oath in",
265,"Divorce, wiakyere (mentioning name of adulterer)",wiakyere
265,"Djamera, Odikro Kofi, destoolment of",Odikro
266,"Documents, stool",akonnwa
266,Domafa (pay to witness),domafa
266,"Drumming, formula of Adae",adae
266,"Drums, the fontomfrom",fontomfrom
266,Duabo (see also Fetish Oath),duabo
266,Dwemtade (hearing fee),dwemtade
266,Egua (Stool),egua
266,Ekar (the cutting of),ekar
266,Ekyere (gold breast plate),ekyere
266,Ayefare custom,ayefare
266,Esen (see also Court Crier),esen
267,Fanteakwahene of Begoro,Fanteakwahene
267,Fanti-Akan Customs in Ayefare,Ayefare
267,Fenasoafo,Fenasoafo
267,Fetish oath,
267,Omanhene,Omanhene
267,Fofie,Fofie
267,Fontomfrom drums,Fontomfrom
267,Franapo,Franapo
267,Fufu,Fufuo
267,Ga-Adangwe,
268,"Harem, the women of the",Maam
268,"Head Chief, office and functions of a",Ohene
268,"Head Chief, office and functions of a",Mpakanfo
268,Head of family,Obusuapanin
268,Herald,Court Crier
268,Hireguo (Divorce),Hireguo
269,"Jesters, the king's",Amemafo
269,Ju-jitsu,ayensin
269,"Kahire, the cutting of",ekal
269,"Kibbi, the Odikro of",Odikro
270,Widow's weeds,Kunadosa
270,The Abusua,Kuruwa
270,Linguist,Kyiami
270,Harem,Maam'
271,Mbra,Mmara
271,Memafo,Memafo
271,Mfuwa (farmstead),Mfuwa
271,Mpakanfo,Mpakanfo
271,Mpintinkafo,Mpintinkafo
271,Mpintinkafohene,Mpintinkafohene
271,Nhenkwa,Nhenkwa
271,Nhyira,Nhyira
271,Nifahene,Nifahene
271,Nkonnuasoafo (Stool Carriers),Nkonnuasoafo
271,Nkrafo (Akrafo),Nkrafo
271,Nkrobo,Nkrobo
271,"Nkronso, Odikro of","Nkronso, Odikro"
271,Nnokofo (slaves),Nnokofo
271,Nsaman-pour,Nsaman-pɔ
271,Nsenefo,Nsenefo
271,Nsewabode,Nsewabode
271,Ntamkaguso,Ntamkaguso
272,"Oath, as a tribunal process",Ntam
272,Oath of allegiance,Ntam
272,"Oath of office, the Omanhene's",Ntam
272,Obusuapanin (Head of family) as a tribunal,Obusuapanin
272,Blood Royal,Odehyeɛ
272,Stool heir,Odehyeɛ
272,"Odikro, appellation of",Odikro
272,Odwira festival,Odwira
272,Queen mother,Ohemaa
272,Ohumkan festival,Ohumkan
272,Ohumkyirie festival,Ohumkyirie
272,Linguist,Okyeame
273,Okyeman State Council,Okyeman
273,Okyenhene ntam (national oath),Okyenhene ntam
273,Okyeretwie Atoapoma,Okyeretwie Atoapoma
273,Oman,Oman
273,Omanhene,Omanhene
273,Ayefare fee,Ayefare
273,Omansin,Omansin
273,"Onanyo, the clan",Onanyo
273,Onyango,Onyango
273,Opakani,Opakani
273,Osaman (spirit),Osaman
273,"Osei Tutu, king of Ashanti",Osei Tutu
273,"Osekan, knife of life and death",Osekan
273,"Osenase, Odauhene of",Osenase
273,"Osiem, Odikro of",Osiem
273,"Osino, Odikro of",Osino
273,Osomanyawa and destoolment,Osomanyawa
273,Amankrado,Amankrado
273,"Owusu Akem, king of Akim Abuakwa",Owusu Akem
273,"Oyoko, the clan",Oyoko
273,Pano,Pano
274,Poakwa,Ntoro
274,Personal oath,Brepo
274,"Prampran, Asafo",
274,"Pone, the clan",
274,"Pobi Asomanin, king of Akim Abuakwa",
274,"Poetry, examples of Akan",Akan
274,Omanhene to chiefs,Omanhene
275,Queen-mother,Ohemmaa
275,Akan marriage,Awareɛ
275,Stool-house,Akonnwa fie
275,Akan people,Akanfoɔ
275,Sacred offices,Ahenfie adwuma
275,Sacrifices on festival days,Afahyɛ afɔrebɔ
275,Sagua or drink durbar,Sagua
275,Santification ceremony and festival,Afahyɛ
275,Sanahene in Odwira celebration,Sanahene
275,Satisfaction money for adultery,Ayefare
276,"Seduction, three rules of",
276,"wife, position of, in",
276,Separation (suspensive divorce),
276,Sexual intercourse with a prohibited wife,
276,morality,
276,Shakespeare,
276,"Sheep, use in sacrifices",
276,in Amanenya case and other oath cases,
276,"Skulls, use of human",
276,"Slave, as property",
276,as a successor to master,
276,emancipation of a,
276,private property of a,
276,relinquishment of property,
276,wives,
276,"Smith, mentioned",
276,"Soadru, Akim",Akyem
276,Social Institutions,
276,"Society, in Akan tribal states",Akan
276,"Somme, use in sanctification",
276,"Soul, the worship of",
276,"Spirits, communion with ancestral",
276,Sponsors,
276,"Squatter, private property of",
276,"property of, how inherited",
276,Stammering of chiefs,
276,State Council,
276,"tribunal, jurisdiction of",
276,"Stocks, use of",
276,"Stool, adverse claim by a",Adom
276,alienation land by,Adom
276,as symbol of authority,Adom
276,"candidate, qualification of",Adom
276,"carriers chief of the, as historian",Adom
276,"consecration of, in festival",Adom
276,"difference between town, tribal, and family",Adom
276,documents,Adom
276,family and destoolment,Adom
276,golden,Adom
276,guard,Adom
276,"heir (blood), Royal office and function of",Adom
276,holders (see also captain on Stool),Adom
276,"house, observances in",Adom
276,how acquired,Adom
276,"land, how judged",Adom
276,"title to, how obtained",Adom
276,"owner, entitled to share of treasure-trove",Adom
276,ownership of,Adom
276,property,Adom
276,long undisturbed possession of,Adom
276,the Akim Royal,Akyem
276,the Ashanti Golden,Asante
276,the black sacred,Adom
276,the Paramount supremacy of a,Adom
276,the sacred worship of a,Adom
277,"Stool, trusteeship",Akonnwa
277,"Stool, worship, ceremonies of",Akonnwa
277,"Stoolocracy, implication and meaning of",Akonnwa
277,"Succession, theory of Akan",Akan
277,"Succession, to Stool, how determined",Akonnwa
277,"Tafo, ohene of",Ohene
277,Thanks money (thank offering),Aseda
277,Tirisika (Head-money),Tirisika
277,"Treasurer, the state",Sanna
277,"Tribunal, committee with Omanhene",Omanhene
277,"Tribunal, Ohene and Odikro's",Ohene
277,"Tribunal, Ohene and Odikro's",Odikro
277,"Tribunal, Omanhene's",Omanhene
277,"Trustee, the Stool as",Akonnwa
277,Tumpan and its drummer,Atumpan
277,"Tumtofo, office and functions of",Tumtofo
277,"Tutu, king of Ashanti",Asante
278,"Twum Ampofo, king of Akim Abuakwa",Okasu
278,Ayefare,Ayefare
282,Akan customary laws,Akan amammara
282,Akan people,Akanfoɔ
282,Akan states,Akan man
283,Paramount Chief or King,Omanhene
283,Queen-Mother,Ohenma
283,Head Chief or Chief,Ohene
283,Head Chief or Chief,Opakani
283,Sub-Chief,Odikro
283,Chief of the Body Guard,Ankobeahene
283,Chief of the Personal Guard,Jasehene
283,Chief of the Rear Guard,Kyidomhene
283,Chief Councillor,Osomanyawa
283,Chief Councillor,Omankrado
283,Stool-Holders,
283,Stool Heir,Odehye
283,Linguist or Spokesman,Okyeame
283,Stool Carrier,Akonnuasoafo
283,State Treasurers,Sanna
283,State Treasurers,Fotosanfo
283,Gold Breast Plate Bearers,Nkrafo
283,Gold Breast Plate Bearers,Awoso
283,Gold Breast Plate Bearers,Nkrafohene
283,Ordinary Offices,Ahɔde Kurafo
283,Court Criers or Heralds,Nsenefo
283,Palanquin Bearers,Asoamfo
283,State Insignia Bearers,Tumtufo
283,State Insignia Bearers,Mmenatofo
283,State Insignia Bearers,Mmfenasoafo
283,State Insignia Bearers,Bankyiniyetufo
283,Drummers and Horners,Asokwafo
283,Drummers and Horners,Akyeremadefo
283,Drummers and Horners,Mpintinkafo
283,Executioners,Abrafo
283,Minstrel Poets,Memafo
283,Steward of the Chamber,Dabehene
283,Councillors,Atrafo Mpanyinfo
284,The Legislature,Okyeman Mpanyin Nhyiam
284,Fetish Oath,
284,A Chief's Personal Oath,Brɛpɔ or Nhyira
284,The National Oath,Okyenhene Ntam
284,Swearing oath with someone,Ntam Keka
284,Swearing oath upon someone,Ntam Kãguso
284,Violating oath,Ntamto
284,Procedure by Summons,Frɛ obi wɔ mpanyin anim
284,Criminal Case,Amanenya
284,On hearing a case,Di Asɛm
284,Judgment,Atɛmmu
285,First Ohum,Ohum-Kan
285,Second or Last Ohum,Ohum-Kyire
285,Purification Festival,Odwira
285,Grand Odwira,Odwira-Tuo
285,Celebration in the Mausoleum,Banmukoro
285,Wednesday Celebration,Wuku-Dae
285,Sunday Celebration,Kwasidae
285,Infant Betrothal,Asiwa
285,Ceremony of Divorce,Hireguo
285,Satisfaction for Adultery,Ayefare
285,Confession of Adultery,Wiakyere
285,Seduction,Asɔmmɔ
285,Table of Ayefare Fees,Ayefare Boɔ
285,Family Tie,Kahire or Ekal
286,Stool Property,Ahennwa
286,Akan Belief in a Hereafter,Asamando
286,Akim Abuakwa Councils,Akyem Abuakwa Mpaninfoɔ
286,The Okyeman (State) Council,Okyeman
286,The Amantoo-mmiensa Council,Amantuo Mmiensa
286,Akan Order of Precedence,Akan Dibebea
286,Guardian Spirits and Genii,Kra
286,Kings of Akim Abuakwa (Asona Clan),Asona Abusuapanin
286,A Phylogeny of the Akan Clans,Akan Abusuakuo
286,Gold Weights used by the Akans,Mrammou
286,Akan Names of the Months,Akan Abosome
286,Selections from the Songs of the Minstrels,Kete
287,Minstrels,Amemafo
287,Executioners,Abrafo
287,Creator,Odomankama
287,Esen,Esen
287,Drummer,Okyerɛma
287,Executioner,Kwawu Kwabrafo
288,Akan tribes,Akan-fo
289,Akan,
289,Fanti,Fante
289,Twi,Twi
289,Tshi,Twi
289,Ashanti,Asante
289,Akyems,Akyem
289,Akims,Akyem
290,The King of Ashanti,Osantehene
290,The King of Akim,Okyenhene
290,The King of Ashanti treats with none but the King of Akim on familiar and equal footing,Okyenhene nkɔ ara na Osantehene ne no di nsawoso
290,The most binding and dreadful of Ashanti oaths,Koromante
291,Akan,Akan
291,Omanhene,Ɔmanhene
291,Akim Abuakwa,Akyem Abuakwa
291,Akim,Akyem
291,Ashanti,Asante
291,Twi,Twi
291,Asen,Asen
292,Akan,Akan
292,Fanti,Fante
292,Ashanti,Asante
292,Twi,Twi
293,feudal services of escheat,
293,feudal services of gift,
293,feudal services of forfeiture,
293,feudal services of aids,
293,feudal services of reliefs,
293,feudal tenures of fee simple,
293,feudal tenures of estate tail,
293,feudal tenures of life estate,
293,feudal service of relief,
293,funeral-help-thing,Ayibuadie
294,Akan funeral observances payment to a chief,Ayibuadie
294,bathing or purification,guare
294,thing or gift for having helped in the funeral,Ayi-boa-de
294,thing possessed on death-inheritance,Awunyade
294,thing given-gift,Akyede
294,tax-toll,Tuo
294,tax-toll,too
294,seizing of pledge-forfeiture,Adwoyie
295,free born,Odehye
295,head of a large Akan family,nana
295,A bought person,akoa
295,"one, single, lonely",okoro
295,a being removed but one stage from the mere animal,Otwea
295,"the pure, the first race",Akan
295,priest,Okomfo
297,King,Omanhene
297,The Kyebi Council,Ankobea-ne-Apesemaka-ne-Kyidom
297,The Okyeman Council,Okyeman
297,The Council of Three Counties,Amantoo-mmiensa
297,A chief with the right to ride in a Palanquin,Opakani
297,Palanquin,Apakan
297,Divisional Chief,
298,Ankobea,Ankobea
298,Ankobea-Chief,Ankobeahene
298,Amomam Stool,Amomam
298,Jase sub-part,Jase
298,Chief of the Jase sub-part,Jasehene
298,State messengers and State emblem-bearers,nhenkwa
298,Apesemaka,Apesemaka
298,Abontendom-hene of Kibbi,Abontendomhene
298,Apesemaka-hene,Apesemakahene
298,Principal Chief,
298,Divisional Chief,
298,Odikro,Odikro
298,Kings,Amanhene
298,Omanhene,Omanhene
298,Queen Mother,Ohemma
299,The leading and senior party on the Kibbi Council,Apesemaka
299,The third party on the Kibbi Council,Kyidom
299,The senior Chief of the Kyidom,Kyidomhene
299,The stool occupied by the Kyidomhene,Ampebame Stool
299,The occupier of the second stool of the Kyidom,Kyidom Panin
299,The stool occupied by the Kyidom Panin,Jase Stool
299,The national council of Akim,Okyeman Council
299,The Sovereign or head of the Akim Abuakwa state,Omanhene
299,The chairman or leader of the Okyeman Council,Adontenhene
300,Omanhene,Omanhene
300,Okyeman Council,Okyeman
300,Akim Abuakwa,Akim Abuakwa
300,Kibbi,Kibi
300,Adontenhene,Adontenhene
301,Sovereign-President,
301,Linguist,Okyeame
301,Nifahene,Nifahene
301,Benkumhene,Benkumhene
301,Adontenhene,Adontenhene
301,Omanhene,Omanhene
301,Akan,Akan
302,Amantoo-mmiensa Council,Amantuo-mmiensa
302,Council of Three Counties,Amantuo-mmiensa
302,Chief or Odikro,Odikro
302,Drum,Asafo Pranpran
302,Stool,Ofori Akonnua
303,Council of Three Counties,Amantoo-mmiensa
303,Paramount Chief,Omanhene
303,Companies of young men,Asafomma
303,Asafo company,Asafo
303,Okyeman Council,Okyeman
304,Company captains,Asafoatsefo
304,Captains,Asafoatse
304,Akim Abuakwa,Akim Abuakwa
304,Asafo,Asafo
304,Amantoo-mmiensa Council,Amantoo-mmiensa
304,Kibbi,Kibbi
304,Okyeman Council,Okyeman
304,Ofori Panin Stool,Ofori Panin
304,Apadja-Ofori,Apadja-Ofori
304,Akantamasu,Akantamasu
305,Amantoo-mmiensa,Amantuo-mmiensa
305,Okyeman Council,Okyeman
305,Executive Council,
305,Kibbi Executive Council,
305,Asafo people,Asafo
305,Asafo leaders,Asafoatsefo
306,democracy,
306,aristocratic,
306,monarchic,
306,autocratic,
306,oligarchic,
306,plutocratic,
306,communistic,
306,socialistic,
306,Chiefs,
306,self-government,
306,limited monarchy,
306,Akim Abuakwa,
307,Creator,Odomankama
307,Drummer,Kyerɛma
307,Executioner,Kwabrafoɔ
308,Court Crier,Esen
308,"A person in full attire, often associated with the King's household or ritual duties",Akrafo
308,Paramount Chief,Omanhene
309,Akan State system,Akan
309,Akim Abuakwa practice,Akyem Abuakwa
309,Fetish system,
309,Ga or Adangwe tribes,Ga-Adangbe
309,Chief or King of a Ga community,Mantse
309,Homowo custom,Homowo
310,Paramount Chief,Omanhene
310,Nation,Oman
310,King,Ohene
310,Kings,Amanhene
310,Kings,Amanahenfo
310,Kings,Ahenfo
310,"Mother-of-mothers, i.e. grandmother or grandfather",Nana
310,"Ever-thankful, ever deserving thanks",Dasebre
310,"Ever-thankful, ever deserving thanks",Daseɛnsa
310,Mighty or majesty,Otumfo
310,Maker of good deeds or benefactor,Deefo
310,The valiant,Katakyi
310,King of Akyem,Okyenhene
310,King of Kwahu,Kwahuhene
310,King of Asante,Asantehene
310,King of Akuapem,Akuapemhene
310,King of Akim Abuakwa,Abuakwahene
310,King of Akim Kotoku,Kotokuhene
310,District,Oman
310,King or ruler,Ohin
311,"King or Chief of a nation, town or village",Omanhene
311,King of an Akan State,Oman
311,Supreme head of the state,Omanhene
311,Paramount Chief,Omanhene
312,Paramount Chief,Omanhene
312,Chief,Ohene
312,Golden stool,Sika Dwa
312,Silver stool,Dwete Dwa
312,A set of drums,Mpentin
312,A set of drums,Fontomfrom
313,Paramount Chief,Omanhene
313,Chief,Ohene
313,Drums,Boma
313,Drum set,fontomfrom
313,Sunday festival,Kwasidae
313,Festival,Ohum-Kyire
313,Festival,Odwira
313,Festival,Ohumkan
313,Festival,Banmu
313,Clan,Asona
313,Queen-Mother,Ohema
314,Paramount Chief,Omanhene
314,Chief,Ohene
314,Palanquin,Apakan
314,Sedan-chair,seko
314,Chiefs,Ahenfo
314,Disputes or legal cases,palavers
314,Gods,Abam
314,Adowa dance,Adowa
314,Odoto dance,Odoto
315,Paramount Chief,Omanhene
315,Queen,Omanhema
315,Queen,Ohema
315,Queen-Mother,
315,Head-Chief or Chief,Ohene
315,Head-Chief or Chief,Opakani
315,Nana,Nana
315,old dame,Aberewa
315,mistress or lady,Awura
316,Head-Chief,Ohene
316,Subdivision or Province,Ohen-man
316,Subdivision or Province,Omansin
316,Palanquin Chiefs,Mpakanfo
316,Advance-guard,Adontenfo
316,Paramount Chief,Omanhene
316,Ahen-man,Ahen-man
316,Amansin,Amansin
317,Paramount Chief,Omanhene
317,Chief of the Adonten division,Adontenhene
317,Chief of Tafo,Ohene of Tafo
317,Chief of Asuom,Ohene of Asuom
317,Chief of Apapam,Odikro of Apapam
317,Chief of the Right Wing,Nifahene
317,Chief of the Takwa division,Takwahene
317,Chief of the Left Wing,Benkumhene
317,Alternative name for the Chief of the Left Wing,Fanteakwahene
318,Commander or general of the left wing of the army,Benkumhene
318,Chief of the Stool Guard,Oseawuhene
318,Paramount chief,Omanhene
318,Chief of Osenase and Otwereso,Odauhene
318,Chief of Apinaman,Ohene
318,Chief of Osino,Odikro
318,Chief of Apedwa,Odikro
318,Commander or general of the right wing of the army,Nifahene
318,Chief of the Adonten division,Adontenhene
318,Chief of Asamankese,Ohene
318,Chief of Abomosu,Pomasehene
318,Chief of Abomosu,Ohene
319,Jasehene,Jasehene
319,Body-guard,Jase
319,Paramount Chief,Omanhene
319,Abontendomhene,Abontendomhene
319,Asona clan,Asona
319,Agona clan,Agona
319,Omanhene's sons,Ahenema
319,Odikro,Odikro
319,Ohene,Ohene
320,Head-Chiefs,Ahenfo
320,administration of his ohen-man,ohen-man
320,Omanhene,Omanhene
320,Okyeman Council,Okyeman
320,the manly,Barima
320,the valiant,Barima
320,Paramount stool,
320,oath of allegiance,
320,Odwiratuo,Odwiratuo
320,Sub-Chiefs,Adikrofo
320,Asafohene,Asafohene
320,owner or ruler of a town,Odikro
321,Odikro,Odikro
321,Head-Chief,
321,Paramount Chief,
321,Ohene,Ohene
321,sedan-chairs,seko
321,Mpintin drums,Mpintin
321,black linguist-staff,Amampam Poma
321,horse's tail,Mponkofi
321,horn,
321,drum,Twenesin
321,Omanhene,Omanhene
321,stool,
321,The Brave,Bafuor
321,sub-chief,
321,Chief,Ohene
322,Chief of Body-guard,Ankobeahene
322,Chief of the Home or House Guard,Ankobea
322,Chief,hene
322,Chief of Personal Guard or Chamberlain,Jasehene
322,Chief of the place of fire,Ja-se-hene
322,Chief's attendants,Nhenkwa
322,Paramount Chief,Omanhene
322,Ankobea order,Ankobeani
322,Appellation of the Ankobeahene,Bafuor
323,Chief of Rear Guard,Kyidomhene
323,Rear Guards,Kyidomfo
323,Chief Councillor,Osomanyawa
323,Chief Councillor,Omankrado
324,The first person after the chief or king of the council,Abontendomhene
324,First person after the Omanhene,Adontenhene
324,Regent during the vacancy of the Paramount Stool,Jasehene
324,He who carries the legs of a town or district,Osomanyawa
324,He who carries the legs of a town or district,Osokuro-nnyawa
324,Chief of a town,Odikro
324,Captains-on-Stools,Osafohene
324,Drum,Twenesin
324,Horn,Abentia
324,Stool heir,Odehye
325,A person born of an unlawful connection,aguamanba
325,Succession through the female line,
325,Stool heir,
325,Akan State,
326,stool heir,
326,stool heiress,
326,fetish,
326,Paramount Chiefs,
326,Head Chiefs,
326,Chiefs,
326,Sub-Chief,Odikro
327,Blood Royal,Odehyeɛ
327,elderly stool heir,Barima
327,elderly stool heir,Bafuor
327,"linguist, spokesman",Ɔkyeame
327,"linguist, spokesman",Kyiam
327,so says the king,Sɛ ɔhene se ni
328,Linguist,
328,Paramount Chief,
328,The 'Kid' (or small boy) ignorant of the prowess of the Lion.,Akaa bi a onmim gyata
329,Linguist,
329,Chief,Omanhene
329,The king's wife or private adviser,Ohen-ye
329,Stool carriers,Nkonnuasoafo
329,Chieftaincy of stool-carriers,Nkonnuasoafo-hene
329,Throne,Ahennua
330,The regalia in the stool-house,
330,Abontendomhene,Abɔntendomhene
330,Stool celebrations,
330,Chief stool-carrier,
330,Odwira,Odwira
330,State funeral customs,
330,Stool-house,
330,Black Sacred Stool,
330,Akan ancestor-worship,
330,Sacred Order of Stool Worship,
330,Fetish worship,
330,Akan-Fanti nations,Akan-Fante
331,Stool-carriers,
331,Black Stool,
331,Golden Stool,
331,State Treasurer,Sannafo
331,State Treasurer,Fotosanfo
331,Chest of State,
331,Balance for weighing gold,Fotoo
332,the person who unties the weights,Fotosanfo
332,the opener of the safe or chest,Fotosanfo
332,leopard cap,Akrobonkye
332,multi-coloured,topresono
332,Soul-keepers,Nkrafo
332,Breast-plate Bearers,Nkrafohene
332,soul of a person,Okra
332,gold plate,Ekyerɛ
332,cooking-place or kitchen,Sanna
333,Ntoro Family,Ntoro
333,Bosompra,Bosompra
333,Bosomtwe,Bosomtwe
333,Asona dynasty,Asona
333,common monkey,Kwakuo
333,tree-climbing snails,tamira
333,white-nosed squirrel,anwenhema
333,Akrafo,Akrafo
333,Okrafo,Okrafo
333,Chief of Nkrafo,Nkrafohene
333,okraguarefo,okraguarefo
333,Ekyere performances,Ekyere
333,Awoso,Awoso
333,war head-and-collar-dress of the Omanhene,Awoso and Fodoo
334,Paramount Chief,Omanhene
334,Palanquin-bearers,Asoamfo
334,Chief of palanquin-bearers,Asoamfohene
334,Palanquin,Apakan
334,Stool-insignia Bearers,Tumtofo
334,Stool-insignia Bearers,Mmenatofo
334,Stool-insignia Bearers,Fenasoafo
334,Stool-insignia Bearers,Bankyini-yetufo
335,"A boy below the age of puberty who wears the awoso dress and carries the sceptre, sitting in front of the Omanhene in his palanquin.",Awoso
335,Paramount Chief,Omanhene
335,Chief,Ohene
335,Court Criers or Heralds,Nsenefo
335,Court crier or herald,Esen
335,The chief court-crier's cap,Adamasa
335,Chief of black monkeys,Efohene
336,Royal Gun-bearers,Tumtufo
336,A gun with a large brass barrel,Ohum
336,"Bearers of elephant tails, ostrich feathers, etc., used in State functions",Mmenatofo
336,Paramount Chief,Omanhene
336,Messenger groups,Nhenkwa
336,Sub-chief,Odikro
336,Bearers of the Sword with the Gold Handle,Mfenasoafo
337,State Umbrella Bearers,Bankyiniyetufo
337,Captain of Drummers and Horners,Asokwahene
337,Captain of the set of Mpintin Drummers,mpintikafohene
337,Drummers and Horners,"Asokwafo, Akyeremadefo and Mpintinkafo"
338,The great festival,Odwira
338,The two atumpan or kettle drums,Atumpan Kese
338,The large two trunk drums which are ornamented with human skulls,Fontomfrom
338,The large two trunk drums which are ornamented with human skulls,Bomata
338,Short pipes,Adukrogya
338,Short pipes,Apasoa
338,Short pipes,Mmemma
338,The large drum,Yedruso
338,The gong,Gonggong
339,Single-air drums,Atwenesin
339,"When you go, return",Korabra
339,Fate's decree,Nkrawiri
339,Immediate presence,woni-mini
339,Deny or be partial to no one,Mpebi
339,Adodonkurwa,Aburukua
339,Minstrels,Amomafo or Abrafo
339,Leopard,Etwie
339,Ponder over something,Susubribi
339,Give honour where honour is due,Susubribi
339,Despise nobody,Susubribi
339,Immunity from oath penalty,Kantamanto
340,Brass Drum,
340,Mpintin,Mpintin
340,Horns,
340,speaking horns,Aseseben
340,speaking horns,Asokoben
340,short horns for single airs,Mmentia
340,horn-blowers,Asokwafo
340,Horn-blowers,Mmenhyenfo
340,Horn-blowers,Mmentiahyenfo
340,Omanhene,Omanhene
341,Atumpan drummer,Atumpan
341,King's Jesters,amema
341,Executioner,Obrafo
341,Professional executioners,abrafo
341,Jesters,Memafɔ
341,Minstrel poets or bards,Omemafo
341,Gloomy Occiputs,Atikosum
341,Small bells,Nnawa
341,Bunch of knives,Asekantwa
341,Chimpanzee skins,kontromfi
342,Hereditary Councillors,
342,Nominated Councillors,
342,Elders,
342,Chiefs,
342,Sub-chiefs,
342,Heads of houses,
342,Heads of families,
342,Heads of towns,
342,Patriarch,
342,Chief's Council,
342,Akan Council,Akan
342,Monarchical democracy,
343,The Memafo,Memafo
343,Omanhene,Omanhene
343,Gormandizers,Amindifo
343,Fetish Law,
343,Dabehene,Dabehene
343,Jasehene,Jasehene
343,Bed-chamber,Dabere
344,"It is so, O Majesty!","Tramen, tramen"
344,Nominated Councillors,
344,sitters,atrafo
345,The traditional leaders or representatives of the community who hold hereditary positions in the Council.,atrafo
345,A third order of councillors who are elected representatives of the community as an integral whole.,Asafoatsefo
345,Companies formed by the young men and inhabitants of the town that act as a collective body.,Asafo
345,The act of removing a chief or official from their position.,destoolment
346,Tribal party,
346,Royalists' party,
346,Nationalists' party,
347,The Legislature,Okyeman Mpanyin Nhyiam
347,Okyeman Council,Okyeman Mpanyin Nhyiam
347,Sovereign-President of the Council,Omanhene
347,Place of meeting,Ofori Panin Fie
347,Linguist,
347,Executive councillors,
347,Committee,
347,Linguist of the Mpakanfo,Mpakanfo
347,Adonten linguist,Adonten
348,Sovereign-President,Omanhene
348,Council members,Mpakanfo
348,Sub-chiefs,Adikrofo
348,Amantoo-mmiensa Council,Amantoo-mmiensa
348,Court Crier or Herald,Esen
348,Wing Chief,Opakani
349,The supreme ruler or paramount chief,Omanhene
349,A specific oath used to define the penalty for breaking a law,Wakuda
349,A specific oath used to define the penalty for breaking a law,Kwanyako
349,A fine or penalty nominally valued at £7,Bena
349,The council with the right to make laws affecting the whole country,Okyeman
349,The twelve most important and leading members of the Council,Mpakanfo
349,The Adontenhene of Kukurantumi,Adontenhene
349,The Nifahene of Asiakwa,Nifahene
349,The Benkumhene of Begoro,Benkumhene
349,The Oseawuhene of Wankyi,Oseawuhene
349,The Jasehene of Kwabeng,Jasehene
350,minor chiefs,Adikrofo
350,premier sub-divisional chief,Apakan
350,ordinary sub-chiefs,mpakanfo
350,senior minor chief,Odikro
350,premier sub-divisional chief,Opakani
350,state,Oman
350,Okyeman Council,
350,Kibbi Council (the executive),
350,Amantoo-Mmiensa Council,
350,state,Oman
350,sub-state or division,Omansin
351,Amantoo-mmiensa,Amantuo-mmiensa
351,Kibbi Councils,Kibi
351,State Council,
351,Okyeman Council,Okyeman
352,King of the town or nation,Ohene
352,Stool-owning Chief,
352,Tribunal,
352,Akan state system,
353,"The lowest level of tribunal in an Akan State, presided over by a chief or sub-chief of a town or village.",Town Tribunal
353,A chief of a town.,Odikro
353,A chief.,Ohene
353,A chief.,Pakani
353,"A tribunal presided over by a Chief or Ohene with sub-chiefs, captains, and elders of the sub-division.",Sub-Divisional Tribunal
353,Sub-chiefs.,Adikrofo
353,"The supreme tribunal in an Akan State, presided over by the Paramount Chief.",Omanhene's Tribunal
353,Paramount Chief.,Omanhene
353,A chief of the Abontendom division.,Abontendomhene
353,A chief of Jase.,Jasehene
354,Akan Laws and Customs,Akan
354,Omanhene's supreme Tribunal,Omanhene
354,Opakani,Opakani
354,Amantoo-Mmiensa,Amantuo-Mmiensa
354,Ahemfo,Ahemfo
354,Mpakanfo,Mpakanfo
354,Okyeman,Okyeman
354,Adikrofo,Adikrofo
354,Akyem-Abuakwa,Akyem-Abuakwa
354,Oath,
354,Procedure by Summons,
354,Amanenya (Criminal Cases),Amanenya
355,Omanhene's Tribunal,Omanhene
355,Ohene's Tribunal,Ohene
355,Odikro's Tribunal,Odikro
355,judicial department of the Okyeman (State) Council,Okyeman
355,head of family,Obusuapanin
355,Fetish Oath,Duabo
355,A Chief's Personal Oath,Brepo
355,A Chief's Personal Oath,Nhyira
355,National Oath,Okyenhene Ntam
355,invoking the penal wrath of a Fetish on one's own life,dinse
355,invoking the penal wrath of a Fetish on the life of another person,bo obidua
355,striking (with) wood,bo dua
356,The three great Oaths,Ntankɛseɛ mmiɛnsa
356,A forbidden oath formula,Tram Kese
357,Fetish curse,
357,Fetish oath,
357,"Anokye Fetish, take thou away the curse",Anokye Kɔkɔtwea
357,National Oath,
357,Chief's court,
357,Pacification money,
357,Stool,
358,fetish oath,
358,Ancestral Stool Worship,
358,Hereditary Stool,Akonnuatuntum
358,associate members of the order of Stool Worship,Nkrafo
359,lesser stools,Nkonnua-wa
359,fetish oath,Duabo
359,Chief's personal oath,Brepo
359,Chief's personal oath,Nhyira
359,invoking fetish on one's own life,di nse
360,Chief's oath,
360,solemn (palm leaves) oath,brepɔ
360,Linguist,Okyeame
360,the knot of palm leaf,brepɔ
361,the oath of Solemn palm leaf,Brɛpɔ
361,tie the knot of palm leaf,bo brɛpɔ
361,wave away,hugya
361,direct brɛpɔ,Asita
361,sworn in the bold direct manner,sii Asita
361,red oath,Ntamkɔkɔ
361,bumped his head against the wall,ode ne ti apem dan
361,to bless,Hyira
361,blessedness,Nhyira
361,step or walk boldly,Si Asita
362,Akan oath,Brepo
362,Superior chief,Ohene
362,Superior chief,Omanhene
362,Soul guardians,Nkrafo
362,Soul,Kra
363,A chief's personal oath,Brɛpo
363,The personal oath of a private person,dua-bo
363,A type of oath,Ntamkoko
363,A minor chief or village head,Odikro
363,A divisional chief,Ohene
363,A paramount chief,Omanhene
364,Brepo oath,Brɛpɔ
364,persons under torture,atopre
364,National Oath,Okyenhene Ntam
364,National Oath of Akyem Abuakwa,Wukuda nè Kwanyako
365,A special celebration held every six weeks on a Wednesday,Awukudae
365,National Oath,Ntankeseɛ Mmiensa
365,Omanhene's Oath,
365,Wukuda nè Kwanyako oath,Wukuda nè Kwanyako
365,National Oath of the State of Akyem Abuakwa,
365,A method of commencing an action at the tribunal,Ntamkekã
365,A method of commencing an action at the tribunal,Ntamkãguso
365,A method of commencing an action at the tribunal,Ntamto
366,National Oath,
366,Wukuda and Kwanyako oath,Wukuda ne Kwanyako ntam
366,sworn oath severally,ke ka ntam
366,oath prisoners,
366,State messengers,Nhenkwa
366,oath reporting fee,Apasobode
366,oath reporting fee (minimum),domafa
366,oath reporting fee (high),osua ne doma
367,National Oath,
367,Ofori Stool,
367,Odikro,Odikro
367,Ohene,Ohene
367,Omanhene,Omanhene
367,Ntamsuso,Ntamsuso
367,State Messenger,Ahenkwa
368,Wukuda oath,Wukuda
368,Kwanyako oath,Kwanyako
368,Chief,Ohene
368,Paramount Chief,Omanhene
368,Sworn on or against,ntam agu ... so
368,Oath prisoners,
368,Ntamkeka oath,Ntamkeka
368,Violation of oath,Ntamto
369,Procedure by Summons,Fre wo mpanin anim
369,called the other party before elders,wafre no wo mpanin anim
369,head-of-family,Obusua-panin
369,deciding a cause,di asem
369,investigating a cause,bo nkuro
369,Arbitrators,Baguafo
369,Arbitrators (short form),Bagua
369,Elders,Mpaninfo
369,place of palaver,Asenii
370,public assembly of chairs,Baguam
370,head-of-family,Obusuapanin
370,hearing fee,dwentade
370,spokesman,Okyeame
370,witness,Odanseni
370,he who-reverts-fetish oath,O-dan-se-ni
370,fetish oath,nse
371,payment of money,adansede
371,judgment fee,abene
371,Bagua,
371,Nkrobo case,
371,National Oath,
372,A tribunal or informal hearing body,Bagua
372,To swear on the other party for the case to be commenced afresh in a proper tribunal,Ntamkaguso
372,A village head,Odikro
372,A chief,Ohene
372,A paramount chief,Omanhene
372,Head of family,Obusuapanin
372,A de facto oath case,Ntamkeka
372,A procedure which can take place either before a head-of-family having no recognized tribunal or before a chief in camera and out of his ordinary course of procedure,Nkrobo
372,Accused Summons,Amanenya
373,A case involving a penalty or fine,Amanenya-sem
373,A mere civil case,Mansɔtwe-sem
373,A habitual litigant,Omansotwefo
373,The Omanhene's Linguist,Okyenhene Kyeame
374,Amanenya case,Amanenya
374,National Oath,Ntam
374,Violator of oath,Ntamtofo
374,Violation of oath,Ntamto
374,Omanhene's Linguist,Okyeame
374,"Elders I run (i.e. appeal) to you to intercede with the Linguist (i.e., the Omanhene) on my behalf, for he is right","Mpanin me dwan toa mo, moma Okyeame dibem ma me"
375,A runaway (prisoner),Mpanin odwanefo bi aba ha
375,"Nana, you are right","Nana, wodi bem"
375,Oath prisoner,Ntamtofo
376,criminal offence,Amanenya-sem
376,torture,atopere
376,Chief's personal oath,Brepo
376,State messenger,Ahenkwa
376,spokesperson or linguist,Okyeame
377,national oath,
377,oath summons,Kwadjo Kotto se ɔnɛ Kwaku Kuma wo nkuro (anase akeka ntam) enti kohyia no bra
377,Jurisdiction,
377,Chiefs,Ahemfo
377,Sub-chiefs,Adikrofo
377,the knife of life and death,Osekan
377,Paramount Chief,Omanhene
377,Chiefs with the power to hold the knife of life and death,Ahemfo a wɔwɔ osekan
377,Chiefs,Mpakanfo
377,Head of family,Obusua-panin
377,the Omanhene alone has the knife (of life and death),Okyenhene na ɔwɔ sekan
377,where there is the knife there power is,Nea osekan wɔ na tumi wɔ
378,The supreme ruler or paramount chief,Omanhene
378,Principal chiefs or officials,Mpakanfo
378,Sub-chiefs or village chiefs,Adikrofo
378,Secured to a log,bo no pam
379,a further stage of torture,atopre
379,personal oath,Brepo
379,a slender knife,sepo
379,State executioners,Abrafo
380,Omanhene's Tribunal,
380,State Tribunal,
380,Omanhene as presiding judge,Okyeman mpanin atra ase
380,Omanhene's Palace,Ofori Panin Fie
380,Council of Three Counties,Amantoo-mmiensa
380,State Messengers,Nhenkwa
381,entrusted to them,bo amanee
381,charges,asɛm ko a wɔwɔ ka
381,"Elders, so says the King",Mpanin se ohene see nen
381,judgment fee,abene
382,judgment fee,Abene
382,Abene hire,Abene
382,sureties who secured or bailed the condemned man,nea ode onipa a odiifo no koofie no
382,finest type of sheep,adwansae
383,A sacrificial sheep,wotua dua
383,On Hearing a Case,Diasem
383,A day of rest or custom excluding tribunal sittings,Awukudae
384,The drum used to summon the Tribunal,Kantamanto
384,The drum used to summon the Tribunal,woni-mini
384,Hearing fee,Dwentadee
385,professional sponsors,Akyigyinafo
385,artful subtlety of cross-examination,Asem-misa
385,National Oath,
385,examine the plaintiff on his evidence,bisa n'asem
386,Judgment,Atemmu
386,Linguist canes or staffs,Akyeame poma
386,The witness-box or dock,Asenii
387,Omanhene,Omanhene
387,Apesemakahene,Apesemakahene
387,"Elders, let us retire into council",Mpanin monsore mā yenko agyina
388,The highest judicial officer,Omanhene
388,A chief or head of a division,Ohene
388,A village head,Odikro
388,Court Crier,Esen
389,Ankobea,Ankobea
389,Apesemaka,Apesemaka
389,Kyidom,Kyidom
389,Wentirem ne Anwanfi,Wentirem ne Anwanfi
389,Omanhene,Omanhene
389,Linguist,
389,private vengeance,
389,satisfaction money,
390,wand,festuca
390,hearing fee,dwentadee
390,assembly place,dwem
390,a forced sitting,ta
390,thing or money,de
391,Omanhene's Linguist,Okyeame
391,Court crier,Esen
391,"Aye, well said",Heii
391,"Elders, I run (i.e. appeal) to you for intercession, please say with me to the Linguist (which is meant for the Omanhene) that he is right.","Mpanin me dwan toa mo, mo ma Okyeame dibem ma me."
391,"Nana, you are right, oh Majesty.","Nana wudi bem, Amen"
391,National Oath,
391,Omanhene,Omanhene
392,judgment fee,Abene
392,person found guilty is allowed to go home with his surety,obi de no kɔ fie
392,oath fine,bena
393,Odikro's Tribunal,Odikro
393,Ohene's Tribunal,Ohene
393,Omanhene's Tribunal,Omanhene
393,State Tribunal,
393,Ohene's Mankrado,Mankrado
393,Osomanyawa,Osomanyawa
394,Omanhene's Tribunal,Omanhene
394,Native Jurisdiction Ordinance,
394,Stool,Akonnwa
394,Brepo oath,Brepo
395,Enstoolment,nkorɔn
395,Destoolment,dwa-twa
395,Chief of a town,Odikro
395,Chief of a sub-divisional state,Ohene
395,Paramount Chief of an independent state,Omanhene
396,Enstoolment,
396,Stool,Ahennwa
396,Goes to his village,
396,Mater-familias,Opanin
396,Destooled,Ahennwa so
397,Enstoolment,
397,Destoolment,
397,Stool,
397,Royal Family,
397,Heir-presumptive,
397,Heir-apparent,
397,Akim Abuakwa,
397,Cottage stool,
397,Town stool,
397,Akan,
397,Election,
397,Chief,
397,Regent,
397,Sub-Chiefs,
397,Elders,
397,Councillors,
397,Captains,
397,Asafo companies,Asafo
397,Werempi Company,Werempi
398,Asafo or Werempi Company,Asafo
398,Aseda money,Aseda
398,Oath of Allegiance,
398,Stool,
398,Queen-mother,
398,materfamilias,
399,Installation,
399,Enstoolment,
399,Destoolment,
399,Oath of Allegiance,
399,Paramount Stool,
399,Grand triennial festival,Odwiratuo
399,Stool-house,
399,Order of Stool Worship,
400,black consecrated stool,
400,town-stool,
400,tribal-stool,
400,family-stool,
400,provincial stool,
400,Paramount or National Stool,
401,Enstoolment,
401,Destoolment,
401,Stool,Akonnwa
401,Chief,Ohene
401,Stool Family,Akonnwa Abusua
401,Chief's Councillors,Mpanyimfoɔ
402,Chief,
402,Stool,
402,Destoolment,
402,Akan,
402,Asona,Asona
402,Oyoko,Oyoko
402,Asafo-mma,Asafo-mma
402,Company of Young Men,Asafo-mma
402,Tribunal,
403,Enstoolment,Ahennwa
403,Destoolment,Ahennwa-gyae
403,Chief,Ohene
404,Councillors,
404,Chief,
404,Destoolment,
404,Enstoolment,
404,Osomanyawa,Osomanyawa
404,Adontenhene,Adontenhene
404,Omanhene,Omanhene
404,Ahenfo,Ahenfo
404,Sub-Chiefs,
404,Queen-Mother,
404,Stool,
405,Enstoolment,
405,Destoolment,
405,Asafo Companies,Asafo
405,National Institutes of young men,
405,Head Chiefs,Mpakanfo
405,Amantoo-miensa Council,Amantuo-mmiensa
405,Paramount Queen,
406,Amantoo-mmiensa,Amantuo-mmiɛnsa
406,Nifahene,Nifahene
406,Adontenhene,Adontenhene
406,Okyeman Council,Okyeman
406,Head Chiefs,Mpakanfo
406,Asafo Company,Asafo
406,Destoolment,
407,Asafo Companies,
407,destoolment,
407,Chief,
407,lieutenant,sripi
407,captain-on-stool,
407,Chief's Council,
407,sub-Chief,
407,Elders,
407,Councillors,
407,Stool Family,
407,Adontenhene,
408,destooled,
408,enstoolment,
408,Stool,
408,Stoolocracy,
409,Enstoolment,
409,Destoolment,
409,Stool,Akonnwa
409,Queen-Mother,Ohemaa
409,Chief,Nana
410,Paramount Chief,Omanhene
410,Head Chief,Mpakanfo
410,Chief,Mpakanfo
410,Sub-Chief,
410,Destooled,
410,Stool Family,
410,Stool-house,
411,Festivals,Afahye
411,Harvest festival,Ahuba
411,Harvest festival,Ohum
411,Harvest festival,Odwira
411,First Ohum,Ohum-Kan
411,Second Ohum,Ohum-Kyirie
411,Festival held on every fortieth day Wednesday,Wukudae
411,Festival held on every fortieth day Sunday,Kwasidae
411,Festival held on the fortieth day Monday,Fodjuor
411,Festival held on the fortieth day Tuesday,Kwabena
411,Festival held on the fortieth day Friday,Fofie
412,Ohum-Kan,Ohum-Kan
412,first Ohum,Ohum-Kan
412,fortieth day Sunday,Kwasidae
412,deep pool,Bun
412,favourable sign,
412,petiole of the young shoots or sheathing leaf,mmrekesono
413,The paramount chief of a traditional area,Omanhene
413,"A meal of pounded coco-yam, plantain or yams",Fufuo
413,"A symbol of authority and office, often associated with ancestral spirits",Stool
413,A type of talking drum,Atumpan
414,The sovereign or paramount chief,Omanhene
414,A section of the palace where firewood is kept,Jase
414,A festival involving the dance of boys between the ages of 8 and 12,Ohum-tufo
414,A festival involving initiation into sacred ceremonies,Ohum
414,Chief of Stool Carriers,Ahennua
414,A festival of the Gã-Adangwe people,Homowo
414,The first Ohum festival,Ohum-Kan
414,The second Ohum festival,Ohum-Kyire
414,Board of flamens,Jasefo
414,Chief of the place of fire,Jasehene
415,Purification,Odwira
415,"to cleanse from guilt or moral and religious uncleanness; to sanctify, to consecrate",dwira
415,to wash oneself or to bathe,guare
415,to wash oneself or to bathe,dware
415,to cause to wash,dwira
416,Odwira festival,Odwira
416,Ohum festival,Ohum
416,King,Ohene
416,Sacred Stool,
417,Ohum,Ohum
417,Odwira,Odwira
417,Odwira-tuo,Odwira-tuo
417,Yam,Ode
417,Famous or illustrious,Ode-hye
417,Consecrated leaf,somme
417,Ohumkyire,Ohumkyire
417,Dapada,Dapada
417,Omanhene,Omanhene
417,State Treasurer,Sanahene
418,Odwira,Odwira
418,Queen-Mother,Ohemmaa
418,Adewa dance,Adewa
418,Omanhene,Omanhene
418,Totusie dance,Totusie
418,Abofosie (Hunters' and executioners' dances),Abofosie
418,Amantoo-mmiensa Asafo (Council of three Counties),Amantuo-mmiensa Asafo
418,Asafo-pranpran,Asafo-pranpran
418,Ohum gun,Ohum
418,Bosomtwe sceptre,Bosomtwe
418,Stool-House,Akonnwa-dan
419,sanctification,bo asuo
419,"a plant, an emblem of purification and peace",Asommɛ
419,to purify with water = to baptize,Bo asu
420,Ofori's soldiers,Ofori nsrafo
420,Stool Remembrancers,werempefo
420,Drink Durbar,Sa-gua
420,Akan deity of the twin-born,Abam
420,Principal dance,Adewa
421,Sanctification,Odwira
421,Grand Odwira,Odwira-Tuo
421,First manifestation or debut,ahoyie
422,Great Oath of Allegiance and Fealty,
422,Adontenhene,Adontenhene
422,Omanhene,Omanhene
422,Palanquin,
422,Paramountcy,
422,Paramount Stool,
422,Okyenhene,Okyenhene
422,Sub-Chiefs,Adikrofo
423,Chiefs,
423,Queen-Mother,
423,oath of Allegiance and Fealty,
423,Ahenfo,Ahenfo
423,Omanhene,Omanhene
423,oath of office,
423,Royal Stools,
423,Nsa (Antique) cloths,Nsa
423,Odwira,Odwira
423,Awoso,Awoso
423,Fodoo,Fodoo
423,Awoso Bearer,
423,Sacred River Birrim,
423,apakan,apakan
424,Paramount Chief,Omanhene
424,Queen-Mother,
424,Stool-House,
424,Monday celebrations,Odwiratuo
424,Odwira,Odwira
424,Drink or Dress Durbar,
424,sub-Chiefs,Adikrofo
424,Hades,Asaman
424,Abam celebration,Abam
425,Odwira,Odwira
425,Kwasidae,Kwasidae
425,Odwiratuo,Odwiratuo
425,Bosomtwe,Bosomtwe
425,Bosomtwe Nkrafo,Bosomtwe Nkrafo
425,Sannahene,Sannahene
425,Odikro,Odikro
425,Nkrafo,Nkrafo
425,Omanhene,Omanhene
425,Gold breast plates,Ekyere
425,Bosompra Celebration,Bosompra
425,Banmukoro (Celebration in the Mausoleum),Banmukoro
425,Awakudae,Awakudae
426,Goddess Earth,Asase Ya
426,Keeper of the Royal Mausoleum,Odikro
426,Mausoleum,Nkronso
426,Ntumpan Drummer,Ntumpan
426,Paramount Chief,Omanhene
426,Overseer of the royal sepulchres,Adadentam
426,Banmu custom,Banmu
426,Odwira Festival,Odwira
426,Wednesday Celebration,Wukudae
426,Wednesday celebration,Awukudae
426,Sunday celebration,Kwasidae
426,Dwoada Fodjuor,Dwoada Fodjuor
427,Announcing the day's celebration,Wo tu adae
427,"A general term applicable to all the Akan tribes, and it is just probable that it was the original name borne by the Akan-Fanti-tribes before the disintegration. Asante is unto this day called Asantii Kotoko.",Kotoko
427,"Originally meant 'great man': Banin ('man'), pon ('great'), hence prince, duke, king. In these days an 'Obrempon' is a foppish sort of self-made Chief, holding no position in our constitution, but respected for his wealth and influence.",Brempon
428,Wednesday,Wukuda
428,Wednesday celebration,Awukudae
428,A town name,Kwanyako
428,A sacred day falling on the second Friday following Awukudae,Fofie
428,The Tuesday following Fofie,Kwabena
428,Sunday celebration,Kwasidae
428,The Saturday evening before Kwasidae,Dapaa
428,Drumming on Sunday morning,Tu adae
428,The Palace,Ofori Panin Fie
428,The ninth Kwasidae of the year,Odwira
430,Chief,Ohene
430,Queen,Ohemma
430,Asiwa,Asiwa
430,Ceremony of Divorce,Hiregno
431,Truth,Nokware
431,Goodness,Yieye
431,Beauty,Ahɔfɛ
431,Love is death,Ɔdɔ yɛ owu
432,Infant betrothal,Asiwa
432,Thanks-money,Aseda
432,Adultery fine,Ayefare
432,Extra half amount of the lawful Ayefare,Twebɔn
432,A form of Asiwa followed by a Chief or a rich man by laying hand on an infant girl as his future wife,Abaso Kyekyere
433,marriage-messengers,aware gyefo
433,sanction-money,aseda
433,witnesses,bagua
433,witnesses,baguafo
434,Thanks Money,Aseda
434,satisfaction money for adultery,Ayefare
434,head-money,
434,Doma,Doma
434,Predwan,Predwan
435,head-money,
435,thanks-offering,Aseda
436,head-money,
436,Betrothal,
436,Courtship,
436,Marriage,
436,Wedding,
436,introduction,
436,begging,
436,thanking,
437,"The principal meal of the Akans, made of yam, coco-yam or plantain boiled and pounded in wooden mortars.",Fufu
437,The act of compensating or appeasing existing wives when a husband takes a new wife.,pacify
437,Wife-brawls actuated by jealousy.,Koratwe
438,Aseda,Aseda
438,Akan marriage law,
438,polygamy,
438,succession by the maternal line,
438,divorce,
439,Akan Laws and Customs,
439,husband,kun
439,wife,ɔyere
439,cocoa,kokoɔ
439,kola,bese
439,green-crops,
439,pepper plants,mako
439,garden eggs,gbe
439,ancestral land,asaase
439,divorce,awaregyae
439,treasure trove,
439,State,ɔman
439,debt,ka
439,marriage,aware
439,clan,abusua
439,domestic slavery,
440,fetish,obosom
440,take fetish,nom abosom
441,palaver,
441,every divorce is preceded by palaver,Awaree gu nkuro
442,He who is lying by the fire knows how much (or how little) the heat torments him.,Nea oda ne gya no onim senea ehyehye no
442,Bill of Expenses,
442,Aseda,Aseda
442,head-money,
442,white clay,
443,Ceremony of Divorce,Hireguo
443,"exposing to the sun, i.e., bringing hidden facts to light",Wiakyere
443,Adultery fine or damages,Ayefare
444,head-money,
444,Aseda,Aseda
444,One does not go into another's family to accumulate wealth,Obi nnko obi abusua mu nnkobo dwetiri
444,condolence-money,Nsewabodee
445,funeral expenses,Ayiaseka
445,head-money,
445,Okyeman Council,
446,money to the value of Ntakuo-mmiensa (1s. 6d.),Ntakuo-mmiensa
446,customary relics of her late husband,Kunadoso
447,notables,Abrempon
448,Satisfaction for adultery,Ayefare
448,A custom of satisfaction for adultery,Brabbu
449,adultery,ayefare
449,fine or penalty for the pacification of the injured husband,brabbu
449,dowry,consawment
449,head-money,tira-sika
449,sanction fee,nteho
449,sanction fee,nterakyire
450,pacification fine,
450,satisfaction money,
450,Court Officer,Ahenkwa
450,Ayefare,Ayefare
451,An amount of money fixed by law and payable by a person taking another's wife to the husband so wronged.,Ayefare
451,Confession of Adultery,Wiakyere
451,Actual connexion with penetration,Obarima no pɛ ɔbea no pɛ pa
451,Sleeping on the same bed with intentional contact of their respective persons,One no da kɛtɛ koro so de ne barima si nano so
451,Exuding semen on any part of her body,Ne hɔ ba gu no so
451,Undue handling of her waist-beads,Ososɔ nasenem-deɛ mu basabasa
451,Unfastening her shame-cloth from the waist-beads,Otu nano so
451,A fee paid forthwith if the son admits adultery,Nteho
451,A fee paid forthwith if the son admits adultery,Ntarekyire
452,rigid denial,Nsankyee
452,testimony fee,Nteho
452,Woman speaks the truth,Oba na oka nokware
452,Man speaks the truth,Obarima na oka nokware
453,evidence,Kwadubo
453,false accusation,wiakyere
453,adultery fine,ayefare
453,placeholder name for an offender,Asiamasi
453,placeholder name for an offender,Obenten
454,customary satisfaction money for adultery,ayefare
454,sheep money,adwantwadee
455,Akan Maam,Maam
455,Seduction,Asommo
455,Satisfaction for simple adultery,ayefare
456,Adultery or seduction fine,ayefare
456,A custom regarding the rights of a husband over his ex-wife,Asommo
456,Arbitrators,Baguafo
456,A dispute or legal case,palaver
457,National fetish,
457,National Oath,
457,Fetish priest,
458,ayefare,ayefare
458,head-money,
458,oath fine,
458,Asommo fees,asommo
459,Adultery fee,ayefare
459,A fixed penalty for the breach of an oath,Tasuanu
459,A ceremony to revert the curse of a fetish,Asɔmmɔ
459,A customary payment made to the family of a bride,Aseda
459,Head-money,
460,Adultery,
460,Ayefare,Ayefare
460,Customary law,
460,Equity,
460,Venereal disease,
461,adultery damages,ayefare
461,marriage validation fee,aseda
461,divorce,white clay
461,head-money,tirisika
461,satisfaction money,
461,pacification,
462,ayefare,ayefare
462,actual amount of money payable,oyere-fa-de
462,Any native of Akim Abuakwa,osua ne suru ne nsano
462,Ohenenana (Omanhene's grandson),asuanu ne dwoa suru
462,Ohenaba (Omanhene's son),predwan asia
462,Okyenhene Kyeame (Omanhene's linguist),predwan asia
462,Okyenhene Akyeame-hene (Chief of the Omanhene's linguists),tasuanu
462,Okyenhene Ahenkwa (Omanhene's state servant),asuanu-ne-dwoa suru
462,Gold Breast Plate Bearer,akrafo
462,Okyenhene Twerefoo Panyin (Omanhene's Chief Clerk),predwan asia
462,Okyenhene Atwerefo a aka (other clerks in the Omanhene's office),bena
462,Okyenhene Atrafo a yente nkonwaso (Omanhene's non-stool holding councillors),bena
462,inter-state ayefare,osua-ne-doma
463,Chief Keeper of the mausoleum,Banmuhene
463,Chief of the stool carrier,Nkonwasoafohene
463,Chief of the Gold Breast Plate-bearers,Nkrafohene
463,Chief of the Council of three counties,Amantoo-miensa-Adikrofo
463,Principal Chief's son,Opakani ba
463,Linguist of a Head Chief,Opakani Kese Kyeame
463,Linguist of one of the other principal Chiefs,Opakani kuma Kyeame
463,Stool Heir of one of the five Head Chiefs,Opakani Kese Dehyee
463,Councillor on Stool of one of the five Head Chiefs,Opakani Kese Panin
463,Stool Heir of one of the seven principal Chiefs,Opakani kuma Dehyee
463,Councillor on Stool of one of the eight Principal chiefs,Opakani kuma Panin
463,Principal Chief's Councillor not holding Stool,Opakani biara Hotrafo aonte Akonwuaso
463,An Odikro Chief of a town,Odikro biara
463,An Adikro's Chief Councillor,Odikro biara Panin a oye Osomanyawa
463,Odikro's Councillor not holding a Stool,Odikro biara Hotrafo a onte akonwaso
463,The principal Fetish Priests,Akomfo Akese
464,Adultery fine or compensation,Ayefare
464,Ordinary Fetish Priests,Akomfo nkuma
464,Son of an odikro,Odikro bi ba
464,Captain,Osafohene
464,The other volunteers,Osafo a aka no
464,Stool Heir,Odehye
464,Chief,Opakani
464,Nobody makes law for a prince,Obi nnfwe Opanin nntwa mmra
465,pacification,
465,Chief,
465,Arbitrative Council,
465,commoner,
466,Succession,
466,Akan people,
466,Matrilineal descent,
466,Clan mother,materfamilias
466,Succession to Stool,
466,Ordinary inheritance,
466,Paternity and Custody of Children,
466,Disinherison,Kahire (Ekal)
466,Stool,
467,a dead man does not or cannot look after his mundane affairs,Nea wawuo mmpra ne hɔ
467,"Except there are no mother's sons (i.e. brothers), no nephew inherits",Nniwa mma nsaea wofase nni adee
468,nephew succession,
468,de jure,
468,de facto,
468,Fanti Customary Laws,
469,thanks money,Aseda
469,blue-blood,
469,bona fide,
469,salic law,
469,Stool,
470,Aseda,Aseda
471,a child of harlotry,Aguaman-ba
471,legitimation by subsequent marriage,legitimatio per subsequens matrimonium
472,a thief has no child,Okromfo nni ba
472,adultery or seduction case,Ayefare
472,a father loses complete control over his child,Tamboba
473,Tamboba,Tamboba
473,Akan,Akan
473,Tshi speaking tribes,Twi
473,Maternal succession,mutterecht
474,money payable for taking another's wife,Ayefare
474,a sum of money fixed by law to be paid to a father when he parts with his life interest in his children to their maternal relations,Tamboba
474,uterus,Tam
474,small stone,bo-ba
474,formerly the amount payable for a boy,Osua
474,formerly the amount payable for a girl,Asia
474,modern amount payable for a son,Mpredwan mmiensa
474,modern amount payable for a daughter,Ntanu
475,Head-money,Tiri-sika
475,A customary payment made in respect to a girl's marriage,Tiri-sika
475,A payment or institution related to the control of a child's individuality and freedom between the father and maternal uncle,Tamboba
475,A slave wife or bought-wife,tò-yere
476,Tamboba,
476,Head-money,tiri-sika
476,freeborn,dehye
477,maternal succession,
477,Stool families,Ahennwa
478,Paternal Responsibility,
478,Family Tie,Kahire
478,Family Tie,Ekal
479,great family,Abusuapɔn
479,cutting off a member from the tie connecting him to the family,Kahire
479,disinheriting a member of his family,Kahire
479,family relation,obusuani
479,disinheriting,Kahire
479,disinheriting,ekal
479,soft substance used when carrying articles on the skull of the head,Kahire
480,the tie which binds or connects the members of a family to bear each other's sorrows and share their burdens,Kahire
480,the tie which binds or connects the members of a family to bear each other's sorrows and share their burdens,ekal
480,"a system which, when solemnly adopted, places a ban or a 'bar-sinister' on the right of a particular member of a family, and his or her issue, ascending the Stool",Wiem-Tuo
480,In the air,Wiem
480,gun or gun-shot,Tuo
481,firing a gun into the air,Wiem-tuo
481,Blood Royal,Odehye
481,ancestral Stool,
481,Paramount Chief,
481,royal funeral custom,
481,Odwira festival,Odwira
482,head of a family,abusua
482,great family,abusuapon
483,mutual assistance in cultivation,Nnoboadi
483,Stool or tribal property,
483,Family or patriarchal property,
483,Private or individual property,
484,Stool property,Akonnwa agyapadeɛ
484,Stool,Akonnwa
484,Akan,Akan
485,Stool,Akongua
485,Asamanfo,Asamanfo
486,Stool,
486,Omanhene,Omanhene
486,Etoo,Etoo
487,Stool,Akonnwa
487,Destoolment,Akonnwa-gyae
487,Chief,Ohene
487,Sub-Chiefs,Ahenemma
487,Elders,Mpanyimfoɔ
488,The people of Osiem,Oman
488,The stool,Stool
488,Hades,Asaman
489,queen-mother,Ohemma
489,patriarch,
489,mater or matriarch,
489,pater,
489,materfamilias,
489,stool,
489,Stoolocracy,
490,elder of the family,Abusuapanin
490,uncle,Wofa
490,grand-uncle,Nana
490,great family,Abusuapon
491,farmstead,mfuwa
491,farmlet,mfuwa
492,private property,
492,family property,
492,stool property,akonnwa
492,tribal property,
492,mutterecht,
493,farmsteads,afuo
493,farmlets,afuo
494,Private Property of Wife,
494,Private Property of Children,
494,family,
495,Head of Family,
495,family property,
495,private property,
495,stool occupant,
495,slave,Nnonkofo
495,domestic,
495,dependent,
495,freed-slave,
495,clan,Akan
495,pawn-slave,
496,pawn-slave,
496,freeborn,Odehye
496,freeborn,ingenuus
496,squatter,
496,peregrine,
497,Alienation of Property,
497,Purchase,
497,Gift,
497,Mortgage,
497,Abusa System,Abusa
497,Rent,
497,Tax,
497,Toll,
497,Loan of Property,
497,Suretyship,
497,Ancestral spirits,Asamanfo
497,Predwan,predwan
498,Fanti Customary Laws,Fante
498,Akans,Akan
498,stool land,dwa
499,Stool,Akonnwa
499,Stool lands,Akonnwa asase
499,Paramount Stool,Omanhene akonnwa
499,Paramount Chief,Omanhene
499,Sub-stool,Odekro akonnwa
500,Paramount Stool,
500,fee-simple,
500,tenant in fee-simple,
500,Egua,agua
500,stool,agua
501,paramount Chief,
501,abusa,abusa
501,stool,egua
501,Ntome trees,ntome
502,The cutting and measuring of the land,Guaha
502,Earnest-money,Trama
502,A small amount of money paid to witnesses,Doma-fa
503,The stool,asipim
503,Pacification money,
503,Paramount Stool,
503,Sub-stool,
503,Subject-stool,
503,Guaha,guaha
504,Gift,
504,Mortgage,
504,Pledge,
505,A system by which an owner of land arranges with a tenant for payment to him of one-third share of the proceeds of crops realizable from the tenanted property.,Abusa
505,"Property belonging to a family, requiring verification of debt or assent before mortgaging.",
505,Property belonging to the Stool (the traditional seat of authority or chieftaincy).,
506,Abusa system,Abusa
506,head-load of snails,nwakyem
507,portion of snails,Kyem
507,Paramount Stool,
507,stool land,
507,treasure-trove,
507,gold nugget,
507,sub-stool,
507,Loan of Property and Suretyship,
508,Suretyship,
508,Surety,
508,Principal debtor,
508,Money-lender,
509,The supreme head of the State,Omanhene
509,A political head of a town,Odikro
509,Captains of social associations of young men,Asafohene
509,Captains of social associations of young men,Asafoatse
509,Lieutenants of social associations of young men,Sripi
509,Social associations of young men,Asafo
510,Asafo Companies,Asafo
510,Captain-on-Stool,Okonnuasoni
510,enstoolment,
510,destoolment,
511,Asafo Companies,Asafo
511,Ankobea,Ankobea
511,Apesemaka,Apesemaka
511,Amantoo-mmiensa,Amantuo-mmiɛnsa
512,Amantoo-mmiensa,Amantuo-mmiensa
512,Omanhene,Omanhene
512,Enstoolment,
512,Destoolment,
512,Akan,Akan
513,Asafo company,Asafo
513,Chief,Ɔhene
513,Chieftaincy,Ahenni
514,"A form of wrestling involving arm-to-arm and leg-to-leg combat, similar to Japanese Ju-jitsu.",Avensin
514,"A form of wrestling involving arm-to-arm and leg-to-leg combat, similar to Japanese Ju-jitsu.",Aguma
514,A dance established and managed by elderly men or appointed young people.,Adowa
514,A dance established and managed by elderly men or appointed young people.,Densem
515,The spiritual or ghostly world,Asaman
515,The inhabitants of Hades,Asamanfo
515,The living,Ateasefo
516,an inhabitant of Hades,Osaman
516,the place where the dead reside,Asaman
516,a supreme Being,Nyankopon
517,God,Nyankopon
517,God does not like bad things,Nyame mpe bone
517,Member of a great family,obusuaponi
517,Person who supervises the funeral rites,Nea ote ayi pa so
517,"Money, cloth, or liquor donations",Nsewabode
517,Widow,Kunafo
518,a traditional dance performed by fathers at a funeral,akrodo
518,give drink to the young dancers,Moma gofomma no nsa
519,customary rites,Bredwane
519,customary rites,Asimeremen
519,the land of the dead,Asaman
519,Grove of the Dead,Nsamam-pom
520,"Drink, drink, bring more drink","nsa, nsa, womfa nsa mera"
520,The family have done well,Abusuafɔɔ no ayɛ adeɛ
520,Funeral,Yida
521,inferiæ,
521,Odwira festival,Odwira
521,wild sugar-cane,
521,cane-plant,sensam
521,calamity,musu
522,The place of the dead,Asaman
522,Family cup,Abusua kuruwa
523,The land of the living,Ateasefo
523,The land of the Dead,Asamanfo
523,The custom of carrying the coffin through the streets with a view of its striking down the person who had caused the deceased's death,Afunsoa
523,Hades,Asaman
524,Paramount Chief,Omanhene
524,Regent,Jasehene
524,First Councillor,Abontendomhene
524,Chief of the Home or House Guard,Ankobeahene
524,Chief of the Personal Body Guard,Jasehene
524,Chiefs of the Rear Guard,Kyidom
524,Queen-Mother,
524,Council of Three Counties,Amantoo-miensa
524,State Council,Okyeman
524,Chairman of Committes and General Chief of the Advance Guard,Adontenhene
524,Chief of the Right Wing,Nifahene
525,Paramount Chief,Omanhene
525,Rear Guard,Kyidom
525,Body-Guard,Ankobea
525,Body-Guard,Jaseman
525,Stool-Guard,Oseawuman
525,Chief of Advance Guard,Adontenhene
525,Advance Guard,Adonten-man
525,Right Wing,Nifa-man
525,Left Wing,Benkumman
525,The Council of Three Counties,Amantoo-mmiensa Council
526,Natal name,Krada-din
526,Sunday,Kwasida
526,Monday,Dwowda
526,Tuesday,Benada
526,Wednesday,Wukuda
526,Thursday,Yaoda
526,Friday,Fida
526,Saturday,Memenda
526,Patronymic,Ntoro
526,Strong name,menane
527,a masculine God,Ntoro
527,Lake Bosomtwe in Ashanti,Bosomtwe
527,God,bosom
527,Antelope,twe
527,"River Pra, River God Pra",Bosompra
527,"Obo-stone, rock plural mmo, the God stone",Bosom-muru
527,"Epo-The Sea, God of the Sea",Poakwa
527,to lean upon as a support,twere
527,a tenacious and strong-willed Ntoro,Konsi
528,Akan,Akan
528,Ekoana (Buffalo),Ekoɔna
528,Asona (Red Serpent),Asona
528,Ntwa (Dog),Ntwa
528,Twidam (Panther or Leopard),Twidam
528,Aduana (Fish),Aduana
528,Oyoko (Red Plastic Clay),Oyoko
528,Nana (literally descendants),Nana
528,Adu-ana,Adu-ana
529,five great families who are children of one mother,Mmusuaban anum a woye ɛna mma biako
529,Ekoana clan,Ekoana
529,Asona clan,Asona
529,Ntwa clan,Ntwa
529,Twidam clan,Twidam
529,Aduana clan,Aduana
529,Oyoko clan,Oyoko
530,appendage,Nterakyire
530,grace or sanction money,nteho
530,pesewa,pesewa
530,taku,taku
530,domafa,domafa
530,doma,doma
530,suru,suru
530,osua,osua
530,predwan,predwan
531,January,Openima
531,February,Opepon
531,March,Ogyefuo
531,God's own sun,Onyamewia
531,April,Obenem
531,April,Ogyenko
531,May,Oforisuo-gyenɔ
531,May,Otwanyokon
531,May,Opraworam
531,June,Kitawonsa
531,June,Ayewoho mumo
531,June,Huhuhuhu
531,July,Kotonnima
531,July,Nyanya
531,August,Osanna
531,August,Osiapansam
531,September,Odwenwane
531,September,Kokosukwakwawia
531,October,Ebo
531,October,Ahinime
531,November,Opese
531,December,Obubuo
532,Odum branch,Odum
532,Odan branch,Odan
532,Kankanfre,Kankanfre
532,Fetefre tree,Fetefre
532,Nyankoma tree,Nyankoma
533,Taboos,kyiri
533,Fetish,suman
533,Murderer,awufo
533,Doa fibre,doa
533,Inquisitive,frekyere
533,Dissimulating,brabrafo
533,Power,tumi
534,sound of the gonggong,"Tin koko, tin koko"
534,music of the drum,"Frikyi, frikyi"
534,Atta's strong names,Akuti Mireku Amoa Duodu
534,Atta's Nobility,Atta's Nobility
534,Atta is Interfering,Atta is Interfering
534,Fetish Bosomtwe whose day is Sunday,Suman Kwasi Bosomtwe
535,Fetish,
535,Priest,okomfoɔ
535,Gonggongs,
535,Medicine-men,
535,Creator,Odomankoma
535,Hearing,Te
535,King,Obrempon
535,Grandfathers,Nananomse
536,"If a little boy (the small river) attempts to jump over an elderly man (the sea), he gets entangled between the elder's horns.",Abofra huru tra opanin a osa ne men mu
536,Atta the Indomitable,Atta
536,Atta is Intermeddling,Atta
536,The fetish Bosomtwe of a Sunday,Suman Kwasi Bosomtwe
537,adultery fee,
538,the white mark of judgment,Abene
538,judgment fee,Abene
538,the ceremony,Adae
538,dance,Adewa
538,Stool,Agona
538,Stool,Ahennua
539,"Akan, customs and institutions of the people",Akan
539,Akan fighting qualities,Akan
539,Akan language,Akan
539,Akan monarch,Akan
539,Akan religion,Akan
539,Akan state system,Akan
539,Akan tribes,Akan
539,Akim Abuakwa,Akyem Abuakwa
539,Akrafo,Akrafo
539,"Akuapem, the Omanhene of","Akuapem, Omanhene"
539,Akwamus,Akwamu
539,Akyem,Akyem
539,Akyeremadefo,Akyeremadefo
539,"Allegiance, the oath of",
539,Amamprobi,Amamprobi
539,Amanenya (crime),Amanenya
539,"Amantoo-mmiensa, the council of",Amantuo-mmiensa
539,"Amemafo, song of the",Amemafo
539,"Amoako Atta I, II, III, Kings of Akim Abuakwa",Akyem Abuakwa
539,"Amoakade, the Clan",Amoakade
539,"Amomam, Stool","Amomam, Akonnwa"
539,Ampebame Stool,"Ampebame, Akonnwa"
539,"Ananse, the Akan hero of folklore",Ananse
539,"Ancestors, the worship of",
539,"Animkwatia, King of Akim Abuakwa",Akyem Abuakwa
539,"Ankobea, as an Asafo","Ankobea, Asafo"
539,"Anona, the Clan",Anona
539,Ankobeahene of Kibbi,"Ankobeahene, Kibi"
539,Ankobeahene of Kwabeng,"Ankobeahene, Kwabeng"
539,Ankobea-ne-Apesemaka-ne-Kyidom,Ankobea-ne-Apesemaka-ne-Kyidom
539,"Anokye, as a God",Anokye
539,"Anokye, fetish",Anokye
539,Apadja-Ofori of Akantamansu,"Apadja-Ofori, Akantamansu"
539,Apakan (palanquin),Apakan
539,"Apapam, Odikro of","Apapam, Odikro"
539,Apasobode,Apasobode
539,Apeanin Kwaframoa Woyiawonyi,Apeanin Kwaframoa Woyiawonyi
539,"Apedwa, Odikro of","Apedwa, Odikro"
539,Apesemaka as an Asafo,"Apesemaka, Asafo"
540,thanks-money in marriage,Aseda
540,Palanquin Bearer,Asoamfo
540,adultery,Ayefare
541,"Bagua (arbitrators), functions and rights",Bagua
541,"Banmu, the, Festival",Banmu
541,"Benkumhene, the office and functions of the",Benkumhene
541,"Beretu, the Clan",Beretu
541,Bomata (double drums),Bomata
541,"Bosom-muru, the Ntoro",Bosom-muru
541,Bosompra festival,Bosompra
541,Bosomtwe festival,Bosomtwe
541,"Bredwane, the funeral dance of",Bredwane
541,Brepo oath,Brepo
541,"Bretu, the Clan",Bretu
541,"Bunso, the Ohum ceremony at",Bunso
542,Captain of Asafo Company,Asafo
542,Captain-on-Stool,Stool
542,Chieftaincy,
542,Chiefs,
542,Asafo company,Asafo
542,Akan customs,Akan
542,Akan social life,Akan
542,Akan people,Akan
542,"Company system, the Fanti",Fanti
542,"Constitution, Akim Abuakwa",Akim Abuakwa
542,Paramount Stools,Stool
542,Court Crier,
542,Council of Three Counties,
542,Councillors,
542,Asafoatse,Asafoatse
543,"Dabehene, the office and functions of the",Dabehene
543,"Dance, adowa",adowa
543,"Dance, ahima",ahima
543,"Dance, ankedam",ankedam
543,"Dance, asiko",asiko
543,"Dance, densem",densem
543,"Dance, fernapo (Fernandopo)",fernapo
543,"Dance, siti",siti
543,"Damran, King Akim Abuakwa",Damran
543,"Danquah, A. E. B., enstoolment of, as Omanhene",Omanhene
543,"Dapaa, the celebration of, day",Dapaa
543,Denkera,Denkera
543,Densu river,Densu
543,"Descent, Akan, how traced",Akan
543,"Destooled Chief, final position of a",
543,Destoolment and Enstoolment,
543,"Divorce, fetish oath in",
543,"Divorce, wiakyere (mentioning name of adulterer)",wiakyere
543,"Djamera, Odikro Kofi, destoolment of",Odikro
544,"Documents, stool",akonnwa
544,Domafa (pay to witness),domafa
544,"Drumming, formula of Adae",adae
544,"Drums, the fontomfrom",fontomfrom
544,Duabo (see also Fetish Oath),duabo
544,Dwemtade (hearing fee),dwemtade
544,Egua (Stool),egua
544,Ekar (the cutting of),ekar
544,Ekyere (gold breast plate),ekyere
544,Ayefare custom,ayefare
544,Esen (see also Court Crier),esen
545,Fanteakwahene of Begoro,Fanteakwahene
545,Fanti-Akan Customs in Ayefare,Ayefare
545,Fenasoafo,Fenasoafo
545,Fetish oath,
545,Omanhene,Omanhene
545,Fofie,Fofie
545,Fontomfrom drums,Fontomfrom
545,Franapo,Franapo
545,Fufu,Fufuo
545,Ga-Adangwe,
546,"Harem, the women of the",Maam
546,"Head Chief, office and functions of a",Ohene
546,"Head Chief, office and functions of a",Mpakanfo
546,Head of family,Obusuapanin
546,Herald,Court Crier
546,Hireguo (Divorce),Hireguo
547,"Jesters, the king's",Amemafo
547,Ju-jitsu,ayensin
547,"Kahire, the cutting of",ekal
547,Kibbi (Executive) Council,
547,Odikro,Odikro
547,"Konsi, the Ntorq",Ntorɔ
548,Widow's weeds,Kunadosa
548,The Abusua,Kuruwa
548,The celebration of Kwabena,
548,The Jasehene of Kwabeng,
548,The celebration of Kwasidae,
548,Portion of snails,Kyem
548,Linguist,Kyiami
548,Office and functions of the Kyidomhene,
548,Okyeman Council,
548,Harem,Maam'
549,"Mbra, Omanhene Kwadjo",Mbra
549,"Memafo, office and functions of",Memafo
549,Mfuwa (farmstead),Mfuwa
549,Mpakanfo,Mpakanfo
549,Mpintinkafo (see also drummers),Mpintinkafo
549,Mpintinkafohene,Mpintinkafohene
549,Nhenkwa,Nhenkwa
549,Nhyira (see Brepo),Nhyira
549,"Nifahene, office and functions of the",Nifahene
549,"Nkonnuasoafo (Stool Carriers), office and functions of the",Nkonnuasoafo
549,Nkrafo (Akrafo) office and functions of,Nkrafo
549,Nkrobo,Nkrobo
549,"Nkronso, Odikro of",Nkronso
549,Nnokofo (slaves),Nnokofo
549,"Nsaman-pour, custom of burial at the",Nsaman-pɔre
549,Nsenefo,Nsenefo
549,Nsewabode,Nsewabode
549,"Ntamkaguso, formula of",Ntamkaguso
550,"Oath, as a tribunal process",Ntam
550,Oath of allegiance,Ntam
550,"Oath of office, the Omanhene's",Ntam
550,Head of family as a tribunal,Obusuapanin
550,Blood Royal,Odehyeɛ
550,Stool heir,Odehyeɛ
550,Appellation of Odikro,Odikro
550,Creation of Stool for Odikro,Odikro
550,Jurisdiction of Odikro,Odikro
550,Office and function of Odikro,Odikro
550,Queen mother,Ohemaa
550,Linguist,Okyeame
551,Okyeman State Council,Okyeman
551,Okyenhene ntam (national oath),Okyenhene ntam
551,Oman,Oman
551,Omanhene,Omanhene
551,Omansin,Omansin
551,"Onanyo, the clan",Onanyo
551,Onyango,Onyango
551,Opakani,Opakani
551,Osaman (spirit),Osaman
551,"Osekan, knife of life and death",Osekan
551,"Osenase, Odauhene of",Osenase
551,"Osiem, Odikro of",Osiem
551,"Osino, Odikro of",Osino
551,Osomanyawa and destoolment,Osomanyawa
551,Amankrado,Amankrado
551,"Oyoko, the clan",Oyoko
551,Pano,Pano
552,Poakwa,Ntoro
552,Personal oath,Brepo
552,"Prampran, Asafo",
552,Omanhene,
553,Queen-mother,Ohemmaa
553,Akan marriage,Awareɛ
553,Stool-house,Akonnwa fie
553,Akan people,Akanfoɔ
553,Sacred offices,Ahenfie adwuma
553,Sacrifices on festival days,Afahyɛ afɔrebɔ
553,Sagua or drink durbar,Sagua
553,Santification ceremony and festival,Afahyɛ
553,Sanahene in Odwira celebration,Sanahene
553,Satisfaction money for adultery,Ayefare
554,"Seduction, three rules of",
554,"wife, position of, in",
554,Separation (suspensive divorce),
554,Sexual intercourse with a prohibited wife,
554,morality,
554,Shakespeare,
554,"Sheep, use in sacrifices",
554,in Amanenya case and other oath cases,
554,"Skulls, use of human",
554,"Slave, as property",
554,as a successor to master,
554,emancipation of a,
554,private property of a,
554,relinquishment of property,
554,wives,
554,"Smith, mentioned",
554,"Soadru, Akim",Akyem
554,Social Institutions,
554,"Society, in Akan tribal states",Akan
554,"Somme, use in sanctification",
554,"Soul, the worship of",
554,"Spirits, communion with ancestral",
554,Sponsors,
554,"Squatter, private property of",
554,"property of, how inherited",
554,Stammering of chiefs,
554,State Council,
554,"tribunal, jurisdiction of",
554,"Stocks, use of",
554,"Stool, adverse claim by a",Adom
554,alienation land by,Adom
554,as symbol of authority,Adom
554,"candidate, qualification of",Adom
554,"carriers chief of the, as historian",Adom
554,"consecration of, in festival",Adom
554,"difference between town, tribal, and family",Adom
554,documents,Adom
554,family and destoolment,Adom
554,golden,Adom
554,guard,Adom
554,"heir (blood), Royal office and function of",Adom
554,holders (see also captain on Stool),Adom
554,"house, observances in",Adom
554,how acquired,Adom
554,"land, how judged",Adom
554,"title to, how obtained",Adom
554,"owner, entitled to share of treasure-trove",Adom
554,ownership of,Adom
554,property,Adom
554,long undisturbed possession of,Adom
554,the Akim Royal,Akyem
554,the Ashanti Golden,Asante
554,the black sacred,Adom
554,the Paramount supremacy of a,Adom
554,the sacred worship of a,Adom
555,"Stool, trusteeship",Akonnwa
555,"Stool, worship, ceremonies of",Akonnwa
555,"Stoolocracy, implication and meaning of",Akonnwa
555,"Succession, theory of Akan",Akan
555,"Succession, to Stool, how determined",Akonnwa
555,"Tafo, ohene of",Ohene
555,Thanks money (thank offering),Aseda
555,Tirisika (Head-money),Tirisika
555,"Treasurer, the state",Sanna
555,"Tribunal, committee with Omanhene",Omanhene
555,"Tribunal, Ohene and Odikro's",Ohene
555,"Tribunal, Ohene and Odikro's",Odikro
555,"Tribunal, Omanhene's",Omanhene
555,"Trustee, the Stool as",Akonnwa
555,Tumpan and its drummer,Atumpan
555,"Tumtofo, office and functions of",Tumtofo
555,"Tutu, king of Ashanti",Asante
556,"Twum Ampofo, king of Akim Abuakwa",Okasu
556,Ayefare,Ayefare
